Date,Close,High,Low,Open,Volume,Ticker
2021-01-04,5753.244140625,5770.078797949433,5656.44486100951,5723.783490307242,47937000,BBCA.JK
2021-01-05,5967.8857421875,5967.8857421875,5765.869863749559,5774.287192017807,104831000,BBCA.JK
2021-01-06,5845.83349609375,5955.258745120703,5791.120871580273,5934.215428000135,89753500,BBCA.JK
2021-01-07,5862.66943359375,5934.21672747106,5816.374125790784,5892.130084013819,71360000,BBCA.JK
2021-01-08,5934.216796875,5959.468783244681,5871.086830950798,5921.590803690159,75033500,BBCA.JK
2021-01-11,6182.52734375,6195.15333560245,6014.180785717324,6018.389449668141,169034500,BBCA.JK
2021-01-12,6026.806640625,6211.987850253143,6026.806640625,6182.527203266847,95235000,BBCA.JK
2021-01-13,5993.1376953125,6123.606282780679,5951.051054193732,6098.354298109419,76581500,BBCA.JK
2021-01-14,5908.96484375,5967.886145610755,5887.921521656874,5934.216830261753,89319500,BBCA.JK
2021-01-15,5854.251953125,5976.3032159867,5757.452675682962,5972.0945517500895,89853500,BBCA.JK
2021-01-18,5993.1376953125,5997.346359424377,5761.661169159278,5854.251779620567,86343000,BBCA.JK
2021-01-19,5972.09423828125,5993.13755835976,5896.338285998612,5993.13755835976,73777000,BBCA.JK
2021-01-20,5972.09423828125,6140.440798909333,5951.050918202739,6031.015534501079,107216000,BBCA.JK
2021-01-21,5955.25927734375,6144.6491483546815,5942.633285943021,6127.81449315371,66428000,BBCA.JK
2021-01-22,5959.4677734375,6026.806392346398,5955.259109755694,5955.259109755694,80829000,BBCA.JK
2021-01-25,5921.58984375,6060.475746268657,5892.1291977611945,6060.475746268657,76836500,BBCA.JK
2021-01-26,5740.61767578125,5892.129579247617,5740.61767578125,5854.251603381025,98658000,BBCA.JK
2021-01-27,5715.36474609375,5833.207318178157,5643.8174701853595,5740.616725826123,97920000,BBCA.JK
2021-01-28,5807.9560546875,5828.999373726223,5715.36545091712,5715.36545091712,104627000,BBCA.JK
2021-01-29,5690.11328125,5892.129137389053,5690.11328125,5807.95586399778,132762500,BBCA.JK
2021-02-01,5740.61767578125,5824.790955484787,5551.227796448291,5690.113707959127,113129000,BBCA.JK
2021-02-02,5723.78271484375,5875.294610236673,5723.78271484375,5862.66861895393,86741000,BBCA.JK
2021-02-03,5744.82666015625,5892.129907852564,5744.82666015625,5892.129907852564,67291000,BBCA.JK
2021-02-04,5770.07861328125,5892.129874977206,5753.2439564956,5824.79124783461,80950500,BBCA.JK
2021-02-05,5820.58203125,5850.042677828995,5770.078065686009,5782.704057077006,51602000,BBCA.JK
2021-02-08,5824.791015625,5938.424944398031,5791.121703395954,5934.2162803694,45604000,BBCA.JK
2021-02-09,5875.29443359375,5917.381069937544,5854.251115421853,5892.129088131268,75574000,BBCA.JK
2021-02-10,5824.791015625,5934.2162803694,5807.956359510476,5934.2162803694,44984500,BBCA.JK
2021-02-11,5791.12109375,5879.503029047057,5757.4517850654065,5879.503029047057,36926000,BBCA.JK
2021-02-15,5723.78271484375,5799.538662540212,5656.4440946691175,5749.034697409237,83922000,BBCA.JK
2021-02-16,5841.625,5845.8336635446685,5749.034402017291,5791.121037463977,47221000,BBCA.JK
2021-02-17,5807.9560546875,5858.460020380435,5765.869416610055,5799.538727072011,66011500,BBCA.JK
2021-02-18,5669.07080078125,5807.956722403953,5669.07080078125,5765.870079487982,91204000,BBCA.JK
2021-02-19,5744.82666015625,5765.869981255723,5690.114025297619,5706.948682177198,70487500,BBCA.JK
2021-02-22,5715.36474609375,5841.624644755614,5715.36474609375,5807.955338445784,68913000,BBCA.JK
2021-02-23,5744.82666015625,5761.661317035829,5702.740017957303,5740.617995936355,58360000,BBCA.JK
2021-02-24,5660.65283203125,5753.243435975255,5660.65283203125,5744.826108343982,71869000,BBCA.JK
2021-02-25,5643.81787109375,5698.530497733735,5622.774553155295,5673.278516207588,78688000,BBCA.JK
2021-02-26,5648.02685546875,5732.200132003307,5593.314225721288,5643.818191642022,173631500,BBCA.JK
2021-03-01,5930.00732421875,5930.00732421875,5723.782796974805,5749.034779902635,205539000,BBCA.JK
2021-03-02,5904.75537109375,6026.806622527619,5892.129379566108,5993.137311787242,81446500,BBCA.JK
2021-03-03,5892.12890625,5963.676185825892,5892.12890625,5946.841531808035,84470000,BBCA.JK
2021-03-04,5656.443359375,5892.128499348959,5656.443359375,5812.163898286366,120802500,BBCA.JK
2021-03-05,5723.78271484375,5828.999308866613,5656.4440946691175,5656.4440946691175,111871500,BBCA.JK
2021-03-08,5656.443359375,5850.041867210752,5656.443359375,5850.041867210752,90883000,BBCA.JK
2021-03-09,5559.64453125,5652.235129045231,5555.4358677138525,5639.60913843679,135582000,BBCA.JK
2021-03-10,5643.81787109375,5656.443861856824,5572.270590103001,5656.443861856824,50302000,BBCA.JK
2021-03-12,5694.32275390625,5791.122032058388,5652.2361112314065,5786.913367790904,74328000,BBCA.JK
2021-03-15,5610.14990234375,5740.618504723837,5610.14990234375,5736.409840130931,57416000,BBCA.JK
2021-03-16,5576.4794921875,5648.026776238207,5572.270828419811,5648.026776238207,70755500,BBCA.JK
2021-03-17,5563.853515625,5610.148817192227,5559.644851846161,5597.522825855711,71474500,BBCA.JK
2021-03-18,5643.81787109375,5656.443861856824,5563.85326292762,5572.270590103001,70067500,BBCA.JK
2021-03-19,5690.11328125,5698.530608589127,5576.479362171783,5698.530608589127,125853000,BBCA.JK
2021-03-22,5572.27099609375,5622.774962825718,5563.853668305089,5589.105651671072,67523500,BBCA.JK
2021-03-23,5525.97607421875,5656.444663937547,5517.558745849796,5656.444663937547,127762500,BBCA.JK
2021-03-24,5420.759765625,5513.350382739713,5403.92510796778,5483.8897318395775,152050000,BBCA.JK
2021-03-25,5361.837890625,5420.759186126374,5328.168578909929,5387.089874411303,119101500,BBCA.JK
2021-03-26,5399.71533203125,5424.967313319003,5302.916070428196,5361.83736009962,134467500,BBCA.JK
2021-03-29,5353.4208984375,5483.889489515773,5353.4208984375,5395.507540720814,113370500,BBCA.JK
2021-03-30,5382.8818359375,5433.385809378666,5361.838513670348,5361.838513670348,83115500,BBCA.JK
2021-03-31,5231.369140625,5382.881038503117,5172.447847005732,5378.6723746731695,223390500,BBCA.JK
2021-04-01,5239.78662109375,5277.664596667922,5180.865325756149,5231.369293188378,112286000,BBCA.JK
2021-04-05,5180.86474609375,5294.498660102306,5180.86474609375,5260.829352247919,73311500,BBCA.JK
2021-04-06,5189.2822265625,5193.490890168796,5117.7349452554745,5164.0302449247265,80215000,BBCA.JK
2021-04-07,5260.82958984375,5281.872908203125,5164.030325390625,5180.864980078125,107908000,BBCA.JK
2021-04-08,5236.41796875,5304.700517649756,5227.882650137531,5291.897539731051,123697500,BBCA.JK
2021-04-09,5291.8984375,5394.322278225806,5244.9541771673385,5390.054618195564,116961000,BBCA.JK
2021-04-12,5176.671875,5372.984246187139,5172.404214756802,5372.984246187139,110411500,BBCA.JK
2021-04-13,5121.19287109375,5172.404799804688,5104.122228190105,5163.8694783528645,119211500,BBCA.JK
2021-04-14,5381.5185546875,5381.5185546875,5172.403242094568,5210.812177060617,135519500,BBCA.JK
2021-04-15,5360.18115234375,5385.78711326259,5274.8279492809515,5381.519453109449,102686500,BBCA.JK
2021-04-16,5355.91259765625,5436.998127023157,5304.700684371887,5436.998127023157,79293500,BBCA.JK
2021-04-19,5351.6455078125,5360.1808276016745,5317.504228655802,5355.913167707087,47095000,BBCA.JK
2021-04-20,5321.77099609375,5334.573973630463,5279.094404304707,5291.89738184142,72721000,BBCA.JK
2021-04-21,5262.0244140625,5313.236330501065,5262.0244140625,5291.898031984996,68397000,BBCA.JK
2021-04-22,5304.701171875,5355.913089865749,5274.827553047064,5291.8981923773135,63758000,BBCA.JK
2021-04-23,5454.0693359375,5458.336995824775,5313.236559657424,5360.18081841745,108498500,BBCA.JK
2021-04-26,5364.44873046875,5462.6049124900555,5360.181070380867,5458.337252402172,108742000,BBCA.JK
2021-04-27,5466.8720703125,5492.478028487266,5424.195473354557,5436.99845244194,132650000,BBCA.JK
2021-04-28,5394.322265625,5466.87248596964,5390.054605604727,5462.604825949367,87660000,BBCA.JK
2021-04-29,5471.13916015625,5513.815752669169,5428.462567643331,5513.815752669169,57355000,BBCA.JK
2021-04-30,5466.8720703125,5505.281007574648,5445.533771833529,5505.281007574648,65829500,BBCA.JK
2021-05-03,5454.0693359375,5530.887213908451,5415.660396952025,5530.887213908451,42065500,BBCA.JK
2021-05-04,5462.60498046875,5488.210941314697,5411.3930587768555,5419.928379058838,50123500,BBCA.JK
2021-05-05,5483.94287109375,5488.210530915612,5462.604571984436,5479.675211271887,51685000,BBCA.JK
2021-05-06,5483.94287109375,5505.281170203064,5462.604571984436,5462.604571984436,38115500,BBCA.JK
2021-05-07,5462.60498046875,5513.8169021606445,5449.802000045776,5513.8169021606445,48864000,BBCA.JK
2021-05-10,5479.6748046875,5479.6748046875,5458.336507161458,5462.604166666667,68180500,BBCA.JK
2021-05-11,5530.8876953125,5530.8876953125,5381.519586256993,5462.60513117284,70680000,BBCA.JK
2021-05-17,5547.95751953125,5547.95751953125,5441.266028771034,5547.95751953125,129058500,BBCA.JK
2021-05-18,5454.0693359375,5509.548914472076,5432.731036501125,5462.60465571205,73563000,BBCA.JK
2021-05-19,5415.66015625,5462.6044129235615,5407.124836854807,5445.533774133176,64912500,BBCA.JK
2021-05-20,5445.53466796875,5492.478932347791,5419.928705580182,5454.069988764939,64950000,BBCA.JK
2021-05-21,5428.4638671875,5505.281752100531,5343.110661728577,5505.281752100531,92620000,BBCA.JK
2021-05-24,5398.58984375,5445.534103260869,5368.716224061265,5424.195803483201,59210000,BBCA.JK
2021-05-25,5424.1962890625,5496.746514801337,5377.252025349135,5377.252025349135,87470000,BBCA.JK
2021-05-27,5351.6455078125,5530.887223385168,5351.6455078125,5496.745944228469,537971500,BBCA.JK
2021-05-28,5411.3935546875,5436.999517880027,5402.858233623324,5402.858233623324,102108500,BBCA.JK
2021-05-31,5441.2666015625,5454.06958180147,5398.590000765931,5428.463621323529,101442000,BBCA.JK
2021-06-02,5518.08447265625,5560.761073372849,5479.675532011311,5547.958093157869,141732500,BBCA.JK
2021-06-03,5633.310546875,5633.310546875,5488.210123697917,5543.689697265625,133810500,BBCA.JK
2021-06-04,5616.24072265625,5650.382003645042,5547.958160678666,5650.382003645042,62108500,BBCA.JK
2021-06-07,5573.56396484375,5607.70524487342,5488.210764769573,5599.1699248660025,62576000,BBCA.JK
2021-06-08,5488.21044921875,5611.972582210464,5488.21044921875,5611.972582210464,64348000,BBCA.JK
2021-06-09,5573.56396484375,5577.831624847458,5428.463524717649,5428.463524717649,77198000,BBCA.JK
2021-06-10,5650.380859375,5650.380859375,5539.421718631987,5594.901289003493,73262500,BBCA.JK
2021-06-11,5522.35302734375,5616.2415641301195,5513.817705817716,5607.706242604087,72780500,BBCA.JK
2021-06-14,5471.13916015625,5565.027663684672,5462.603841653666,5565.027663684672,61478500,BBCA.JK
2021-06-15,5522.35302734375,5522.35302734375,5466.873437424531,5501.014723528666,87799000,BBCA.JK
2021-06-16,5449.802734375,5492.479341535337,5428.464430794832,5479.676359387236,48984000,BBCA.JK
2021-06-17,5402.85693359375,5454.06884765625,5355.912679036458,5454.06884765625,68448500,BBCA.JK
2021-06-18,5398.58984375,5415.660483572135,5360.180904150197,5377.251543972332,118043000,BBCA.JK
2021-06-21,5334.5751953125,5377.251796875,5300.4339140625,5377.251796875,60823500,BBCA.JK
2021-06-22,5411.3935546875,5454.070160008379,5326.040344045741,5334.575665109917,65824000,BBCA.JK
2021-06-23,5317.50341796875,5411.391921335775,5317.50341796875,5372.982988140174,52451000,BBCA.JK
2021-06-24,5300.43359375,5385.786791716989,5291.898273953301,5385.786791716989,56010000,BBCA.JK
2021-06-25,5283.36279296875,5343.1100297228395,5283.36279296875,5317.5040711139445,68939500,BBCA.JK
2021-06-28,5168.13623046875,5249.221770005419,5168.13623046875,5206.545170249277,84420500,BBCA.JK
2021-06-29,5159.6005859375,5198.009523301799,5155.332926230355,5163.868245644644,53704000,BBCA.JK
2021-06-30,5142.53076171875,5180.939705167272,5121.1924598029045,5121.1924598029045,65795000,BBCA.JK
2021-07-01,5142.53076171875,5185.207365550441,5121.1924598029045,5172.404384400934,58153000,BBCA.JK
2021-07-02,5206.544921875,5240.686200051229,5155.333004610656,5180.938963242827,67392500,BBCA.JK
2021-07-05,5215.0810546875,5232.151696437704,5180.939771187091,5206.545733812398,39710500,BBCA.JK
2021-07-06,5168.13623046875,5215.080490200506,5168.13623046875,5215.080490200506,34279500,BBCA.JK
2021-07-07,5176.671875,5274.82806059357,5146.798253297609,5274.82806059357,35595000,BBCA.JK
2021-07-08,5133.99462890625,5155.332927447007,5104.121010949189,5121.191649781796,47297000,BBCA.JK
2021-07-09,5138.2626953125,5138.2626953125,5112.656735036856,5129.727375220618,40707500,BBCA.JK
2021-07-12,5266.29296875,5274.8282896069695,5138.263155895462,5180.939760180308,65981500,BBCA.JK
2021-07-13,5159.6005859375,5270.5597383232525,5133.994627694634,5266.2920786161085,65946500,BBCA.JK
2021-07-14,5112.65673828125,5146.798018670441,5104.121418183952,5138.262698573143,59321000,BBCA.JK
2021-07-15,5219.34765625,5219.34765625,5116.923826528005,5121.191486099755,49724000,BBCA.JK
2021-07-16,5215.0810546875,5266.292979938114,5168.136789874437,5266.292979938114,47998500,BBCA.JK
2021-07-19,5125.4599609375,5215.080826199522,5125.4599609375,5215.080826199522,47119000,BBCA.JK
2021-07-21,5129.72705078125,5223.6155658537855,5129.72705078125,5163.868328989445,55009500,BBCA.JK
2021-07-22,5253.4892578125,5253.4892578125,5163.868401261678,5219.347979126472,60792000,BBCA.JK
2021-07-23,5151.0654296875,5283.362884799606,5142.530110002848,5274.827565114954,79938000,BBCA.JK
2021-07-26,5125.4599609375,5172.404223693797,5125.4599609375,5155.333582691507,48171500,BBCA.JK
2021-07-27,5125.4599609375,5172.404223693797,5121.192300686927,5125.4599609375,53107500,BBCA.JK
2021-07-28,5104.12158203125,5129.727543145119,5095.58626165996,5125.459882959474,74133000,BBCA.JK
2021-07-29,5155.333984375,5193.7429296228265,5104.122057377897,5168.136966124275,84605000,BBCA.JK
2021-07-30,5095.58544921875,5206.544596354167,5087.050130208333,5155.332682291667,105685000,BBCA.JK
2021-08-02,5087.05126953125,5176.672139212589,5040.107004460073,5172.404478751573,119981500,BBCA.JK
2021-08-03,5244.9541015625,5274.827721343572,5108.388982563314,5142.53026231311,110071500,BBCA.JK
2021-08-04,5223.61572265625,5249.221682081035,5172.403803806679,5244.954022176905,41112000,BBCA.JK
2021-08-05,5377.25146484375,5385.7867846292165,5240.68634827629,5266.292307632689,93768000,BBCA.JK
2021-08-06,5257.75732421875,5428.463730849228,5236.41902338994,5428.463730849228,67285000,BBCA.JK
2021-08-09,5291.8984375,5291.8984375,5210.812896925403,5236.418857106854,52858500,BBCA.JK
2021-08-10,5377.25146484375,5377.25146484375,5219.348048812624,5334.574865916418,60446000,BBCA.JK
2021-08-12,5377.25146484375,5394.322104414682,5223.615708705357,5223.615708705357,118325500,BBCA.JK
2021-08-13,5471.13916015625,5492.477456412709,5398.588952884287,5419.927249140746,86929000,BBCA.JK
2021-08-16,5479.6748046875,5479.6748046875,5381.518636067708,5479.6748046875,69282000,BBCA.JK
2021-08-18,5633.310546875,5769.875651041667,5513.816080729167,5565.027994791667,186354500,BBCA.JK
2021-08-19,5633.310546875,5633.310546875,5573.563313802083,5633.310546875,100926000,BBCA.JK
2021-08-20,5633.310546875,5633.310546875,5556.49267578125,5633.310546875,120163500,BBCA.JK
2021-08-23,5624.77490234375,5624.77490234375,5560.760013470339,5560.760013470339,68253000,BBCA.JK
2021-08-24,5633.310546875,5633.310546875,5547.957356770833,5607.70458984375,59561500,BBCA.JK
2021-08-25,5633.310546875,5637.578206380208,5620.507568359375,5633.310546875,80751500,BBCA.JK
2021-08-26,5599.169921875,5616.240561880717,5522.352041849276,5599.169921875,74337000,BBCA.JK
2021-08-27,5556.4931640625,5573.56380358343,5539.422524541571,5539.422524541571,71572500,BBCA.JK
2021-08-30,5603.43798828125,5616.240969214109,5565.029045482674,5573.56436610458,74564500,BBCA.JK
2021-08-31,5590.63427734375,5607.70491635854,5560.760659067868,5565.028318821565,115373500,BBCA.JK
2021-09-01,5603.43798828125,5633.311610457921,5577.832026415533,5590.635007348391,67362500,BBCA.JK
2021-09-02,5582.099609375,5611.97323113771,5509.549385094132,5569.296628619552,53257000,BBCA.JK
2021-09-03,5633.310546875,5633.310546875,5560.760335286458,5599.169270833333,35764500,BBCA.JK
2021-09-06,5611.9736328125,5637.579596156131,5590.635330026141,5633.311935598859,36780000,BBCA.JK
2021-09-07,5607.70556640625,5637.579188145096,5607.70556640625,5629.043867648283,53902000,BBCA.JK
2021-09-08,5496.74609375,5629.043554080939,5479.675453707298,5590.63461398486,77888000,BBCA.JK
2021-09-09,5607.70556640625,5607.70556640625,5471.140438457239,5471.140438457239,110074000,BBCA.JK
2021-09-10,5565.02880859375,5603.437749757357,5543.690507947302,5543.690507947302,41483500,BBCA.JK
2021-09-13,5594.90234375,5599.170003813882,5569.2963833667045,5599.170003813882,29929000,BBCA.JK
2021-09-14,5586.3662109375,5629.042805367885,5543.689616507114,5624.775145924847,51990500,BBCA.JK
2021-09-15,5543.6904296875,5590.634690446978,5535.155109549413,5586.367030377935,44514000,BBCA.JK
2021-09-16,5547.95751953125,5616.240073617789,5530.8868810096155,5616.240073617789,58672500,BBCA.JK
2021-09-17,5565.02880859375,5577.831788981619,5530.887527559432,5539.422847818012,117540000,BBCA.JK
2021-09-20,5620.5087890625,5624.77644949459,5556.4938825811505,5607.7058077662305,73157500,BBCA.JK
2021-09-21,5539.42333984375,5577.832284418938,5522.352697810333,5556.493981877166,57115500,BBCA.JK
2021-09-22,5594.90234375,5616.240644069413,5547.958083047292,5547.958083047292,68722000,BBCA.JK
2021-09-23,5616.24072265625,5624.776042903448,5586.367101791057,5594.902422038255,60998500,BBCA.JK
2021-09-24,5620.5087890625,5620.5087890625,5547.9585617169705,5547.9585617169705,60539500,BBCA.JK
2021-09-27,5616.24072265625,5629.043703027047,5594.902422038255,5620.508382779849,55052500,BBCA.JK
2021-09-28,5565.02880859375,5599.170089628067,5547.958168076591,5582.099449110909,80186000,BBCA.JK
2021-09-29,5616.24072265625,5616.24072265625,5560.761141049464,5565.028801173063,74079000,BBCA.JK
2021-09-30,5974.7236328125,5974.7236328125,5629.04319405692,5633.310853794643,156848000,BBCA.JK
2021-10-01,5769.87646484375,5889.370947843473,5727.199863772421,5889.370947843473,103954500,BBCA.JK
2021-10-04,5940.58203125,5940.58203125,5752.805013020833,5752.805013020833,74719000,BBCA.JK
2021-10-05,5927.77880859375,5927.77880859375,5855.22859999325,5897.905193287662,54986500,BBCA.JK
2021-10-06,6128.35986328125,6128.35986328125,5949.118140260489,5957.6534604043345,174312000,BBCA.JK
2021-10-07,6111.2890625,6124.09204237954,6043.006503142458,6124.09204237954,107263500,BBCA.JK
2021-10-08,6222.24853515625,6230.783855506259,6124.092351131152,6145.430652006174,94643500,BBCA.JK
2021-10-11,6192.37548828125,6222.249112277093,6171.037185427076,6179.572506568746,47201000,BBCA.JK
2021-10-12,6247.85400390625,6247.85400390625,6183.839106325243,6192.374426002711,91067000,BBCA.JK
2021-10-13,6422.828125,7041.638808139534,6316.136627906976,6316.136627906976,210893300,BBCA.JK
2021-10-14,6614.873046875,6742.902847782258,6486.8432459677415,6486.8432459677415,138811900,BBCA.JK
2021-10-15,6529.51953125,6721.564223345588,6358.813138276144,6657.5493259803925,142378200,BBCA.JK
2021-10-18,6422.828125,6550.857921511628,6380.15152616279,6529.519622093023,116644300,BBCA.JK
2021-10-19,6401.4892578125,6422.827555338542,6273.45947265625,6380.150960286458,134601200,BBCA.JK
2021-10-21,6316.13671875,6444.166517103041,6273.460119298987,6401.489917652027,106120100,BBCA.JK
2021-10-22,6422.828125,6444.166424418604,6337.474927325581,6358.813226744186,96730700,BBCA.JK
2021-10-25,6422.828125,6422.828125,6316.136627906976,6316.136627906976,60329800,BBCA.JK
2021-10-26,6422.828125,6486.843023255814,6401.489825581395,6486.843023255814,70103000,BBCA.JK
2021-10-27,6358.8134765625,6465.504977847106,6337.475176305579,6465.504977847106,57067000,BBCA.JK
2021-10-28,6294.798828125,6337.4754303495765,6273.460527012712,6273.460527012712,75271900,BBCA.JK
2021-10-29,6380.15185546875,6380.15185546875,6294.798653388901,6358.813554948788,60639200,BBCA.JK
2021-11-01,6316.13671875,6444.166517103041,6316.13671875,6444.166517103041,38593400,BBCA.JK
2021-11-02,6230.783203125,6337.474696329195,6188.106605843322,6294.798099047517,90535400,BBCA.JK
2021-11-03,6273.4609375,6316.137542517006,6188.1077274659865,6230.784332482993,61621500,BBCA.JK
2021-11-04,6294.798828125,6380.152032574152,6294.798828125,6337.4754303495765,61081400,BBCA.JK
2021-11-05,6358.8134765625,6380.151776819422,6294.798575791737,6380.151776819422,43120400,BBCA.JK
2021-11-08,6465.5048828125,6486.843182755775,6358.8133830961215,6401.489982982673,85441700,BBCA.JK
2021-11-09,6550.8583984375,6550.8583984375,6465.505194549063,6486.843495521172,101785800,BBCA.JK
2021-11-10,6529.51953125,6550.857830371732,6465.504633884804,6550.857830371732,47503900,BBCA.JK
2021-11-11,6550.8583984375,6614.873301353827,6486.843495521172,6572.196699409609,55790000,BBCA.JK
2021-11-12,6422.828125,6614.872819767442,6422.828125,6614.872819767442,52590100,BBCA.JK
2021-11-15,6401.4892578125,6508.180745442708,6401.4892578125,6508.180745442708,67344200,BBCA.JK
2021-11-16,6380.15185546875,6380.15185546875,6252.122052348976,6316.136953908863,98616900,BBCA.JK
2021-11-17,6487.20166015625,6487.20166015625,6358.742221341275,6422.971940748762,61968100,BBCA.JK
2021-11-18,6337.33154296875,6422.971158414274,6337.33154296875,6358.741446830131,78839600,BBCA.JK
2021-11-19,6358.74169921875,6380.151603929925,6315.921889796402,6358.74169921875,68203700,BBCA.JK
2021-11-22,6401.56103515625,6444.380841411476,6337.331325773411,6358.741228901024,66328300,BBCA.JK
2021-11-23,6401.56103515625,6422.970938283863,6337.331325773411,6337.331325773411,43477500,BBCA.JK
2021-11-24,6401.56103515625,6487.200647666701,6358.741228901024,6487.200647666701,35181400,BBCA.JK
2021-11-25,6358.74169921875,6444.381318063447,6358.74169921875,6380.151603929925,40216100,BBCA.JK
2021-11-26,6230.28271484375,6380.152058499785,6208.872808607173,6337.332246026632,113288400,BBCA.JK
2021-11-29,6337.33154296875,6358.741446830131,6144.642408216322,6230.282023661845,87907900,BBCA.JK
2021-11-30,6230.28271484375,6358.7421522632085,6230.28271484375,6273.1025273169025,144923700,BBCA.JK
2021-12-01,6251.69189453125,6380.1513170216185,6230.281990782855,6230.281990782855,76538100,BBCA.JK
2021-12-02,6422.9716796875,6422.9716796875,6251.692434895834,6315.922151692708,66831000,BBCA.JK
2021-12-03,6315.921875,6444.381302966101,6294.511970338983,6444.381302966101,63283700,BBCA.JK
2021-12-06,6294.5126953125,6401.562230947066,6294.5126953125,6380.1523238201535,56944100,BBCA.JK
2021-12-07,6294.5126953125,6401.562230947066,6294.5126953125,6380.1523238201535,51258200,BBCA.JK
2021-12-08,6358.74169921875,6401.561508641099,6337.331794507576,6380.151603929925,74775000,BBCA.JK
2021-12-09,6294.5126953125,6380.1523238201535,6294.5126953125,6337.332509566327,54886400,BBCA.JK
2021-12-10,6315.921875,6315.921875,6230.282256355932,6273.102065677966,91092400,BBCA.JK
2021-12-13,6251.69189453125,6337.331509524829,6251.69189453125,6315.921605776434,59977100,BBCA.JK
2021-12-14,6251.69189453125,6315.921605776434,6230.281990782855,6251.69189453125,49763600,BBCA.JK
2021-12-15,6251.69189453125,6315.921605776434,6230.281990782855,6251.69189453125,52477600,BBCA.JK
2021-12-16,6230.28271484375,6337.332246026632,6230.28271484375,6315.922339790055,95171400,BBCA.JK
2021-12-17,6422.9716796875,6422.9716796875,6251.692434895834,6273.102340494792,107096800,BBCA.JK
2021-12-20,6315.921875,6337.331779661017,6273.102065677966,6294.511970338983,74753000,BBCA.JK
2021-12-21,6315.921875,6337.331779661017,6273.102065677966,6273.102065677966,52386100,BBCA.JK
2021-12-22,6273.1025390625,6358.742164169155,6273.1025390625,6358.742164169155,33232000,BBCA.JK
2021-12-23,6251.69189453125,6294.5117020280395,6251.69189453125,6273.101798279645,37136400,BBCA.JK
2021-12-24,6251.69189453125,6294.5117020280395,6251.69189453125,6251.69189453125,30802100,BBCA.JK
2021-12-27,6294.5126953125,6294.5126953125,6251.692881058674,6251.692881058674,20722100,BBCA.JK
2021-12-28,6294.5126953125,6337.332509566327,6273.102788185587,6315.922602439414,39343800,BBCA.JK
2021-12-29,6251.69189453125,6315.921605776434,6251.69189453125,6294.5117020280395,42079500,BBCA.JK
2021-12-30,6251.69189453125,6294.5117020280395,6251.69189453125,6294.5117020280395,49954700,BBCA.JK
2022-01-03,6273.1025390625,6337.332257892492,6251.692632785836,6273.1025390625,54287400,BBCA.JK
2022-01-04,6337.33154296875,6380.151350691513,6273.101831384608,6273.101831384608,70624000,BBCA.JK
2022-01-05,6380.15234375,6444.382065331376,6315.922622168624,6380.15234375,76164900,BBCA.JK
2022-01-06,6401.56103515625,6444.380841411476,6358.741228901024,6422.970938283863,63657100,BBCA.JK
2022-01-07,6551.4306640625,6594.250472324346,6422.971239276961,6465.791047538807,143433300,BBCA.JK
2022-01-10,6508.61083984375,6551.430648000617,6465.791031686884,6487.200935765317,45351900,BBCA.JK
2022-01-11,6594.2509765625,6594.2509765625,6530.021259258319,6551.43116502638,110334600,BBCA.JK
2022-01-12,6594.2509765625,6594.2509765625,6551.43116502638,6594.2509765625,62606000,BBCA.JK
2022-01-13,6594.2509765625,6637.07078809862,6551.43116502638,6594.2509765625,50025200,BBCA.JK
2022-01-14,6722.71044921875,6722.71044921875,6551.431202104896,6594.2510138833595,65898700,BBCA.JK
2022-01-17,6637.0703125,6765.529737903226,6594.2505040322585,6765.529737903226,63902600,BBCA.JK
2022-01-18,6572.8408203125,6658.480440121131,6465.7912955517095,6658.480440121131,71476300,BBCA.JK
2022-01-19,6572.8408203125,6615.660630216816,6487.201200503868,6551.430915360342,60389700,BBCA.JK
2022-01-20,6658.48095703125,6658.48095703125,6530.021517345759,6615.661143802753,59925500,BBCA.JK
2022-01-21,6808.349609375,6808.349609375,6594.250565055031,6658.480278351021,63370500,BBCA.JK
2022-01-24,6679.8896484375,6722.709453876202,6658.479745718149,6701.2995511568515,40278300,BBCA.JK
2022-01-25,6658.48095703125,6658.48095703125,6530.021517345759,6572.841330574256,106796900,BBCA.JK
2022-01-26,6594.2509765625,6637.07078809862,6551.43116502638,6594.2509765625,53350200,BBCA.JK
2022-01-27,6679.8896484375,6679.8896484375,6530.020329402044,6530.020329402044,71945100,BBCA.JK
2022-01-28,6658.48095703125,6701.300770259747,6594.251237188505,6679.890863645498,70595000,BBCA.JK
2022-01-31,6530.02099609375,6658.480425525103,6530.02099609375,6658.480425525103,68122000,BBCA.JK
2022-02-02,6679.8896484375,6679.8896484375,6572.840134840745,6658.479745718149,65308100,BBCA.JK
2022-02-03,6615.66064453125,6701.300264525182,6594.250739532767,6679.890359526699,35100600,BBCA.JK
2022-02-04,6615.66064453125,6679.890359526699,6594.250739532767,6637.0705495297325,39324700,BBCA.JK
2022-02-07,6679.8896484375,6679.8896484375,6594.250037560097,6658.479745718149,56813200,BBCA.JK
2022-02-08,6615.66064453125,6722.710169523665,6615.66064453125,6637.0705495297325,61883100,BBCA.JK
2022-02-09,6808.349609375,6808.349609375,6679.890182783019,6722.709991647012,108922200,BBCA.JK
2022-02-10,6637.0703125,6808.349546370968,6637.0703125,6808.349546370968,93277000,BBCA.JK
2022-02-11,6701.30029296875,6701.30029296875,6551.430957343251,6572.8408624326075,71968800,BBCA.JK
2022-02-14,6594.2509765625,6658.48069386668,6594.2509765625,6637.07078809862,57710700,BBCA.JK
2022-02-15,6744.12109375,6744.12109375,6615.6616443452385,6637.071552579365,55617000,BBCA.JK
2022-02-16,6829.7587890625,6829.7587890625,6701.299376102076,6722.709278262147,77055100,BBCA.JK
2022-02-17,6765.529296875,6786.939199713212,6679.889685522152,6722.709491198576,48704600,BBCA.JK
2022-02-18,6786.93994140625,6808.349846584188,6722.710225872436,6808.349846584188,56813400,BBCA.JK
2022-02-21,6808.349609375,6829.759513806996,6765.529800511006,6786.939704943003,43821700,BBCA.JK
2022-02-22,6765.529296875,6808.349102551424,6722.709491198576,6765.529296875,80095500,BBCA.JK
2022-02-23,6893.98974609375,6936.8095581812895,6744.120403787365,6765.530309831134,99240300,BBCA.JK
2022-02-24,6851.1689453125,6979.628363037109,6786.9392364501955,6958.218460083008,124947700,BBCA.JK
2022-02-25,6893.98974609375,7001.039276312597,6786.9402158749035,6808.350121918673,135899900,BBCA.JK
2022-03-01,6893.98974609375,7001.039276312597,6851.169934006211,6851.169934006211,136616800,BBCA.JK
2022-03-02,6829.7587890625,7043.857810663205,6829.7587890625,7043.857810663205,100301000,BBCA.JK
2022-03-04,6765.529296875,6872.57881106606,6765.529296875,6829.759005389636,132983400,BBCA.JK
2022-03-07,6594.2509765625,6722.71041117086,6594.2509765625,6679.89059963474,130990900,BBCA.JK
2022-03-08,6551.4306640625,6722.709897109886,6551.4306640625,6594.250472324346,119256500,BBCA.JK
2022-03-09,6722.71044921875,6808.350072775676,6551.431202104896,6594.2510138833595,132814500,BBCA.JK
2022-03-10,6786.93994140625,6829.759751762125,6679.890415516561,6786.93994140625,86484000,BBCA.JK
2022-03-11,6808.349609375,6808.349609375,6615.6604694870275,6615.6604694870275,61053900,BBCA.JK
2022-03-14,6915.3994140625,6936.809319369195,6808.349887529024,6893.989508755804,78432100,BBCA.JK
2022-03-15,6979.62890625,7022.448715490797,6915.399192388803,6979.62890625,111214500,BBCA.JK
2022-03-16,7022.44970703125,7086.679429961414,6915.40016881431,7086.679429961414,149761300,BBCA.JK
2022-03-17,6851.1689453125,7108.087780761719,6851.1689453125,7108.087780761719,132439400,BBCA.JK
2022-03-18,6765.529296875,6936.808519580696,6765.529296875,6851.168908227848,143981700,BBCA.JK
2022-03-21,6765.529296875,6808.349102551424,6679.889685522152,6679.889685522152,85485500,BBCA.JK
2022-03-22,6786.93994140625,6808.349846584188,6744.120131050375,6765.530036228312,60010900,BBCA.JK
2022-03-23,6765.529296875,6808.349102551424,6701.2995883603635,6786.939199713212,82208000,BBCA.JK
2022-03-24,6786.93994140625,6808.349846584188,6679.890415516561,6722.710225872436,95245100,BBCA.JK
2022-03-25,6808.349609375,6808.349609375,6765.529800511006,6765.529800511006,85101200,BBCA.JK
2022-03-28,6869.21630859375,6869.21630859375,6782.264203421677,6804.002229714695,83911500,BBCA.JK
2022-03-29,6825.740234375,6869.216286823249,6804.002208150876,6847.478260599124,62180600,BBCA.JK
2022-03-30,6847.47802734375,6869.216052827381,6804.001976376488,6869.216052827381,71430600,BBCA.JK
2022-03-31,6934.43017578125,6956.168201410659,6847.478073263617,6890.954124522434,112691900,BBCA.JK
2022-04-01,6890.95458984375,7021.382752427543,6825.740508551853,7021.382752427543,105575400,BBCA.JK
2022-04-04,6869.21630859375,6890.954334886768,6804.002229714695,6890.954334886768,57321200,BBCA.JK
2022-04-05,6869.21630859375,6869.21630859375,6825.7402560077135,6869.21630859375,48528300,BBCA.JK
2022-04-06,6738.7880859375,6825.740190272177,6738.7880859375,6804.002164188508,119263000,BBCA.JK
2022-04-07,6738.7880859375,6804.002164188508,6695.312033770161,6717.05005985383,68619400,BBCA.JK
2022-04-08,6825.740234375,6847.478260599124,6760.526155702628,6782.264181926752,69791600,BBCA.JK
2022-04-11,6717.05078125,6847.478951759708,6717.05078125,6804.002894923139,62776200,BBCA.JK
2022-04-12,6782.263671875,6782.263671875,6695.311573517629,6717.049598106972,73471300,BBCA.JK
2022-04-13,6782.263671875,6825.7397210536865,6738.787622696314,6782.263671875,57622100,BBCA.JK
2022-04-14,6695.31201171875,6782.264115767045,6695.31201171875,6782.264115767045,93342900,BBCA.JK
2022-04-18,6695.31201171875,6717.0500377308235,6630.0979336825285,6695.31201171875,68464700,BBCA.JK
2022-04-19,6630.09716796875,6695.31123847336,6630.09716796875,6695.31123847336,98632000,BBCA.JK
2022-04-20,6651.8359375,6717.050015318627,6630.097911560457,6717.050015318627,124388800,BBCA.JK
2022-04-21,6890.95458984375,6890.95458984375,6738.788400162657,6782.264454357255,129323400,BBCA.JK
2022-04-22,6847.47802734375,6890.9540783110115,6782.263950892857,6825.740001860119,85956100,BBCA.JK
2022-04-25,6956.16845703125,6956.16845703125,6804.002272033691,6847.478324890137,91279600,BBCA.JK
2022-04-26,7064.85888671875,7064.85888671875,6890.95466796875,6890.95466796875,128360900,BBCA.JK
2022-04-27,7130.07373046875,7130.07373046875,7021.383582138434,7021.383582138434,89463100,BBCA.JK
2022-04-28,7064.85888671875,7173.5490234375,7021.38283203125,7173.5490234375,133730600,BBCA.JK
2022-05-09,6608.359375,6869.215666118421,6608.359375,6847.4776418585525,456796600,BBCA.JK
2022-05-10,6543.14599609375,6608.360075789036,6304.027703877699,6304.027703877699,268445700,BBCA.JK
2022-05-11,6651.8359375,6695.3119893790845,6477.931729983659,6543.145807802287,156535200,BBCA.JK
2022-05-12,6325.765625,6564.883913230241,6325.765625,6543.145887027492,240529600,BBCA.JK
2022-05-13,6369.2412109375,6499.669358601749,6304.027137105375,6304.027137105375,212968600,BBCA.JK
2022-05-17,6434.455078125,6499.669149862753,6325.7649585620775,6325.7649585620775,159657600,BBCA.JK
2022-05-18,6586.6220703125,6586.6220703125,6412.717857234942,6521.407990408416,153514300,BBCA.JK
2022-05-19,6477.9326171875,6499.670646104237,6412.71853043729,6434.4565593540265,140908900,BBCA.JK
2022-05-20,6434.455078125,6499.669149862753,6434.455078125,6456.193102037584,86520200,BBCA.JK
2022-05-23,6412.71728515625,6499.66938393803,6390.979260460806,6477.931359242585,71603500,BBCA.JK
2022-05-24,6390.97998046875,6499.670116191008,6369.241953324298,6369.241953324298,108710800,BBCA.JK
2022-05-25,6412.71728515625,6477.931359242585,6390.979260460806,6434.455309851695,76747400,BBCA.JK
2022-05-27,6586.6220703125,6586.6220703125,6499.669963773721,6543.14601704311,84336900,BBCA.JK
2022-05-30,6586.6220703125,6608.3600969471945,6499.669963773721,6586.6220703125,105411400,BBCA.JK
2022-05-31,6738.7880859375,6738.7880859375,6543.145851184476,6608.3599294354835,286292700,BBCA.JK
2022-06-02,6586.6220703125,6673.574176851279,6543.14601704311,6630.098123581889,149226300,BBCA.JK
2022-06-03,6608.359375,6673.573447779605,6586.621350740132,6608.359375,80563100,BBCA.JK
2022-06-06,6477.9326171875,6586.622761771183,6456.194588270763,6564.884732854446,81140300,BBCA.JK
2022-06-07,6412.71728515625,6499.66938393803,6347.503211069916,6347.503211069916,129242500,BBCA.JK
2022-06-08,6608.359375,6608.359375,6456.193205180921,6521.407277960527,108910500,BBCA.JK
2022-06-09,6521.4072265625,6586.621298828125,6521.4072265625,6521.4072265625,107828300,BBCA.JK
2022-06-10,6390.97998046875,6477.932089046556,6390.97998046875,6434.456034757653,111768600,BBCA.JK
2022-06-13,6390.97998046875,6434.456034757653,6325.765899035395,6347.5039261798465,85539500,BBCA.JK
2022-06-14,6434.455078125,6434.455078125,6304.026934649493,6347.502982474662,80865100,BBCA.JK
2022-06-15,6369.2412109375,6412.717260158916,6347.503186326791,6347.503186326791,130367100,BBCA.JK
2022-06-16,6586.6220703125,6608.3600969471945,6412.717857234942,6434.455883869637,132666300,BBCA.JK
2022-06-17,6521.4072265625,6564.883274739583,6456.193154296875,6456.193154296875,117839400,BBCA.JK
2022-06-20,6630.09716796875,6651.835191470287,6521.407050461065,6608.359144467213,88138700,BBCA.JK
2022-06-21,6651.8359375,6651.8359375,6564.88383374183,6608.359885620915,44295700,BBCA.JK
2022-06-22,6521.4072265625,6651.83537109375,6521.4072265625,6630.097347005208,53041800,BBCA.JK
2022-06-23,6543.14599609375,6586.622049223941,6477.931916398463,6477.931916398463,60443000,BBCA.JK
2022-06-24,6499.66943359375,6608.359557901337,6499.66943359375,6608.359557901337,57956600,BBCA.JK
2022-06-27,6390.97998046875,6521.408143335459,6390.97998046875,6499.670116191008,76354100,BBCA.JK
2022-06-28,6347.5029296875,6434.455024614726,6347.5029296875,6347.5029296875,146078100,BBCA.JK
2022-06-29,6325.765625,6434.4557560137455,6325.765625,6369.241677405498,98517800,BBCA.JK
2022-06-30,6304.02734375,6434.4554956896545,6304.02734375,6347.503394396552,101343900,BBCA.JK
2022-07-01,6304.02734375,6369.241419719828,6304.02734375,6347.503394396552,68738800,BBCA.JK
2022-07-04,6130.12353515625,6325.76577563996,6086.647481715426,6304.027748919548,102238600,BBCA.JK
2022-07-05,6304.02734375,6369.241419719828,6173.599191810345,6173.599191810345,69172900,BBCA.JK
2022-07-06,6347.5029296875,6369.240953419307,6238.812811028468,6347.5029296875,66801100,BBCA.JK
2022-07-07,6173.599609375,6304.027770136444,6173.599609375,6282.28974334287,86126800,BBCA.JK
2022-07-08,6217.07568359375,6238.8137104594625,6151.861602996612,6195.3376567280375,64312400,BBCA.JK
2022-07-11,6195.3369140625,6260.550986842105,6195.3369140625,6260.550986842105,36830800,BBCA.JK
2022-07-12,6238.8134765625,6304.027554714721,6217.07545051176,6238.8134765625,34269000,BBCA.JK
2022-07-13,6086.646484375,6195.33660016741,6086.646484375,6173.598577008928,71988200,BBCA.JK
2022-07-14,6108.3857421875,6173.599824844306,6086.647714635231,6108.3857421875,83316300,BBCA.JK
2022-07-15,6086.646484375,6173.598577008928,6086.646484375,6173.598577008928,57419900,BBCA.JK
2022-07-18,6217.07568359375,6217.07568359375,6108.385549265187,6108.385549265187,60077700,BBCA.JK
2022-07-19,6238.8134765625,6238.8134765625,6173.599398410279,6173.599398410279,59641000,BBCA.JK
2022-07-20,6434.455078125,6434.455078125,6238.81286291174,6260.550886824324,105792900,BBCA.JK
2022-07-21,6434.455078125,6434.455078125,6304.026934649493,6434.455078125,64337100,BBCA.JK
2022-07-22,6369.2412109375,6434.455284769624,6347.503186326791,6434.455284769624,38956500,BBCA.JK
2022-07-25,6347.5029296875,6412.71700088292,6347.5029296875,6390.978977151113,31247600,BBCA.JK
2022-07-26,6347.5029296875,6412.71700088292,6304.026882223888,6304.026882223888,44379900,BBCA.JK
2022-07-27,6369.2412109375,6390.979235548208,6325.765161716084,6369.2412109375,58465500,BBCA.JK
2022-07-28,6390.97998046875,6477.932089046556,6369.241953324298,6412.718007613202,86909700,BBCA.JK
2022-07-29,6390.97998046875,6499.670116191008,6390.97998046875,6434.456034757653,131553000,BBCA.JK
2022-08-01,6521.4072265625,6521.4072265625,6390.97908203125,6390.97908203125,104841600,BBCA.JK
2022-08-02,6608.359375,6630.097399259868,6521.407277960527,6608.359375,106466900,BBCA.JK
2022-08-03,6630.09716796875,6630.09716796875,6586.621120965676,6630.09716796875,60170600,BBCA.JK
2022-08-04,6782.263671875,6782.263671875,6651.835524338942,6673.573548928285,164221000,BBCA.JK
2022-08-05,6847.47802734375,6847.47802734375,6717.049874441964,6804.001976376488,118734200,BBCA.JK
2022-08-08,6847.47802734375,6890.9540783110115,6738.787899925595,6847.47802734375,84328900,BBCA.JK
2022-08-09,6869.21630859375,6934.430387472804,6847.478282300732,6847.478282300732,92875800,BBCA.JK
2022-08-10,6869.21630859375,6869.21630859375,6717.050124542622,6782.264203421677,104376300,BBCA.JK
2022-08-11,6912.6923828125,6912.6923828125,6804.002251007272,6825.740277368318,73204700,BBCA.JK
2022-08-12,6890.95458984375,6934.430644038348,6825.740508551853,6890.95458984375,59381200,BBCA.JK
2022-08-15,6912.6923828125,6934.430409173546,6869.216330090409,6912.6923828125,81411000,BBCA.JK
2022-08-16,6934.43017578125,6934.43017578125,6825.740047634209,6912.692150151842,83556700,BBCA.JK
2022-08-18,6956.16845703125,6977.906483459473,6847.478324890137,6869.21635131836,86136900,BBCA.JK
2022-08-19,6869.21630859375,6999.644466351859,6869.21630859375,6999.644466351859,58194900,BBCA.JK
2022-08-22,6956.16845703125,6956.16845703125,6804.002272033691,6825.740298461914,97293300,BBCA.JK
2022-08-23,6869.21630859375,6956.168413765822,6869.21630859375,6956.168413765822,71671800,BBCA.JK
2022-08-24,6912.6923828125,6977.906461895637,6869.216330090409,6912.6923828125,108892400,BBCA.JK
2022-08-25,7021.3828125,7043.120839783282,6869.216621517027,6956.168730650154,99503500,BBCA.JK
2022-08-26,6956.16845703125,7064.858589172363,6956.16845703125,6977.906483459473,80472400,BBCA.JK
2022-08-29,7086.5966796875,7086.5966796875,6912.692466689034,6956.16851993865,57762100,BBCA.JK
2022-08-30,7108.33447265625,7195.286576297305,7021.382369015195,7043.120394925459,124467000,BBCA.JK
2022-08-31,7130.07373046875,7151.811760134814,6999.645552472371,7021.383582138434,137659900,BBCA.JK
2022-09-01,7086.5966796875,7173.548786186733,7064.858653062692,7086.5966796875,74960800,BBCA.JK
2022-09-02,7151.810546875,7151.810546875,7086.59646893997,7086.59646893997,71430600,BBCA.JK
2022-09-05,7195.287109375,7217.025136895771,7130.073026812689,7151.811054333459,62906000,BBCA.JK
2022-09-06,7195.287109375,7260.501191937311,7173.549081854229,7217.025136895771,67079900,BBCA.JK
2022-09-07,7282.23876953125,7282.23876953125,7173.548638642724,7173.548638642724,117931700,BBCA.JK
2022-09-08,7260.5009765625,7390.929137818114,7260.5009765625,7303.977030314371,132777400,BBCA.JK
2022-09-09,7282.23876953125,7390.928900419776,7195.286664820429,7390.928900419776,91234600,BBCA.JK
2022-09-12,7282.23876953125,7325.7148218866605,7238.7627171758395,7238.7627171758395,52395300,BBCA.JK
2022-09-13,7412.6669921875,7456.143044927602,7282.238833967192,7282.238833967192,124485200,BBCA.JK
2022-09-14,7390.92919921875,7521.357361557904,7282.239063936121,7282.239063936121,116642400,BBCA.JK
2022-09-15,7608.3095703125,7716.99970703125,7390.929296875,7390.929296875,190404800,BBCA.JK
2022-09-16,7347.45361328125,7586.571926139516,7347.45361328125,7564.833897697855,363127600,BBCA.JK
2022-09-19,7521.3564453125,7608.308542946171,7347.452250045159,7369.190274453576,102530600,BBCA.JK
2022-09-20,7434.404296875,7521.356393914474,7434.404296875,7434.404296875,89238400,BBCA.JK
2022-09-21,7369.18994140625,7477.880058536135,7325.713894554296,7412.665988258204,90933700,BBCA.JK
2022-09-22,7369.18994140625,7412.665988258204,7282.237847702341,7282.237847702341,61908500,BBCA.JK
2022-09-23,7282.23876953125,7369.190874242071,7282.23876953125,7282.23876953125,60567600,BBCA.JK
2022-09-26,7325.71435546875,7390.928429849778,7130.072132325668,7130.072132325668,106228200,BBCA.JK
2022-09-27,7217.02490234375,7347.45306322948,7217.02490234375,7282.2389827866145,89567100,BBCA.JK
2022-09-28,7238.76220703125,7325.714305614208,7173.548133094032,7173.548133094032,89153400,BBCA.JK
2022-09-29,7282.23876953125,7347.452848064366,7238.7627171758395,7238.7627171758395,62643700,BBCA.JK
2022-09-30,7434.404296875,7456.142321134868,7195.2860300164475,7282.238127055921,176524800,BBCA.JK
2022-10-03,7390.92919921875,7412.667226275275,7347.453145105698,7347.453145105698,115079600,BBCA.JK
2022-10-04,7434.404296875,7499.618369654605,7412.666272615132,7412.666272615132,80524500,BBCA.JK
2022-10-05,7347.45361328125,7434.4057270478925,7325.71558483959,7412.667698606232,63788000,BBCA.JK
2022-10-06,7325.71435546875,7390.928429849778,7325.71435546875,7369.190405056102,43967400,BBCA.JK
2022-10-07,7130.07373046875,7282.239938131193,7130.07373046875,7238.763878799066,112043400,BBCA.JK
2022-10-10,7217.02490234375,7282.2389827866145,7064.858714643731,7086.596741458019,80238200,BBCA.JK
2022-10-11,7173.548828125,7217.0248816287885,7086.596721117425,7130.072774621212,64060000,BBCA.JK
2022-10-12,7238.76220703125,7238.76220703125,7108.334059156813,7130.072083802553,47569700,BBCA.JK
2022-10-13,7195.287109375,7282.239219458082,7195.287109375,7195.287109375,62282800,BBCA.JK
2022-10-14,7173.548828125,7260.500935132576,7173.548828125,7217.0248816287885,70642900,BBCA.JK
2022-10-17,7173.548828125,7217.0248816287885,7108.334747869319,7173.548828125,56387500,BBCA.JK
2022-10-18,7217.02490234375,7369.191090043769,7173.548848715172,7195.286875529461,85665300,BBCA.JK
2022-10-19,7195.287109375,7260.501191937311,7151.811054333459,7173.549081854229,66753500,BBCA.JK
2022-10-20,7390.92919921875,7390.92919921875,7173.548928653493,7173.548928653493,91812300,BBCA.JK
2022-10-21,7521.3564453125,7586.570518537753,7347.452250045159,7347.452250045159,122777800,BBCA.JK
2022-10-24,7738.73681640625,7738.73681640625,7586.570643049948,7608.308667815133,89416500,BBCA.JK
2022-10-25,7564.833984375,7717.0001852101295,7564.833984375,7673.524127828664,84696300,BBCA.JK
2022-10-26,7434.404296875,7521.356393914474,7434.404296875,7499.618369654605,98962100,BBCA.JK
2022-10-27,7564.833984375,7564.833984375,7434.405812230603,7434.405812230603,77003400,BBCA.JK
2022-10-28,7608.3095703125,7608.3095703125,7521.3574609375,7521.3574609375,84980600,BBCA.JK
2022-10-31,7651.78466796875,7695.260717218572,7630.046643343839,7695.260717218572,138922800,BBCA.JK
2022-11-01,7651.78466796875,7825.6888649680395,7586.570594094016,7825.6888649680395,118118400,BBCA.JK
2022-11-02,7608.3095703125,7673.52365234375,7586.57154296875,7651.7856249999995,68323600,BBCA.JK
2022-11-03,7651.78466796875,7673.52269259366,7564.832569469105,7564.832569469105,81856300,BBCA.JK
2022-11-04,7630.04736328125,7651.785389957265,7543.09525657719,7630.04736328125,84458300,BBCA.JK
2022-11-07,7695.26123046875,7695.26123046875,7543.095047945357,7586.571100094898,94794000,BBCA.JK
2022-11-08,7608.3095703125,7716.99970703125,7586.57154296875,7695.2616796875,42525500,BBCA.JK
2022-11-09,7716.9990234375,7716.9990234375,7543.0948200924295,7543.0948200924295,96599500,BBCA.JK
2022-11-10,7651.78466796875,7651.784667968749,7586.570594094016,7586.570594094016,89463000,BBCA.JK
2022-11-11,7695.26123046875,7760.475308693061,7673.5232043939795,7738.737282618291,59597900,BBCA.JK
2022-11-14,7608.3095703125,7738.7377343749995,7608.3095703125,7716.99970703125,49208200,BBCA.JK
2022-11-15,7651.78466796875,7695.260717218572,7608.308618718927,7630.046643343839,59092900,BBCA.JK
2022-11-16,7477.88232421875,7543.096414255542,7434.406264194223,7499.620354231014,143424800,BBCA.JK
2022-11-17,7586.57080078125,7673.522901649802,7477.880674695559,7499.618699912697,72679800,BBCA.JK
2022-11-18,7673.5234375,7738.737517705382,7586.57133055949,7586.57133055949,83556900,BBCA.JK
2022-11-21,7586.57080078125,7738.736977301218,7586.57080078125,7716.998952084079,35901000,BBCA.JK
2022-11-22,7738.73681640625,7782.212865936622,7695.260766875877,7738.73681640625,84684200,BBCA.JK
2022-11-23,7716.9990234375,7803.951125110035,7716.9990234375,7738.7370488556335,84642100,BBCA.JK
2022-11-24,7825.689453125,7825.689453125,7782.213400607639,7803.95142686632,53520800,BBCA.JK
2022-11-25,7803.951171875,7825.689197423399,7738.737095229805,7825.689197423399,75048300,BBCA.JK
2022-11-28,7847.42822265625,7912.642307609072,7803.952166021036,7869.166250973857,96209700,BBCA.JK
2022-11-29,7803.951171875,7890.903274068593,7760.475120778204,7803.951171875,91562100,BBCA.JK
2022-11-30,8086.54638671875,8173.498498403897,7695.261884135584,7716.999912056872,644359600,BBCA.JK
2022-12-01,7825.689453125,8130.021820746529,7825.689453125,8064.807741970487,155775400,BBCA.JK
2022-12-02,7768.94921875,7834.417891941714,7768.94921875,7768.94921875,130982100,BBCA.JK
2022-12-05,7659.83544921875,7768.949914307336,7659.83544921875,7681.658342236467,114656300,BBCA.JK
2022-12-06,7572.54345703125,7638.01213245227,7485.251889803224,7616.1892406452625,180553800,BBCA.JK
2022-12-07,7376.13818359375,7485.252653765255,7376.13818359375,7419.783971662352,229308700,BBCA.JK
2022-12-08,7419.7841796875,7485.252863625919,7288.846811810662,7310.669706456802,172590100,BBCA.JK
2022-12-09,7485.25244140625,7507.075334821428,7376.137974330357,7419.783761160714,90851300,BBCA.JK
2022-12-12,7594.36767578125,7594.36767578125,7397.961615200701,7441.607406440823,102851800,BBCA.JK
2022-12-13,7594.36767578125,7594.36767578125,7463.430302060884,7528.898988921067,104580200,BBCA.JK
2022-12-14,7528.8974609375,7594.36613451087,7441.605896173008,7507.074569746377,118164300,BBCA.JK
2022-12-15,7419.7841796875,7507.075758272059,7419.7841796875,7485.252863625919,113255700,BBCA.JK
2022-12-16,7507.076171875,7550.7219635719475,7332.493005087209,7354.315900935683,181516700,BBCA.JK
2022-12-19,7550.720703125,7594.366487536127,7507.074918713874,7550.720703125,67482900,BBCA.JK
2022-12-20,7485.25244140625,7550.721121651785,7463.429547991072,7463.429547991072,41243700,BBCA.JK
2022-12-21,7572.54345703125,7594.366348838256,7485.251889803224,7507.07478161023,33617700,BBCA.JK
2022-12-22,7485.25244140625,7572.544015066964,7485.25244140625,7550.721121651785,59591500,BBCA.JK
2022-12-23,7419.7841796875,7485.252863625919,7419.7841796875,7441.60707433364,47393000,BBCA.JK
2022-12-26,7485.25244140625,7528.898228236607,7419.783761160714,7419.783761160714,20495900,BBCA.JK
2022-12-27,7507.076171875,7550.7219635719475,7485.253276026526,7507.076171875,27193800,BBCA.JK
2022-12-28,7550.720703125,7550.720703125,7463.429134302746,7550.720703125,40420200,BBCA.JK
2022-12-29,7485.25244140625,7507.075334821428,7419.783761160714,7441.606654575892,47020900,BBCA.JK
2022-12-30,7463.4287109375,7550.720274808114,7463.4287109375,7485.251601905153,44681400,BBCA.JK
2023-01-02,7463.4287109375,7507.074492872806,7419.782929002193,7485.251601905153,10653900,BBCA.JK
2023-01-03,7463.4287109375,7507.074492872806,7441.605819969846,7463.4287109375,27399100,BBCA.JK
2023-01-04,7288.84619140625,7485.252226504023,7288.84619140625,7441.606440926741,90918800,BBCA.JK
2023-01-05,7201.55517578125,7310.669648141572,7114.263597892992,7288.846753669508,128838500,BBCA.JK
2023-01-06,7245.20068359375,7267.023577219033,7070.617534591491,7070.617534591491,69286600,BBCA.JK
2023-01-09,7376.13818359375,7376.13818359375,7267.023713422244,7267.023713422244,86916900,BBCA.JK
2023-01-10,7136.0859375,7354.314865252293,7114.26304472477,7332.491972477064,101759100,BBCA.JK
2023-01-11,7092.4404296875,7114.263323317308,6983.325961538462,7026.971748798077,96069100,BBCA.JK
2023-01-12,7136.0859375,7223.377508600917,7092.440151949541,7114.26304472477,103804600,BBCA.JK
2023-01-13,7026.97119140625,7136.085650900136,7005.148299507473,7114.262759001359,119748200,BBCA.JK
2023-01-16,7114.263671875,7157.909461273006,7026.972093078988,7026.972093078988,105710700,BBCA.JK
2023-01-17,7267.02294921875,7310.668732697541,7114.26270704298,7136.085598782376,88695900,BBCA.JK
2023-01-18,7245.20068359375,7267.023577219033,7136.086215467339,7157.90910909262,96814600,BBCA.JK
2023-01-19,7267.02294921875,7288.845840958145,7201.554274000563,7288.845840958145,66391800,BBCA.JK
2023-01-20,7245.20068359375,7267.023577219033,7201.554896343186,7223.377789968468,96859500,BBCA.JK
2023-01-24,7179.7314453125,7288.845904967705,7179.7314453125,7245.200121105623,42474500,BBCA.JK
2023-01-25,7157.90966796875,7245.201249285442,7157.90966796875,7245.201249285442,66124500,BBCA.JK
2023-01-26,7397.9599609375,7397.9599609375,7179.731053535214,7179.731053535214,77582300,BBCA.JK
2023-01-27,7594.36767578125,7725.305049501617,7463.430302060884,7594.36767578125,196804700,BBCA.JK
2023-01-30,7594.36767578125,7659.836362641434,7485.253197680945,7616.190571401311,68544300,BBCA.JK
2023-01-31,7397.9599609375,7572.543086859329,7397.9599609375,7528.897305378872,200589000,BBCA.JK
2023-02-01,7419.7841796875,7485.252863625919,7376.138390395221,7485.252863625919,77396200,BBCA.JK
2023-02-02,7376.13818359375,7441.606865696653,7332.492395525148,7354.3152895594485,99109500,BBCA.JK
2023-02-03,7594.36767578125,7594.36767578125,7419.784510820762,7463.430302060884,71716700,BBCA.JK
2023-02-06,7616.189453125,7638.012345540831,7550.720775877508,7638.012345540831,117757700,BBCA.JK
2023-02-07,7725.30419921875,7725.30419921875,7638.012626346222,7659.8355195643535,116014700,BBCA.JK
2023-02-08,7703.48095703125,7725.3038492608,7681.6580648017,7703.48095703125,54495500,BBCA.JK
2023-02-09,7768.94921875,7768.94921875,7681.657654494383,7703.480545558287,72381700,BBCA.JK
2023-02-10,7703.48095703125,7768.949633719901,7594.366495883499,7747.1267414903505,62060900,BBCA.JK
2023-02-13,7747.12744140625,7768.950335607395,7659.835864601672,7747.12744140625,63775000,BBCA.JK
2023-02-14,7812.59619140625,7812.59619140625,7703.481719459235,7725.304613848638,81678200,BBCA.JK
2023-02-15,7747.12744140625,7768.950335607395,7638.0129704005285,7747.12744140625,38037000,BBCA.JK
2023-02-16,7594.36767578125,7725.305049501617,7594.36767578125,7703.482153881556,66040400,BBCA.JK
2023-02-17,7616.189453125,7725.303915204156,7616.189453125,7659.835237956662,43588900,BBCA.JK
2023-02-20,7638.01318359375,7703.4818680245535,7594.367393973214,7616.190288783482,40077000,BBCA.JK
2023-02-21,7594.36767578125,7681.659258261495,7594.36767578125,7659.836362641434,25390500,BBCA.JK
2023-02-22,7572.54345703125,7638.01213245227,7528.897673417237,7594.366348838256,38671900,BBCA.JK
2023-02-23,7616.189453125,7638.012345540831,7528.897883461676,7528.897883461676,53412300,BBCA.JK
2023-02-24,7572.54345703125,7725.303699680295,7572.54345703125,7659.835024259276,44123400,BBCA.JK
2023-02-27,7659.83544921875,7659.83544921875,7550.720984130164,7572.543877147881,59983900,BBCA.JK
2023-02-28,7638.01318359375,7659.836078404018,7572.5444991629465,7659.836078404018,106349400,BBCA.JK
2023-03-01,7507.076171875,7638.013546965843,7507.076171875,7616.190651117368,67034700,BBCA.JK
2023-03-02,7528.8974609375,7594.36613451087,7507.074569746377,7507.074569746377,56672000,BBCA.JK
2023-03-03,7397.9599609375,7572.543086859329,7397.9599609375,7550.7201961191,95376900,BBCA.JK
2023-03-06,7332.4921875,7463.429547991072,7332.4921875,7463.429547991072,92652000,BBCA.JK
2023-03-07,7354.31494140625,7397.960727408661,7288.846262402633,7288.846262402633,106115600,BBCA.JK
2023-03-08,7485.25244140625,7485.25244140625,7332.4921875,7332.4921875,79350900,BBCA.JK
2023-03-09,7485.25244140625,7550.721121651785,7463.429547991072,7550.721121651785,54201400,BBCA.JK
2023-03-10,7376.13818359375,7463.429759730954,7376.13818359375,7419.783971662352,59580100,BBCA.JK
2023-03-13,7463.4287109375,7528.89738384046,7376.1371470668855,7376.1371470668855,82077700,BBCA.JK
2023-03-14,7267.02294921875,7397.960299655124,7267.02294921875,7354.314516176332,90495300,BBCA.JK
2023-03-15,7267.02294921875,7397.960299655124,7267.02294921875,7376.137407915728,86747400,BBCA.JK
2023-03-16,7245.20068359375,7288.846470844315,7201.554896343186,7245.20068359375,105894000,BBCA.JK
2023-03-17,7310.66943359375,7376.138115088619,7267.023645930503,7310.66943359375,198558600,BBCA.JK
2023-03-20,7332.4921875,7397.960867745535,7310.669294084822,7332.4921875,37277900,BBCA.JK
2023-03-21,7419.7841796875,7419.7841796875,7310.669706456802,7332.492601102941,91617400,BBCA.JK
2023-03-24,7703.48095703125,7703.48095703125,7528.897819194848,7594.366495883499,145603600,BBCA.JK
2023-03-27,7594.36767578125,7703.482153881556,7594.36767578125,7703.482153881556,110692800,BBCA.JK
2023-03-28,7572.54345703125,7681.657916066282,7572.54345703125,7681.657916066282,98296600,BBCA.JK
2023-03-29,7835.20068359375,7835.20068359375,7679.38703363592,7723.905219338158,101068200,BBCA.JK
2023-03-30,7857.46044921875,7924.23773348973,7835.201354461756,7924.23773348973,118912100,BBCA.JK
2023-03-31,7790.68310546875,7879.719483816964,7768.424010881697,7857.460389229911,97146900,BBCA.JK
2023-04-03,7835.20068359375,7857.459776444869,7790.682497891513,7857.459776444869,60288900,BBCA.JK
2023-04-04,7812.94189453125,7857.460081964477,7701.646425948184,7857.460081964477,60975800,BBCA.JK
2023-04-05,7768.42333984375,7835.2006178366755,7768.42333984375,7812.941525172367,36922100,BBCA.JK
2023-04-06,7790.68310546875,7812.942200055803,7746.164916294642,7746.164916294642,45489400,BBCA.JK
2023-04-10,7835.20068359375,7835.20068359375,7746.164312189276,7768.423405040395,32996000,BBCA.JK
2023-04-11,7857.46044921875,7857.46044921875,7790.683164947769,7857.46044921875,44554300,BBCA.JK
2023-04-12,7924.23681640625,7924.23681640625,7857.4595398635,7924.23681640625,91903600,BBCA.JK
2023-04-13,7946.49609375,7968.75518644958,7901.977908350841,7968.75518644958,51726500,BBCA.JK
2023-04-14,8013.27294921875,8013.27294921875,7968.754766167534,8013.27294921875,110354200,BBCA.JK
2023-04-17,8035.53369140625,8057.792787504328,7924.238210915859,8035.53369140625,83946900,BBCA.JK
2023-04-18,8124.5693359375,8169.087524079623,8035.532959653254,8057.792053724315,91178700,BBCA.JK
2023-04-26,8191.345703125,8191.345703125,8013.27297044837,8124.5684283712635,186928200,BBCA.JK
2023-04-27,8146.828125,8169.087218237705,8080.050845286885,8102.3099385245905,54842400,BBCA.JK
2023-04-28,8057.79150390625,8124.568781562932,8057.79150390625,8102.3096890107045,145775300,BBCA.JK
2023-05-02,8057.79150390625,8102.3096890107045,7924.2369485928875,8102.3096890107045,83645900,BBCA.JK
2023-05-03,7946.49609375,8057.7915572479,7901.977908350841,8057.7915572479,83728800,BBCA.JK
2023-05-04,8013.27294921875,8035.532040744358,7901.977491590712,7946.495674641927,67565000,BBCA.JK
2023-05-05,8013.27294921875,8057.791132269965,7968.754766167534,8013.27294921875,64815100,BBCA.JK
2023-05-08,8013.27294921875,8080.0502237955725,7968.754766167534,8013.27294921875,84754500,BBCA.JK
2023-05-09,7946.49609375,7991.01427914916,7924.23700105042,7968.75518644958,40929600,BBCA.JK
2023-05-10,7946.49609375,7968.75518644958,7924.23700105042,7946.49609375,45322600,BBCA.JK
2023-05-11,7857.46044921875,7924.23773348973,7835.201354461756,7924.23773348973,81993900,BBCA.JK
2023-05-12,7835.20068359375,7901.977962147106,7768.423405040395,7790.682497891513,96525600,BBCA.JK
2023-05-15,7812.94189453125,7901.978269397703,7768.423707098023,7901.978269397703,64830300,BBCA.JK
2023-05-16,7746.16552734375,7857.461009058459,7746.16552734375,7835.201912715517,49497000,BBCA.JK
2023-05-17,7812.94189453125,7879.71917568109,7790.682800814637,7812.94189453125,69996100,BBCA.JK
2023-05-19,8013.27294921875,8013.27294921875,7857.459308539496,7924.236583116319,123592500,BBCA.JK
2023-05-22,8013.27294921875,8080.0502237955725,7946.495674641927,8013.27294921875,91000000,BBCA.JK
2023-05-23,8124.5693359375,8146.828430008562,8035.532959653254,8057.792053724315,102980500,BBCA.JK
2023-05-24,8035.53369140625,8191.347364092798,8035.53369140625,8191.347364092798,77392900,BBCA.JK
2023-05-25,8057.79150390625,8146.827874115159,8057.79150390625,8102.3096890107045,76325700,BBCA.JK
2023-05-26,8146.828125,8191.34631147541,8102.3099385245905,8169.087218237705,55675900,BBCA.JK
2023-05-29,8146.828125,8235.86449795082,8080.050845286885,8235.86449795082,79148200,BBCA.JK
2023-05-30,8235.8642578125,8302.641535578548,8146.827887457771,8191.346072635135,97189500,BBCA.JK
2023-05-31,8057.79150390625,8302.64152198075,8057.79150390625,8280.382429428522,722827900,BBCA.JK
2023-06-05,8191.345703125,8302.641161047894,8102.309336786685,8146.827519955843,163535600,BBCA.JK
2023-06-06,8146.828125,8191.34631147541,8057.791752049181,8057.791752049181,74872200,BBCA.JK
2023-06-07,8102.31005859375,8169.087339296446,8080.050965026185,8124.569152161315,87492200,BBCA.JK
2023-06-08,8124.5693359375,8124.5693359375,8080.051147795377,8080.051147795377,53188400,BBCA.JK
2023-06-09,8102.31005859375,8169.087339296446,8102.31005859375,8169.087339296446,44632400,BBCA.JK
2023-06-12,8146.828125,8146.828125,8102.3099385245905,8146.828125,38082300,BBCA.JK
2023-06-13,8146.828125,8169.087218237705,8102.3099385245905,8169.087218237705,45552600,BBCA.JK
2023-06-14,8080.05029296875,8124.568476401085,8057.791201252583,8102.309384684918,72223700,BBCA.JK
2023-06-15,8057.79150390625,8102.3096890107045,8057.79150390625,8102.3096890107045,59073000,BBCA.JK
2023-06-16,8057.79150390625,8102.3096890107045,7991.014226249568,8102.3096890107045,112769400,BBCA.JK
2023-06-19,8013.27294921875,8057.791132269965,8013.27294921875,8013.27294921875,32330600,BBCA.JK
2023-06-20,8057.79150390625,8057.79150390625,7968.755133697341,8035.532411354023,54990100,BBCA.JK
2023-06-21,8124.5693359375,8124.5693359375,8013.273865582192,8057.792053724315,42676300,BBCA.JK
2023-06-22,8057.79150390625,8146.827874115159,8057.79150390625,8124.568781562932,48291100,BBCA.JK
2023-06-23,8057.79150390625,8146.827874115159,8035.532411354023,8035.532411354023,47813500,BBCA.JK
2023-06-26,8080.05029296875,8124.568476401085,8035.532109536415,8035.532109536415,36389900,BBCA.JK
2023-06-27,8146.828125,8146.828125,8057.791752049181,8057.791752049181,36225100,BBCA.JK
2023-07-03,8080.05029296875,8080.05029296875,8035.532109536415,8035.532109536415,108855900,BBCA.JK
2023-07-04,8057.79150390625,8146.827874115159,8057.79150390625,8146.827874115159,35049300,BBCA.JK
2023-07-05,8057.79150390625,8080.050596458477,8035.532411354023,8057.79150390625,44609200,BBCA.JK
2023-07-06,8080.05029296875,8102.309384684918,8035.532109536415,8057.791201252583,52532400,BBCA.JK
2023-07-07,8035.53369140625,8102.3109797004845,8035.53369140625,8035.53369140625,37641300,BBCA.JK
2023-07-10,8057.79150390625,8102.3096890107045,8057.79150390625,8102.3096890107045,28981500,BBCA.JK
2023-07-11,8035.53369140625,8102.3109797004845,8035.53369140625,8102.3109797004845,43703500,BBCA.JK
2023-07-12,8169.08837890625,8169.08837890625,8057.792896904803,8080.051993305092,61566500,BBCA.JK
2023-07-13,8124.5693359375,8213.605712221746,8124.5693359375,8191.346618150685,65230900,BBCA.JK
2023-07-14,8191.345703125,8191.345703125,8124.5684283712635,8169.0866115404215,55554500,BBCA.JK
2023-07-17,8169.08837890625,8235.865668107119,8169.08837890625,8191.34747530654,62550100,BBCA.JK
2023-07-18,8146.828125,8235.86449795082,8102.3099385245905,8191.34631147541,52924600,BBCA.JK
2023-07-20,8146.828125,8213.605404713115,8124.569031762296,8191.34631147541,83476600,BBCA.JK
2023-07-21,8146.828125,8169.087218237705,8124.569031762296,8146.828125,42667800,BBCA.JK
2023-07-24,8102.31005859375,8191.346432864011,8102.31005859375,8191.346432864011,62061200,BBCA.JK
2023-07-25,8146.828125,8280.38268442623,8146.828125,8169.087218237705,122802700,BBCA.JK
2023-07-26,8324.9013671875,8324.9013671875,8124.569516105448,8169.087705234793,113868700,BBCA.JK
2023-07-27,8213.60546875,8369.419122628728,8213.60546875,8369.419122628728,77848400,BBCA.JK
2023-07-28,8124.5693359375,8213.605712221746,8124.5693359375,8191.346618150685,74510200,BBCA.JK
2023-07-31,8124.5693359375,8191.346618150685,8102.310241866438,8169.087524079623,80868000,BBCA.JK
2023-08-01,8124.5693359375,8169.087524079623,8102.310241866438,8169.087524079623,49756400,BBCA.JK
2023-08-02,8191.345703125,8191.345703125,8124.5684283712635,8124.5684283712635,60629900,BBCA.JK
2023-08-03,8235.8642578125,8280.382442989865,8146.827887457771,8146.827887457771,64596100,BBCA.JK
2023-08-04,8146.828125,8258.123591188525,8124.569031762296,8235.86449795082,52675900,BBCA.JK
2023-08-07,8258.1240234375,8258.1240234375,8146.828551423517,8146.828551423517,55589300,BBCA.JK
2023-08-08,8191.345703125,8280.382069463316,8191.345703125,8258.122977878736,43373400,BBCA.JK
2023-08-09,8369.41796875,8369.41796875,8235.863426695478,8258.122517037898,77056800,BBCA.JK
2023-08-10,8369.41796875,8391.67705909242,8324.899788065159,8369.41796875,76738100,BBCA.JK
2023-08-11,8369.41796875,8413.93614943484,8347.15887840758,8391.67705909242,68898600,BBCA.JK
2023-08-14,8324.9013671875,8324.9013671875,8213.605894364138,8302.642272622828,75495400,BBCA.JK
2023-08-15,8280.3828125,8347.160093245968,8280.3828125,8302.64190608199,59303700,BBCA.JK
2023-08-16,8280.3828125,8302.64190608199,8235.864625336022,8258.12371891801,53440000,BBCA.JK
2023-08-18,8235.8642578125,8324.90062816723,8235.8642578125,8235.8642578125,79328900,BBCA.JK
2023-08-21,8169.08837890625,8235.865668107119,8169.08837890625,8213.606571706829,73573000,BBCA.JK
2023-08-22,8280.3828125,8302.64190608199,8146.828251008064,8146.828251008064,65664600,BBCA.JK
2023-08-23,8280.3828125,8302.64190608199,8258.12371891801,8280.3828125,63749800,BBCA.JK
2023-08-24,8191.345703125,8302.641161047894,8191.345703125,8235.863886294157,53725900,BBCA.JK
2023-08-25,8258.1240234375,8258.1240234375,8169.087645826314,8191.34674022911,50379000,BBCA.JK
2023-08-28,8191.345703125,8235.863886294157,8191.345703125,8235.863886294157,44423100,BBCA.JK
2023-08-29,8235.8642578125,8280.382442989865,8191.346072635135,8258.123350401183,45428500,BBCA.JK
2023-08-30,8191.345703125,8280.382069463316,8191.345703125,8280.382069463316,56227000,BBCA.JK
2023-08-31,8169.08837890625,8213.606571706829,8102.311089705382,8191.34747530654,136107200,BBCA.JK
2023-09-01,8213.60546875,8258.123655572494,8169.087281927507,8191.346375338754,42152700,BBCA.JK
2023-09-04,8213.60546875,8258.123655572494,8169.087281927507,8213.60546875,40610600,BBCA.JK
2023-09-05,8213.60546875,8235.864562161247,8191.346375338754,8235.864562161247,42007200,BBCA.JK
2023-09-06,8146.828125,8235.86449795082,8146.828125,8191.34631147541,49318400,BBCA.JK
2023-09-07,8169.08837890625,8169.08837890625,8102.311089705382,8124.570186105671,61405200,BBCA.JK
2023-09-08,8124.5693359375,8146.828430008562,8057.792053724315,8102.310241866438,80732300,BBCA.JK
2023-09-11,8124.5693359375,8124.5693359375,8080.051147795377,8080.051147795377,53155900,BBCA.JK
2023-09-12,8102.31005859375,8124.569152161315,8080.050965026185,8102.31005859375,66479000,BBCA.JK
2023-09-13,8080.05029296875,8080.05029296875,8013.273017820248,8057.791201252583,69490200,BBCA.JK
2023-09-14,8102.31005859375,8124.569152161315,8013.273684323489,8013.273684323489,112757900,BBCA.JK
2023-09-15,8013.27294921875,8102.30931532118,8013.27294921875,8057.791132269965,121005300,BBCA.JK
2023-09-18,8013.27294921875,8080.0502237955725,8013.27294921875,8057.791132269965,34272200,BBCA.JK
2023-09-19,8080.05029296875,8080.05029296875,7991.013926104081,8013.273017820248,33325800,BBCA.JK
2023-09-20,8146.828125,8169.087218237705,8080.050845286885,8124.569031762296,54305500,BBCA.JK
2023-09-21,8124.5693359375,8146.828430008562,8080.051147795377,8124.5693359375,40607000,BBCA.JK
2023-09-22,8080.05029296875,8146.827568117253,8080.05029296875,8124.568476401085,42445300,BBCA.JK
2023-09-25,8013.27294921875,8080.0502237955725,8013.27294921875,8080.0502237955725,56132200,BBCA.JK
2023-09-26,7968.75537109375,8035.532650739788,7968.75537109375,8013.2735575244415,73544700,BBCA.JK
2023-09-27,7901.97802734375,8013.2734925176055,7901.97802734375,7924.2371203785215,84345000,BBCA.JK
2023-09-29,7857.46044921875,7924.23773348973,7857.46044921875,7857.46044921875,118960000,BBCA.JK
2023-10-02,8080.05029296875,8102.309384684918,7901.977559239412,7924.236650955579,93663000,BBCA.JK
2023-10-03,8191.345703125,8191.345703125,8035.5320620329485,8080.050245202106,98380200,BBCA.JK
2023-10-04,8191.345703125,8235.863886294157,8124.5684283712635,8191.345703125,112582800,BBCA.JK
2023-10-05,8080.05029296875,8191.3457515495875,8080.05029296875,8191.3457515495875,72855700,BBCA.JK
2023-10-06,8035.53369140625,8102.3109797004845,8035.53369140625,8102.3109797004845,53344400,BBCA.JK
2023-10-09,8057.79150390625,8124.568781562932,8035.532411354023,8035.532411354023,43774500,BBCA.JK
2023-10-10,7946.49609375,8013.27337184874,7946.49609375,8013.27337184874,71966100,BBCA.JK
2023-10-11,7946.49609375,8035.53246454832,7946.49609375,7946.49609375,84305800,BBCA.JK
2023-10-12,8057.79150390625,8102.3096890107045,8013.2733188017955,8013.2733188017955,71064500,BBCA.JK
2023-10-13,8080.05029296875,8124.568476401085,8035.532109536415,8102.309384684918,62941800,BBCA.JK
2023-10-16,8102.31005859375,8124.569152161315,8057.791871458619,8124.569152161315,29429200,BBCA.JK
2023-10-17,7968.75537109375,8080.050837170478,7968.75537109375,8057.791743955133,59606000,BBCA.JK
2023-10-18,7879.71875,7968.755120056497,7879.71875,7946.496027542373,50919200,BBCA.JK
2023-10-19,7790.68310546875,7879.719483816964,7790.68310546875,7857.460389229911,89509700,BBCA.JK
2023-10-20,7991.01513671875,8035.533326895456,7768.42418583522,7768.42418583522,64554500,BBCA.JK
2023-10-23,7879.71875,7946.496027542373,7879.71875,7901.977842514124,50633500,BBCA.JK
2023-10-24,7812.94189453125,7901.978269397703,7812.94189453125,7812.94189453125,76963200,BBCA.JK
2023-10-25,7901.97802734375,7946.496213413292,7857.459841274208,7857.459841274208,54748400,BBCA.JK
2023-10-26,7768.42333984375,7968.755173822528,7768.42333984375,7946.49608115822,63199400,BBCA.JK
2023-10-27,7746.16552734375,7835.201912715517,7746.16552734375,7768.424623686692,52450700,BBCA.JK
2023-10-30,7879.71875,7879.71875,7746.164194915254,7746.164194915254,51958200,BBCA.JK
2023-10-31,7790.68310546875,7857.460389229911,7768.424010881697,7835.201294642857,64907600,BBCA.JK
2023-11-01,7657.12890625,7812.942575853924,7657.12890625,7790.68348019622,67027600,BBCA.JK
2023-11-02,7879.71875,7924.236935028248,7768.423287429378,7768.423287429378,56050900,BBCA.JK
2023-11-03,7924.23681640625,7968.755000768083,7879.718632044417,7946.495908587166,60414100,BBCA.JK
2023-11-06,8057.79150390625,8057.79150390625,7968.755133697341,7991.014226249568,84994200,BBCA.JK
2023-11-07,7991.01513671875,8035.533326895456,7924.237851453691,8013.274231807103,60648200,BBCA.JK
2023-11-08,8013.27294921875,8013.27294921875,7924.236583116319,7968.754766167534,31829300,BBCA.JK
2023-11-09,8013.27294921875,8057.791132269965,7924.236583116319,7924.236583116319,46076800,BBCA.JK
2023-11-10,7857.46044921875,8013.274112517705,7857.46044921875,7968.755923003718,50754600,BBCA.JK
2023-11-13,7901.97802734375,7946.496213413292,7879.7189343089785,7901.97802734375,20827700,BBCA.JK
2023-11-14,7946.49609375,7968.75518644958,7901.977908350841,7924.23700105042,37195700,BBCA.JK
2023-11-15,8057.79150390625,8057.79150390625,7968.755133697341,7991.014226249568,84977900,BBCA.JK
2023-11-16,8080.05029296875,8080.05029296875,7968.754834387913,8057.791201252583,48714300,BBCA.JK
2023-11-17,8080.05029296875,8080.05029296875,7991.013926104081,8035.532109536415,57050500,BBCA.JK
2023-11-20,7901.97802734375,8035.532585552377,7901.97802734375,7991.014399482835,49216000,BBCA.JK
2023-11-21,7812.94189453125,7924.237363114316,7812.94189453125,7857.460081964477,107614800,BBCA.JK
2023-11-22,7901.97802734375,7901.97802734375,7812.941655204666,7812.941655204666,40364800,BBCA.JK
2023-11-23,7946.49609375,7991.01427914916,7879.718815651261,7879.718815651261,55542100,BBCA.JK
2023-11-24,7946.49609375,7991.01427914916,7924.23700105042,7946.49609375,43631900,BBCA.JK
2023-11-27,7901.97802734375,7968.7553064480635,7901.97802734375,7924.2371203785215,35679000,BBCA.JK
2023-11-28,7901.97802734375,7968.7553064480635,7879.7189343089785,7901.97802734375,69070600,BBCA.JK
2023-11-29,7924.23681640625,7968.755000768083,7924.23681640625,7924.23681640625,54715600,BBCA.JK
2023-11-30,7991.01513671875,7991.01513671875,7924.237851453691,7946.4969465420445,205312100,BBCA.JK
2023-12-01,7968.75537109375,7991.014464309096,7924.2371846630585,7946.496277878405,80566400,BBCA.JK
2023-12-04,7984.4111328125,8073.872321975666,7984.4111328125,8006.776430103291,54747400,BBCA.JK
2023-12-05,7962.04541015625,8006.77600234814,7894.949521868417,8006.77600234814,94363900,BBCA.JK
2023-12-06,7872.58447265625,8006.776253440164,7872.58447265625,7917.315066250888,81852800,BBCA.JK
2023-12-07,7894.9501953125,7894.9501953125,7805.489003297628,7827.854301301346,91322500,BBCA.JK
2023-12-08,7827.8544921875,7917.315686383929,7827.8544921875,7872.585089285714,43891600,BBCA.JK
2023-12-11,7827.8544921875,7850.219790736607,7760.758596540179,7760.758596540179,78642800,BBCA.JK
2023-12-12,7783.1240234375,7827.854621273348,7783.1240234375,7783.1240234375,87589300,BBCA.JK
2023-12-13,7760.7578125,7827.8537013688765,7760.7578125,7783.123108789626,51560500,BBCA.JK
2023-12-14,8096.23681640625,8096.23681640625,7827.853275530905,7850.218570603851,115332800,BBCA.JK
2023-12-15,8252.794921875,8252.794921875,8118.60313452744,8163.33373030996,275013500,BBCA.JK
2023-12-18,8230.4287109375,8252.794006347656,8185.6981201171875,8230.4287109375,111712200,BBCA.JK
2023-12-19,8275.1591796875,8275.1591796875,8163.3327042863175,8163.3327042863175,65174500,BBCA.JK
2023-12-20,8319.8916015625,8319.8916015625,8252.7957015499,8275.1610015541,72938100,BBCA.JK
2023-12-21,8342.2548828125,8342.2548828125,8275.158999036528,8319.889588220509,88116700,BBCA.JK
2023-12-22,8342.2548828125,8364.620177404491,8297.52429362852,8297.52429362852,64449600,BBCA.JK
2023-12-27,8386.986328125,8409.351625,8342.255734375,8386.986328125,64464700,BBCA.JK
2023-12-28,8409.3515625,8431.716859208776,8342.25567237367,8342.25567237367,70184600,BBCA.JK
2023-12-29,8409.3515625,8454.082155917553,8364.620969082447,8431.716859208776,79903400,BBCA.JK
2024-01-02,8431.7177734375,8431.7177734375,8364.62187603614,8409.352474303714,30545200,BBCA.JK
2024-01-03,8364.62109375,8431.716984876337,8342.255796707888,8431.716984876337,34603300,BBCA.JK
2024-01-04,8476.447265625,8476.447265625,8386.986080763523,8409.351376978891,56501800,BBCA.JK
2024-01-05,8565.9091796875,8588.274477806788,8476.447987210346,8498.813285329636,85290100,BBCA.JK
2024-01-08,8565.9091796875,8610.639775926078,8476.447987210346,8588.274477806788,50896000,BBCA.JK
2024-01-09,8610.638671875,8610.638671875,8565.908081371754,8588.273376623376,59848600,BBCA.JK
2024-01-10,8543.5439453125,8633.005138457134,8543.5439453125,8633.005138457134,52774900,BBCA.JK
2024-01-11,8565.9091796875,8633.005074045366,8565.9091796875,8610.639775926078,39381500,BBCA.JK
2024-01-12,8677.736328125,8677.736328125,8588.27512886598,8633.00572849549,68253400,BBCA.JK
2024-01-15,8700.1015625,8722.46686214653,8633.00566356041,8722.46686214653,88399500,BBCA.JK
2024-01-16,8677.736328125,8722.46692775451,8655.371028310245,8677.736328125,44869200,BBCA.JK
2024-01-17,8722.46484375,8722.46484375,8633.003665865384,8722.46484375,107706100,BBCA.JK
2024-01-18,8655.3701171875,8722.4660095688,8610.639522266634,8655.3701171875,71048900,BBCA.JK
2024-01-19,8610.638671875,8744.83044338474,8588.273376623376,8744.83044338474,63176500,BBCA.JK
2024-01-22,8610.638671875,8633.003967126624,8521.177490868506,8588.273376623376,52868300,BBCA.JK
2024-01-23,8588.2744140625,8588.2744140625,8454.082626342773,8454.082626342773,92348600,BBCA.JK
2024-01-24,8521.1787109375,8588.274606299214,8476.448114029692,8588.274606299214,84906000,BBCA.JK
2024-01-25,8498.8134765625,8565.909372430098,8454.082879317435,8454.082879317435,63212700,BBCA.JK
2024-01-26,8364.62109375,8454.08228191845,8319.890499665777,8409.351687834225,78977300,BBCA.JK
2024-01-29,8543.5439453125,8543.5439453125,8386.986857309392,8409.35215559555,73452800,BBCA.JK
2024-01-30,8633.00390625,8633.00390625,8476.446840592616,8498.812135686529,73136400,BBCA.JK
2024-01-31,8543.5439453125,8677.73573502945,8543.5439453125,8677.73573502945,102581200,BBCA.JK
2024-02-01,8677.736328125,8700.101627939755,8565.909829051225,8633.00572849549,104208700,BBCA.JK
2024-02-02,8677.736328125,8767.19752738402,8610.640428680734,8744.832227569266,99324000,BBCA.JK
2024-02-05,8565.9091796875,8655.370372164654,8521.178583448924,8655.370372164654,57983300,BBCA.JK
2024-02-06,8610.638671875,8722.465148133117,8610.638671875,8722.465148133117,87651000,BBCA.JK
2024-02-07,8677.736328125,8700.101627939755,8633.00572849549,8677.736328125,92953500,BBCA.JK
2024-02-12,8767.197265625,8767.197265625,8677.73606903699,8722.466667330995,87949400,BBCA.JK
2024-02-13,8700.1015625,8767.19746143959,8677.73626285347,8722.46686214653,66072400,BBCA.JK
2024-02-15,8811.9267578125,8923.753239510628,8811.9267578125,8901.387943171003,164748900,BBCA.JK
2024-02-16,8901.3876953125,8946.11828674623,8834.291808161903,8923.752991029365,142277200,BBCA.JK
2024-02-19,8834.2919921875,8923.753176918512,8789.561399821994,8856.657288370252,53341300,BBCA.JK
2024-02-20,8968.4833984375,8968.4833984375,8811.926331631857,8811.926331631857,63997700,BBCA.JK
2024-02-21,8923.75390625,8946.119204260653,8811.927416196742,8901.38860823935,75371600,BBCA.JK
2024-02-22,8834.2919921875,8923.753176918512,8834.2919921875,8923.753176918512,66913000,BBCA.JK
2024-02-23,8789.5615234375,8879.022709426687,8767.196226940205,8856.65741292939,55192300,BBCA.JK
2024-02-26,8767.197265625,8834.293163066008,8700.101368183992,8722.466667330995,41356000,BBCA.JK
2024-02-27,8834.2919921875,8856.657288370252,8722.465511273735,8722.465511273735,43735800,BBCA.JK
2024-02-28,8946.1201171875,8946.1201171875,8856.658916015625,8923.754816894532,54043100,BBCA.JK
2024-02-29,8834.2919921875,8946.118473101265,8811.926696004746,8946.118473101265,126671200,BBCA.JK
2024-03-01,8789.5615234375,8879.022709426687,8767.196226940205,8856.65741292939,51520600,BBCA.JK
2024-03-04,8722.46484375,8789.560727163462,8722.46484375,8767.195432692308,43822900,BBCA.JK
2024-03-05,8767.197265625,8856.65846221301,8744.831966477997,8856.65846221301,61952900,BBCA.JK
2024-03-06,8901.3876953125,8946.11828674623,8744.83062529444,8856.657103878768,70242200,BBCA.JK
2024-03-07,9057.9462890625,9102.676888020833,8946.119791666666,8990.850390625,118369300,BBCA.JK
2024-03-08,9080.3115234375,9214.50331935037,9057.946224118688,9169.772720712746,100947200,BBCA.JK
2024-03-13,8946.1201171875,9303.964921875,8946.1201171875,9303.964921875,141622600,BBCA.JK
2024-03-14,9236.8671875,9236.8671875,8968.48363725787,8990.848933111381,110681100,BBCA.JK
2024-03-15,9080.3115234375,9214.50331935037,8990.850326162254,9125.042122075123,154176800,BBCA.JK
2024-03-18,9080.3115234375,9192.138020031558,9080.3115234375,9102.676822756312,62444100,BBCA.JK
2024-03-19,9102.67578125,9169.771671529485,9080.310484490172,9080.310484490172,55004800,BBCA.JK
2024-03-20,9057.9462890625,9080.311588541666,9013.215690104167,9035.580989583334,66269700,BBCA.JK
2024-03-21,9057.9462890625,9147.407486979168,8990.850390625,9102.676888020833,90279400,BBCA.JK
2024-03-22,9035.580078125,9057.945375348083,8901.38829478651,8946.118889232674,91968200,BBCA.JK
2024-03-25,9220.9140625,9220.9140625,9083.629982165012,9220.9140625,66971000,BBCA.JK
2024-03-26,9198.0322265625,9198.0322265625,9106.509517840484,9198.0322265625,65742700,BBCA.JK
2024-03-27,9220.9140625,9220.9140625,9152.272022332507,9175.152702388337,39514100,BBCA.JK
2024-03-28,9220.9140625,9243.79474255583,9129.391342276675,9175.152702388337,79229700,BBCA.JK
2024-04-01,9014.9873046875,9243.794089070432,8992.106626249208,9220.913410632138,79248700,BBCA.JK
2024-04-02,9060.75,9106.511363636364,8969.227272727274,9083.630681818182,76763100,BBCA.JK
2024-04-03,8717.5390625,8969.22654199475,8717.5390625,8923.465182086615,177418400,BBCA.JK
2024-04-04,9014.9873046875,9014.9873046875,8763.299841866276,8763.299841866276,75993500,BBCA.JK
2024-04-05,8992.1064453125,9106.509835201972,8992.1064453125,9106.509835201972,70428600,BBCA.JK
2024-04-16,8671.77734375,8763.300059779023,8465.851232684696,8557.373948713719,283265900,BBCA.JK
2024-04-17,8717.5390625,8854.82314222441,8717.5390625,8740.419742454069,95620700,BBCA.JK
2024-04-18,8671.77734375,8763.300059779023,8648.896664742744,8717.538701764512,127134000,BBCA.JK
2024-04-19,8671.77734375,8694.658022757256,8511.612590699207,8557.373948713719,147784300,BBCA.JK
2024-04-22,8557.3740234375,8626.016061058657,8557.3740234375,8603.135381851605,128908000,BBCA.JK
2024-04-23,8900.5849609375,8946.34632320453,8603.136106201799,8603.136106201799,178833000,BBCA.JK
2024-04-24,9106.5107421875,9106.5107421875,8923.46530013348,8992.107340903736,132832700,BBCA.JK
2024-04-25,8946.345703125,9152.271819053709,8877.703664482098,9152.271819053709,104874100,BBCA.JK
2024-04-26,8809.060546875,8992.10596083604,8809.060546875,8877.70257711039,100932900,BBCA.JK
2024-04-29,8969.2265625,9014.987922512755,8717.539082429847,8717.539082429847,90063500,BBCA.JK
2024-04-30,8969.2265625,9198.033362563776,8969.2265625,9198.033362563776,109623000,BBCA.JK
2024-05-02,8740.419921875,9060.749447807591,8694.658561027487,9060.749447807591,97079400,BBCA.JK
2024-05-03,9014.9873046875,9014.9873046875,8854.822555619448,8923.464590934327,81200400,BBCA.JK
2024-05-06,8969.2265625,9037.868602519133,8946.345882493622,9014.987922512755,53076200,BBCA.JK
2024-05-07,8877.705078125,8923.466444507088,8809.06302855187,8877.705078125,66746800,BBCA.JK
2024-05-08,8580.2548828125,8877.70371875,8580.2548828125,8786.181,112808900,BBCA.JK
2024-05-13,8717.5390625,8717.5390625,8420.090223097113,8420.090223097113,145469900,BBCA.JK
2024-05-14,8740.419921875,8854.823323993782,8717.539241451243,8809.061963146269,95363500,BBCA.JK
2024-05-15,8694.6591796875,8786.181907894737,8626.017133532074,8694.6591796875,54741900,BBCA.JK
2024-05-16,8786.1806640625,8854.822700500488,8717.538627624512,8763.299985249838,61126000,BBCA.JK
2024-05-17,8923.46484375,9014.987560096153,8763.30009014423,8786.180769230768,99848500,BBCA.JK
2024-05-20,8671.77734375,8969.226170844327,8671.77734375,8877.703454815302,87890100,BBCA.JK
2024-05-21,8580.2548828125,8763.300320312499,8580.2548828125,8648.896921874999,75311400,BBCA.JK
2024-05-22,8626.015625,8763.299693302388,8534.492912798409,8671.776981100797,121712700,BBCA.JK
2024-05-27,8511.61328125,8580.255323840725,8488.732600386425,8511.61328125,128578500,BBCA.JK
2024-05-28,8511.61328125,8603.136004704302,8511.61328125,8511.61328125,73945700,BBCA.JK
2024-05-29,8374.3291015625,8534.493865800034,8374.3291015625,8488.73250458931,117351600,BBCA.JK
2024-05-30,8237.0439453125,8465.850721571182,8031.117846679688,8237.0439453125,207115100,BBCA.JK
2024-05-31,8465.8515625,8465.8515625,8259.925443412161,8328.567483108109,756431600,BBCA.JK
2024-06-03,8488.732421875,8557.374463022237,8442.971061110175,8557.374463022237,72197700,BBCA.JK
2024-06-04,8557.3740234375,8717.538777886866,8557.3740234375,8717.538777886866,75353100,BBCA.JK
2024-06-05,8648.896484375,8694.657841435186,8511.612413194445,8694.657841435186,82087300,BBCA.JK
2024-06-06,8671.77734375,8717.538701764512,8648.896664742744,8717.538701764512,44991300,BBCA.JK
2024-06-07,8534.4931640625,8694.657915130698,8534.4931640625,8694.657915130698,51599800,BBCA.JK
2024-06-10,8717.5390625,8717.5390625,8648.897022637795,8694.658382545931,45584700,BBCA.JK
2024-06-11,8511.61328125,8740.420089885753,8511.61328125,8740.420089885753,68690900,BBCA.JK
2024-06-12,8465.8515625,8534.493602195946,8465.8515625,8511.612922297298,49785700,BBCA.JK
2024-06-13,8420.0888671875,8671.776306152344,8420.0888671875,8671.776306152344,84652200,BBCA.JK
2024-06-14,8420.0888671875,8465.850219726562,8328.566162109375,8420.0888671875,52986300,BBCA.JK
2024-06-19,8282.8056640625,8465.851093102556,8282.8056640625,8465.851093102556,100051000,BBCA.JK
2024-06-20,8626.015625,8626.015625,8328.566810344828,8374.328166445624,81474800,BBCA.JK
2024-06-21,8786.1806640625,8854.822700500488,8603.135233561197,8671.777269999186,166841200,BBCA.JK
2024-06-24,8786.1806640625,8923.464736938477,8763.299985249838,8786.1806640625,79592300,BBCA.JK
2024-06-25,8786.1806640625,8786.1806640625,8648.896591186523,8786.1806640625,80029000,BBCA.JK
2024-06-26,8694.6591796875,8831.943271998356,8648.897815583881,8717.53986173931,77913200,BBCA.JK
2024-06-27,8923.46484375,8923.46484375,8740.419411057692,8763.30009014423,89150700,BBCA.JK
2024-06-28,9083.6298828125,9129.391242423646,8946.345803979062,8969.226483784634,166172300,BBCA.JK
2024-07-01,9037.8681640625,9060.748842958861,8992.106806269778,9014.987485166139,68634600,BBCA.JK
2024-07-02,9060.75,9152.272727272728,9014.988636363636,9152.272727272728,78848500,BBCA.JK
2024-07-03,9152.2724609375,9152.2724609375,9083.630417480468,9129.391779785155,55860200,BBCA.JK
2024-07-04,8992.1064453125,9152.27119115776,8992.1064453125,9129.390513179866,67054000,BBCA.JK
2024-07-05,9106.5107421875,9129.391422444252,9037.868701417243,9083.630061930748,36946900,BBCA.JK
2024-07-08,9198.0322265625,9198.0322265625,9106.509517840484,9152.270872201492,72903600,BBCA.JK
2024-07-09,9220.9140625,9289.556102667493,9220.9140625,9243.79474255583,61853200,BBCA.JK
2024-07-10,9243.7939453125,9358.197335724783,9198.032589147586,9312.43597955987,62325900,BBCA.JK
2024-07-11,9220.9140625,9266.675422611663,9152.272022332507,9152.272022332507,55908400,BBCA.JK
2024-07-12,9220.9140625,9243.79474255583,9175.152702388337,9198.033382444168,62646500,BBCA.JK
2024-07-15,9198.0322265625,9220.912903743003,9106.509517840484,9198.0322265625,36682600,BBCA.JK
2024-07-16,9106.5107421875,9175.152782957757,9106.5107421875,9129.391422444252,37192700,BBCA.JK
2024-07-17,8969.2265625,9106.510642538266,8969.2265625,9060.74928252551,90666000,BBCA.JK
2024-07-18,9243.7939453125,9243.7939453125,8969.225808323019,8969.225808323019,65383200,BBCA.JK
2024-07-19,9266.67578125,9266.67578125,9129.391695601853,9198.033738425926,53880300,BBCA.JK
2024-07-22,9243.7939453125,9289.555301477412,9243.7939453125,9266.674623394956,31285300,BBCA.JK
2024-07-23,9312.4365234375,9335.317202856266,9266.67516459997,9335.317202856266,39321100,BBCA.JK
2024-07-24,9220.9140625,9312.436782723325,9220.9140625,9266.675422611663,24658000,BBCA.JK
2024-07-25,9426.8388671875,9426.8388671875,9335.316159739077,9358.196836601182,98088100,BBCA.JK
2024-07-26,9449.720703125,9518.36274213075,9426.840023456416,9495.482062462166,75565800,BBCA.JK
2024-07-29,9381.078125,9541.24287347561,9312.436089939025,9518.362195121952,69092500,BBCA.JK
2024-07-30,9312.4365234375,9426.839920531327,9312.4365234375,9426.839920531327,32122900,BBCA.JK
2024-07-31,9403.9599609375,9472.602004447992,9358.198598597171,9472.602004447992,82519900,BBCA.JK
2024-08-01,9495.482421875,9495.482421875,9335.31765813253,9335.31765813253,61176200,BBCA.JK
2024-08-02,9335.3173828125,9472.601461971508,9335.3173828125,9403.959422392005,55699900,BBCA.JK
2024-08-05,9037.8681640625,9289.555631922469,9037.8681640625,9152.271558544304,126328300,BBCA.JK
2024-08-06,9152.2724609375,9220.91450439453,9106.511098632813,9220.91450439453,78473900,BBCA.JK
2024-08-07,9243.7939453125,9243.7939453125,9152.271232982674,9152.271232982674,52327400,BBCA.JK
2024-08-08,9358.197265625,9358.197265625,9220.913198158618,9289.555231891809,54162100,BBCA.JK
2024-08-09,9289.556640625,9381.079366148399,9243.7952778633,9358.198684767549,47062400,BBCA.JK
2024-08-12,9335.3173828125,9335.3173828125,9220.913983513328,9243.794663373163,40364100,BBCA.JK
2024-08-13,9426.8388671875,9426.8388671875,9312.435482876972,9381.077513463288,55207100,BBCA.JK
2024-08-14,9335.3173828125,9426.84010225184,9335.3173828125,9426.84010225184,47999100,BBCA.JK
2024-08-15,9358.197265625,9426.83929935819,9312.435909802873,9335.316587713936,33396600,BBCA.JK
2024-08-16,9449.720703125,9449.720703125,9381.078664119248,9426.840023456416,40731400,BBCA.JK
2024-08-19,9495.482421875,9541.243782944277,9403.959699736446,9449.721060805723,51054400,BBCA.JK
2024-08-20,9541.2431640625,9564.12384311301,9426.839768809952,9449.720447860462,60304400,BBCA.JK
2024-08-21,9541.2431640625,9609.885201214029,9541.2431640625,9609.885201214029,84848800,BBCA.JK
2024-08-22,9449.720703125,9518.36274213075,9358.197984450666,9472.601382793582,56611600,BBCA.JK
2024-08-23,9449.720703125,9495.482062462166,9426.840023456416,9449.720703125,46651600,BBCA.JK
2024-08-26,9449.720703125,9495.482062462166,9381.078664119248,9403.959343787832,35145600,BBCA.JK
2024-08-27,9335.3173828125,9426.84010225184,9312.436702952666,9403.959422392005,60448400,BBCA.JK
2024-08-28,9472.6015625,9472.6015625,9381.078842089371,9426.840202294687,38489900,BBCA.JK
2024-08-29,9358.197265625,9609.884722646699,9358.197265625,9609.884722646699,53004700,BBCA.JK
2024-08-30,9449.720703125,9449.720703125,9335.317304782082,9449.720703125,158403700,BBCA.JK
2024-09-02,9403.9599609375,9495.482685618157,9335.317917427006,9495.482685618157,72008600,BBCA.JK
2024-09-03,9312.4365234375,9449.720599950093,9289.555844018734,9449.720599950093,50950200,BBCA.JK
2024-09-04,9426.8388671875,9426.8388671875,9266.67412915276,9289.554806014867,44817000,BBCA.JK
2024-09-05,9381.078125,9472.600838414635,9381.078125,9472.600838414635,39332900,BBCA.JK
2024-09-06,9426.8388671875,9426.8388671875,9358.196836601182,9358.196836601182,31541800,BBCA.JK
2024-09-09,9403.9599609375,9472.602004447992,9335.317917427006,9426.840642107663,36185100,BBCA.JK
2024-09-10,9472.6015625,9472.6015625,9403.95952219203,9472.6015625,55093100,BBCA.JK
2024-09-11,9541.2431640625,9541.2431640625,9472.601126910971,9541.2431640625,64621300,BBCA.JK
2024-09-12,9587.0048828125,9609.885562723748,9495.482163167513,9564.124202901254,70759100,BBCA.JK
2024-09-13,9541.2431640625,9541.2431640625,9449.720447860462,9518.36248501199,70057100,BBCA.JK
2024-09-17,9609.884765625,9609.884765625,9472.600697544643,9564.123409598214,89745000,BBCA.JK
2024-09-18,9724.2880859375,9724.2880859375,9564.123340992646,9609.884696691177,65420200,BBCA.JK
2024-09-19,9975.9755859375,9975.9755859375,9747.16880644352,9792.930162342316,140886600,BBCA.JK
2024-09-20,9861.572265625,9975.975656177494,9861.572265625,9975.975656177494,142194600,BBCA.JK
2024-09-23,10021.7373046875,10021.7373046875,9815.81119568707,9815.81119568707,72553800,BBCA.JK
2024-09-24,9884.4541015625,10021.738186306424,9861.573420771845,9861.573420771845,105191100,BBCA.JK
2024-09-25,9930.2158203125,9930.2158203125,9632.766959335397,9770.051049017136,158369100,BBCA.JK
2024-09-26,9792.9306640625,9953.09541791399,9770.049984940859,9953.09541791399,84960100,BBCA.JK
2024-09-27,9747.169921875,9838.692644146126,9518.363116197183,9609.88583846831,93027400,BBCA.JK
2024-09-30,9449.720703125,9655.646820142252,9449.720703125,9587.0047811365,144692100,BBCA.JK
2024-10-01,9655.6474609375,9655.6474609375,9495.482692628111,9518.363373815166,59797700,BBCA.JK
2024-10-02,9609.884765625,9655.646121651786,9449.72001953125,9449.72001953125,86746200,BBCA.JK
2024-10-03,9564.123046875,9632.765078311902,9518.361692583732,9564.123046875,60887000,BBCA.JK
2024-10-04,9587.0048828125,9587.0048828125,9472.601483256265,9518.36284307876,58500400,BBCA.JK
2024-10-07,9426.8388671875,9495.480897773816,9381.077513463288,9472.60022091171,91867900,BBCA.JK
2024-10-08,9518.36328125,9609.886005108172,9289.556471604566,9335.317833533652,99622900,BBCA.JK
2024-10-09,9541.2431640625,9632.765880264538,9518.36248501199,9518.36248501199,56835200,BBCA.JK
2024-10-10,9609.884765625,9609.884765625,9518.362053571429,9541.242731584822,51080000,BBCA.JK
2024-10-11,9495.482421875,9678.527866152108,9495.482421875,9678.527866152108,44632100,BBCA.JK
2024-10-14,9609.884765625,9609.884765625,9495.481375558036,9495.481375558036,31738600,BBCA.JK
2024-10-15,9724.2880859375,9724.2880859375,9564.123340992646,9655.646052389706,66635200,BBCA.JK
2024-10-16,9587.0048828125,9815.81168192497,9587.0048828125,9792.931002013724,63255900,BBCA.JK
2024-10-17,9815.8115234375,9884.453562062938,9609.885407561189,9655.646766644813,66993300,BBCA.JK
2024-10-18,9838.69140625,9953.094794694767,9815.810728561046,9953.094794694767,56299600,BBCA.JK
2024-10-21,9770.05078125,9930.215548155738,9770.05078125,9930.215548155738,36472500,BBCA.JK
2024-10-22,9609.884765625,9701.407477678571,9587.004087611607,9587.004087611607,94799500,BBCA.JK
2024-10-23,9747.169921875,9747.169921875,9587.005157900529,9587.005157900529,48903000,BBCA.JK
2024-10-24,9792.9306640625,9930.214738792349,9792.9306640625,9815.811343184141,85341200,BBCA.JK
2024-10-25,9838.69140625,9838.69140625,9724.288017805233,9747.168695494185,34847500,BBCA.JK
2024-10-28,9701.408203125,9907.334320644162,9701.408203125,9907.334320644162,39061500,BBCA.JK
2024-10-29,9609.884765625,9678.526799665178,9609.884765625,9632.765443638393,49680100,BBCA.JK
2024-10-30,9472.6015625,9518.362922705315,9403.95952219203,9403.95952219203,114484100,BBCA.JK
2024-10-31,9381.078125,9587.004230182927,9381.078125,9449.720160060975,97553400,BBCA.JK
2024-11-01,9541.2431640625,9541.2431640625,9403.959089759443,9403.959089759443,47710000,BBCA.JK
2024-11-04,9495.482421875,9609.885824548192,9426.840380271084,9541.243782944277,49275700,BBCA.JK
2024-11-05,9609.884765625,9678.526799665178,9426.839341517858,9426.839341517858,50296500,BBCA.JK
2024-11-06,9564.123046875,9609.884401166268,9495.481015438098,9587.003724020633,50324900,BBCA.JK
2024-11-07,9312.4365234375,9564.123997043918,9312.4365234375,9449.720599950093,131579100,BBCA.JK
2024-11-08,9220.9140625,9358.198142834988,9198.033382444168,9335.317462779156,92166100,BBCA.JK
2024-11-11,9198.0322265625,9198.0322265625,8969.225454757463,8969.225454757463,128707600,BBCA.JK
2024-11-12,9289.556640625,9358.198684767549,9152.272552339902,9243.7952778633,80378500,BBCA.JK
2024-11-13,9289.556640625,9381.079366148399,9289.556640625,9358.198684767549,62933100,BBCA.JK
2024-11-14,9243.7939453125,9312.43597955987,9198.032589147586,9266.674623394956,56381400,BBCA.JK
2024-11-15,9312.4365234375,9403.959241112561,9198.033126343673,9198.033126343673,63598200,BBCA.JK
2024-11-18,9152.2724609375,9266.67586669922,9152.2724609375,9220.91450439453,65716200,BBCA.JK
2024-11-19,9083.6298828125,9175.152602034792,9060.749203006928,9060.749203006928,85295300,BBCA.JK
2024-11-20,9220.9140625,9289.556102667493,9152.272022332507,9175.152702388337,58584400,BBCA.JK
2024-11-21,9059.9501953125,9197.91898001269,9059.9501953125,9197.91898001269,93181200,BBCA.JK
2024-11-22,9059.9501953125,9151.929385112628,9059.9501953125,9128.934587662596,58396100,BBCA.JK
2024-11-25,9358.8818359375,9381.876631603194,9105.939083614865,9151.928674946254,165369400,BBCA.JK
2024-11-26,9197.919921875,9427.867919921875,9197.919921875,9427.867919921875,62310100,BBCA.JK
2024-11-28,9197.919921875,9266.904321289063,9128.935522460937,9174.925122070312,57443500,BBCA.JK
2024-11-29,9197.919921875,9289.89912109375,9151.930322265625,9197.919921875,76886000,BBCA.JK
2024-12-02,8967.9716796875,9243.90926983173,8967.9716796875,9197.91967147436,87879600,BBCA.JK
2024-12-03,9381.8779296875,9404.872728534774,9105.94034352022,9220.914337756587,126087100,BBCA.JK
2024-12-04,9381.8779296875,9427.867527382046,9243.909136603861,9358.883130840226,97876300,BBCA.JK
2024-12-05,9427.8662109375,9519.845393483232,9404.871415301068,9427.8662109375,96904400,BBCA.JK
2024-12-06,9266.904296875,9358.883495851427,9243.909497130893,9289.899096619107,68247200,BBCA.JK
2024-12-09,9519.8466796875,9519.8466796875,9197.919497282608,9220.914296025814,64458400,BBCA.JK
2024-12-10,9519.8466796875,9519.8466796875,9450.86228345788,9496.851880944294,61230400,BBCA.JK
2024-12-11,9588.8310546875,9588.8310546875,9404.87266514913,9404.87266514913,37934300,BBCA.JK
2024-12-12,9358.8818359375,9542.840201263052,9358.8818359375,9473.855814265971,44780100,BBCA.JK
2024-12-13,9243.908203125,9404.871778801305,9220.913406599813,9312.89259270056,75126400,BBCA.JK
2024-12-16,9289.8984375,9312.893235612624,9197.919245049505,9197.919245049505,57746100,BBCA.JK
2024-12-17,9105.9404296875,9243.909224076704,9105.9404296875,9151.930027817234,99845900,BBCA.JK
2024-12-18,9013.9609375,9220.914122289541,9013.9609375,9105.940130739797,84868500,BBCA.JK
2024-12-19,8898.9873046875,8990.966501635174,8784.013308502907,8921.982103924418,104254100,BBCA.JK
2024-12-20,8875.9912109375,8967.97039447053,8852.996415054242,8875.9912109375,91576900,BBCA.JK
2024-12-23,8990.9658203125,9059.950212795715,8921.981427829283,8921.981427829283,43292100,BBCA.JK
2024-12-24,8967.9716796875,9105.940474759616,8967.9716796875,9059.950876402245,32415700,BBCA.JK
2024-12-27,9013.9609375,9036.955735809948,8944.976542570153,9013.9609375,24016700,BBCA.JK
2024-12-30,8898.9873046875,9036.956100109011,8898.9873046875,9013.961300872092,56350100,BBCA.JK
2025-01-02,9105.9404296875,9105.9404296875,8875.992439038826,8875.992439038826,38124800,BBCA.JK
2025-01-03,9059.9501953125,9128.934587662596,9036.955397862468,9059.9501953125,41916000,BBCA.JK
2025-01-06,8898.9873046875,9082.945698582847,8875.99250545058,9059.95089934593,41593900,BBCA.JK
2025-01-07,8761.0185546875,8944.976949536582,8761.0185546875,8898.98735082431,71318600,BBCA.JK
2025-01-08,8898.9873046875,8990.966501635174,8807.008107739824,8898.9873046875,55943100,BBCA.JK
2025-01-09,9059.9501953125,9082.944992762532,8944.976208062342,8967.971005512372,42733800,BBCA.JK
2025-01-10,8944.9765625,9128.93494938946,8944.9765625,9013.960957583547,72531300,BBCA.JK
2025-01-13,8898.9873046875,8944.976903161336,8852.997706213662,8852.997706213662,88270100,BBCA.JK
2025-01-14,8761.0185546875,8944.976949536582,8761.0185546875,8830.002952755905,70942600,BBCA.JK
2025-01-15,9013.9609375,9013.9609375,8784.01295440051,8807.007752710459,77098000,BBCA.JK
2025-01-16,8967.9716796875,9128.935273938301,8967.9716796875,9059.950876402245,76979000,BBCA.JK
2025-01-17,9105.9404296875,9105.9404296875,8875.992439038826,8967.971635298296,71033100,BBCA.JK
2025-01-20,8852.9970703125,9082.945046164772,8852.9970703125,9059.950248579546,112111200,BBCA.JK
2025-01-21,8807.0078125,8898.98700636423,8784.013014033942,8830.002610966058,124547900,BBCA.JK
2025-01-22,8830.0029296875,8898.987327575684,8807.008130391438,8875.992528279621,90154800,BBCA.JK
2025-01-23,8830.0029296875,8967.971725463867,8830.0029296875,8830.0029296875,120515400,BBCA.JK
2025-01-24,8600.0546875,8875.99227105615,8600.0546875,8852.99747242647,152057000,BBCA.JK
2025-01-30,8416.0966796875,8531.070678043887,8416.0966796875,8416.0966796875,154645800,BBCA.JK
2025-01-31,8692.033203125,8738.022796792327,8485.080031622025,8508.074828455688,112982800,BBCA.JK
2025-02-03,8600.0546875,8646.044284759359,8485.080694351604,8646.044284759359,90439900,BBCA.JK
2025-02-04,8439.091796875,8646.045001702996,8439.091796875,8600.055400630108,94607700,BBCA.JK
2025-02-05,8393.1015625,8439.09116010274,8370.10676369863,8370.10676369863,98229900,BBCA.JK
2025-02-06,8232.138671875,8370.107476431565,8140.159468837291,8347.112675672137,171477800,BBCA.JK
2025-02-07,8600.0546875,8600.0546875,8117.163916276738,8232.137909425133,131162200,BBCA.JK
2025-02-10,8416.0966796875,8508.075878372609,8301.122681331113,8301.122681331113,76209100,BBCA.JK
2025-02-11,8347.111328125,8370.106125172177,8278.12693698347,8301.121734030647,71188300,BBCA.JK
2025-02-12,8416.0966796875,8416.0966796875,8232.13828231728,8232.13828231728,121172600,BBCA.JK
2025-02-13,8278.126953125,8416.095735677083,8278.126953125,8370.106141493055,90439700,BBCA.JK
2025-02-14,8255.1328125,8347.112008182452,8232.138013579388,8278.127611420612,116274500,BBCA.JK
2025-02-17,8577.0595703125,8577.0595703125,8255.132401453586,8255.132401453586,89096400,BBCA.JK
2025-02-18,8554.064453125,8807.00721921203,8508.074859290995,8577.059250042003,107318300,BBCA.JK
2025-02-19,8232.138671875,8508.076280988129,8232.138671875,8485.081480228702,154438200,BBCA.JK
2025-02-20,8278.126953125,8301.121750217013,8232.137358940972,8255.132156032985,119260800,BBCA.JK
2025-02-21,8278.126953125,8278.126953125,8209.142561848957,8232.137358940972,106054700,BBCA.JK
2025-02-24,8209.142578125,8255.13217240021,8163.15298384979,8209.142578125,108530300,BBCA.JK
2025-02-25,8117.1640625,8278.127655807366,8117.1640625,8186.148459631728,101592700,BBCA.JK
2025-02-26,8071.173828125,8186.147814280626,8025.184233662749,8094.168625356125,117843500,BBCA.JK
2025-02-27,7841.22607421875,8094.168850806452,7818.231276347141,8094.168850806452,199991600,BBCA.JK
2025-02-28,7749.2470703125,7979.19505459477,7749.2470703125,7841.226264025408,293095000,BBCA.JK
2025-03-03,8094.1689453125,8186.1481378728695,7864.220963911576,7910.210560191761,192944300,BBCA.JK
2025-03-04,8140.15869140625,8209.143087096134,7979.195101463189,8186.148288532839,125418500,BBCA.JK
2025-03-05,8278.126953125,8439.090532769096,8117.163373480903,8117.163373480903,155207900,BBCA.JK
2025-03-06,8255.1328125,8462.086002785516,8255.1328125,8462.086002785516,96270100,BBCA.JK
2025-03-07,8209.142578125,8278.126969537814,8209.142578125,8278.126969537814,82295300,BBCA.JK
2025-03-10,8209.142578125,8255.13217240021,8025.18420102416,8048.178998161765,97652100,BBCA.JK
2025-03-11,8209.142578125,8324.116563813024,8163.15298384979,8232.137375262604,109295600,BBCA.JK
2025-03-12,8393.1015625,8393.1015625,8255.13276969178,8301.12236729452,87968900,BBCA.JK
2025-03-13,8255.1328125,8439.091203864902,8255.1328125,8416.09640494429,83030700,BBCA.JK
2025-03-14,8048.1796875,8209.14328125,8048.1796875,8094.169285714286,111397800,BBCA.JK
2025-03-17,7910.21142578125,8071.175030375636,7864.221824468569,8048.180229719295,151365700,BBCA.JK
2025-03-18,7634.27294921875,7864.220929616905,7427.319766860411,7818.231333537274,417305700,BBCA.JK
2025-03-19,7657.267578125,7726.251970720721,7565.288387997372,7634.272780593094,214108200,BBCA.JK
2025-03-20,7703.2568359375,7795.236022038246,7680.262039412313,7772.241225513059,152917300,BBCA.JK
2025-03-21,7489.9365234375,7845.471484993077,7489.9365234375,7845.471484993077,377916400,BBCA.JK
2025-03-24,7537.3408203125,7679.554798054245,7229.210535205385,7418.829172194379,331836800,BBCA.JK
2025-03-25,7632.150390625,7726.959712247671,7584.745729813664,7655.852721030667,136341700,BBCA.JK
2025-03-26,8082.494140625,8201.00578491569,7845.470852043622,7869.17318090176,283104600,BBCA.JK
2025-03-27,8058.7919921875,8129.89898035386,7940.2803452435655,7987.685004021139,122943900,BBCA.JK
2025-04-08,7371.4248046875,7584.745779742765,6897.378193453577,7015.889846262058,533073600,BBCA.JK
2025-04-09,7513.638671875,7537.3410020701895,7276.615369923107,7300.317700118297,136753900,BBCA.JK
2025-04-10,7798.06689453125,8201.006521300342,7750.662232558415,8058.792535381838,144148600,BBCA.JK
2025-04-11,7845.47119140625,7892.875851173055,7632.150222455627,7774.364201756042,82603000,BBCA.JK
2025-04-14,7963.98291015625,7963.98291015625,7821.768929617746,7821.768929617746,83319300,BBCA.JK
2025-04-15,8129.89892578125,8153.601255010933,8011.387279632835,8129.89892578125,83431800,BBCA.JK
2025-04-16,8035.08984375,8106.1968335177,7987.685183904868,8058.792173672567,76874900,BBCA.JK
2025-04-17,8058.7919921875,8058.7919921875,7916.578015854779,8011.387333409926,83540600,BBCA.JK
2025-04-21,7869.17333984375,8058.791974538781,7869.17333984375,8058.791974538781,40683800,BBCA.JK
2025-04-22,8058.7919921875,8058.7919921875,7892.875686465993,7892.875686465993,56537100,BBCA.JK
2025-04-23,8272.11328125,8272.11328125,8106.196969018625,8106.196969018625,92329600,BBCA.JK
2025-04-24,8035.08984375,8390.624792588496,8035.089843750001,8390.624792588496,143675300,BBCA.JK
2025-04-25,8153.60107421875,8201.005731626998,8129.898745514625,8201.005731626998,58297000,BBCA.JK
2025-04-28,8319.517578125,8319.517578125,8201.005931712964,8295.815248842593,73235400,BBCA.JK
2025-04-29,8272.11328125,8366.922602525072,8248.410950931233,8343.220272206303,60315700,BBCA.JK
2025-04-30,8366.921875,8461.73118803116,8224.707905453257,8343.21954674221,164597500,BBCA.JK
2025-05-02,8509.13671875,8532.839049442897,8390.625065285516,8532.839049442897,92219000,BBCA.JK
2025-05-05,8509.13671875,8580.24371082869,8509.13671875,8532.839049442897,86385600,BBCA.JK
2025-05-06,8556.5419921875,8580.244324575831,8509.137327410837,8580.244324575831,48860500,BBCA.JK
2025-05-07,8603.9453125,8627.647641184574,8532.838326446281,8603.9453125,77382000,BBCA.JK
2025-05-08,8509.13671875,8722.457694986073,8461.732057364206,8603.946041521587,99614500,BBCA.JK
2025-05-09,8532.837890625,8580.242545572917,8509.135563151041,8580.242545572917,47167500,BBCA.JK
2025-05-14,8793.564453125,8817.266783187331,8675.052802813343,8769.862123062669,149002900,BBCA.JK
2025-05-15,8793.564453125,8912.076103436657,8769.862123062669,8793.564453125,101401300,BBCA.JK
2025-05-16,8817.2666015625,8840.968931136593,8746.159612840222,8817.2666015625,63007500,BBCA.JK
2025-05-19,9006.884765625,9006.884765625,8769.861482319078,8793.56381064967,111597200,BBCA.JK
2025-05-20,8983.18359375,9172.802244805409,8983.18359375,9006.885925131926,160614800,BBCA.JK
2025-05-21,9196.5048828125,9220.207214984697,9054.290889779317,9196.5048828125,169739200,BBCA.JK
2025-05-22,9149.0986328125,9291.312601198188,9149.0986328125,9291.312601198188,103113000,BBCA.JK
2025-05-23,9172.80078125,9196.50310885013,9125.396126049742,9172.80078125,48521800,BBCA.JK
2025-05-26,9125.3974609375,9149.09979200487,9006.88580560065,9101.69512987013,56625300,BBCA.JK
2025-05-27,8959.48046875,9101.694444444445,8959.48046875,9054.28978587963,93212000,BBCA.JK
2025-05-28,8912.076171875,9054.290153341091,8912.076171875,8959.480832363697,236950800,BBCA.JK
2025-06-02,8627.6484375,8698.755430116758,8556.541444883242,8556.541444883242,264428700,BBCA.JK
2025-06-03,8580.2431640625,8651.350151609979,8485.433847332528,8580.2431640625,128318100,BBCA.JK
2025-06-04,8509.13671875,8651.350702907383,8485.434388057103,8627.648372214484,93357200,BBCA.JK
2025-06-05,8461.73046875,8580.242099964986,8438.028142507002,8532.83744747899,95529000,BBCA.JK
2025-06-10,8627.6484375,8627.6484375,8485.434452266483,8509.136783138736,80406400,BBCA.JK
2025-06-11,8580.2431640625,8651.350151609979,8580.2431640625,8627.647822427485,56632600,BBCA.JK
2025-06-12,8651.3505859375,8651.3505859375,8532.838934075342,8532.838934075342,41337300,BBCA.JK
2025-06-13,8556.5419921875,8651.351321740824,8509.137327410837,8627.648989352492,83318000,BBCA.JK
2025-06-16,8461.73046875,8532.83744747899,8438.028142507002,8461.73046875,57825000,BBCA.JK
2025-06-17,8603.9453125,8627.647641184574,8509.135997761708,8509.135997761708,54927900,BBCA.JK
2025-06-18,8438.029296875,8556.54094430302,8438.029296875,8485.433955846207,86270200,BBCA.JK
2025-06-19,8319.517578125,8461.731553819445,8295.815248842593,8438.029224537036,78879500,BBCA.JK
2025-06-20,8248.4111328125,8414.327448702406,8177.3041402882545,8248.4111328125,445915100,BBCA.JK
2025-06-23,8177.3046875,8248.411684782608,8058.793025362319,8129.900022644928,87324500,BBCA.JK
2025-06-24,8319.517578125,8390.624565972223,8248.410590277777,8272.112919560186,110158900,BBCA.JK
2025-06-25,8153.60107421875,8319.51737514762,8035.089430698128,8272.112717739372,117561000,BBCA.JK
2025-06-26,8201.005859375,8201.005859375,8082.4942140083085,8082.4942140083085,117281700,BBCA.JK
2025-06-30,8224.7080078125,8366.921979129142,8106.1963650486305,8129.898693601404,185441800,BBCA.JK
2025-07-01,8248.4111328125,8319.518125336746,8153.601809446839,8295.815794495331,82364500,BBCA.JK
2025-07-02,8224.7080078125,8224.7080078125,8129.898693601404,8129.898693601404,68545100,BBCA.JK
2025-07-03,8153.60107421875,8295.815046443495,8153.60107421875,8248.410389035247,50370800,BBCA.JK
2025-07-04,8201.005859375,8248.410517521676,8106.196543081647,8201.005859375,43593300,BBCA.JK
2025-07-07,8177.3046875,8201.007019927536,8106.197690217391,8177.3046875,49936900,BBCA.JK
2025-07-08,8058.7919921875,8153.601309742647,7987.685004021139,8106.196650965073,215611000,BBCA.JK
2025-07-09,8058.7919921875,8106.196650965073,8011.387333409926,8058.7919921875,94459300,BBCA.JK
2025-07-10,8153.60107421875,8201.005731626998,8058.791759402253,8082.494088106377,111769400,BBCA.JK
2025-07-11,8177.3046875,8224.709352355072,8129.900022644928,8129.900022644928,135986500,BBCA.JK
2025-07-14,8082.494140625,8224.708113773828,8011.387154050587,8201.00578491569,125196000,BBCA.JK
2025-07-15,8106.19677734375,8153.60143686038,8035.089788068804,8153.60143686038,77219300,BBCA.JK
2025-07-16,8082.494140625,8153.601127199414,8058.791811766862,8106.196469483138,97475300,BBCA.JK
2025-07-17,8082.494140625,8106.196469483138,8058.791811766862,8058.791811766862,86016400,BBCA.JK
2025-07-18,7987.685546875,8129.899532872774,7987.685546874999,8106.197201873145,80432200,BBCA.JK
2025-07-21,8011.38720703125,8058.79186506102,7940.280219986594,8011.38720703125,95383500,BBCA.JK
2025-07-22,7963.98291015625,8035.0899004255025,7963.98291015625,8011.387570335752,77981700,BBCA.JK
2025-07-23,7987.685546875,8058.792539873887,7963.983215875371,8011.387877874628,70969500,BBCA.JK
2025-07-24,8058.7919921875,8106.196650965073,8011.387333409926,8035.089662798713,138256800,BBCA.JK
2025-07-25,8011.38720703125,8082.494194075905,8011.38720703125,8058.79186506102,58682800,BBCA.JK
2025-07-28,8058.7919921875,8177.303639131434,8035.089662798713,8177.303639131434,99484300,BBCA.JK
2025-07-29,7963.98291015625,8058.792230515253,7940.280580066499,8058.792230515253,104240300,BBCA.JK
2025-07-30,7940.2802734375,8035.0895901352615,7892.875615088619,8035.0895901352615,98098100,BBCA.JK
2025-07-31,7845.47119140625,7940.2805109398605,7821.768861522847,7916.578181056458,206006300,BBCA.JK
2025-08-01,7869.17333984375,7987.684986528145,7869.17333984375,7963.982657191265,86196100,BBCA.JK
2025-08-04,7845.47119140625,7916.578181056458,7845.47119140625,7892.875851173055,49054500,BBCA.JK
2025-08-05,7987.685546875,8011.387877874628,7892.876222876484,7916.578553876112,69475900,BBCA.JK
2025-08-06,7869.17333984375,7987.684986528145,7869.17333984375,7987.684986528145,56325400,BBCA.JK
2025-08-07,7869.17333984375,7916.577998517508,7869.17333984375,7892.875669180629,43621300,BBCA.JK
2025-08-08,7869.17333984375,7963.982657191265,7869.17333984375,7892.875669180629,68378700,BBCA.JK
2025-08-11,8106.19677734375,8106.19677734375,7987.685128552174,8058.79211782712,128561300,BBCA.JK
2025-08-12,8390.6240234375,8414.326351187323,8129.898418189442,8177.303073689089,171015700,BBCA.JK
2025-08-13,8461.73046875,8509.135121235995,8272.111858806022,8509.135121235995,129083900,BBCA.JK
2025-08-14,8319.517578125,8485.433883101852,8295.815248842593,8461.731553819445,122930900,BBCA.JK
2025-08-15,8248.4111328125,8390.625117860991,8248.4111328125,8366.922787019577,68754200,BBCA.JK
2025-08-19,8058.7919921875,8153.601309742647,8011.387333409926,8153.601309742647,128591700,BBCA.JK
2025-08-20,8082.494140625,8153.601127199414,7916.5778386180355,7940.280167476173,202260200,BBCA.JK
2025-08-21,8106.19677734375,8129.899107102065,8058.79211782712,8106.19677734375,69470200,BBCA.JK
2025-08-22,8011.38720703125,8129.898852105676,8011.38720703125,8129.898852105676,66394100,BBCA.JK
2025-08-25,8035.08984375,8106.1968335177,8035.089843750001,8082.494503595133,64052700,BBCA.JK
2025-08-26,7821.7685546875,8035.089515269886,7821.7685546875,8011.387186316288,326794200,BBCA.JK
2025-08-27,7869.17333984375,7916.577998517508,7774.3640224962355,7821.768681169993,111915700,BBCA.JK
2025-08-28,7892.87548828125,7940.280145868524,7845.470830693975,7916.577817074887,81281400,BBCA.JK
2025-08-29,7655.8525390625,7845.47117780089,7655.8525390625,7821.768847958591,236499300,BBCA.JK
2025-09-01,7584.74560546875,7632.150265502929,7205.508325195312,7252.912985229492,421127500,BBCA.JK
2025-09-02,7584.74560546875,7750.661915588378,7584.74560546875,7584.74560546875,155531500,BBCA.JK
2025-09-03,7561.04345703125,7584.745787617555,7489.936465272335,7489.936465272335,212372700,BBCA.JK
2025-09-04,7584.74560546875,7584.74560546875,7513.63861541748,7561.04327545166,103534800,BBCA.JK
2025-09-08,7300.31787109375,7608.448170847707,7300.31787109375,7608.448170847707,321191900,BBCA.JK
2025-09-09,7134.4013671875,7324.020008175872,7086.9967069404065,7229.210687681686,595368700,BBCA.JK
2025-09-10,7395.12646484375,7395.12646484375,7158.103180714143,7158.103180714143,246849600,BBCA.JK
2025-09-11,7442.53173828125,7561.043390164709,7442.53173828125,7489.936399034634,235173400,BBCA.JK
2025-09-12,7513.638671875,7561.043332265379,7442.5316812894325,7561.043332265379,156084700,BBCA.JK
2025-09-15,7608.44775390625,7679.554742260514,7561.043095003407,7584.745424454828,142567700,BBCA.JK
2025-09-16,7513.638671875,7655.852653046136,7489.9363416798105,7632.150322850946,129312900,BBCA.JK
2025-09-17,7442.53173828125,7489.936399034634,7395.127077527866,7442.53173828125,183725900,BBCA.JK
2025-09-18,7300.31787109375,7489.936517096185,7252.913209593141,7442.5318555955755,275378700,BBCA.JK
2025-09-19,7395.12646484375,7418.828793256711,7252.912494365986,7252.912494365986,149025300,BBCA.JK
2025-09-22,7324.02001953125,7418.829340172431,7324.02001953125,7395.1270100121355,92588800,BBCA.JK
2025-09-23,7466.2333984375,7489.935726686508,7347.72175719246,7347.72175719246,102606200,BBCA.JK
2025-09-24,7371.4248046875,7537.341118619373,7324.0201435641075,7537.341118619373,150428400,BBCA.JK
2025-09-25,7300.31787109375,7371.424863344662,7300.31787109375,7324.020201844054,147986600,BBCA.JK
2025-09-26,7229.21044921875,7300.3174372438525,7181.805790535349,7181.805790535349,121657700,BBCA.JK
2025-09-29,7371.4248046875,7395.127135249196,7300.317813002412,7347.722474125804,116454700,BBCA.JK
2025-09-30,7229.21044921875,7371.424425268955,7229.21044921875,7300.3174372438525,170666700,BBCA.JK
2025-10-01,7110.69873046875,7276.615034179687,7110.69873046875,7205.508046875,202433400,BBCA.JK
2025-10-02,7110.69873046875,7205.508046875,7110.69873046875,7110.69873046875,126952400,BBCA.JK
2025-10-03,7134.4013671875,7158.103697311047,7110.699037063953,7134.4013671875,76787500,BBCA.JK
2025-10-06,7110.69873046875,7158.103388671875,7063.294072265625,7110.69873046875,104032400,BBCA.JK
2025-10-07,7181.8056640625,7205.507992986799,7110.698677289603,7158.103335138201,74282600,BBCA.JK
2025-10-08,6992.18701171875,7134.400984838454,6992.18701171875,7110.69865598517,168080800,BBCA.JK
2025-10-09,7158.103515625,7300.317492756622,6921.080220405629,6992.18720897144,293567400,BBCA.JK
2025-10-10,7015.8896484375,7063.29430822424,6968.48498865076,7063.29430822424,107426000,BBCA.JK
2025-10-13,6944.78271484375,6992.187375013333,6921.08038475896,6921.08038475896,101847900,BBCA.JK
2025-10-14,6873.67578125,6968.48510237069,6873.67578125,6897.378111530173,151862300,BBCA.JK
2025-10-15,6873.67578125,6968.48510237069,6849.973450969828,6873.67578125,133206400,BBCA.JK
2025-10-16,6921.080078125,6944.782407159674,6849.973091020976,6873.675420055651,120611200,BBCA.JK
2025-10-17,7110.69873046875,7134.401059570312,6897.3777685546875,6921.08009765625,157334400,BBCA.JK
2025-10-20,7466.2333984375,7584.74503968254,7229.2101159474205,7300.317100694445,393421800,BBCA.JK
2025-10-21,8035.08984375,8035.089843750001,7679.554894911505,7679.554894911505,529802600,BBCA.JK
2025-10-22,7774.3642578125,8248.41085889863,7774.3642578125,8248.41085889863,392957200,BBCA.JK
2025-10-23,7892.87548828125,7916.577817074887,7726.959186725788,7774.363844313063,187003900,BBCA.JK
2025-10-24,7845.47119140625,7940.2805109398605,7845.47119140625,7869.173521289653,133355100,BBCA.JK
2025-10-27,7916.578125,7987.685114146707,7774.364146706587,7892.875795284431,182275600,BBCA.JK
2025-10-28,7845.47119140625,7963.982840823262,7821.768861522847,7916.578181056458,180270000,BBCA.JK
2025-10-29,8153.60107421875,8153.60107421875,7845.470801065135,7869.173129769259,239156800,BBCA.JK
2025-10-30,8082.494140625,8295.81510034824,8035.089482908725,8129.898798341276,259009800,BBCA.JK
2025-10-31,8082.494140625,8201.00578491569,8082.494140625,8106.196469483138,177088000,BBCA.JK
2025-11-03,8201.005859375,8201.005859375,8082.4942140083085,8201.005859375,115007100,BBCA.JK
2025-11-04,8201.005859375,8248.410517521676,8177.303530301661,8201.005859375,155231500,BBCA.JK
2025-11-05,8248.4111328125,8248.4111328125,8153.601809446839,8177.3041402882545,125731500,BBCA.JK
2025-11-06,8106.19677734375,8224.708426135325,8106.19677734375,8177.303766618695,89756900,BBCA.JK
2025-11-07,8224.7080078125,8224.7080078125,8106.1963650486305,8106.1963650486305,75241900,BBCA.JK
2025-11-10,8129.89892578125,8224.708242699982,8129.89892578125,8224.708242699982,79897700,BBCA.JK
2025-11-11,7963.98291015625,8153.601550874257,7963.98291015625,8129.899220784506,130897600,BBCA.JK
2025-11-12,8058.7919921875,8106.196650965073,7963.982674632352,7987.685004021139,85415600,BBCA.JK
2025-11-13,7940.2802734375,8035.0895901352615,7940.2802734375,7963.98260261194,104113800,BBCA.JK
2025-11-14,7987.685546875,8058.792539873887,7940.280884875741,7940.280884875741,89815300,BBCA.JK
2025-11-17,8129.89892578125,8129.89892578125,8035.089608862519,8058.791938092201,129411100,BBCA.JK
2025-11-18,7963.98291015625,8129.899220784506,7963.98291015625,8106.196890694755,119377900,BBCA.JK
2025-11-19,8035.08984375,8058.792173672567,7892.875864214602,7916.578194137169,114209700,BBCA.JK
2025-11-20,7987.685546875,8153.601863872403,7963.983215875371,8035.090208874258,124087400,BBCA.JK
2025-11-21,7963.98291015625,7987.685240246001,7916.578249976749,7940.280580066499,103917100,BBCA.JK
2025-11-24,8035.08984375,8035.089843750001,7916.578194137169,7963.982853982301,279590600,BBCA.JK
2025-11-25,8058.7919921875,8058.7919921875,7940.2803452435655,8035.089662798713,98807700,BBCA.JK
2025-11-26,7987.685546875,8011.387877874628,7940.280884875741,7963.983215875371,77094400,BBCA.JK
2025-11-27,7892.87548828125,8011.387132249437,7892.87548828125,7987.6848034558,71051300,BBCA.JK
2025-11-28,7845.47119140625,7916.578181056458,7845.47119140625,7892.875851173055,67559300,BBCA.JK
2025-12-01,7963.98291015625,8011.387570335752,7916.578249976749,8011.387570335752,76359200,BBCA.JK
2025-12-02,7940.2802734375,7987.684931786381,7916.577944263059,7916.577944263059,97044000,BBCA.JK
2025-12-03,7921.193359375,8016.629423945783,7921.193359375,7968.911391660391,103550900,BBCA.JK
2025-12-04,7849.61669921875,7968.911785833016,7849.61669921875,7945.052768510163,71410400,BBCA.JK
2025-12-05,7921.193359375,7921.193359375,7825.757294804217,7825.757294804217,71162300,BBCA.JK
2025-12-08,7921.193359375,7968.911391660391,7873.475327089608,7968.911391660391,61745200,BBCA.JK
2025-12-09,7730.3212890625,7921.193419656635,7730.3212890625,7921.193419656635,113057200,BBCA.JK
2025-12-10,7706.46240234375,7801.898469245839,7658.744368892705,7730.321419069272,143418300,BBCA.JK
2025-12-11,7634.88525390625,7825.757385253906,7539.449188232422,7801.898368835449,140766000,BBCA.JK
2025-12-12,7634.88525390625,7634.88525390625,7491.731155395508,7539.449188232422,100006800,BBCA.JK
2025-12-15,7921.193359375,7921.193359375,7563.308117234563,7563.308117234563,143105700,BBCA.JK
2025-12-16,7706.46240234375,7992.7706030500185,7658.744368892705,7992.7706030500185,122332000,BBCA.JK
2025-12-17,7658.744140625,7754.180204682632,7611.026108596184,7634.885124610591,89802700,BBCA.JK
2025-12-18,7801.8984375,7873.475487385321,7658.7443377293575,7658.7443377293575,88497200,BBCA.JK
2025-12-19,7682.603515625,7849.616635529891,7682.603515625,7825.757618400621,131069800,BBCA.JK
2025-12-22,7801.8984375,7801.8984375,7658.7443377293575,7682.603354357798,72424200,BBCA.JK
2025-12-23,7658.744140625,7754.180204682632,7611.026108596184,7730.321188668224,85044100,BBCA.JK
2025-12-24,7658.744140625,7706.462172653816,7634.885124610591,7658.744140625,71260500,BBCA.JK
2025-12-29,7658.744140625,7658.744140625,7587.167092581775,7658.744140625,78399400,BBCA.JK
2025-12-30,7706.46240234375,7801.898469245839,7587.167318716138,7587.167318716138,101995600,BBCA.JK
2026-01-02,7658.744140625,7706.462172653816,7634.885124610591,7706.462172653816,68612400,BBCA.JK
2026-01-05,7706.46240234375,7730.321419069272,7634.885352167183,7634.885352167183,73408800,BBCA.JK
2026-01-06,7801.8984375,7801.8984375,7706.462370986238,7801.8984375,97624300,BBCA.JK
2026-01-07,7778.03955078125,7801.898567808186,7658.744465646568,7754.180533754314,93152500,BBCA.JK
2026-01-08,7682.603515625,7778.0395841420805,7682.603515625,7730.32154988354,79823700,BBCA.JK
2026-01-09,7754.18017578125,7801.898207632212,7682.603128004808,7754.18017578125,79484700,BBCA.JK
2026-01-12,7658.744140625,7730.321188668224,7634.885124610591,7706.462172653816,82935700,BBCA.JK
2026-01-13,7706.46240234375,7706.46240234375,7634.885352167183,7658.744368892705,80536300,BBCA.JK
2026-01-14,7634.88525390625,7682.603286743164,7587.167221069336,7658.744270324707,105724300,BBCA.JK
2026-01-15,7706.46240234375,7801.898469245839,7611.02633544166,7634.885352167183,151753100,BBCA.JK
2026-01-19,7754.18017578125,7754.18017578125,7611.026080228366,7706.462143930288,172100000,BBCA.JK
2026-01-20,7634.88525390625,7754.180335998535,7634.88525390625,7682.603286743164,82672500,BBCA.JK
2026-01-21,7348.5771484375,7587.167315594562,7348.5771484375,7563.308298878856,301825600,BBCA.JK
2026-01-22,7300.85888671875,7420.153966567095,7253.140854779412,7348.576918658088,268025900,BBCA.JK
2026-01-23,7300.85888671875,7324.717902688419,7205.422822840073,7253.140854779412,202878600,BBCA.JK
2026-01-26,7300.85888671875,7324.717902688419,7181.563806870405,7205.422822840073,213044100,BBCA.JK
2026-01-27,7157.70458984375,7276.999666341146,7157.70458984375,7229.281635742187,259830900,BBCA.JK
2026-01-28,6704.3837890625,7062.269044706406,6608.947720890792,6728.242806105427,1027287500,BBCA.JK
2026-01-29,6871.39697265625,6942.974024454753,6084.049402872722,6370.3576100667315,1432993400,BBCA.JK
2026-01-30,7062.26904296875,7253.1411792652025,6871.3969066722975,6871.3969066722975,528434900,BBCA.JK
2026-02-02,7253.14111328125,7253.14111328125,6990.691928261204,7253.14111328125,326948700,BBCA.JK
2026-02-03,7300.85888671875,7300.85888671875,7038.40971105239,7253.140854779412,206015400,BBCA.JK
2026-02-04,7444.0126953125,7467.871710361578,7253.140574919871,7300.858605018028,193370800,BBCA.JK
2026-02-05,7444.0126953125,7563.307770557893,7444.0126953125,7444.0126953125,142332400,BBCA.JK
2026-02-06,7324.7177734375,7420.153835632125,7253.140726791531,7348.576788986156,176352600,BBCA.JK
2026-02-09,7157.70458984375,7372.435727539062,7109.986559244791,7324.717696940104,174758300,BBCA.JK
2026-02-10,7133.84619140625,7205.423243493939,7109.987174043687,7157.705208768813,127704200,BBCA.JK
2026-02-11,7109.98681640625,7181.563864893561,7062.268784081376,7133.845832568687,213505000,BBCA.JK
2026-02-12,6990.69189453125,7133.845994760559,6966.832877826365,7109.986978055674,237465300,BBCA.JK
2026-02-13,6871.39697265625,6990.692058987088,6871.39697265625,6990.692058987088,356015300,BBCA.JK
2026-02-18,6942.97412109375,7038.4101914867915,6895.256085897229,6895.256085897229,125301200,BBCA.JK
2026-02-19,6847.53759765625,6990.691693774499,6847.53759765625,6990.691693774499,133463400,BBCA.JK
2026-02-20,6895.25537109375,6919.114386218642,6823.678325719075,6847.537340843966,122959500,BBCA.JK
2026-02-23,6966.83251953125,7014.550550486943,6942.973504053403,6966.83251953125,100443800,BBCA.JK
2026-02-24,6895.25537109375,6990.691431593317,6895.25537109375,6942.973401343534,159225400,BBCA.JK
2026-02-25,6990.69189453125,7038.409927941019,6919.114844416596,6942.97386112148,133278000,BBCA.JK
2026-02-26,6966.83251953125,7038.40956596479,6871.396457619862,7014.550550486943,127811900,BBCA.JK
2026-02-27,6847.53759765625,6942.973661735083,6847.53759765625,6871.396613675958,193104700,BBCA.JK
2026-03-02,6704.3837890625,6823.678874277135,6656.665754976646,6752.101823148354,156182700,BBCA.JK
2026-03-03,6752.1015625,6799.819594743816,6704.383530256184,6752.1015625,103031100,BBCA.JK
2026-03-04,6561.2294921875,6752.101622869318,6513.511459517045,6752.101622869318,216518700,BBCA.JK
2026-03-05,6775.96044921875,6799.819464885013,6632.806355221171,6656.665370887434,110256300,BBCA.JK
2026-03-06,6680.5244140625,6775.960477120536,6680.5244140625,6752.101461356026,102725700,BBCA.JK
2026-03-09,6561.2294921875,6632.806541193182,6513.511459517045,6585.088508522727,150426400,BBCA.JK
2026-03-10,6656.66552734375,6728.242576024865,6608.947494889672,6632.806511116711,129977900,BBCA.JK
2026-03-11,6513.51171875,6680.52483974359,6513.51171875,6656.665822458791,91723400,BBCA.JK
2026-03-12,6585.0888671875,6704.383955361187,6513.511814283288,6513.511814283288,98787400,BBCA.JK
2026-03-13,6561.2294921875,6704.383590198864,6537.370475852273,6537.370475852273,107940600,BBCA.JK
2026-03-16,6441.9345703125,6561.229654947917,6394.216536458333,6537.370638020834,127757500,BBCA.JK
2026-03-17,6465.79345703125,6513.51148992447,6441.9344405846405,6441.9344405846405,160903900,BBCA.JK
2026-03-25,6585.0888671875,6608.947884822238,6370.357708474864,6370.357708474864,314281100,BBCA.JK
2026-03-26,6561.2294921875,6656.665557528409,6537.370475852273,6585.088508522727,145934900,BBCA.JK
2026-03-27,6394.21630859375,6537.370405054804,6394.21630859375,6465.793356824277,283556500,BBCA.JK
2026-03-30,6425.0966796875,6474.903630692829,6325.482777676842,6375.289728682171,242278100,BBCA.JK
2026-03-31,6425.0966796875,6524.710581698159,6425.0966796875,6425.0966796875,150657800,BBCA.JK
2026-04-01,6474.9033203125,6624.324166165865,6474.9033203125,6524.710268930288,132798100,BBCA.JK
2026-04-02,6549.61376953125,6574.517243940114,6474.903346304658,6524.710295122386,72725400,BBCA.JK
2026-04-06,6474.9033203125,6599.420691856971,6425.096371694712,6574.517217548077,57914600,BBCA.JK
2026-04-07,6474.9033203125,6499.806794621394,6425.096371694712,6474.9033203125,65168700,BBCA.JK
2026-04-08,6723.93798828125,6823.551884403935,6599.420618127893,6624.324092158565,163594000,BBCA.JK
2026-04-09,6450.0,6773.745173745174,6425.0965250965255,6748.841698841699,182409800,BBCA.JK
2026-04-10,6674.13134765625,6674.13134765625,6450.000071055853,6499.807021411498,167336100,BBCA.JK
2026-04-13,6549.61376953125,6674.13114157557,6549.61376953125,6624.324192757842,81955300,BBCA.JK
2026-04-14,6723.93798828125,6773.744936342593,6649.227566189236,6649.227566189236,105010900,BBCA.JK
2026-04-15,6524.71044921875,6773.745199188931,6524.71044921875,6748.841724191913,104880600,BBCA.JK
2026-04-16,6499.80712890625,6624.324506854646,6474.903653316571,6549.614080085608,122416100,BBCA.JK
2026-04-17,6400.19287109375,6524.710242126703,6400.19287109375,6474.903293713522,156827000,BBCA.JK
2026-04-20,6450.0,6549.6138996139,6400.19305019305,6425.0965250965255,137435700,BBCA.JK
2026-04-21,6474.9033203125,6499.806794621394,6400.192897385818,6449.999846003606,112151900,BBCA.JK
2026-04-22,6425.0966796875,6499.807106195494,6425.0966796875,6450.000155190165,95673700,BBCA.JK
2026-04-23,6400.19287109375,6524.710242126703,6400.19287109375,6425.0963453003405,95913400,BBCA.JK
2026-04-24,6026.64111328125,6400.193248401988,6026.64111328125,6375.289772727272,435004800,BBCA.JK
2026-04-27,5951.9306640625,6026.641090808054,5927.027188480649,6001.737615226203,273263100,BBCA.JK
2026-04-28,5976.833984375,6051.544409179687,5927.027034505209,6001.737459309896,174091200,BBCA.JK
2026-04-29,5951.9306640625,6026.641090808054,5927.027188480649,5976.834139644351,176050900,BBCA.JK
2026-04-30,5827.4130859375,5951.9304595686435,5777.606136485043,5927.026984842415,303405400,BBCA.JK
2026-05-04,5877.22021484375,5927.027165817002,5777.6063128972455,5777.6063128972455,207566700,BBCA.JK
2026-05-05,5927.02685546875,6051.54422638196,5852.316432920825,5877.2199071034665,179928300,BBCA.JK
2026-05-06,5927.02685546875,5976.8338038340335,5877.2199071034665,5927.02685546875,90843100,BBCA.JK
2026-05-07,6200.96533203125,6300.579232947414,5976.83405496988,5976.83405496988,238690900,BBCA.JK
2026-05-08,6151.158203125,6400.19294819079,6151.158203125,6200.965152138158,201784700,BBCA.JK
2026-05-11,6126.2548828125,6250.77225847942,6076.447932545731,6200.965308212652,126301300,BBCA.JK
2026-05-12,6101.35107421875,6126.254547991071,6026.640652901785,6101.35107421875,107394400,BBCA.JK
2026-05-13,6076.44775390625,6176.061651511271,6001.7373307024845,6101.351228307505,147339600,BBCA.JK
2026-05-14,6076.44775390625,6076.44775390625,6076.44775390625,6076.44775390625,0,BBCA.JK
2026-05-15,6076.44775390625,6076.44775390625,6076.44775390625,6076.44775390625,0,BBCA.JK
2026-05-18,6101.35107421875,6101.35107421875,5877.219810267857,5927.026757812499,208748400,BBCA.JK
2026-05-19,5927.02685546875,6176.061597295168,5927.02685546875,6026.640752199318,184830100,BBCA.JK
2026-05-20,5951.9306640625,6076.448041971757,5852.316761735094,5951.9306640625,195107100,BBCA.JK
2026-05-21,5927.02685546875,6126.254648929885,5902.123381286108,5976.8338038340335,210976100,BBCA.JK
2026-05-22,5877.22021484375,5951.930641303628,5802.509788383872,5877.22021484375,288919700,BBCA.JK
2026-05-25,6076.44775390625,6151.1581771100155,5902.123433097465,5927.026907498719,263179200,BBCA.JK
2026-05-26,5951.9306640625,6076.448041971757,5927.027188480649,6026.641090808054,225158700,BBCA.JK
2026-05-27,5951.9306640625,5951.9306640625,5951.9306640625,5951.9306640625,0,BBCA.JK
2026-05-28,5951.9306640625,5951.9306640625,5951.9306640625,5951.9306640625,0,BBCA.JK
2026-05-29,5677.9921875,5852.3165090460525,5677.9921875,5727.799136513158,1014028000,BBCA.JK
2026-06-02,5802.509765625,5852.316716402897,5677.992388680258,5727.7993394581545,346305200,BBCA.JK
2026-06-03,5503.66796875,5802.509668410634,5503.66796875,5752.702718467195,353332300,BBCA.JK
2026-06-04,5404.05419921875,5578.378528225807,5279.536821356567,5453.861150363624,550059500,BBCA.JK
2026-06-05,5055.4052734375,5354.24696447814,5055.4052734375,5304.440015971367,572612000,BBCA.JK
2026-06-08,4831.27392578125,5030.501716535116,4831.27392578125,4930.887821158183,705093300,BBCA.JK
2026-06-09,5130.11572265625,5130.11572265625,4801.389860816141,4831.274030074333,772898000,BBCA.JK
2026-06-10,5628.18505859375,5677.992006014933,5155.0190580925055,5155.0190580925055,747366000,BBCA.JK
2026-06-11,5802.509765625,5852.316716402897,5528.571536346567,5628.185437902361,543032300,BBCA.JK
2026-06-12,5902.12353515625,6076.44785897943,5877.220060324366,5976.833959651898,415872300,BBCA.JK
2026-06-15,6250.77197265625,6400.192816624129,6076.447654693725,6076.447654693725,480395000,BBCA.JK
2026-06-17,6250.77197265625,6524.71018659736,6250.77197265625,6375.289342629482,467494300,BBCA.JK
2026-06-18,6051.54443359375,6250.772233876672,6051.54443359375,6225.868758841307,232489300,BBCA.JK
2026-06-19,6275.67578125,6275.67578125,6026.641028025793,6026.641028025793,366595500,BBCA.JK
2026-06-22,6200.96533203125,6375.289658634538,6101.351431115085,6375.289658634538,193401600,BBCA.JK
2026-06-23,6101.35107421875,6176.061495535714,6051.544126674107,6126.254547991071,144561900,BBCA.JK
2026-06-24,5902.12353515625,6176.061758306962,5902.12353515625,6101.351333811313,144928800,BBCA.JK
2026-06-25,6001.7373046875,6151.158150447354,5877.219933220954,5877.219933220954,197935000,BBCA.JK
2026-06-26,6151.158203125,6151.158203125,6001.737356085527,6026.640830592106,163378700,BBCA.JK
2026-06-29,5902.12353515625,6176.061758306962,5902.12353515625,6151.158283475079,189886600,BBCA.JK
2026-06-30,5528.5712890625,5802.509506088119,5528.5712890625,5752.702557538007,440738300,BBCA.JK
2026-07-01,5578.37841796875,5727.799268450056,5528.571467808315,5528.571467808315,124123800,BBCA.JK
2026-07-02,5777.60595703125,5852.316378889413,5603.281639362204,5628.185113314925,145119400,BBCA.JK
2026-07-03,6026.64111328125,6126.255015980113,5877.220259232954,5902.12373490767,200465200,BBCA.JK
2026-07-06,6101.35107421875,6151.158021763393,5951.930231584821,6026.640652901785,148684900,BBCA.JK
2026-07-07,6275.67578125,6275.67578125,6126.254929315476,6176.061879960317,183472100,BBCA.JK
2026-07-08,6151.158203125,6300.579050164474,6151.158203125,6275.675575657895,181123400,BBCA.JK
2026-07-09,6176.0615234375,6176.0615234375,6026.640680128528,6076.447627898186,181155800,BBCA.JK
2026-07-10,6151.158203125,6275.675575657895,6101.3512541118425,6275.675575657895,138050500,BBCA.JK
2026-07-13,6200.96533203125,6225.868807260291,6051.544480657003,6126.2549063441265,180061600,BBCA.JK
2026-07-14,6101.35107421875,6225.868443080357,6051.544126674107,6200.9649693080355,159868800,BBCA.JK
2026-07-15,6101.35107421875,6176.061495535714,6051.544126674107,6101.35107421875,140824900,BBCA.JK
2026-07-16,6200.96533203125,6200.96533203125,6076.447955886044,6101.351431115085,94235100,BBCA.JK
2026-07-17,6450.0,6474.903474903475,6176.061776061776,6200.965250965251,314564200,BBCA.JK
2026-07-20,6450.0,6599.42084942085,6450.0,6499.80694980695,298183300,BBCA.JK
2026-07-21,6499.80712890625,6524.710604495929,6400.193226547533,6524.710604495929,146064700,BBCA.JK
2026-07-22,6474.9033203125,6524.710268930288,6375.2894230769225,6499.806794621394,112178900,BBCA.JK
2026-07-23,6250.77197265625,6449.999764613421,6225.868498661604,6425.096290618774,207037900,BBCA.JK
2026-07-24,6250.77197265625,6275.675446650896,6101.351128688371,6176.061550672311,191428900,BBCA.JK
2026-07-27,6275.67578125,6300.5792565724205,6101.351453993056,6200.965355282738,125142500,BBCA.JK
2026-07-28,6200.96533203125,6275.6757577183735,6176.061856802208,6225.868807260291,122920300,BBCA.JK
2026-07-29,6250.77197265625,6275.675446650896,6151.158076677664,6151.158076677664,122379600,BBCA.JK
2026-07-30,6425.0966796875,6425.0966796875,6225.868875666182,6300.5793021741765,152663200,BBCA.JK
2026-07-31,6300.5791015625,6425.096475111166,6300.5791015625,6400.193000401432,153174800,BBCA.JK
2026-08-03,6275.67578125,6300.5792565724205,6250.7723059275795,6275.67578125,68143700,BBCA.JK
2026-08-04,6474.9033203125,6474.9033203125,6325.482474459134,6350.385948768028,138953100,BBCA.JK
2026-08-05,6425.0966796875,6474.903630692829,6400.193204184836,6474.903630692829,101666100,BBCA.JK
2026-08-06,6325.482421875,6449.99979238435,6325.482421875,6425.096318282481,80734000,BBCA.JK
2026-08-07,6350.38623046875,6425.096656709558,6300.579279641544,6350.38623046875,111930800,BBCA.JK
2026-08-10,6350.38623046875,6425.096656709558,6325.482755055147,6375.289705882353,88666100,BBCA.JK
2026-08-11,6275.67578125,6375.289682539683,6176.061879960317,6350.3862072172615,112490800,BBCA.JK
2026-08-12,6325.482421875,6325.482421875,6200.96505136565,6275.67547367126,87177100,BBCA.JK
2026-08-13,6350.38623046875,6350.38623046875,6225.868853400735,6325.482755055147,83208000,BBCA.JK
2026-08-14,6325.482421875,6325.482421875,6250.77199956939,6275.67547367126,56953500,BBCA.JK
2026-08-18,6275.67578125,6425.096633184524,6275.67578125,6350.3862072172615,114945500,BBCA.JK
2026-08-19,6275.67578125,6400.193157862103,6275.67578125,6275.67578125,68105000,BBCA.JK
2026-08-20,6375.28955078125,6375.28955078125,6275.675651550293,6325.4826011657715,67749800,BBCA.JK
2026-08-21,6425.0966796875,6450.000155190165,6375.289728682171,6375.289728682171,100684300,BBCA.JK
2026-08-24,6375.28955078125,6425.0965003967285,6325.4826011657715,6425.0965003967285,81295600,BBCA.JK
2026-08-26,6325.482421875,6425.096318282481,6325.482421875,6425.096318282481,86115900,BBCA.JK
2026-08-27,6375.28955078125,6400.193025588989,6300.579126358032,6325.4826011657715,60556000,BBCA.JK
2026-08-28,6450.0,6499.80694980695,6375.289575289576,6400.19305019305,156445200,BBCA.JK
2026-08-31,6475.0,6525.0,6400.0,6450.0,230904500,BBCA.JK
2026-09-01,6600.0,6600.0,6425.0,6450.0,117969900,BBCA.JK
2026-09-02,6675.0,6725.0,6600.0,6650.0,100935400,BBCA.JK
2026-09-03,6775.0,6800.0,6625.0,6700.0,112324100,BBCA.JK
2026-09-04,6700.0,6850.0,6675.0,6800.0,93923500,BBCA.JK
2021-01-04,2721.571044921875,2727.8854725426877,2620.5381679913826,2620.5381679913826,106226854,BBRI.JK
2021-01-05,2696.3125,2715.256119740475,2677.368710676422,2715.256119740475,106964857,BBRI.JK
2021-01-06,2652.111083984375,2715.2565496447605,2626.8528638035946,2702.627354762805,128299616,BBRI.JK
2021-01-07,2702.627197265625,2708.9417943386156,2658.42535692093,2689.9981727027634,141798389,BBRI.JK
2021-01-08,2772.0869140625,2772.0869140625,2715.2560561715854,2734.199675468557,205011531,BBRI.JK
2021-01-11,2936.265380859375,2942.5799774758557,2784.7162491456,2791.0306761789725,422093240,BBRI.JK
2021-01-12,2980.467041015625,3012.0396830568925,2948.8943989743575,2955.2089952158503,260390447,BBRI.JK
2021-01-13,3024.66943359375,3056.242081460196,2999.4113831338454,3012.0402387806685,231181533,BBRI.JK
2021-01-14,3012.03955078125,3049.926787400168,2980.4669101265154,3043.612530602166,146980798,BBRI.JK
2021-01-15,2892.0634765625,3012.039791991379,2873.1196871528937,3012.039791991379,225189839,BBRI.JK
2021-01-18,2917.321533203125,2936.265322677195,2866.805439604692,2892.0634864039084,182568723,BBRI.JK
2021-01-19,2917.321533203125,2967.8379659677685,2911.0072758779784,2967.8379659677685,152430182,BBRI.JK
2021-01-20,3087.814697265625,3106.7581480415447,2936.265395227177,2948.894588521936,277723446,BBRI.JK
2021-01-21,3024.66943359375,3125.702313765887,3012.0402387806685,3106.758521546264,177275431,BBRI.JK
2021-01-22,2980.467041015625,3068.870710064131,2955.2089952158503,3068.870710064131,183332136,BBRI.JK
2021-01-25,3018.354736328125,3024.669333525754,2911.007601467173,3024.669333525754,165278734,BBRI.JK
2021-01-26,2936.265380859375,3024.66905515767,2917.321591009934,3018.354458541189,163850580,BBRI.JK
2021-01-27,2917.321533203125,2980.4671589504815,2841.5470536392654,2936.265322677195,198692361,BBRI.JK
2021-01-28,2822.603759765625,2936.265661822735,2791.0309432452127,2892.0638204440324,176270344,BBRI.JK
2021-01-29,2639.48193359375,2911.0077627182186,2639.48193359375,2885.7493725285503,308226863,BBRI.JK
2021-02-01,2778.401611328125,2803.659827836384,2500.5613993203806,2639.481505324253,355113743,BBRI.JK
2021-02-02,2753.1435546875,2835.232635918705,2689.9980945417183,2835.232635918705,167527833,BBRI.JK
2021-02-03,2765.772705078125,2828.9181642333047,2753.1435114972214,2828.9181642333047,124241205,BBRI.JK
2021-02-04,2835.232666015625,2892.0636994582896,2759.4581808695625,2809.9746173556823,162519997,BBRI.JK
2021-02-05,2822.603759765625,2866.805770727452,2791.0309432452127,2866.805770727452,99005120,BBRI.JK
2021-02-08,2816.289306640625,2860.491319864052,2809.9748786799637,2860.491319864052,120218986,BBRI.JK
2021-02-09,2917.321533203125,3012.039802241055,2841.5470536392654,2841.5470536392654,464366860,BBRI.JK
2021-02-10,2936.265380859375,2974.152621392042,2904.692736943189,2923.636187626414,202155881,BBRI.JK
2021-02-11,2955.209228515625,2974.152679569403,2923.6362448156237,2967.8380828294025,99681961,BBRI.JK
2021-02-15,2974.15283203125,3018.354672310916,2967.8382349675494,2974.15283203125,93158189,BBRI.JK
2021-02-16,2948.894775390625,2993.096615557091,2942.5801783430957,2993.096615557091,71623667,BBRI.JK
2021-02-17,2923.63623046875,2986.7818583926614,2917.321633759737,2974.1526649746347,101529553,BBRI.JK
2021-02-18,2948.894775390625,3012.0400675334395,2936.2655812955663,2967.8382273669736,152089286,BBRI.JK
2021-02-19,3024.66943359375,3024.66943359375,2904.6931003682494,2904.6931003682494,109884637,BBRI.JK
2021-02-22,3024.66943359375,3075.1858736798185,3005.7256413741275,3062.5566788667365,157619632,BBRI.JK
2021-02-23,3024.66943359375,3049.927484053655,2993.0967857273045,3037.298628406832,107810772,BBRI.JK
2021-02-24,2986.781982421875,3043.61301599674,2974.152788479408,3024.66922508304,105582023,BBRI.JK
2021-02-25,2986.781982421875,3012.0400311405733,2948.89473976071,3012.0400311405733,131635423,BBRI.JK
2021-02-26,2974.15283203125,2999.411220286054,2967.8382349675494,2986.782026158652,161796404,BBRI.JK
2021-03-01,3049.927001953125,3049.927001953125,2980.467119793184,3030.9835518941436,127020403,BBRI.JK
2021-03-02,3030.98388671875,3081.5003244001246,3030.9838867187505,3075.1857272941725,75195758,BBRI.JK
2021-03-03,3062.556396484375,3062.556396484375,2993.0965097494773,3030.9837515290787,85026738,BBRI.JK
2021-03-04,3005.72509765625,3062.556124868463,2986.781648029644,3062.556124868463,117897176,BBRI.JK
2021-03-05,3012.03955078125,3012.03955078125,2967.8377181981487,2993.0961020548816,71188389,BBRI.JK
2021-03-08,2986.781982421875,3043.61301599674,2986.781982421875,3030.9838220542733,69917647,BBRI.JK
2021-03-09,2892.0634765625,2999.41093821785,2879.4342836227625,2999.41093821785,165527119,BBRI.JK
2021-03-10,2923.63623046875,2942.58002059579,2898.3781827989183,2936.2654238867767,77405916,BBRI.JK
2021-03-12,2892.0634765625,2961.523359398638,2866.805429849234,2961.523359398638,152360111,BBRI.JK
2021-03-15,2885.74951171875,2923.636759664426,2879.434913866757,2892.0641095707433,95483079,BBRI.JK
2021-03-16,2980.467041015625,3012.0396830568925,2911.007160691597,2942.5798027328647,151028868,BBRI.JK
2021-03-17,2948.894775390625,2967.8382273669736,2904.6929352241596,2955.2093724381543,116245827,BBRI.JK
2021-03-18,3005.72509765625,3012.039693920518,2961.523262972573,2974.1524555011088,95635541,BBRI.JK
2021-03-19,2948.894775390625,2999.4112126046202,2948.894775390625,2999.4112126046202,166398004,BBRI.JK
2021-03-22,2923.63623046875,2967.8380682656216,2917.321633759737,2967.8380682656216,67100278,BBRI.JK
2021-03-23,2948.894775390625,2980.4674214620322,2936.2655812955663,2980.4674214620322,115036356,BBRI.JK
2021-03-24,2948.894775390625,2986.7820185095616,2936.2655812955663,2986.7820185095616,120514341,BBRI.JK
2021-03-25,2917.321533203125,2967.8379659677685,2892.0634864039084,2967.8379659677685,95145043,BBRI.JK
2021-03-26,2980.467041015625,2980.467041015625,2917.321417766894,2923.636014008386,106978057,BBRI.JK
2021-03-29,2980.467041015625,3018.3542792983853,2980.467041015625,3018.3542792983853,106807554,BBRI.JK
2021-03-30,2841.547119140625,2967.8380343802983,2828.918095449901,2967.8380343802983,214898061,BBRI.JK
2021-03-31,2778.401611328125,2828.918044344643,2689.997938340771,2809.974424359225,323139711,BBRI.JK
2021-04-01,2708.941650390625,2759.458085123964,2658.425215657286,2746.8288916490737,340183845,BBRI.JK
2021-04-05,2652.111083984375,2734.2001723845633,2626.8528638035946,2727.8855749435857,345533898,BBRI.JK
2021-04-06,2716.07177734375,2735.4722615070777,2683.7375212895704,2696.6711195074727,167319270,BBRI.JK
2021-04-07,2716.07177734375,2741.938973779554,2690.2044072349963,2735.4722615070777,116953800,BBRI.JK
2021-04-08,2813.07373046875,2819.5406153390145,2735.471806717258,2748.4054027848665,158572578,BBRI.JK
2021-04-09,2813.07373046875,2845.4079811471515,2813.07373046875,2832.4743850795435,125277643,BBRI.JK
2021-04-12,2722.5380859375,2838.941147330993,2716.0713746238616,2838.941147330993,115119078,BBRI.JK
2021-04-13,2690.2041015625,2754.8724326500173,2664.336734392907,2722.5381802697934,120186645,BBRI.JK
2021-04-14,2813.07373046875,2813.07373046875,2729.0049218469935,2767.8058837227395,113531640,BBRI.JK
2021-04-15,2851.875,2851.875,2767.806013755718,2838.941229651836,86272180,BBRI.JK
2021-04-16,2806.60693359375,2884.208854976278,2787.206453248118,2877.7421439763443,74495706,BBRI.JK
2021-04-19,2832.474609375,2832.474609375,2787.20675904436,2819.540838610283,62185614,BBRI.JK
2021-04-20,2787.206787109375,2800.1403843313888,2729.0051654279728,2774.2730162144253,98216076,BBRI.JK
2021-04-21,2735.471923828125,2774.272887365016,2735.471923828125,2741.9386353023215,51954007,BBRI.JK
2021-04-22,2716.07177734375,2754.872745670406,2716.07177734375,2735.4722615070777,118813822,BBRI.JK
2021-04-23,2748.40576171875,2767.8062451902706,2709.6047947757097,2716.071680490531,120513461,BBRI.JK
2021-04-26,2677.2705078125,2748.405728804813,2670.803795848065,2741.9388431674365,157367288,BBRI.JK
2021-04-27,2696.670654296875,2716.0713087862882,2683.7370583101856,2716.0713087862882,146082083,BBRI.JK
2021-04-28,2670.8037109375,2729.005158804712,2670.8037109375,2696.6709053187483,126586116,BBRI.JK
2021-04-29,2690.2041015625,2716.071468732093,2677.270331141239,2709.6045835214622,124711354,BBRI.JK
2021-04-30,2619.069091796875,2690.2043137045493,2619.069091796875,2683.737427983958,257497837,BBRI.JK
2021-05-03,2593.201416015625,2632.002378406183,2586.734531059558,2625.535667123039,124235705,BBRI.JK
2021-05-04,2625.53564453125,2632.002355758751,2593.201393702061,2599.668278602483,84287635,BBRI.JK
2021-05-05,2644.936279296875,2670.8036467291863,2638.4693940205643,2657.869876176565,117321536,BBRI.JK
2021-05-06,2657.86962890625,2670.8033982556003,2632.0022638804644,2670.8033982556003,86226199,BBRI.JK
2021-05-07,2619.069091796875,2677.2705422633667,2612.602206076284,2677.2705422633667,83358229,BBRI.JK
2021-05-10,2619.069091796875,2644.9364610062967,2619.069091796875,2619.069091796875,81377755,BBRI.JK
2021-05-11,2580.267822265625,2612.602075580589,2573.80111054098,2606.1351901830094,167031505,BBRI.JK
2021-05-17,2522.06640625,2586.734740015808,2522.06640625,2560.8673717748975,214824800,BBRI.JK
2021-05-18,2522.06640625,2560.8673717748975,2515.599520771538,2560.8673717748975,127276708,BBRI.JK
2021-05-19,2502.66552734375,2547.933371181719,2489.7317584340967,2489.7317584340967,135307947,BBRI.JK
2021-05-20,2509.132568359375,2541.4666453052196,2470.331432882273,2483.2652025989473,164832677,BBRI.JK
2021-05-21,2515.599609375,2554.400749939473,2496.1991259292354,2535.000092820765,121124632,BBRI.JK
2021-05-24,2612.601806640625,2625.535576104389,2528.53299981783,2567.3339608632864,147190132,BBRI.JK
2021-05-25,2625.53564453125,2677.2702027158625,2612.601874730406,2632.002355758751,168676803,BBRI.JK
2021-05-27,2554.400634765625,2709.6046690067847,2554.400634765625,2677.270415606448,622692705,BBRI.JK
2021-05-28,2632.002685546875,2696.67102163523,2599.668604339169,2612.602202087663,274099434,BBRI.JK
2021-05-31,2754.87255859375,2767.8061559333632,2657.8699706913694,2670.8037417039204,326538660,BBRI.JK
2021-06-02,2754.87255859375,2832.4746636502423,2735.4720757478617,2813.0740071314162,312257333,BBRI.JK
2021-06-03,2819.540771484375,2819.540771484375,2729.005072978513,2761.339325447577,173444725,BBRI.JK
2021-06-04,2806.60693359375,2838.941009612165,2774.27268390242,2832.474298612231,138144236,BBRI.JK
2021-06-07,2748.40576171875,2813.074097848132,2722.5383925324086,2806.607385806254,152755788,BBRI.JK
2021-06-08,2716.07177734375,2767.806343888308,2709.604891398324,2767.806343888308,108888570,BBRI.JK
2021-06-09,2729.0048828125,2761.3391330284066,2651.402786498074,2651.402786498074,107433795,BBRI.JK
2021-06-10,2780.739501953125,2793.6730973160393,2754.8721375543855,2767.8057329173,106984877,BBRI.JK
2021-06-11,2767.80615234375,2813.074003483094,2767.80615234375,2813.074003483094,57809408,BBRI.JK
2021-06-14,2813.07373046875,2813.07373046875,2767.8058837227395,2800.1401344011415,133363443,BBRI.JK
2021-06-15,2735.471923828125,2813.073850901906,2722.538153533876,2813.073850901906,200713646,BBRI.JK
2021-06-16,2593.201416015625,2696.6707069480876,2593.201416015625,2683.7371107088757,481002668,BBRI.JK
2021-06-17,2606.135009765625,2632.002375892265,2541.466681285488,2573.8009323620176,336253477,BBRI.JK
2021-06-18,2528.533203125,2625.5357872110694,2528.533203125,2625.5357872110694,325605954,BBRI.JK
2021-06-21,2547.933837890625,2567.3343211358115,2496.1991001214988,2509.132871400251,159544775,BBRI.JK
2021-06-22,2612.601806640625,2632.0022871633537,2534.999710876795,2547.933480340558,132832794,BBRI.JK
2021-06-23,2547.933837890625,2632.0026565107482,2547.933837890625,2619.0690589049377,178751767,BBRI.JK
2021-06-24,2580.267822265625,2593.2015930607845,2560.8673397458206,2586.734707663205,55421157,BBRI.JK
2021-06-25,2580.267822265625,2612.602075580589,2580.267822265625,2606.1351901830094,83150216,BBRI.JK
2021-06-28,2541.466796875,2580.2677609932207,2541.466796875,2573.8010494221376,155357663,BBRI.JK
2021-06-29,2522.06640625,2528.533291728462,2496.1990380090892,2496.1990380090892,133952393,BBRI.JK
2021-06-30,2547.933837890625,2567.3343211358115,2515.5995833666857,2522.0664690060617,124133954,BBRI.JK
2021-07-01,2547.933837890625,2567.3343211358115,2528.533354645438,2547.933837890625,105240907,BBRI.JK
2021-07-02,2580.267822265625,2606.1351901830094,2567.3342251434005,2586.734707663205,93832940,BBRI.JK
2021-07-05,2522.06640625,2560.8673717748975,2509.1328089660133,2541.4668890124485,93466744,BBRI.JK
2021-07-06,2515.599609375,2554.400749939473,2515.599609375,2554.400749939473,60849751,BBRI.JK
2021-07-07,2470.331787109375,2547.9338955182207,2463.864901323735,2535.00012394694,163599005,BBRI.JK
2021-07-08,2502.66552734375,2522.066007035321,2470.3312787425257,2515.599122580494,162349164,BBRI.JK
2021-07-09,2457.397705078125,2502.6655493134786,2444.4639360549318,2496.1986648018824,140611578,BBRI.JK
2021-07-12,2431.53076171875,2470.331728160808,2425.0638760874267,2457.3981305711022,131702194,BBRI.JK
2021-07-13,2444.46435546875,2457.3981267110807,2431.53075789936,2457.3981267110807,175683484,BBRI.JK
2021-07-14,2399.1962890625,2457.397907105923,2392.729577692173,2444.464137019418,115704508,BBRI.JK
2021-07-15,2463.86474609375,2483.2654022283778,2412.1301840868787,2425.063781170363,139855425,BBRI.JK
2021-07-16,2483.265380859375,2496.198977831563,2463.8647248916936,2489.7320925090025,108336691,BBRI.JK
2021-07-19,2444.46435546875,2489.7322074710255,2444.46435546875,2489.7322074710255,69326497,BBRI.JK
2021-07-21,2470.331787109375,2509.1329281502703,2463.864901323735,2489.7322707933504,111008747,BBRI.JK
2021-07-22,2522.06640625,2528.533291728462,2483.2654407251025,2502.6659234875515,93842180,BBRI.JK
2021-07-23,2502.66552734375,2554.4002556365454,2476.7981631973526,2547.933371181719,95960267,BBRI.JK
2021-07-26,2476.79833984375,2522.0661869102423,2470.331454927702,2522.0661869102423,90198037,BBRI.JK
2021-07-27,2457.397705078125,2496.1986648018824,2437.997225216246,2496.1986648018824,99741692,BBRI.JK
2021-07-28,2412.130126953125,2463.8646877346105,2405.6632417280907,2457.397976182506,77777283,BBRI.JK
2021-07-29,2437.99755859375,2483.265409019136,2425.063787801963,2431.5306731978567,102817895,BBRI.JK
2021-07-30,2399.1962890625,2476.798388562756,2399.1962890625,2476.798388562756,113633172,BBRI.JK
2021-08-02,2418.596435546875,2437.9970879896678,2392.729246302287,2437.9970879896678,105807637,BBRI.JK
2021-08-03,2425.063720703125,2444.464202681081,2405.6632387251684,2418.596835486163,87862477,BBRI.JK
2021-08-04,2489.73193359375,2489.73193359375,2437.9973753341924,2450.9309714808514,91847406,BBRI.JK
2021-08-05,2619.069091796875,2644.9364610062967,2522.066500679779,2522.066500679779,294149590,BBRI.JK
2021-08-06,2541.466796875,2625.5357840283855,2522.0663148158897,2619.068898784372,152456913,BBRI.JK
2021-08-09,2489.73193359375,2554.4004353458104,2470.3314525373007,2547.93355043602,102404178,BBRI.JK
2021-08-10,2470.331787109375,2515.5996402629653,2463.864901323735,2515.5996402629653,94349949,BBRI.JK
2021-08-12,2463.86474609375,2489.7321139336527,2457.398034388475,2489.7321139336527,94464021,BBRI.JK
2021-08-13,2502.66552734375,2509.132411798577,2470.3312787425257,2470.3312787425257,104829940,BBRI.JK
2021-08-16,2541.466796875,2541.466796875,2483.265350697669,2502.6658327567793,70083530,BBRI.JK
2021-08-18,2632.002685546875,2644.936456968312,2541.4669802885896,2580.267947207014,247351372,BBRI.JK
2021-08-19,2509.132568359375,2599.6682616844123,2496.198798642701,2586.734491967738,218214729,BBRI.JK
2021-08-20,2541.466796875,2547.9336821190136,2476.7984654536554,2509.132718000793,88330535,BBRI.JK
2021-08-23,2560.8671875,2580.2676688664287,2541.4667061335713,2573.8009575262354,68133856,BBRI.JK
2021-08-24,2515.599609375,2560.867461972766,2476.7986424834703,2554.400749939473,150882016,BBRI.JK
2021-08-25,2515.599609375,2522.066495081236,2489.7322402229993,2489.7322402229993,86571495,BBRI.JK
2021-08-26,2502.66552734375,2522.066007035321,2483.265047652179,2515.599122580494,69144334,BBRI.JK
2021-08-27,2483.265380859375,2515.5994601263114,2476.7984955368147,2515.5994601263114,79498923,BBRI.JK
2021-08-30,2547.933837890625,2547.933837890625,2483.2655025156882,2489.732214482123,128539860,BBRI.JK
2021-08-31,2541.466796875,2554.400567363027,2502.6658327567793,2547.9336821190136,134879489,BBRI.JK
2021-09-01,2515.599609375,2541.4669785270007,2509.132897341707,2541.4669785270007,97691477,BBRI.JK
2021-09-02,2502.66552734375,2515.599122580494,2483.265047652179,2496.198642888923,81242343,BBRI.JK
2021-09-03,2541.466796875,2541.466796875,2463.8646949656277,2489.732062268752,165056860,BBRI.JK
2021-09-06,2489.73193359375,2573.8009164022596,2489.73193359375,2554.4004353458104,188929693,BBRI.JK
2021-09-07,2528.533203125,2534.999914703922,2502.6658357905194,2515.5994326212945,140380354,BBRI.JK
2021-09-08,2653.38916015625,2760.0938180713806,2646.2755162952412,2717.4119549053285,228087900,BBRI.JK
2021-09-09,2653.38916015625,2681.8437356002846,2596.4800092681803,2632.0482285732237,306319600,BBRI.JK
2021-09-10,2688.956787109375,2696.0704294033153,2610.7067218760335,2639.161291051794,177033000,BBRI.JK
2021-09-13,2632.0478515625,2667.616065772804,2603.5932801942567,2639.161494404561,169825000,BBRI.JK
2021-09-14,2632.0478515625,2653.3887800886823,2603.5932801942567,2646.275137246622,216363400,BBRI.JK
2021-09-15,2603.593505859375,2610.707149318007,2575.1389320248463,2610.707149318007,263544000,BBRI.JK
2021-09-16,2589.3662109375,2603.593497810783,2568.0252806275757,2596.4798543741417,194782800,BBRI.JK
2021-09-17,2568.025390625,2589.3663218490306,2539.570815659626,2582.252678107687,346529100,BBRI.JK
2021-09-20,2553.798095703125,2553.798095703125,2496.888945938153,2553.798095703125,357971300,BBRI.JK
2021-09-21,2539.5703125,2546.683954831933,2489.7748161764707,2496.8884585084033,410533900,BBRI.JK
2021-09-22,2568.025390625,2596.479965590374,2504.002596952909,2504.002596952909,416087300,BBRI.JK
2021-09-23,2681.843505859375,2681.843505859375,2553.7979273302803,2560.9115705818967,432390800,BBRI.JK
2021-09-24,2717.41162109375,2745.8661930423755,2681.843406157968,2696.070692132281,634549600,BBRI.JK
2021-09-27,2667.6162109375,2703.184427083333,2653.3889244791667,2681.8434973958333,380151200,BBRI.JK
2021-09-28,2646.275634765625,2681.843855663012,2624.9347022271922,2681.843855663012,306827400,BBRI.JK
2021-09-29,2660.502685546875,2667.616329091118,2624.9344678256602,2646.275398458389,143081800,BBRI.JK
2021-09-30,2738.752685546875,2752.9799722250405,2667.6162521560473,2674.7298954951298,416099000,BBRI.JK
2021-10-01,2774.321044921875,2788.5483323317308,2724.5255389873796,2738.7528263972354,359864700,BBRI.JK
2021-10-04,2824.116455078125,2852.5710289328163,2767.207307368742,2774.320950832415,335762600,BBRI.JK
2021-10-05,2795.661865234375,2831.230082349316,2781.4345783883987,2809.8891520803513,236562700,BBRI.JK
2021-10-06,2930.821044921875,2952.1619748606267,2788.548178663532,2788.548178663532,446708800,BBRI.JK
2021-10-07,2930.821044921875,2966.3892614864612,2895.252828357289,2952.1619748606267,264905400,BBRI.JK
2021-10-08,2959.275634765625,3016.1847815880406,2937.9347047072188,2980.616564824031,196631600,BBRI.JK
2021-10-11,2973.502685546875,2987.7299711236547,2937.934471604927,2959.275399970096,146720100,BBRI.JK
2021-10-12,3001.957275390625,3016.184561055983,2973.502704059908,2973.502704059908,241196000,BBRI.JK
2021-10-13,3044.6396484375,3058.8669365143105,3001.9577842070676,3009.071428245473,264629400,BBRI.JK
2021-10-14,3023.29833984375,3094.434771369485,3009.071053538603,3044.6392693014704,196989500,BBRI.JK
2021-10-15,3073.09375,3080.207392939815,3001.9573206018517,3023.2982494212965,318189600,BBRI.JK
2021-10-18,3137.11669921875,3137.11669921875,3087.3211960565473,3094.4348393654336,286829000,BBRI.JK
2021-10-19,3130.0029296875,3165.571144797585,3101.5483575994317,3165.571144797585,161256300,BBRI.JK
2021-10-21,3101.54833984375,3172.68476965668,3073.093767918578,3165.571126675387,319230200,BBRI.JK
2021-10-22,3130.0029296875,3130.0029296875,3073.0937855113634,3087.321071555398,160459300,BBRI.JK
2021-10-25,3058.8662109375,3108.661707394622,3058.8662109375,3080.2071379905524,128240100,BBRI.JK
2021-10-26,3094.434814453125,3108.662100956358,3037.525668440194,3044.6393116918102,108782400,BBRI.JK
2021-10-27,3051.752685546875,3087.320898665137,3030.411757675918,3080.207256041485,258038300,BBRI.JK
2021-10-28,3016.184814453125,3058.866675035009,2987.730240731869,2994.8438841621833,159645200,BBRI.JK
2021-10-29,3023.29833984375,3058.8665556066176,3001.957410386029,3058.8665556066176,155011100,BBRI.JK
2021-11-01,3009.071044921875,3080.207476243905,3001.957401789672,3080.207476243905,102079300,BBRI.JK
2021-11-02,2994.843994140625,3037.5258562898975,2994.843994140625,3037.5258562898975,124799700,BBRI.JK
2021-11-03,3051.752685546875,3058.8663281705276,2994.843544557656,3023.2981150522655,100486300,BBRI.JK
2021-11-04,3023.29833984375,3087.3211282169113,3023.2983398437495,3080.207485064338,119591100,BBRI.JK
2021-11-05,3016.184814453125,3037.5257447440667,2994.8438841621833,3037.5257447440667,74347000,BBRI.JK
2021-11-08,3009.071044921875,3030.411974318484,3001.957401789672,3023.2983311862813,79465600,BBRI.JK
2021-11-09,3023.29833984375,3023.2983398437495,3001.957410386029,3009.071053538603,92453200,BBRI.JK
2021-11-10,3023.29833984375,3030.4119829963233,2994.8437672334558,3009.071053538603,69475400,BBRI.JK
2021-11-11,3023.29833984375,3058.8665556066176,3009.071053538603,3051.752912454044,149637700,BBRI.JK
2021-11-12,3001.957275390625,3051.752775219379,2994.8436325579455,3037.5254895540206,80234400,BBRI.JK
2021-11-15,2959.275634765625,3001.9574948824365,2945.048348060021,3001.9574948824365,220142300,BBRI.JK
2021-11-16,2937.934814453125,2966.389388927247,2930.8211708345943,2930.8211708345943,163555000,BBRI.JK
2021-11-17,2987.730224609375,2987.730224609375,2959.2756510416666,2966.389294433594,126523700,BBRI.JK
2021-11-18,2973.502685546875,2980.616328335265,2945.0481143933166,2952.1617571817064,114881200,BBRI.JK
2021-11-19,3044.6396484375,3051.7532924759053,3001.9577842070676,3001.9577842070676,182167700,BBRI.JK
2021-11-22,3044.6396484375,3065.9805805527158,3023.298716322284,3065.9805805527158,151514000,BBRI.JK
2021-11-23,2994.843994140625,3044.639499981443,2987.730350449079,3044.639499981443,104294200,BBRI.JK
2021-11-24,2994.843994140625,3009.0712815237157,2980.616706757534,2987.730350449079,111072800,BBRI.JK
2021-11-25,3001.957275390625,3023.2982038886626,2973.502704059908,2973.502704059908,123609400,BBRI.JK
2021-11-26,2959.275634765625,3001.9574948824365,2952.1619914128228,2980.616564824031,148652500,BBRI.JK
2021-11-29,2966.38916015625,2980.616446296088,2902.3663725269785,2952.1618740164117,164312800,BBRI.JK
2021-11-30,2909.479736328125,3001.9570873605594,2909.479736328125,2952.1615906507873,316653200,BBRI.JK
2021-12-01,2902.366455078125,2973.502887800628,2895.2528118058744,2909.480098350375,163457900,BBRI.JK
2021-12-02,2987.730224609375,3001.957511393229,2888.139217122396,2888.139217122396,139281800,BBRI.JK
2021-12-03,2966.38916015625,3001.957375505845,2966.38916015625,2994.843732435926,93227100,BBRI.JK
2021-12-06,2923.707275390625,3001.9573484546077,2923.707275390625,2987.7300624429745,106610000,BBRI.JK
2021-12-07,3009.071044921875,3009.071044921875,2959.275542996454,2980.6164723930633,182048000,BBRI.JK
2021-12-08,2994.843994140625,3023.2985689068064,2966.389419374443,3023.2985689068064,143230200,BBRI.JK
2021-12-09,2980.61669921875,3001.9576302394094,2959.2757681980906,3001.9576302394094,90471500,BBRI.JK
2021-12-10,2937.934814453125,2959.2757453087165,2937.934814453125,2937.934814453125,122999200,BBRI.JK
2021-12-13,2959.275634765625,2987.7302081768325,2959.275634765625,2966.389278118427,86848900,BBRI.JK
2021-12-14,2937.934814453125,2959.2757453087165,2937.934814453125,2952.162101690186,100110000,BBRI.JK
2021-12-15,2987.730224609375,3009.0711547851565,2945.0483642578124,2952.1620076497397,124522800,BBRI.JK
2021-12-16,2945.048095703125,3001.9572376490787,2930.8208102166363,3001.9572376490787,136646600,BBRI.JK
2021-12-17,2923.707275390625,2945.0482044080745,2909.479989378992,2909.479989378992,153165400,BBRI.JK
2021-12-20,2930.821044921875,2937.9346882347922,2888.139185044372,2895.252828357289,89198900,BBRI.JK
2021-12-21,2902.366455078125,2930.8210281671263,2902.366455078125,2916.5937416226257,109561800,BBRI.JK
2021-12-22,2881.025146484375,2923.7070005063656,2881.025146484375,2916.5933581693675,104738000,BBRI.JK
2021-12-23,2916.59375,2923.707393292683,2888.139176829268,2909.4801067073167,72736800,BBRI.JK
2021-12-24,2895.252685546875,2930.820900357033,2881.025399622812,2916.5936144329703,59795000,BBRI.JK
2021-12-27,2888.13916015625,2923.707376414332,2888.13916015625,2895.2528034078664,65491200,BBRI.JK
2021-12-28,2909.479736328125,2923.7070211023456,2895.2524515539044,2909.479736328125,52952500,BBRI.JK
2021-12-29,2902.366455078125,2916.5937416226257,2895.2528118058744,2909.480098350375,27676500,BBRI.JK
2021-12-30,2923.707275390625,2945.0482044080745,2888.139060361542,2902.366346373175,146989400,BBRI.JK
2022-01-03,2973.502685546875,2980.616328335265,2909.4799004513684,2930.8208288165374,90842500,BBRI.JK
2022-01-04,2959.275634765625,2994.843851529635,2959.275634765625,2987.7302081768325,93950000,BBRI.JK
2022-01-05,2994.843994140625,3009.0712815237157,2937.9348446082613,2973.5030630659885,174376400,BBRI.JK
2022-01-06,2959.275634765625,3016.1847815880406,2945.048348060021,3016.1847815880406,137280000,BBRI.JK
2022-01-07,2980.61669921875,2987.7303428923033,2952.162124524538,2966.389411871644,101275000,BBRI.JK
2022-01-10,2973.502685546875,2994.843613912044,2973.502685546875,2980.616328335265,70722600,BBRI.JK
2022-01-11,2952.16162109375,2973.502548475151,2937.9343361728165,2973.502548475151,99404900,BBRI.JK
2022-01-12,2959.275634765625,2973.5029214712285,2937.9347047072188,2966.389278118427,65907000,BBRI.JK
2022-01-13,2980.61669921875,2980.61669921875,2966.389411871644,2973.503055545197,103522400,BBRI.JK
2022-01-14,2973.502685546875,2994.843613912044,2959.275399970096,2980.616328335265,110213800,BBRI.JK
2022-01-17,2994.843994140625,2994.843994140625,2973.5030630659885,2987.730350449079,102957100,BBRI.JK
2022-01-18,2980.61669921875,3016.1849175865154,2945.0484808509846,3016.1849175865154,120275000,BBRI.JK
2022-01-19,2937.934814453125,2994.8439634013694,2937.934814453125,2994.8439634013694,109954700,BBRI.JK
2022-01-20,2937.934814453125,2959.2757453087165,2923.7075272160637,2937.934814453125,86394600,BBRI.JK
2022-01-21,2966.38916015625,2966.38916015625,2923.7073017367356,2937.9345878765735,84972500,BBRI.JK
2022-01-24,2930.821044921875,2959.275618173544,2916.593758296041,2945.0483315477095,76709900,BBRI.JK
2022-01-25,2895.252685546875,2923.7072573950018,2845.457184812654,2916.5936144329703,185007800,BBRI.JK
2022-01-26,2909.479736328125,2916.5933787152353,2866.797882005463,2866.797882005463,97589500,BBRI.JK
2022-01-27,2945.048095703125,2945.048095703125,2888.138953757171,2895.252596500415,80682900,BBRI.JK
2022-01-28,2945.048095703125,2966.3890239328575,2909.4798819869034,2966.3890239328575,84812100,BBRI.JK
2022-01-31,2895.252685546875,2966.3891151671914,2895.252685546875,2966.3891151671914,78498500,BBRI.JK
2022-02-02,2895.252685546875,2930.820900357033,2888.1390425848435,2930.820900357033,81546300,BBRI.JK
2022-02-03,2937.934814453125,2973.503032545778,2937.934814453125,2973.503032545778,157898800,BBRI.JK
2022-02-04,2994.843994140625,2994.843994140625,2952.1621319913525,2966.389419374443,236602900,BBRI.JK
2022-02-07,3130.0029296875,3137.116572709517,3001.9573552911934,3016.1846413352273,468016600,BBRI.JK
2022-02-08,3158.45751953125,3236.7075932133307,3130.0029472832207,3165.571162593257,310878100,BBRI.JK
2022-02-09,3165.571044921875,3201.1392589097613,3115.7755453388345,3130.002830933989,149000100,BBRI.JK
2022-02-10,3179.798583984375,3201.1395140782297,3165.5712972551382,3201.1395140782297,112521600,BBRI.JK
2022-02-11,3165.571044921875,3165.571044921875,3115.7755453388345,3144.2301165291433,103418200,BBRI.JK
2022-02-14,3137.11669921875,3165.571272454294,3115.775769292092,3165.571272454294,105260000,BBRI.JK
2022-02-15,3151.343994140625,3165.571280795887,3122.8894208301,3158.457637468256,96658500,BBRI.JK
2022-02-16,3144.230224609375,3179.7984398198882,3137.1165815672725,3179.7984398198882,89636300,BBRI.JK
2022-02-17,3130.0029296875,3137.116572709517,3087.321071555398,3122.889286665483,118305100,BBRI.JK
2022-02-18,3151.343994140625,3158.457637468256,3108.662134174838,3130.0030641577314,127058000,BBRI.JK
2022-02-21,3194.025634765625,3194.025634765625,3158.4574205700164,3172.6847062482598,133717300,BBRI.JK
2022-02-22,3151.343994140625,3179.7985674511497,3144.2303508129935,3158.457637468256,109060900,BBRI.JK
2022-02-23,3186.912353515625,3215.366928100586,3172.6850662231445,3215.366928100586,160827800,BBRI.JK
2022-02-24,3122.889404296875,3179.798550616636,3108.662117716935,3179.798550616636,217523600,BBRI.JK
2022-02-25,3236.707763671875,3236.707763671875,3137.116755558894,3165.57132930546,301346400,BBRI.JK
2022-03-01,3293.616455078125,3457.2302314642952,3293.616455078125,3450.1165890127227,494657800,BBRI.JK
2022-03-02,3243.821044921875,3336.298399272718,3236.7074022795023,3329.1847566303454,186635200,BBRI.JK
2022-03-04,3322.0712890625,3364.753147166087,3279.389430958913,3357.639504148822,292022600,BBRI.JK
2022-03-07,3215.36669921875,3293.6167737572596,3215.3666992187505,3258.048558057937,224515800,BBRI.JK
2022-03-08,3151.343994140625,3243.8213573998305,3151.343994140625,3201.1394974340433,214870200,BBRI.JK
2022-03-09,3250.93505859375,3265.1623455022564,3201.139554413977,3222.480484776737,191967100,BBRI.JK
2022-03-10,3250.93505859375,3300.730562773523,3208.2531978682305,3300.730562773523,225575800,BBRI.JK
2022-03-11,3254.0791015625,3283.6616388494317,3231.892198597301,3254.0791015625,275965300,BBRI.JK
2022-03-14,3342.826904296875,3357.6181737849142,3261.474922112659,3283.6618263447176,212052100,BBRI.JK
2022-03-15,3409.387451171875,3431.5743543248377,3350.2223760973093,3365.0136448659505,357755700,BBRI.JK
2022-03-16,3438.969970703125,3446.3656050487234,3409.3874333207327,3438.9699707031255,226817000,BBRI.JK
2022-03-17,3438.969970703125,3475.9481424311157,3409.3874333207327,3468.5525080855177,224068000,BBRI.JK
2022-03-18,3387.20068359375,3475.9482997577784,3387.20068359375,3475.9482997577784,257863400,BBRI.JK
2022-03-21,3394.596435546875,3424.1789752902027,3372.409530739379,3401.992070482707,118791900,BBRI.JK
2022-03-22,3431.574462890625,3483.3439052187164,3431.574462890625,3468.5526359821188,177758500,BBRI.JK
2022-03-23,3438.969970703125,3468.5525080855177,3416.7830676663307,3461.15687373992,146545100,BBRI.JK
2022-03-24,3498.134765625,3498.134765625,3416.7827943313955,3431.5740618393233,206271600,BBRI.JK
2022-03-25,3483.343994140625,3520.3221681760883,3438.9701852980693,3520.3221681760883,137104800,BBRI.JK
2022-03-28,3498.134765625,3505.530399378964,3453.7609631012156,3498.134765625,106801800,BBRI.JK
2022-03-29,3468.552490234375,3512.926296079591,3453.761221619303,3512.926296079591,93155100,BBRI.JK
2022-03-30,3483.343994140625,3505.530898561903,3468.5527245264398,3505.530898561903,83364400,BBRI.JK
2022-03-31,3446.365478515625,3512.9261851822357,3446.365478515625,3475.9480148118964,158650000,BBRI.JK
2022-04-01,3498.134765625,3498.134765625,3424.1784280853594,3468.552230609144,145105000,BBRI.JK
2022-04-04,3475.948486328125,3498.1353915600066,3446.365946018949,3498.1353915600066,103902000,BBRI.JK
2022-04-05,3475.948486328125,3505.5310266373003,3453.7615810962434,3498.1353915600066,76154300,BBRI.JK
2022-04-06,3401.99169921875,3468.552406377378,3401.9916992187505,3468.552406377378,111009800,BBRI.JK
2022-04-07,3424.1787109375,3453.761248397003,3416.783076572624,3453.761248397003,91942500,BBRI.JK
2022-04-08,3409.387451171875,3438.9699887091583,3401.9918167875544,3424.1787199405167,125657900,BBRI.JK
2022-04-11,3379.804931640625,3416.7831037592314,3379.804931640625,3401.991834911789,109861100,BBRI.JK
2022-04-12,3409.387451171875,3409.3874511718755,3365.0136448659505,3365.0136448659505,96961200,BBRI.JK
2022-04-13,3409.387451171875,3431.5743543248377,3394.596182403234,3431.5743543248377,112327600,BBRI.JK
2022-04-14,3357.6181640625,3409.3876071207324,3350.2225293398956,3401.991972398128,150659600,BBRI.JK
2022-04-18,3365.013916015625,3387.2008209563874,3357.6182810353707,3365.013916015625,82795100,BBRI.JK
2022-04-19,3379.804931640625,3401.991834911789,3357.618028369461,3365.0136627931824,148475600,BBRI.JK
2022-04-20,3586.882568359375,3601.6738366825066,3401.991714320232,3409.3873484817977,404383100,BBRI.JK
2022-04-21,3549.904296875,3586.8824666341143,3520.3217610677084,3586.8824666341143,208253300,BBRI.JK
2022-04-22,3512.927001953125,3586.8833598889805,3490.7400945723684,3512.927001953125,174349500,BBRI.JK
2022-04-25,3579.48681640625,3586.882450324445,3453.7610397969397,3475.947941551524,235752400,BBRI.JK
2022-04-26,3653.443359375,3683.0258966978745,3572.091381737095,3579.487016067814,262734300,BBRI.JK
2022-04-27,3586.882568359375,3646.047641651901,3586.882568359375,3623.8607391672035,191955100,BBRI.JK
2022-04-28,3601.674072265625,3646.0478801374807,3594.278437620316,3601.674072265625,193821200,BBRI.JK
2022-05-09,3350.22216796875,3520.3217482408936,3350.22216796875,3512.926114316018,561600400,BBRI.JK
2022-05-10,3350.22216796875,3350.22216796875,3150.5400519971026,3150.5400519971026,435782800,BBRI.JK
2022-05-11,3320.64013671875,3387.2008521540924,3313.2445016703787,3365.013947008978,205233800,BBRI.JK
2022-05-12,3194.914306640625,3320.6401011149087,3180.123036702474,3320.6401011149087,207373600,BBRI.JK
2022-05-13,3143.14501953125,3224.497008272059,3143.14501953125,3143.14501953125,336711300,BBRI.JK
2022-05-17,3291.0576171875,3342.8270628511236,3157.9361854810395,3157.9361854810395,272650400,BBRI.JK
2022-05-18,3291.0576171875,3350.222697945927,3276.2663469978934,3328.035792661517,129716500,BBRI.JK
2022-05-19,3283.661376953125,3298.452644416878,3180.122504706855,3217.1006733662375,132614900,BBRI.JK
2022-05-20,3276.26611328125,3320.6399206846077,3261.4748441467973,3283.6617478484764,122101000,BBRI.JK
2022-05-23,3202.3095703125,3283.6615455398382,3194.9139362009237,3261.4746432051097,175709000,BBRI.JK
2022-05-24,3298.453369140625,3328.0359105678954,3194.914474145179,3194.914474145179,165758600,BBRI.JK
2022-05-25,3217.101318359375,3291.0576705055673,3217.101318359375,3276.266400076329,138961700,BBRI.JK
2022-05-27,3357.6181640625,3357.6181640625,3283.661816836454,3328.035625172082,209962100,BBRI.JK
2022-05-30,3276.26611328125,3357.6180935207394,3246.6835750123446,3357.6180935207394,193724500,BBRI.JK
2022-05-31,3424.1787109375,3424.1787109374995,3291.057292369735,3305.8485610994867,379626500,BBRI.JK
2022-06-02,3313.24462890625,3401.9922528948105,3313.24462890625,3357.6184409005305,225697500,BBRI.JK
2022-06-03,3342.826904296875,3379.805078016973,3335.431269552855,3350.2225390408944,117643300,BBRI.JK
2022-06-06,3276.26611328125,3335.4311898190604,3254.079209579571,3305.8486515501554,157277700,BBRI.JK
2022-06-07,3254.0791015625,3298.452907492898,3254.0791015625,3298.452907492898,133318000,BBRI.JK
2022-06-08,3305.8486328125,3305.8486328125,3239.2879220847317,3254.0791911353467,150604000,BBRI.JK
2022-06-09,3320.64013671875,3342.827041863864,3313.2445016703787,3328.0357717671213,161768800,BBRI.JK
2022-06-10,3254.0791015625,3305.8485418146306,3224.4965642755683,3305.8485418146306,222410400,BBRI.JK
2022-06-13,3209.705322265625,3217.1009566487255,3150.540247200821,3150.540247200821,164017200,BBRI.JK
2022-06-14,3224.49658203125,3261.474753843535,3180.122775856508,3180.122775856508,150381800,BBRI.JK
2022-06-15,3291.0576171875,3291.0576171875,3224.4969013342698,3224.4969013342698,160729900,BBRI.JK
2022-06-16,3276.26611328125,3350.222458953513,3261.4748441467973,3268.8704787140236,240023000,BBRI.JK
2022-06-17,3231.89208984375,3254.078992062357,3217.1008216980117,3231.89208984375,185763100,BBRI.JK
2022-06-20,3254.0791015625,3261.474735884233,3209.705295632102,3254.0791015625,95058800,BBRI.JK
2022-06-21,3239.2880859375,3276.2662604345032,3239.2880859375,3276.2662604345032,103964600,BBRI.JK
2022-06-22,3194.914306640625,3261.4750213623047,3187.5186716715493,3261.4750213623047,106208500,BBRI.JK
2022-06-23,3187.518310546875,3224.496481202871,3180.122676415676,3180.122676415676,127600700,BBRI.JK
2022-06-24,3209.705322265625,3217.1009566487255,3187.5184191163235,3194.914053499424,66083900,BBRI.JK
2022-06-27,3165.331787109375,3202.3099621924284,3157.936152092764,3187.5186921592067,152306100,BBRI.JK
2022-06-28,3180.12255859375,3202.3094601653343,3165.3312908793605,3194.9138263081395,178535800,BBRI.JK
2022-06-29,3091.37548828125,3187.5187450938247,3091.37548828125,3165.3318396755385,228536100,BBRI.JK
2022-06-30,3069.1884765625,3120.9579207454817,3047.0015719126504,3047.0015719126504,239939100,BBRI.JK
2022-07-01,3061.79248046875,3106.1662845335145,3039.6055784363675,3069.188114479544,154659500,BBRI.JK
2022-07-04,2987.836181640625,3047.0012545443997,2928.6711087368503,3024.8143522054843,246853600,BBRI.JK
2022-07-05,3024.814453125,3076.583893643032,2987.836281326406,2987.836281326406,180648400,BBRI.JK
2022-07-06,3017.419189453125,3032.2104599896597,2973.0453778435203,2995.2322836483227,125309100,BBRI.JK
2022-07-07,2995.232177734375,3039.6059877748844,2987.8365427276235,2987.8365427276235,172127500,BBRI.JK
2022-07-08,3106.16650390625,3106.16650390625,2995.2319859095983,3024.8145240420386,112914000,BBRI.JK
2022-07-11,3047.00146484375,3083.9796379607856,3032.2101955969356,3069.1883687139716,80867700,BBRI.JK
2022-07-12,3039.605712890625,3061.7926159044255,3032.210078552692,3047.0013472285586,56085200,BBRI.JK
2022-07-13,3002.627685546875,3054.3971284011313,2980.4407814664796,3039.605859014201,165745200,BBRI.JK
2022-07-14,3010.02294921875,3024.8142167824785,2965.6491465275644,2965.6491465275644,188729700,BBRI.JK
2022-07-15,3039.605712890625,3047.0013472285586,2995.231906863025,3002.627541200958,91362800,BBRI.JK
2022-07-18,3061.79248046875,3061.79248046875,3017.4186764039855,3039.6055784363675,135284500,BBRI.JK
2022-07-19,3039.605712890625,3069.1882502423587,3039.605712890625,3069.1882502423587,122905900,BBRI.JK
2022-07-20,3180.12255859375,3180.12255859375,3076.5836845930235,3091.374952307413,220223600,BBRI.JK
2022-07-21,3187.518310546875,3187.518310546875,3128.353237497281,3180.122676415676,130405400,BBRI.JK
2022-07-22,3157.93603515625,3202.3098436127784,3157.93603515625,3202.3098436127784,86561100,BBRI.JK
2022-07-25,3143.14501953125,3180.123196231618,3143.14501953125,3143.14501953125,60952800,BBRI.JK
2022-07-26,3202.3095703125,3217.1008385356527,3150.5401315314666,3157.935765643043,97709800,BBRI.JK
2022-07-27,3194.914306640625,3239.288116455078,3180.123036702474,3239.288116455078,88570800,BBRI.JK
2022-07-28,3224.49658203125,3254.079119481078,3209.705313306336,3209.705313306336,136421400,BBRI.JK
2022-07-29,3224.49658203125,3276.266022568449,3209.705313306336,3246.683485118621,228669400,BBRI.JK
2022-08-01,3224.49658203125,3261.474753843535,3202.309678943879,3246.683485118621,200791700,BBRI.JK
2022-08-02,3254.0791015625,3254.0791015625,3180.1227583451705,3224.4965642755683,173931000,BBRI.JK
2022-08-03,3239.2880859375,3268.8706255351026,3217.101181239298,3261.474990635702,103412300,BBRI.JK
2022-08-04,3224.49658203125,3246.683485118621,3217.100947668793,3239.287850756164,120175700,BBRI.JK
2022-08-05,3224.49658203125,3254.079119481078,3194.914044581422,3224.49658203125,168879400,BBRI.JK
2022-08-08,3231.89208984375,3254.078992062357,3209.705187625143,3224.496455770881,107242600,BBRI.JK
2022-08-09,3261.474609375,3305.848413584184,3246.6833413052723,3254.0789753401364,181747100,BBRI.JK
2022-08-10,3187.518310546875,3231.8921153340702,3180.122676415676,3217.100847071672,205341100,BBRI.JK
2022-08-11,3217.101318359375,3261.4751296470904,3209.7056831447558,3239.2882240032327,193329000,BBRI.JK
2022-08-12,3194.914306640625,3217.1012115478516,3194.914306640625,3209.705576578776,103916700,BBRI.JK
2022-08-15,3180.12255859375,3217.1007278797238,3180.12255859375,3202.3094601653343,135099400,BBRI.JK
2022-08-16,3165.331787109375,3217.1012322256497,3157.936152092764,3217.1012322256497,205432400,BBRI.JK
2022-08-18,3202.3095703125,3209.7052044240763,3187.518302089348,3202.3095703125,138795300,BBRI.JK
2022-08-19,3180.12255859375,3209.705094022529,3180.12255859375,3209.705094022529,84552100,BBRI.JK
2022-08-22,3157.93603515625,3202.3098436127784,3157.93603515625,3194.9142088700237,121124400,BBRI.JK
2022-08-23,3180.12255859375,3187.5181924509448,3150.540023164971,3150.540023164971,107799500,BBRI.JK
2022-08-24,3172.727294921875,3202.309833802265,3165.331660201777,3180.1229296419724,75055900,BBRI.JK
2022-08-25,3157.93603515625,3180.122939384514,3157.93603515625,3165.3316698990047,117653800,BBRI.JK
2022-08-26,3157.93603515625,3172.7273046417595,3157.93603515625,3165.3316698990047,87375200,BBRI.JK
2022-08-29,3143.14501953125,3157.936290211397,3120.9581135110298,3143.14501953125,88409800,BBRI.JK
2022-08-30,3150.54052734375,3180.1230675066017,3143.1448923030366,3143.1448923030366,157219500,BBRI.JK
2022-08-31,3209.705322265625,3217.1009566487255,3135.74897843462,3143.1446128177204,191475700,BBRI.JK
2022-09-01,3246.683837890625,3246.683837890625,3187.5187565623223,3194.91439172836,139929300,BBRI.JK
2022-09-02,3291.0576171875,3291.0576171875,3239.2881715238764,3261.4750768082868,220616600,BBRI.JK
2022-09-05,3394.596435546875,3401.992070482707,3268.8706416377313,3276.2662765735636,261126600,BBRI.JK
2022-09-06,3372.409423828125,3468.552674946032,3365.0137891267477,3453.7614055432773,188042700,BBRI.JK
2022-09-07,3298.453369140625,3365.014087351983,3298.453369140625,3335.4315459247127,231936700,BBRI.JK
2022-09-08,3401.99169921875,3416.782967476223,3313.244089673913,3313.244089673913,250373200,BBRI.JK
2022-09-09,3409.387451171875,3431.5743543248377,3379.804913634592,3431.5743543248377,119286700,BBRI.JK
2022-09-12,3372.409423828125,3424.1788667377673,3372.409423828125,3409.3875973350123,97988000,BBRI.JK
2022-09-13,3387.20068359375,3431.5744916757644,3372.4094142330787,3372.4094142330787,141828800,BBRI.JK
2022-09-14,3387.20068359375,3409.387587634757,3335.4312408314,3342.826875511736,149960600,BBRI.JK
2022-09-15,3409.387451171875,3475.9481606307622,3394.596182403234,3401.9918167875544,295664100,BBRI.JK
2022-09-16,3328.03564453125,3416.78326171875,3328.03564453125,3409.387626953125,282492200,BBRI.JK
2022-09-19,3379.804931640625,3401.991834911789,3328.035490674576,3342.8267595220186,134432000,BBRI.JK
2022-09-20,3320.64013671875,3401.992122250835,3320.64013671875,3379.805217105721,138695500,BBRI.JK
2022-09-21,3365.013916015625,3365.013916015625,3305.848836173592,3320.6401061341003,159976900,BBRI.JK
2022-09-22,3372.409423828125,3387.20069323088,3328.03561561986,3328.03561561986,100425300,BBRI.JK
2022-09-23,3313.24462890625,3372.4097115652903,3313.24462890625,3357.6184409005305,139074000,BBRI.JK
2022-09-26,3357.6181640625,3357.6181640625,3261.47491266864,3313.2443557268725,280747500,BBRI.JK
2022-09-27,3350.22216796875,3365.0134358185014,3313.2439983443705,3328.0352661941224,213704600,BBRI.JK
2022-09-28,3342.826904296875,3372.4094432729535,3313.2443653207965,3335.431269552855,161815300,BBRI.JK
2022-09-29,3313.24462890625,3357.6184409005305,3298.45335824149,3342.82717023577,169368600,BBRI.JK
2022-09-30,3320.64013671875,3335.4314068154927,3261.475056331779,3291.057596525264,224229200,BBRI.JK
2022-10-03,3350.22216796875,3365.0134358185014,3313.2439983443705,3328.0352661941224,159559600,BBRI.JK
2022-10-04,3431.574462890625,3438.970097508924,3372.409385944235,3372.409385944235,256367100,BBRI.JK
2022-10-05,3357.6181640625,3446.365780733756,3357.6181640625,3446.365780733756,182246200,BBRI.JK
2022-10-06,3335.43115234375,3379.804959248545,3335.4311523437505,3357.6180557961475,123346200,BBRI.JK
2022-10-07,3283.661376953125,3320.639545612507,3276.2657432212486,3313.2439118806305,133678600,BBRI.JK
2022-10-10,3231.89208984375,3276.265894280964,3209.705187625143,3268.870260208095,193923600,BBRI.JK
2022-10-11,3276.26611328125,3276.26611328125,3231.8923058778923,3246.6835750123446,133742200,BBRI.JK
2022-10-12,3254.0791015625,3305.8485418146306,3254.0791015625,3305.8485418146306,128741800,BBRI.JK
2022-10-13,3217.101318359375,3268.8707648617096,3217.101318359375,3246.683859217852,104269900,BBRI.JK
2022-10-14,3157.93603515625,3246.6836520693064,3157.93603515625,3239.2880173265517,180841100,BBRI.JK
2022-10-17,3180.12255859375,3194.9138263081395,3150.540023164971,3157.9356570221657,145506000,BBRI.JK
2022-10-18,3172.727294921875,3209.705468522363,3165.331660201777,3165.331660201777,161444100,BBRI.JK
2022-10-19,3180.12255859375,3209.705094022529,3165.3312908793605,3165.3312908793605,81682300,BBRI.JK
2022-10-20,3246.683837890625,3254.079473056663,3165.3318510642084,3165.3318510642084,149521700,BBRI.JK
2022-10-21,3276.26611328125,3298.453016982929,3224.496671310666,3224.496671310666,165052200,BBRI.JK
2022-10-24,3328.03564453125,3357.61818359375,3276.266201171875,3276.266201171875,186997700,BBRI.JK
2022-10-25,3394.596435546875,3409.387705418539,3365.0138958035473,3372.409530739379,233948800,BBRI.JK
2022-10-26,3350.22216796875,3409.3872393677566,3328.0352661941224,3401.9916054428804,178298500,BBRI.JK
2022-10-27,3401.99169921875,3401.9916992187505,3350.2222603175956,3365.013528575068,131385300,BBRI.JK
2022-10-28,3424.1787109375,3424.1787109374995,3372.409270383369,3401.9918078428723,227256400,BBRI.JK
2022-10-31,3438.969970703125,3461.15687373992,3424.178702011929,3424.178702011929,275184000,BBRI.JK
2022-11-01,3446.365478515625,3475.9480148118964,3424.1785762934214,3468.5523807378286,230590200,BBRI.JK
2022-11-02,3409.387451171875,3461.1568918621206,3379.804913634592,3461.1568918621206,163816900,BBRI.JK
2022-11-03,3438.969970703125,3446.3656050487234,3394.5961646295364,3424.178702011929,174423000,BBRI.JK
2022-11-04,3438.969970703125,3446.3656050487234,3409.3874333207327,3438.9699707031255,85292300,BBRI.JK
2022-11-07,3468.552490234375,3468.552490234375,3409.387415774087,3438.9699530042312,112070500,BBRI.JK
2022-11-08,3416.783447265625,3468.552893436316,3409.387812098383,3468.552893436316,80916300,BBRI.JK
2022-11-09,3438.969970703125,3438.9699707031255,3401.9917989751348,3401.9917989751348,126493900,BBRI.JK
2022-11-10,3350.22216796875,3387.200337593129,3342.826534043874,3372.409069743377,196277400,BBRI.JK
2022-11-11,3438.969970703125,3438.9699707031255,3394.5961646295364,3416.7830676663307,153238500,BBRI.JK
2022-11-14,3387.20068359375,3431.5744916757644,3365.013779552743,3416.7832223150926,140187600,BBRI.JK
2022-11-15,3387.20068359375,3409.387587634757,3372.4094142330787,3387.20068359375,87986300,BBRI.JK
2022-11-16,3342.826904296875,3409.387616993052,3320.640000064816,3394.596347505012,245789200,BBRI.JK
2022-11-17,3453.761474609375,3453.761474609375,3328.0356821717746,3342.826951870316,214514600,BBRI.JK
2022-11-18,3409.387451171875,3461.1568918621206,3409.3874511718755,3453.7612574778,105313200,BBRI.JK
2022-11-21,3394.596435546875,3424.1789752902027,3372.409530739379,3416.783340354371,82279300,BBRI.JK
2022-11-22,3394.596435546875,3453.761515033531,3379.805165675211,3379.805165675211,154866000,BBRI.JK
2022-11-23,3453.761474609375,3453.761474609375,3424.178935212293,3431.574570061563,147280600,BBRI.JK
2022-11-24,3490.739990234375,3505.531261379436,3453.761812371723,3475.948719089314,156735700,BBRI.JK
2022-11-25,3512.927001953125,3512.927001953125,3468.553187191612,3475.9488229851977,177861100,BBRI.JK
2022-11-28,3564.6962890625,3572.0919245169866,3498.135569972121,3498.135569972121,214611600,BBRI.JK
2022-11-29,3586.882568359375,3594.278202520941,3542.5087633899807,3564.695665874678,184916300,BBRI.JK
2022-11-30,3683.02587890625,3683.02587890625,3549.9044615963858,3557.300095891378,560639800,BBRI.JK
2022-12-01,3653.443359375,3716.306251186108,3623.8608220521255,3697.8171653593117,267382600,BBRI.JK
2022-12-02,3616.465576171875,3646.0481166722584,3594.2786707965874,3623.861211296971,199981400,BBRI.JK
2022-12-05,3616.465576171875,3646.0481166722584,3594.2786707965874,3631.2568464220667,88463000,BBRI.JK
2022-12-06,3594.2783203125,3616.4652235243057,3549.9045138888887,3594.2783203125,151325300,BBRI.JK
2022-12-07,3520.321533203125,3579.4866009880516,3505.5302662568934,3579.4866009880516,253330100,BBRI.JK
2022-12-08,3579.48681640625,3579.48681640625,3483.3435754697184,3520.321745060692,154313900,BBRI.JK
2022-12-09,3549.904296875,3579.4868326822916,3520.3217610677084,3572.0911987304685,203573100,BBRI.JK
2022-12-12,3586.882568359375,3586.882568359375,3520.3218609052838,3549.9043975515465,139582400,BBRI.JK
2022-12-13,3675.63037109375,3683.0260056432344,3579.487121950453,3601.674025598906,194233200,BBRI.JK
2022-12-14,3683.02587890625,3697.817147496235,3601.673901661333,3697.817147496235,201275800,BBRI.JK
2022-12-15,3631.256591796875,3653.4434956164077,3609.0696879773423,3623.860957190364,170702300,BBRI.JK
2022-12-16,3683.02587890625,3683.02587890625,3564.695730186371,3564.695730186371,594601900,BBRI.JK
2022-12-19,3675.63037109375,3683.0260056432344,3638.652198346328,3675.63037109375,82959800,BBRI.JK
2022-12-20,3631.256591796875,3675.6303994359405,3616.465322583853,3646.0478610098967,78671600,BBRI.JK
2022-12-21,3616.465576171875,3653.4437517973543,3601.6743059216833,3631.2568464220667,71277800,BBRI.JK
2022-12-22,3668.235107421875,3675.6307427190964,3623.861295638546,3631.2569309357673,87321400,BBRI.JK
2022-12-23,3609.06982421875,3653.443633532915,3609.06982421875,3638.652363761527,53350600,BBRI.JK
2022-12-26,3646.0478515625,3646.0478515625,3616.4653132131084,3623.8609478004564,43581100,BBRI.JK
2022-12-27,3601.674072265625,3660.839149428099,3594.278437620316,3646.0478801374807,74123800,BBRI.JK
2022-12-28,3564.6962890625,3609.070101789419,3557.3006536080134,3601.6744663349327,117912500,BBRI.JK
2022-12-29,3601.674072265625,3601.674072265625,3549.9046297484597,3564.6958990390785,106690700,BBRI.JK
2022-12-30,3653.443359375,3660.8389937057186,3601.6739190599696,3601.6739190599696,182091500,BBRI.JK
2023-01-02,3601.674072265625,3638.6522454921715,3564.6958990390785,3631.2566108468623,100200100,BBRI.JK
2023-01-03,3586.882568359375,3623.8607391672035,3572.0913000362434,3572.0913000362434,95136500,BBRI.JK
2023-01-04,3527.7177734375,3586.8828513987164,3527.7177734375005,3586.8828513987164,188071000,BBRI.JK
2023-01-05,3431.574462890625,3520.32207831021,3379.8050205625336,3512.9264436919116,292142000,BBRI.JK
2023-01-06,3416.783447265625,3431.574717600108,3365.0140010949335,3365.0140010949335,175932000,BBRI.JK
2023-01-09,3394.596435546875,3431.574610226035,3365.0138958035473,3387.200800611043,166164900,BBRI.JK
2023-01-10,3317.463623046875,3422.3044598926003,3302.4863606403433,3407.327197486068,282510000,BBRI.JK
2023-01-11,3280.020263671875,3317.4634173667596,3265.0430021939214,3302.4861558888056,211610100,BBRI.JK
2023-01-12,3369.8837890625,3384.8610503472223,3302.4861132812503,3354.906527777778,210887800,BBRI.JK
2023-01-13,3354.90625,3392.3494001116073,3309.9744698660716,3377.372140066964,134592100,BBRI.JK
2023-01-16,3384.861083984375,3392.3497147011544,3309.974776816579,3317.463407533359,172170900,BBRI.JK
2023-01-17,3414.8154296875,3429.7926903440243,3377.37227804619,3384.860908374452,150577400,BBRI.JK
2023-01-18,3444.770263671875,3459.7475256878397,3414.8157396399456,3414.8157396399456,178026000,BBRI.JK
2023-01-19,3452.259033203125,3467.2362958200583,3429.793139277725,3437.2817705861917,117204100,BBRI.JK
2023-01-20,3482.212890625,3497.190150369624,3459.7470010080647,3467.2356308803764,116038300,BBRI.JK
2023-01-24,3459.7470703125,3504.6788504464284,3437.281180245536,3489.701590401786,81964700,BBRI.JK
2023-01-25,3414.8154296875,3459.7472116570725,3407.326799359238,3459.7472116570725,84009300,BBRI.JK
2023-01-26,3437.28173828125,3459.7476319955067,3407.3272133289083,3414.8158445669937,113840400,BBRI.JK
2023-01-27,3474.724853515625,3504.679378114897,3444.7703289163524,3444.7703289163524,178282600,BBRI.JK
2023-01-30,3452.259033203125,3504.6794523623917,3422.3045079692583,3482.2135584369917,185972400,BBRI.JK
2023-01-31,3429.792724609375,3459.747246221684,3422.3040942062976,3452.2586158186064,280039200,BBRI.JK
2023-02-01,3504.67919921875,3512.1678299863115,3459.7474146133814,3467.236045380943,181849300,BBRI.JK
2023-02-02,3444.770263671875,3504.679311735734,3444.770263671875,3482.2134187117867,145413400,BBRI.JK
2023-02-03,3557.099853515625,3579.5657473273027,3467.2362782689147,3482.213540810033,198479900,BBRI.JK
2023-02-06,3549.61083984375,3602.031253090388,3504.679057060918,3579.5653616989716,141366300,BBRI.JK
2023-02-07,3557.099853515625,3587.054378597862,3534.6339597039473,3549.6112222450656,140923100,BBRI.JK
2023-02-08,3587.0546875,3587.0546875000005,3527.1456321764094,3527.1456321764094,168599500,BBRI.JK
2023-02-09,3602.03125,3624.4971413721414,3572.076728170478,3587.053989085239,177400700,BBRI.JK
2023-02-10,3639.47509765625,3654.452361432613,3572.0774106626154,3624.4978338798865,181146600,BBRI.JK
2023-02-13,3594.54296875,3669.429280598958,3594.54296875,3669.429280598958,144569400,BBRI.JK
2023-02-14,3646.963134765625,3646.963134765625,3602.031350764406,3609.5199814312755,120995200,BBRI.JK
2023-02-15,3646.963134765625,3661.9403960993645,3602.031350764406,3661.9403960993645,84568100,BBRI.JK
2023-02-16,3646.963134765625,3661.9403960993645,3631.9858734318855,3661.9403960993645,69966200,BBRI.JK
2023-02-17,3654.451416015625,3661.9400459664766,3617.0082662613668,3661.9400459664766,104019300,BBRI.JK
2023-02-20,3654.451416015625,3669.4286759173283,3624.4968962122184,3669.4286759173283,88432500,BBRI.JK
2023-02-21,3609.519775390625,3654.451556827023,3609.519775390625,3654.451556827023,59319100,BBRI.JK
2023-02-22,3564.588134765625,3602.0312874417345,3542.1222431599595,3587.054026371291,107327900,BBRI.JK
2023-02-23,3594.54296875,3602.031599934896,3542.122550455729,3602.031599934896,139144500,BBRI.JK
2023-02-24,3564.588134765625,3624.4971790474006,3564.5881347656255,3594.542656906513,46409300,BBRI.JK
2023-02-27,3602.03125,3602.03125,3564.588097713098,3579.5653586278586,89918800,BBRI.JK
2023-02-28,3497.190673828125,3587.054245746621,3497.190673828125,3564.5883527669966,273125500,BBRI.JK
2023-03-01,3534.6337890625,3557.099681789592,3519.6565272444386,3542.1224199715307,115578600,BBRI.JK
2023-03-02,3579.5654296875,3579.5654296875,3534.6336460512553,3557.0995378693774,59377900,BBRI.JK
2023-03-03,3564.588134765625,3594.542656906513,3542.1222431599595,3594.542656906513,84777000,BBRI.JK
2023-03-06,3587.0546875,3594.5433194154493,3579.5660555845516,3587.0546875000005,78292000,BBRI.JK
2023-03-07,3624.49755859375,3631.9861899131583,3572.07713935789,3572.07713935789,111953700,BBRI.JK
2023-03-08,3624.49755859375,3631.9861899131583,3609.520295954933,3631.9861899131583,125766100,BBRI.JK
2023-03-09,3602.03125,3646.963032744283,3602.03125,3639.474402286902,79549800,BBRI.JK
2023-03-10,3609.519775390625,3617.0084056300248,3594.542514911826,3609.519775390625,125140500,BBRI.JK
2023-03-13,3617.0087890625,3646.963313195523,3572.077002862966,3602.0315269959888,106769300,BBRI.JK
2023-03-14,3527.145263671875,3587.0543127363653,3512.1680014057524,3572.0770504702427,192444400,BBRI.JK
2023-03-15,3519.65673828125,3572.077157787566,3519.65673828125,3564.588526429521,107761200,BBRI.JK
2023-03-16,3542.12255859375,3557.099820997952,3474.7248777748414,3519.656664987447,155984500,BBRI.JK
2023-03-17,3669.429443359375,3669.429443359375,3557.099970603476,3572.077233637596,267753300,BBRI.JK
2023-03-20,3654.451416015625,3654.451416015625,3609.519636310515,3624.4968962122184,113829400,BBRI.JK
2023-03-21,3669.429443359375,3684.406706393495,3624.4976542570153,3646.9635488081954,214639300,BBRI.JK
2023-03-24,3748.984375,3788.2819051362685,3709.6868448637315,3733.2653629454926,266103900,BBRI.JK
2023-03-27,3725.406005859375,3764.7035375667524,3709.686993176424,3733.2655122008505,144925200,BBRI.JK
2023-03-28,3748.984375,3756.8438810272537,3725.405856918239,3725.405856918239,105217100,BBRI.JK
2023-03-29,3780.422119140625,3788.281624585824,3748.98409735983,3772.562613695426,141800500,BBRI.JK
2023-03-30,3733.265380859375,3780.4224172491777,3725.405874794408,3780.4224172491777,98847200,BBRI.JK
2023-03-31,3717.54638671875,3733.265398924749,3701.8273745127512,3717.54638671875,161561800,BBRI.JK
2023-04-03,3772.56298828125,3772.56298828125,3741.124963378906,3748.984469604492,133511700,BBRI.JK
2023-04-04,3788.281494140625,3788.281494140625,3741.1244630932315,3772.562483791494,88097800,BBRI.JK
2023-04-05,3796.14111328125,3835.4386403338513,3772.5625970496894,3780.4221024602098,119316500,BBRI.JK
2023-04-06,3804.00048828125,3819.7194985634037,3788.281477999096,3819.7194985634037,88012300,BBRI.JK
2023-04-10,3819.719970703125,3819.719970703125,3788.2819462528932,3819.719970703125,58886800,BBRI.JK
2023-04-11,3835.438232421875,3843.29773699651,3796.1407095487,3819.719223272605,67275600,BBRI.JK
2023-04-12,3874.73583984375,3890.4548493360167,3843.2978208592162,3890.4548493360167,194839900,BBRI.JK
2023-04-13,3914.033935546875,3929.7529473362197,3874.7364060735126,3890.4554178628573,141279800,BBRI.JK
2023-04-14,3988.698974609375,4008.3477380310965,3929.752684344212,3969.0502111876544,190097200,BBRI.JK
2023-04-17,3921.89306640625,3988.698860122589,3898.314550976954,3988.698860122589,121231300,BBRI.JK
2023-04-18,3890.455078125,3949.4013671875005,3890.4550781250005,3921.8930989583337,95747700,BBRI.JK
2023-04-26,3949.4013671875,4047.645182291667,3874.7360677083334,4047.645182291667,273336000,BBRI.JK
2023-04-27,4047.645263671875,4047.645263671875,3921.8931778102246,3921.8931778102246,125947200,BBRI.JK
2023-04-28,4008.347900390625,4145.889249913833,4008.347900390625,4067.294193043428,251912000,BBRI.JK
2023-05-02,4047.645263671875,4067.294027087758,3969.0502100083436,4067.294027087758,84246100,BBRI.JK
2023-05-03,4008.347900390625,4106.5917214786305,3969.0503719554226,4106.5917214786305,183524700,BBRI.JK
2023-05-04,4047.645263671875,4067.294027087758,3988.6989734242266,4047.645263671875,140482000,BBRI.JK
2023-05-05,4106.59130859375,4126.2400708358255,4027.9962596254486,4106.59130859375,182599600,BBRI.JK
2023-05-08,4008.347900390625,4126.240485696231,3969.0503719554226,4126.240485696231,107804200,BBRI.JK
2023-05-09,4027.996826171875,4027.9968261718755,3949.4017661490093,3969.050531154726,102987300,BBRI.JK
2023-05-10,4047.645263671875,4047.645263671875,3969.0502100083436,3988.6989734242266,108369600,BBRI.JK
2023-05-11,4047.645263671875,4067.294027087758,4008.3477368401095,4067.294027087758,85618800,BBRI.JK
2023-05-12,4047.645263671875,4067.294027087758,4008.3477368401095,4008.3477368401095,92625800,BBRI.JK
2023-05-15,4047.645263671875,4067.294027087758,3949.4014465924606,4047.645263671875,163732600,BBRI.JK
2023-05-16,4086.94287109375,4086.94287109375,4008.3478158804087,4067.2941072904146,73611200,BBRI.JK
2023-05-17,4086.94287109375,4126.240398700421,4067.2941072904146,4126.240398700421,115834500,BBRI.JK
2023-05-19,4244.1337890625,4283.431324146412,4086.943648726852,4106.592416268808,185672200,BBRI.JK
2023-05-22,4263.78173828125,4322.728029593894,4165.5379194268435,4165.5379194268435,162655900,BBRI.JK
2023-05-23,4322.72802734375,4401.323082386363,4303.079263583097,4303.079263583097,255251600,BBRI.JK
2023-05-24,4401.32275390625,4401.32275390625,4283.430180140904,4342.376467023577,187436100,BBRI.JK
2023-05-25,4303.07958984375,4381.674650845463,4283.430824593322,4322.728355094178,224391900,BBRI.JK
2023-05-26,4401.32275390625,4401.32275390625,4263.78141784668,4263.78141784668,154003100,BBRI.JK
2023-05-29,4362.025390625,4420.9716796875,4303.0791015625,4401.322916666667,125049100,BBRI.JK
2023-05-30,4322.72802734375,4401.323082386363,4322.72802734375,4322.72802734375,67363200,BBRI.JK
2023-05-31,4381.67431640625,4381.67431640625,4224.484206400645,4381.67431640625,898453700,BBRI.JK
2023-06-05,4263.78173828125,4401.3230846774195,4263.78173828125,4401.3230846774195,255472600,BBRI.JK
2023-06-06,4283.4306640625,4322.7281930905965,4204.835606006307,4244.1331350344035,92019300,BBRI.JK
2023-06-07,4244.1337890625,4303.080091688368,4204.8362539785885,4303.080091688368,150377000,BBRI.JK
2023-06-08,4303.07958984375,4303.07958984375,4204.83576359161,4224.484528842037,92794100,BBRI.JK
2023-06-09,4263.78173828125,4283.4305020521315,4224.484210739487,4263.78173828125,77251000,BBRI.JK
2023-06-12,4244.1337890625,4244.1337890625,4224.485021520544,4244.1337890625,92314200,BBRI.JK
2023-06-13,4362.025390625,4362.025390625,4244.1328125,4244.1328125,108831400,BBRI.JK
2023-06-14,4362.025390625,4381.674153645834,4303.0791015625,4381.674153645834,79137600,BBRI.JK
2023-06-15,4342.376953125,4342.376953125,4283.430659643665,4303.079424137443,74388400,BBRI.JK
2023-06-16,4362.025390625,4362.025390625,4244.1328125,4303.0791015625,189062600,BBRI.JK
2023-06-19,4342.376953125,4342.376953125,4283.430659643665,4322.728188631222,55144200,BBRI.JK
2023-06-20,4362.025390625,4362.025390625,4303.0791015625,4303.0791015625,102926800,BBRI.JK
2023-06-21,4381.67431640625,4381.67431640625,4322.728025154148,4322.728025154148,84605400,BBRI.JK
2023-06-22,4303.07958984375,4401.32341609589,4303.07958984375,4362.025885595034,94143200,BBRI.JK
2023-06-23,4244.1337890625,4303.080091688368,4244.1337890625,4263.782556604456,123350300,BBRI.JK
2023-06-26,4283.4306640625,4303.079428576548,4224.484370520356,4263.781899548451,85472100,BBRI.JK
2023-06-27,4263.78173828125,4322.728029593894,4263.78173828125,4283.4305020521315,110716500,BBRI.JK
2023-07-03,4303.07958984375,4362.025885595034,4283.430824593322,4322.728355094178,168559800,BBRI.JK
2023-07-04,4283.4306640625,4322.7281930905965,4263.781899548451,4322.7281930905965,94462600,BBRI.JK
2023-07-05,4283.4306640625,4283.4306640625,4244.1331350344035,4244.1331350344035,109632800,BBRI.JK
2023-07-06,4263.78173828125,4303.079265823013,4244.1329745103685,4283.4305020521315,109446200,BBRI.JK
2023-07-07,4224.48388671875,4263.781411246367,4224.48388671875,4244.132648982558,114043800,BBRI.JK
2023-07-10,4244.1337890625,4322.728859230324,4244.1337890625,4263.782556604456,78972100,BBRI.JK
2023-07-11,4263.78173828125,4283.4305020521315,4224.484210739487,4224.484210739487,122094700,BBRI.JK
2023-07-12,4283.4306640625,4303.079428576548,4263.781899548451,4283.4306640625,104993700,BBRI.JK
2023-07-13,4283.4306640625,4303.079428576548,4263.781899548451,4263.781899548451,134905700,BBRI.JK
2023-07-14,4342.376953125,4342.376953125,4263.781895149887,4283.430659643665,127814200,BBRI.JK
2023-07-17,4381.67431640625,4420.971843907651,4342.376788904849,4362.025552655549,166951300,BBRI.JK
2023-07-18,4420.9716796875,4479.91796875,4401.322916666667,4420.9716796875,120810300,BBRI.JK
2023-07-20,4420.9716796875,4440.620442708334,4362.025390625,4381.674153645834,111117300,BBRI.JK
2023-07-21,4420.9716796875,4420.9716796875,4381.674153645834,4401.322916666667,63094600,BBRI.JK
2023-07-24,4401.32275390625,4440.620278494699,4401.32275390625,4401.32275390625,62962500,BBRI.JK
2023-07-25,4440.62060546875,4479.918132950775,4420.971841727738,4420.971841727738,111248100,BBRI.JK
2023-07-26,4460.26953125,4479.918295704846,4440.620766795154,4479.918295704846,76200300,BBRI.JK
2023-07-27,4440.62060546875,4519.215660432798,4440.62060546875,4460.269369209762,109859200,BBRI.JK
2023-07-28,4479.9189453125,4479.9189453125,4420.972643400493,4420.972643400493,74036700,BBRI.JK
2023-07-31,4440.62060546875,4479.918132950775,4440.62060546875,4479.918132950775,186727400,BBRI.JK
2023-08-01,4479.9189453125,4519.216479920505,4440.621410704495,4440.621410704495,100137500,BBRI.JK
2023-08-02,4479.9189453125,4499.567712616502,4440.621410704495,4440.621410704495,90611300,BBRI.JK
2023-08-03,4479.9189453125,4519.216479920505,4440.621410704495,4460.270178008498,82775000,BBRI.JK
2023-08-04,4381.67431640625,4499.566898910454,4381.67431640625,4479.918135159754,150738500,BBRI.JK
2023-08-07,4479.9189453125,4499.567712616502,4381.6751087924895,4401.323876096491,88104900,BBRI.JK
2023-08-08,4420.9716796875,4519.215494791667,4401.322916666667,4479.91796875,89189600,BBRI.JK
2023-08-09,4479.9189453125,4499.567712616502,4420.972643400493,4440.621410704495,91930000,BBRI.JK
2023-08-10,4479.9189453125,4499.567712616502,4460.270178008498,4460.270178008498,85474200,BBRI.JK
2023-08-11,4440.62060546875,4479.918132950775,4440.62060546875,4460.269369209762,74321000,BBRI.JK
2023-08-14,4440.62060546875,4460.269369209762,4381.6743142457135,4440.62060546875,127358400,BBRI.JK
2023-08-15,4381.67431640625,4460.269371409053,4381.67431640625,4440.620607658352,89597300,BBRI.JK
2023-08-16,4342.376953125,4381.674482112557,4283.430659643665,4362.025717618779,188191900,BBRI.JK
2023-08-18,4381.67431640625,4401.323080156951,4322.728025154148,4322.728025154148,121561200,BBRI.JK
2023-08-21,4322.72802734375,4381.67431862571,4322.72802734375,4362.025554865057,91640000,BBRI.JK
2023-08-22,4381.67431640625,4420.971843907651,4322.728025154148,4322.728025154148,101221500,BBRI.JK
2023-08-23,4401.32275390625,4420.971516200474,4381.673991612026,4401.32275390625,78686900,BBRI.JK
2023-08-24,4362.025390625,4420.9716796875,4362.025390625,4420.9716796875,74407500,BBRI.JK
2023-08-25,4401.32275390625,4401.32275390625,4342.376467023577,4362.025229317802,65096500,BBRI.JK
2023-08-28,4362.025390625,4420.9716796875,4362.025390625,4401.322916666667,37126600,BBRI.JK
2023-08-29,4401.32275390625,4401.32275390625,4342.376467023577,4342.376467023577,57547200,BBRI.JK
2023-08-30,4342.376953125,4401.323246606335,4322.728188631222,4401.323246606335,171282700,BBRI.JK
2023-08-31,4362.025390625,4362.025390625,4303.0791015625,4342.376627604167,175088200,BBRI.JK
2023-09-01,4381.67431640625,4401.323080156951,4342.376788904849,4401.323080156951,87366100,BBRI.JK
2023-09-04,4420.9716796875,4420.9716796875,4381.674153645834,4401.322916666667,43898200,BBRI.JK
2023-09-05,4420.9716796875,4440.620442708334,4401.322916666667,4420.9716796875,72464300,BBRI.JK
2023-09-06,4381.67431640625,4440.620607658352,4381.67431640625,4420.971843907651,106367800,BBRI.JK
2023-09-07,4283.4306640625,4362.025722118692,4283.4306640625,4342.376957604644,157998600,BBRI.JK
2023-09-08,4204.8349609375,4283.430006936332,4165.537437938085,4263.781245436624,243324500,BBRI.JK
2023-09-11,4263.78173828125,4263.78173828125,4165.5379194268435,4204.8354469686055,80474100,BBRI.JK
2023-09-12,4224.48388671875,4303.078935773982,4224.48388671875,4283.430173510174,121654400,BBRI.JK
2023-09-13,4244.1337890625,4263.782556604456,4204.8362539785885,4204.8362539785885,59408000,BBRI.JK
2023-09-14,4263.78173828125,4263.78173828125,4185.186683197725,4185.186683197725,76831700,BBRI.JK
2023-09-15,4224.48388671875,4283.430173510174,4224.48388671875,4244.132648982558,141455400,BBRI.JK
2023-09-18,4185.1865234375,4244.1328125,4165.537760416667,4204.835286458334,61329000,BBRI.JK
2023-09-19,4224.48388671875,4224.48388671875,4165.537599927326,4185.186362191133,50612700,BBRI.JK
2023-09-20,4224.48388671875,4283.430173510174,4204.835124454942,4204.835124454942,98710100,BBRI.JK
2023-09-21,4204.8349609375,4263.781245436624,4204.8349609375,4263.781245436624,68584900,BBRI.JK
2023-09-22,4204.8349609375,4263.781245436624,4204.8349609375,4204.8349609375,83184100,BBRI.JK
2023-09-25,4165.53759765625,4204.835122162442,4086.942548643868,4185.186359909346,120196700,BBRI.JK
2023-09-26,4086.94287109375,4145.889162503756,4086.94287109375,4126.240398700421,180280600,BBRI.JK
2023-09-27,4106.59130859375,4165.537595319976,4067.2937841095995,4067.2937841095995,119774700,BBRI.JK
2023-09-29,4106.59130859375,4185.186357562052,4106.59130859375,4165.537595319976,140331100,BBRI.JK
2023-10-02,4126.24072265625,4165.538253348214,4126.24072265625,4126.24072265625,81674600,BBRI.JK
2023-10-03,4145.888671875,4165.53743335308,4126.239910396919,4126.239910396919,54462700,BBRI.JK
2023-10-04,4126.24072265625,4145.889488002232,4086.9431919642852,4126.24072265625,121445000,BBRI.JK
2023-10-05,4067.29443359375,4145.88949511247,4067.29443359375,4126.24072973279,116814800,BBRI.JK
2023-10-06,4067.29443359375,4126.24072973279,4067.29443359375,4086.9431989734303,70202300,BBRI.JK
2023-10-09,4027.996826171875,4106.591886194741,4027.9968261718755,4086.9431211890246,144477000,BBRI.JK
2023-10-10,4067.29443359375,4126.24072973279,4027.9969028343903,4027.9969028343903,98457000,BBRI.JK
2023-10-11,4126.24072265625,4145.889488002232,4047.6456612723214,4047.6456612723214,100394800,BBRI.JK
2023-10-12,4165.53759765625,4224.4838844155365,4145.888835403155,4165.53759765625,174022400,BBRI.JK
2023-10-13,4145.888671875,4185.186194831161,4126.239910396919,4145.888671875,84648800,BBRI.JK
2023-10-16,4126.24072265625,4185.187018694196,4126.24072265625,4185.187018694196,45782300,BBRI.JK
2023-10-17,4047.645263671875,4145.88908075129,4047.645263671875,4126.240317335407,127287200,BBRI.JK
2023-10-18,4047.645263671875,4106.591553919524,4027.996500255992,4027.996500255992,77217600,BBRI.JK
2023-10-19,3929.752685546875,4047.645266113281,3929.752685546875,4008.3477392578125,195831400,BBRI.JK
2023-10-20,3969.050048828125,4008.3475740640474,3898.3145034034656,3914.0335134978345,173353600,BBRI.JK
2023-10-23,3929.752685546875,3988.6989758300783,3921.8931801757813,3929.752685546875,82756100,BBRI.JK
2023-10-24,4008.347900390625,4008.347900390625,3890.4553150850184,3929.7528435202207,104021500,BBRI.JK
2023-10-25,4067.29443359375,4086.9431989734303,4008.3481374547105,4008.3481374547105,142215000,BBRI.JK
2023-10-26,3866.876708984375,4067.294099389053,3866.876708984375,4067.294099389053,330618800,BBRI.JK
2023-10-27,3929.752685546875,3969.0502124023437,3882.5956533203125,3890.4551586914063,129599800,BBRI.JK
2023-10-30,3929.752685546875,3949.4014489746096,3906.1741694335938,3914.0336748046875,108523700,BBRI.JK
2023-10-31,3898.314697265625,3929.752719017767,3898.314697265625,3914.033708141696,106760300,BBRI.JK
2023-11-01,3796.14111328125,3898.3146836180126,3796.14111328125,3866.8766619759317,191567200,BBRI.JK
2023-11-02,3929.752685546875,3988.6989758300783,3859.0171372070313,3882.5956533203125,208075400,BBRI.JK
2023-11-03,4008.347900390625,4067.294193043428,3949.401607737822,3949.401607737822,125504000,BBRI.JK
2023-11-06,4086.94287109375,4086.94287109375,4008.3478158804087,4008.3478158804087,122333800,BBRI.JK
2023-11-07,4126.24072265625,4145.889488002232,4067.294426618303,4106.591957310267,137039400,BBRI.JK
2023-11-08,4106.59130859375,4126.2400708358255,4067.2937841095995,4086.942546351675,86713700,BBRI.JK
2023-11-09,4086.94287109375,4145.889162503756,4086.94287109375,4106.591634897085,66236400,BBRI.JK
2023-11-10,3988.698974609375,4047.6452648745385,3969.0502111876544,4047.6452648745385,113811900,BBRI.JK
2023-11-13,3949.4013671875,4027.9964192708335,3949.4013671875005,3988.698893229167,63126900,BBRI.JK
2023-11-14,3988.698974609375,4027.9965014528175,3969.0502111876544,3988.6989746093755,85419500,BBRI.JK
2023-11-15,4126.24072265625,4165.538253348214,4067.294426618303,4086.9431919642852,193790400,BBRI.JK
2023-11-16,4126.24072265625,4145.889488002232,4067.294426618303,4145.889488002232,99488800,BBRI.JK
2023-11-17,4106.59130859375,4126.2400708358255,4067.2937841095995,4067.2937841095995,70727500,BBRI.JK
2023-11-20,4126.24072265625,4145.889488002232,4067.294426618303,4067.294426618303,54123600,BBRI.JK
2023-11-21,4086.94287109375,4126.240398700421,4067.2941072904146,4106.591634897085,104110500,BBRI.JK
2023-11-22,4145.888671875,4165.53743335308,4067.2936259626777,4067.2936259626777,103585500,BBRI.JK
2023-11-23,4204.8349609375,4244.132483936916,4165.537437938085,4185.186199437792,174572400,BBRI.JK
2023-11-24,4244.1337890625,4283.431324146412,4224.485021520544,4244.1337890625,92571400,BBRI.JK
2023-11-27,4204.8349609375,4283.430006936332,4204.8349609375,4263.781245436624,76019100,BBRI.JK
2023-11-28,4204.8349609375,4263.781245436624,4185.186199437792,4185.186199437792,147993400,BBRI.JK
2023-11-29,4165.53759765625,4224.4838844155365,4165.53759765625,4204.835122162442,106197800,BBRI.JK
2023-11-30,4145.888671875,4224.483717787322,4145.888671875,4224.483717787322,224426400,BBRI.JK
2023-12-01,4204.8349609375,4224.483722437209,4145.888676438376,4145.888676438376,99499500,BBRI.JK
2023-12-04,4322.72802734375,4381.67431862571,4283.430499822443,4283.430499822443,235595700,BBRI.JK
2023-12-05,4283.4306640625,4322.7281930905965,4263.781899548451,4263.781899548451,114689900,BBRI.JK
2023-12-06,4263.78173828125,4283.4305020521315,4244.1329745103685,4263.78173828125,119716700,BBRI.JK
2023-12-07,4303.07958984375,4303.07958984375,4244.133294092466,4244.133294092466,102126600,BBRI.JK
2023-12-08,4224.48388671875,4283.430173510174,4224.48388671875,4263.781411246367,130542600,BBRI.JK
2023-12-11,4165.53759765625,4224.4838844155365,4165.53759765625,4185.186359909346,124468600,BBRI.JK
2023-12-12,4185.1865234375,4244.1328125,4185.1865234375,4224.484049479167,134501600,BBRI.JK
2023-12-13,4165.53759765625,4204.835122162442,4145.888835403155,4165.53759765625,98881600,BBRI.JK
2023-12-14,4362.025390625,4362.025390625,4263.781575520834,4283.430338541667,239261700,BBRI.JK
2023-12-15,4362.025390625,4401.322916666667,4362.025390625,4381.674153645834,252448800,BBRI.JK
2023-12-18,4322.72802734375,4381.67431862571,4322.72802734375,4381.67431862571,102780900,BBRI.JK
2023-12-19,4362.025390625,4362.025390625,4283.430338541667,4283.430338541667,135207300,BBRI.JK
2023-12-20,4362.025390625,4479.91796875,4362.025390625,4479.91796875,138470900,BBRI.JK
2023-12-21,4381.67431640625,4401.323080156951,4342.376788904849,4362.025552655549,99049600,BBRI.JK
2023-12-22,4460.26953125,4479.918295704846,4401.323237885463,4440.620766795154,109411300,BBRI.JK
2023-12-27,4420.9716796875,4499.566731770834,4420.9716796875,4479.91796875,122236700,BBRI.JK
2023-12-28,4499.5673828125,4519.21614867631,4460.26985108488,4479.91861694869,121434600,BBRI.JK
2023-12-29,4499.5673828125,4519.21614867631,4460.26985108488,4519.21614867631,93126000,BBRI.JK
2024-01-02,4526.68701171875,4526.68701171875,4486.804306769686,4506.745659244218,91143100,BBRI.JK
2024-01-03,4466.86328125,4506.745989118303,4466.86328125,4486.804635184152,83659700,BBRI.JK
2024-01-04,4546.62890625,4546.62890625,4446.922131990132,4466.863486842105,92683500,BBRI.JK
2024-01-05,4586.51123046875,4666.276643172555,4546.628524116848,4566.569877292799,134929600,BBRI.JK
2024-01-08,4486.80419921875,4626.393663194444,4486.80419921875,4586.510959201389,152015000,BBRI.JK
2024-01-09,4546.62890625,4546.62890625,4486.804841694079,4486.804841694079,105666200,BBRI.JK
2024-01-10,4546.62890625,4546.62890625,4486.804841694079,4486.804841694079,82626400,BBRI.JK
2024-01-11,4586.51123046875,4626.393936820652,4546.628524116848,4586.51123046875,116804400,BBRI.JK
2024-01-12,4666.2763671875,4666.2763671875,4606.452311197917,4626.393663194444,109715700,BBRI.JK
2024-01-15,4646.33544921875,4706.159510796674,4606.452741500134,4666.276803078058,115126700,BBRI.JK
2024-01-16,4646.33544921875,4686.218156937366,4606.452741500134,4646.33544921875,97074300,BBRI.JK
2024-01-17,4606.453125,4646.335836038961,4586.511769480519,4646.335836038961,107941600,BBRI.JK
2024-01-18,4586.51123046875,4626.393936820652,4546.628524116848,4626.393936820652,87259100,BBRI.JK
2024-01-19,4626.39404296875,4626.39404296875,4546.628628434806,4586.511335701778,75370700,BBRI.JK
2024-01-22,4606.453125,4626.394480519481,4546.629058441558,4606.453125,97545600,BBRI.JK
2024-01-23,4546.62890625,4586.5116159539475,4506.7461965460525,4546.62890625,122999700,BBRI.JK
2024-01-24,4506.74560546875,4546.628309941925,4446.921548758988,4526.686957705338,104225000,BBRI.JK
2024-01-25,4407.0390625,4506.74582861991,4407.0390625,4446.921768947964,120478800,BBRI.JK
2024-01-26,4327.27392578125,4367.156634774626,4307.332571284563,4347.215280277937,185244400,BBRI.JK
2024-01-29,4446.921875,4446.921875,4307.332399103139,4307.332399103139,145629600,BBRI.JK
2024-01-30,4486.80419921875,4506.745551215278,4367.156087239584,4407.038791232639,150513700,BBRI.JK
2024-01-31,4546.62890625,4606.452970805921,4526.687551398026,4566.570261101973,245117200,BBRI.JK
2024-02-01,4586.51123046875,4626.393936820652,4566.569877292799,4606.452583644701,156633900,BBRI.JK
2024-02-02,4666.2763671875,4666.2763671875,4586.510959201389,4626.393663194444,177209700,BBRI.JK
2024-02-05,4606.453125,4646.335836038961,4586.511769480519,4626.394480519481,113760000,BBRI.JK
2024-02-06,4646.33544921875,4706.159510796674,4626.394095359442,4706.159510796674,126704300,BBRI.JK
2024-02-07,4666.2763671875,4706.159071180556,4646.335015190973,4666.2763671875,147005300,BBRI.JK
2024-02-12,4805.8662109375,4805.8662109375,4666.276735931016,4686.218089503372,171514600,BBRI.JK
2024-02-13,4785.9248046875,4825.807511393229,4746.042097981771,4825.807511393229,145852200,BBRI.JK
2024-02-15,4885.63134765625,5005.2794622927295,4865.689995216837,5005.2794622927295,308685100,BBRI.JK
2024-02-16,4905.57275390625,4945.45545922256,4885.631401248094,4905.57275390625,130814400,BBRI.JK
2024-02-19,4865.6904296875,4925.514492347593,4845.749075467469,4885.631783907531,111382900,BBRI.JK
2024-02-20,5025.22119140625,5025.22119140625,4925.514421735492,4925.514421735492,160872600,BBRI.JK
2024-02-21,5025.22119140625,5085.045253208706,4965.397129603795,5045.162545340402,168423000,BBRI.JK
2024-02-22,4985.33837890625,5025.2210859375,4965.397025390625,4985.33837890625,100256000,BBRI.JK
2024-02-23,4885.63134765625,4925.514052535076,4825.80729033801,4885.63134765625,148643000,BBRI.JK
2024-02-26,4925.5146484375,4945.456003289473,4845.749229029605,4865.690583881578,98920800,BBRI.JK
2024-02-27,4885.63134765625,4945.45540497449,4885.63134765625,4885.63134765625,99187500,BBRI.JK
2024-02-28,4965.39697265625,4965.39697265625,4865.690206137048,4865.690206137048,97236700,BBRI.JK
2024-02-29,4885.63134765625,4945.45540497449,4885.63134765625,4905.572700095663,173774600,BBRI.JK
2024-03-01,4885.63134765625,4925.514052535076,4845.748642777424,4925.514052535076,76286400,BBRI.JK
2024-03-04,4825.80712890625,4885.63118422327,4825.80712890625,4885.63118422327,70354900,BBRI.JK
2024-03-05,4885.63134765625,4925.514052535076,4845.748642777424,4865.689995216837,115084600,BBRI.JK
2024-03-06,4945.45556640625,4945.45556640625,4865.690154044859,4865.690154044859,84108800,BBRI.JK
2024-03-07,4965.39697265625,5005.279679263931,4945.4556193524095,4945.4556193524095,117724700,BBRI.JK
2024-03-08,5065.10400390625,5104.986712598425,4985.3385865219,5005.279940867987,163060000,BBRI.JK
2024-03-13,5104.98681640625,5144.869525909424,5065.104106903076,5065.104106903076,195173100,BBRI.JK
2024-03-14,5092.5654296875,5133.9684006605685,5009.759487741361,5113.266915174034,271254000,BBRI.JK
2024-03-15,4947.6552734375,5030.4612194364545,4926.953786937762,4968.356759937239,305995800,BBRI.JK
2024-03-18,4968.3564453125,5051.162386067708,4947.6549601236975,4968.3564453125,110564700,BBRI.JK
2024-03-19,4968.3564453125,5009.759415690104,4947.6549601236975,4968.3564453125,114338600,BBRI.JK
2024-03-20,5051.16259765625,5051.16259765625,4968.356653432377,4968.356653432377,120885400,BBRI.JK
2024-03-21,5051.16259765625,5133.968541880123,5051.16259765625,5113.267055824154,136020000,BBRI.JK
2024-03-22,5071.86376953125,5071.86376953125,5009.759315210459,5009.759315210459,46529200,BBRI.JK
2024-03-25,5175.37158203125,5175.37158203125,5071.864150390625,5175.37158203125,115729600,BBRI.JK
2024-03-26,5216.7744140625,5216.7744140625,5133.968470982143,5216.7744140625,120748400,BBRI.JK
2024-03-27,5175.37158203125,5237.476041015625,5154.670095703124,5216.774554687499,73308900,BBRI.JK
2024-03-28,5009.75927734375,5133.968185046488,4989.057792726627,5051.162246577996,288926900,BBRI.JK
2024-04-01,4906.251953125,4989.057893262131,4823.44601298787,4968.356408227848,217207800,BBRI.JK
2024-04-02,4699.23681640625,4926.953137906112,4657.833848860821,4844.147202815253,412180900,BBRI.JK
2024-04-03,4657.833984375,4699.236953125001,4575.028046875001,4616.431015625,333518700,BBRI.JK
2024-04-04,4719.93896484375,4761.3419382195725,4678.5359914679275,4678.5359914679275,131936100,BBRI.JK
2024-04-05,4678.53564453125,4719.938614836837,4657.834159378457,4657.834159378457,178817800,BBRI.JK
2024-04-16,4430.11767578125,4616.431035977657,4430.11767578125,4450.819160247517,600717500,BBRI.JK
2024-04-17,4388.71435546875,4554.326217939269,4388.71435546875,4533.624735130454,244002000,BBRI.JK
2024-04-18,4533.625,4554.326484018265,4388.714611872146,4388.714611872146,247410700,BBRI.JK
2024-04-19,4368.01318359375,4450.8191207234895,4347.311699311315,4430.117636441055,258211500,BBRI.JK
2024-04-22,4388.71435546875,4409.415838277565,4264.505458615861,4305.90842423349,342282800,BBRI.JK
2024-04-23,4388.71435546875,4471.52028670401,4326.609907042305,4430.11732108638,281403100,BBRI.JK
2024-04-24,4326.6103515625,4430.117776241029,4264.505896755382,4347.311836498206,471241400,BBRI.JK
2024-04-25,4264.50634765625,4305.90932190534,4181.7003991580705,4243.804860531705,479170900,BBRI.JK
2024-04-26,3999.52685546875,4223.102890867624,3999.52685546875,4181.699921349314,782589900,BBRI.JK
2024-04-29,3949.84326171875,4049.210387799725,3875.317917158019,3891.8791048381813,700644800,BBRI.JK
2024-04-30,4090.613037109375,4181.699562227195,3991.2459187990257,4016.087698376613,565609200,BBRI.JK
2024-05-02,3941.562744140625,4074.0522481453518,3891.8791801388525,4065.7716541450563,636922100,BBRI.JK
2024-05-03,3933.2822265625,3999.5269798519735,3900.159849917763,3941.562820723684,321697200,BBRI.JK
2024-05-06,3966.405029296875,4007.808004550496,3916.72145899253,3974.6856243475995,262707400,BBRI.JK
2024-05-07,3867.03759765625,3958.124136359074,3867.03759765625,3949.843541931544,304013600,BBRI.JK
2024-05-08,3875.318603515625,3925.002175355569,3784.232055142394,3850.476817595653,572275800,BBRI.JK
2024-05-13,3875.318603515625,3891.8797941289395,3833.9156269823384,3850.476817595653,320067100,BBRI.JK
2024-05-14,3916.72119140625,3982.965947286271,3891.879407951242,3908.440596921247,341458900,BBRI.JK
2024-05-15,3991.24658203125,4032.649554873898,3941.563014620073,3958.124203757132,298990300,BBRI.JK
2024-05-16,4007.8076171875,4107.174748192148,4007.8076171875,4082.3329654409863,371295000,BBRI.JK
2024-05-17,4074.052734375,4107.175114329268,3991.246784489329,4007.8079744664633,208991800,BBRI.JK
2024-05-20,3991.24658203125,4181.70025710743,3991.24658203125,4132.016689696253,335150700,BBRI.JK
2024-05-21,3875.318603515625,4032.649914342114,3875.318603515625,3982.96634250217,271568800,BBRI.JK
2024-05-22,3908.440673828125,3949.84364706783,3850.4765112925384,3850.4765112925384,215066000,BBRI.JK
2024-05-27,3767.67041015625,3908.440513392857,3767.67041015625,3891.879324776786,363719300,BBRI.JK
2024-05-28,3751.109375,3833.915321467991,3742.8287803532007,3792.5123482339955,258070200,BBRI.JK
2024-05-29,3651.741943359375,3726.2672891422194,3643.461349383503,3709.706101190476,465008500,BBRI.JK
2024-05-30,3626.900390625,3709.706335616438,3568.936229130993,3643.4615796232874,502927800,BBRI.JK
2024-05-31,3593.778076171875,3701.42580656412,3585.4974815263176,3668.3034279818908,655144100,BBRI.JK
2024-06-03,3751.109375,3775.951158940397,3643.4616445916113,3668.3034285320086,345770100,BBRI.JK
2024-06-04,3684.864501953125,3800.7928233628863,3684.864501953125,3775.9510402036517,332902200,BBRI.JK
2024-06-05,3643.46142578125,3726.2673672762785,3643.46142578125,3726.2673672762785,240788500,BBRI.JK
2024-06-06,3726.267578125,3726.267578125,3635.181037326389,3684.8646050347224,281534200,BBRI.JK
2024-06-07,3602.05859375,3726.2675107758623,3602.05859375,3717.9869163074713,375439600,BBRI.JK
2024-06-10,3643.46142578125,3668.3032082297586,3577.2166725852276,3602.0584550337358,181387000,BBRI.JK
2024-06-11,3593.778076171875,3676.584022627448,3593.778076171875,3626.900454754104,197854400,BBRI.JK
2024-06-12,3602.05859375,3610.339188218391,3568.936215876437,3593.7779992816095,187332500,BBRI.JK
2024-06-13,3568.936279296875,3660.022820067793,3560.655684681337,3643.4616308367167,238349600,BBRI.JK
2024-06-14,3461.288330078125,3577.216647353469,3453.0077359870293,3560.655459171277,358893200,BBRI.JK
2024-06-19,3395.0439453125,3510.9722751524387,3386.7633503239326,3395.0439453125,410338400,BBRI.JK
2024-06-20,3535.81396484375,3535.81396484375,3419.8856381275614,3419.8856381275614,387133400,BBRI.JK
2024-06-21,3676.583740234375,3717.986710282059,3527.533048062711,3544.094236081785,532713300,BBRI.JK
2024-06-24,3643.46142578125,3734.5479614257815,3643.46142578125,3676.5838023792617,303830800,BBRI.JK
2024-06-25,3626.900390625,3643.4615796232874,3544.0944456335615,3577.216823630137,383572500,BBRI.JK
2024-06-26,3618.619873046875,3668.3034410978617,3602.058683696546,3635.1810623972037,150303400,BBRI.JK
2024-06-27,3693.145263671875,3726.2676427182596,3626.9005055791063,3651.7422898638947,299430600,BBRI.JK
2024-06-28,3809.073486328125,3842.195864470109,3792.5122972571335,3800.7928917926292,581319300,BBRI.JK
2024-07-01,3833.9150390625,3867.037415209908,3775.9508808045352,3833.9150390625,261421200,BBRI.JK
2024-07-02,3784.2314453125,3833.9150091459246,3784.2314453125,3817.3538212014496,234403100,BBRI.JK
2024-07-03,3809.073486328125,3842.195864470109,3775.9511081861415,3833.9152699346128,176310400,BBRI.JK
2024-07-04,3966.405029296875,3999.5274094997717,3858.7572936374613,3875.3184837389094,422261500,BBRI.JK
2024-07-05,3974.685302734375,4032.649463399251,3966.4047083536784,4016.088274637858,218278000,BBRI.JK
2024-07-08,3933.2822265625,3999.5269798519735,3925.001632401316,3974.685197368421,222042100,BBRI.JK
2024-07-09,4032.64892578125,4082.3324854417992,3933.2818064601515,3958.123586290426,291320400,BBRI.JK
2024-07-10,4016.088623046875,4074.052788740335,4007.8080279478095,4032.6498132450065,167619700,BBRI.JK
2024-07-11,4007.8076171875,4074.052371190599,4007.8076171875,4065.7717769402116,170461300,BBRI.JK
2024-07-12,4057.491455078125,4123.73621352838,4040.930265465561,4115.455618722099,301125400,BBRI.JK
2024-07-15,3991.24658203125,4082.333122285075,3982.9659874627205,4074.0525277165457,188713000,BBRI.JK
2024-07-16,3916.72119140625,4007.807730741279,3916.72119140625,3991.2465417712738,189271400,BBRI.JK
2024-07-17,3941.562744140625,3982.965714142102,3908.4403681394433,3933.2821501403296,263325400,BBRI.JK
2024-07-18,4049.210693359375,4049.210693359375,3933.2823708501087,3941.5629653150563,296614900,BBRI.JK
2024-07-19,4057.491455078125,4065.772049884407,4016.0884810467155,4032.6496706592793,135104800,BBRI.JK
2024-07-22,4065.771728515625,4090.613510970914,4040.929946060336,4074.0523226673877,140128300,BBRI.JK
2024-07-23,3966.405029296875,4065.772169905565,3958.124434246151,4057.491574854841,170919500,BBRI.JK
2024-07-24,3958.124267578125,3974.6854569822176,3941.5630781740324,3949.843672876079,116037600,BBRI.JK
2024-07-25,3891.879150390625,3941.5627140126326,3858.7567746426193,3941.5627140126326,274397700,BBRI.JK
2024-07-26,3941.562744140625,3982.965714142102,3925.001556140034,3941.562744140625,192267300,BBRI.JK
2024-07-29,3958.124267578125,3974.6854569822176,3941.5630781740324,3974.6854569822176,126109900,BBRI.JK
2024-07-30,3867.03759765625,3925.001758648956,3867.03759765625,3908.440569793897,201835700,BBRI.JK
2024-07-31,3867.03759765625,3900.1599753663677,3850.476408801191,3850.476408801191,168490300,BBRI.JK
2024-08-01,3933.2822265625,3933.2822265625,3883.598661595395,3900.159849917763,169636700,BBRI.JK
2024-08-02,3900.16015625,3933.2825354962843,3883.5989666268574,3916.721345873142,113328400,BBRI.JK
2024-08-05,3751.109375,3867.0377000551875,3734.5481857064015,3858.7571054083883,329430900,BBRI.JK
2024-08-06,3809.073486328125,3850.4764590056047,3742.828730044158,3767.6705136506457,238051800,BBRI.JK
2024-08-07,3825.634521484375,3842.1957098890693,3800.7927388773337,3842.1957098890693,125937500,BBRI.JK
2024-08-08,3858.757080078125,3883.5988638554522,3800.792917931029,3809.073512523471,131343400,BBRI.JK
2024-08-09,3867.03759765625,3916.7211642214265,3867.03759765625,3891.879380938838,98730900,BBRI.JK
2024-08-12,3875.318603515625,3908.440984742254,3850.476817595653,3908.440984742254,83552800,BBRI.JK
2024-08-13,3908.440673828125,3933.282457771948,3883.5988898843025,3891.879484532243,109533400,BBRI.JK
2024-08-14,3991.24658203125,4007.807771168309,3941.563014620073,3949.8436091886024,262716500,BBRI.JK
2024-08-15,3999.52685546875,4032.649231083398,3966.4044798541017,4016.0880432760737,214394900,BBRI.JK
2024-08-16,3999.52685546875,4032.649231083398,3999.52685546875,4016.0880432760737,149701700,BBRI.JK
2024-08-19,3991.24658203125,3991.24658203125,3933.2824200515433,3991.24658203125,196203200,BBRI.JK
2024-08-20,4098.89453125,4098.89453125,4007.8079861111114,4024.369176136364,310085500,BBRI.JK
2024-08-21,4223.10302734375,4223.10302734375,4123.735897288602,4132.016491459865,390307000,BBRI.JK
2024-08-22,4181.69970703125,4264.505641823948,4160.998223333076,4243.804158125774,474043100,BBRI.JK
2024-08-23,4264.50634765625,4305.90932190534,4243.804860531705,4264.50634765625,217759300,BBRI.JK
2024-08-26,4388.71435546875,4409.415838277565,4305.90842423349,4305.90842423349,361169800,BBRI.JK
2024-08-27,4285.20751953125,4368.013461937651,4223.103062726449,4347.311976336051,271088700,BBRI.JK
2024-08-28,4264.50634765625,4285.207834780796,4160.998912033526,4223.103373407161,277561700,BBRI.JK
2024-08-29,4243.8046875,4285.207660060975,4223.103201219512,4243.8046875,160041900,BBRI.JK
2024-08-30,4264.50634765625,4285.207834780796,4243.804860531705,4285.207834780796,275298000,BBRI.JK
2024-09-02,4285.20751953125,4326.610490734451,4264.50603392965,4264.50603392965,136717200,BBRI.JK
2024-09-03,4285.20751953125,4347.311976336051,4264.50603392965,4326.610490734451,166033900,BBRI.JK
2024-09-04,4223.10302734375,4285.207483628216,4223.10302734375,4223.10302734375,141890400,BBRI.JK
2024-09-05,4264.50634765625,4264.50634765625,4202.401886282615,4243.804860531705,166436800,BBRI.JK
2024-09-06,4326.6103515625,4347.311836498206,4264.505896755382,4305.908866626794,170520700,BBRI.JK
2024-09-09,4285.20751953125,4388.714947539252,4264.50603392965,4368.013461937651,201448700,BBRI.JK
2024-09-10,4347.31201171875,4347.31201171875,4243.804582868303,4305.909040178572,202326400,BBRI.JK
2024-09-11,4285.20751953125,4347.311976336051,4243.804548328049,4326.610490734451,165284900,BBRI.JK
2024-09-12,4285.20751953125,4326.610490734451,4264.50603392965,4285.20751953125,138542100,BBRI.JK
2024-09-13,4388.71435546875,4388.71435546875,4285.206941424675,4305.90842423349,259722600,BBRI.JK
2024-09-17,4388.71435546875,4430.11732108638,4347.31138985112,4430.11732108638,201331600,BBRI.JK
2024-09-18,4430.11767578125,4450.819160247517,4409.416191314982,4430.11767578125,186877300,BBRI.JK
2024-09-19,4471.52099609375,4554.326940465856,4471.52099609375,4492.222482186777,332941100,BBRI.JK
2024-09-20,4450.81884765625,4512.923296693314,4450.81884765625,4471.520330668604,260437400,BBRI.JK
2024-09-23,4554.3271484375,4554.3271484375,4430.118226207386,4430.118226207386,245292000,BBRI.JK
2024-09-24,4575.0283203125,4616.431291537047,4575.0283203125,4595.729805924774,195415700,BBRI.JK
2024-09-25,4409.41650390625,4492.222447641579,4305.909074237089,4471.520961707746,607065900,BBRI.JK
2024-09-26,4181.69970703125,4305.908609220297,4160.998223333076,4264.505641823948,855266800,BBRI.JK
2024-09-27,4223.10302734375,4264.505998200061,4140.297085631128,4181.700056487439,304694300,BBRI.JK
2024-09-30,4098.89453125,4181.700481376262,4098.89453125,4181.700481376262,539169900,BBRI.JK
2024-10-01,4202.4013671875,4202.4013671875,4115.45513200431,4115.45513200431,197069300,BBRI.JK
2024-10-02,4090.613037109375,4202.401045208518,4057.4906643392583,4140.296596264549,307487600,BBRI.JK
2024-10-03,4074.052734375,4107.175114329268,4024.369164443597,4057.4915443978657,354814800,BBRI.JK
2024-10-04,4024.369384765625,4074.0529574170523,4016.0887893237204,4032.6499802075296,289960700,BBRI.JK
2024-10-07,3991.24658203125,4082.333122285075,3982.9659874627205,4024.3689603053685,308452200,BBRI.JK
2024-10-08,4140.296875,4181.699843750001,3941.562625,3974.6850000000004,527474400,BBRI.JK
2024-10-09,4082.3330078125,4202.401625689338,4082.3330078124995,4140.297168166835,309336600,BBRI.JK
2024-10-10,4024.369384765625,4115.455934626575,4024.369384765625,4074.0529574170523,226564700,BBRI.JK
2024-10-11,4057.491455078125,4090.6138343032526,4049.210860271843,4065.772049884407,104875300,BBRI.JK
2024-10-14,4057.491455078125,4082.3332394969707,4032.6496706592793,4057.491455078125,125414400,BBRI.JK
2024-10-15,4074.052734375,4132.016899294969,4074.0527343749995,4082.333329363567,142372200,BBRI.JK
2024-10-16,4098.89453125,4115.4557212752525,4074.0527462121213,4098.89453125,118014300,BBRI.JK
2024-10-17,4123.736328125,4181.700493379769,4090.613947979418,4107.175138052209,188127700,BBRI.JK
2024-10-18,4115.45556640625,4181.7003240143995,4107.174971705232,4160.998837261853,157113000,BBRI.JK
2024-10-21,4132.0166015625,4160.998681934181,4115.455412778682,4123.736007170592,110708200,BBRI.JK
2024-10-22,4057.491455078125,4115.455618722099,4057.491455078125,4107.175023915816,199707500,BBRI.JK
2024-10-23,4024.369384765625,4049.2111710913387,3982.966407556102,3999.5275984399113,222147300,BBRI.JK
2024-10-24,3991.24658203125,4057.4913385794866,3982.9659874627205,3991.24658203125,218162100,BBRI.JK
2024-10-25,3949.84326171875,4024.3686062794814,3949.84326171875,3991.2462309191565,195647800,BBRI.JK
2024-10-28,3941.562744140625,3974.6851201418067,3900.159774139148,3949.8433381409204,191211000,BBRI.JK
2024-10-29,3891.879150390625,3958.1239018866354,3891.8791503906245,3916.720932201629,203658600,BBRI.JK
2024-10-30,3900.16015625,3933.2825354962843,3833.9153977574306,3833.9153977574306,296314500,BBRI.JK
2024-10-31,3974.685302734375,4032.649463399251,3900.1599533081053,3900.1599533081053,307110400,BBRI.JK
2024-11-01,3891.879150390625,3991.2462776346406,3891.8791503906245,3949.843307949634,235656400,BBRI.JK
2024-11-04,3908.440673828125,3949.84364706783,3850.4765112925384,3900.1600791801843,209831500,BBRI.JK
2024-11-05,3900.16015625,3925.001940684713,3875.3183718152864,3883.5989666268574,199499300,BBRI.JK
2024-11-06,3809.073486328125,3916.7212152895722,3809.073486328125,3900.1600262185802,249059500,BBRI.JK
2024-11-07,3767.67041015625,3842.1957589285716,3767.67041015625,3817.3539760044646,296218600,BBRI.JK
2024-11-08,3742.82861328125,3842.195744607301,3742.82861328125,3809.0733674986172,198589900,BBRI.JK
2024-11-11,3693.145263671875,3759.390021764644,3618.61991081751,3701.4258584334716,507192300,BBRI.JK
2024-11-12,3726.267578125,3742.828767361111,3668.3034157986112,3668.3034157986112,252380100,BBRI.JK
2024-11-13,3792.511962890625,3817.353744306939,3693.1448372253685,3701.4254310308065,209627200,BBRI.JK
2024-11-14,3726.267578125,3800.7929296875,3726.267578125,3784.2317404513888,159871800,BBRI.JK
2024-11-15,3701.425537109375,3734.547913280376,3684.8643490238746,3684.8643490238746,106365600,BBRI.JK
2024-11-18,3602.05859375,3693.145132902299,3602.05859375,3676.5839439655174,253272300,BBRI.JK
2024-11-19,3610.339111328125,3651.7420827883097,3602.058517036088,3602.058517036088,294838700,BBRI.JK
2024-11-20,3585.497314453125,3676.5838513099015,3585.497314453125,3643.4614742710737,298734600,BBRI.JK
2024-11-21,3519.252685546875,3577.216847426471,3519.252685546875,3544.094469209559,376788400,BBRI.JK
2024-11-22,3643.46142578125,3660.0226140802556,3519.2525135387077,3519.2525135387077,280188100,BBRI.JK
2024-11-25,3701.425537109375,3751.109101365877,3660.0225668956236,3660.0225668956236,401446400,BBRI.JK
2024-11-26,3643.46142578125,3701.42558482777,3626.9002374822444,3684.8643965287642,266677500,BBRI.JK
2024-11-28,3585.497314453125,3635.1808800113668,3585.497314453125,3602.058502972539,277081800,BBRI.JK
2024-11-29,3519.252685546875,3560.655658318015,3519.252685546875,3544.094469209559,412519800,BBRI.JK
2024-12-02,3453.008056640625,3544.094600101169,3444.7274617805756,3535.8140052411195,337188900,BBRI.JK
2024-12-03,3510.97216796875,3519.2527627045256,3486.130383761424,3510.97216796875,384146700,BBRI.JK
2024-12-04,3602.05859375,3618.619782686782,3494.4108656609196,3510.972054597701,345762200,BBRI.JK
2024-12-05,3527.533203125,3593.7779581132627,3519.252608751467,3568.9361749926643,183249300,BBRI.JK
2024-12-06,3568.936279296875,3568.936279296875,3494.410927757033,3519.2527116036467,151433000,BBRI.JK
2024-12-09,3635.18115234375,3635.18115234375,3560.655798423263,3568.9363933033173,158897200,BBRI.JK
2024-12-10,3610.339111328125,3626.900299912199,3552.374951283866,3610.339111328125,196160900,BBRI.JK
2024-12-11,3626.900390625,3668.303363120719,3593.7780126284247,3593.7780126284247,203980300,BBRI.JK
2024-12-12,3527.533203125,3610.3391468603286,3527.533203125,3593.7779581132627,226698900,BBRI.JK
2024-12-13,3453.008056640625,3544.094600101169,3453.008056640625,3502.691625800922,287838100,BBRI.JK
2024-12-16,3519.252685546875,3544.094469209559,3436.4467400045955,3436.4467400045955,325441900,BBRI.JK
2024-12-17,3436.44677734375,3552.3751023625755,3436.44677734375,3519.252723785768,327919000,BBRI.JK
2024-12-18,3436.44677734375,3486.130345208961,3419.8855880553465,3453.0079666321535,205055500,BBRI.JK
2024-12-19,3386.76318359375,3403.3243727555773,3353.6408052700945,3386.76318359375,381986300,BBRI.JK
2024-12-20,3361.92138671875,3411.60495401016,3353.6407921701816,3370.2019812673184,252689600,BBRI.JK
2024-12-23,3486.130126953125,3486.130126953125,3403.3241856953314,3419.88537394689,167689800,BBRI.JK
2024-12-24,3477.849365234375,3519.2523338681176,3453.0075840541294,3494.410552687872,199536100,BBRI.JK
2024-12-27,3507.79443359375,3524.9056259527442,3490.683241234756,3507.79443359375,143104400,BBRI.JK
2024-12-30,3490.68310546875,3524.9054888556984,3482.1275096220124,3490.68310546875,153934700,BBRI.JK
2025-01-02,3601.90576171875,3610.4613573522865,3499.2386141163156,3507.7942097498517,181361700,BBRI.JK
2025-01-03,3550.572265625,3627.5726280120484,3550.572265625,3610.4614363704823,134632300,BBRI.JK
2025-01-06,3507.79443359375,3576.2392030297256,3507.79443359375,3576.2392030297256,153048700,BBRI.JK
2025-01-07,3447.905029296875,3499.238602934049,3447.905029296875,3490.6830073278534,171997400,BBRI.JK
2025-01-08,3490.68310546875,3507.794297162224,3447.905126235064,3447.905126235064,133655700,BBRI.JK
2025-01-09,3447.905029296875,3507.794198540245,3447.905029296875,3482.1274117216576,99300400,BBRI.JK
2025-01-10,3430.794189453125,3473.572171865259,3430.794189453125,3447.9053824179787,132774300,BBRI.JK
2025-01-13,3293.904541015625,3413.682887961648,3293.904541015625,3413.682887961648,413408100,BBRI.JK
2025-01-14,3251.12646484375,3353.7936163651316,3251.12646484375,3268.2376567639803,293621700,BBRI.JK
2025-01-15,3499.23876953125,3499.23876953125,3285.348869193154,3285.348869193154,407813500,BBRI.JK
2025-01-16,3559.1279296875,3627.572697566106,3533.461141733023,3601.9059096116284,349387500,BBRI.JK
2025-01-17,3499.23876953125,3584.7947296664884,3490.683173517726,3550.572345612393,268758600,BBRI.JK
2025-01-20,3610.461669921875,3610.461669921875,3533.461302553873,3533.461302553873,167348600,BBRI.JK
2025-01-21,3644.683837890625,3747.350988253741,3636.128242027032,3653.2394337542178,345223800,BBRI.JK
2025-01-22,3644.683837890625,3696.017413072183,3619.017050299846,3687.46181720859,193218900,BBRI.JK
2025-01-23,3678.90625,3713.1286337209303,3644.6838662790697,3644.6838662790697,216018100,BBRI.JK
2025-01-24,3584.794921875,3721.684465431086,3584.794921875,3721.684465431086,276421900,BBRI.JK
2025-01-30,3524.905517578125,3567.6834971603835,3499.2387298287695,3533.4611134945767,220222400,BBRI.JK
2025-01-31,3610.461669921875,3661.7952481672096,3550.5724953023177,3567.6836880507626,192622700,BBRI.JK
2025-02-03,3636.12841796875,3653.239610523897,3550.572455193015,3593.350436580882,220285800,BBRI.JK
2025-02-04,3644.683837890625,3678.906221344997,3593.350262709067,3644.683837890625,231917500,BBRI.JK
2025-02-05,3542.0166015625,3636.1281537779287,3542.0166015625,3636.1281537779287,209834400,BBRI.JK
2025-02-06,3396.571533203125,3559.12785343199,3370.9047457985675,3524.905470225913,378545500,BBRI.JK
2025-02-07,3447.905029296875,3447.905029296875,3370.9046688411136,3396.5714556597004,259636200,BBRI.JK
2025-02-10,3396.571533203125,3465.016299615279,3379.460341600087,3422.238320607683,201999400,BBRI.JK
2025-02-11,3430.794189453125,3456.4609789004053,3336.682628146431,3396.571803523418,276382800,BBRI.JK
2025-02-12,3447.905029296875,3473.5718161154623,3379.4602644473093,3388.015860053505,362571900,BBRI.JK
2025-02-13,3413.682861328125,3447.905245902843,3388.0160728970864,3422.2384574718044,341640600,BBRI.JK
2025-02-14,3302.460205078125,3430.7941508713166,3293.9046086919125,3422.2385544851036,524909600,BBRI.JK
2025-02-17,3447.905029296875,3447.905029296875,3311.0154995977437,3311.0154995977437,265737100,BBRI.JK
2025-02-18,3550.572265625,3576.2390530873495,3447.9051157756026,3447.9051157756026,374350700,BBRI.JK
2025-02-19,3439.349365234375,3576.2388922088776,3430.7937697984685,3559.127701337065,348358600,BBRI.JK
2025-02-20,3345.238037109375,3439.349593140585,3345.238037109375,3396.5716131263985,312753300,BBRI.JK
2025-02-21,3328.126708984375,3362.3490915960397,3311.015517678543,3345.2379002902076,205268800,BBRI.JK
2025-02-24,3353.793701171875,3370.904893524793,3311.0157202895807,3336.6825088189576,138610800,BBRI.JK
2025-02-25,3251.12646484375,3353.7936163651316,3251.12646484375,3319.5712325246714,404555100,BBRI.JK
2025-02-26,3268.237548828125,3302.459931538367,3216.9039747627617,3251.126357473004,242834100,BBRI.JK
2025-02-27,3105.681396484375,3251.1265307549934,3088.5702042172434,3242.5709346214276,410928000,BBRI.JK
2025-02-28,2874.68017578125,3028.680899483817,2874.68017578125,2994.4585164388022,1000597600,BBRI.JK
2025-03-03,3139.90380859375,3199.7929820546665,2968.791884419704,3011.569865463215,744626800,BBRI.JK
2025-03-04,3139.90380859375,3182.6817896372618,3080.014635132834,3148.4594048024524,338434700,BBRI.JK
2025-03-05,3285.3486328125,3336.6822052001953,3174.12589263916,3174.12589263916,441151000,BBRI.JK
2025-03-06,3379.46044921875,3413.682833514636,3311.015680626978,3311.015680626978,434485100,BBRI.JK
2025-03-07,3259.68212890625,3362.3492825725884,3259.68212890625,3362.3492825725884,243793600,BBRI.JK
2025-03-10,3216.904052734375,3259.682032159034,3191.237265079579,3242.5708403891704,232192200,BBRI.JK
2025-03-11,3242.57080078125,3242.57080078125,3131.348055635719,3165.5704387574206,273961800,BBRI.JK
2025-03-12,3328.126708984375,3353.7934959431236,3259.681943761046,3259.681943761046,271631200,BBRI.JK
2025-03-13,3251.12646484375,3396.5715961657074,3251.12646484375,3388.0160002055923,209225700,BBRI.JK
2025-03-14,3208.348388671875,3285.3487499999997,3208.348388671875,3208.348388671875,156131900,BBRI.JK
2025-03-17,3276.79345703125,3285.3490535248043,3191.237492095708,3234.015474563479,162467700,BBRI.JK
2025-03-18,3148.45947265625,3302.4602077318273,2994.4587375806723,3285.349014945652,416894600,BBRI.JK
2025-03-19,3174.1259765625,3234.015145931604,3148.459189690027,3174.1259765625,352217700,BBRI.JK
2025-03-20,3131.347900390625,3216.9038539532103,3114.236709678108,3191.237067884435,313033000,BBRI.JK
2025-03-21,3165.570556640625,3165.570556640625,3037.236615155194,3080.014595650338,627645600,BBRI.JK
2025-03-24,3088.570068359375,3199.7928132033417,3011.5697065443214,3122.792451388288,342883200,BBRI.JK
2025-03-25,3251.12646484375,3285.3488486842107,3131.3481214021385,3131.3481214021385,331285900,BBRI.JK
2025-03-26,3422.23828125,3439.34947265625,3302.45994140625,3311.0155371093747,540888800,BBRI.JK
2025-03-27,3465.01611328125,3465.01611328125,3362.3489691840277,3422.238136574074,322553200,BBRI.JK
2025-04-08,3114.23681640625,3208.3483685503948,2951.680499066363,2960.236094715831,734807100,BBRI.JK
2025-04-09,3105.681396484375,3174.126165552901,3080.0146080836776,3088.5702042172434,366649900,BBRI.JK
2025-04-10,3251.12646484375,3362.3492123252468,3225.459676963405,3353.7936163651316,417562900,BBRI.JK
2025-04-11,3285.88623046875,3303.990286834969,3249.678117736312,3258.7301459194214,301200600,BBRI.JK
2025-04-14,3340.1982421875,3340.1982421875,3276.83404789126,3285.8860756478657,169458300,BBRI.JK
2025-04-15,3340.1982421875,3421.666491996951,3331.1462144308944,3376.4063532139226,254224400,BBRI.JK
2025-04-16,3303.990478515625,3349.250622056935,3258.730334974315,3340.198593348673,233772400,BBRI.JK
2025-04-17,3294.938232421875,3322.0943167550226,3267.782148088728,3322.0943167550226,121059300,BBRI.JK
2025-04-21,3276.834228515625,3313.0423415378973,3231.574087237785,3276.834228515625,107470200,BBRI.JK
2025-04-22,3285.88623046875,3303.990286834969,3258.7301459194214,3258.7301459194214,147116900,BBRI.JK
2025-04-23,3403.562744140625,3430.7188298651513,3294.9384012425203,3313.042458392204,432999900,BBRI.JK
2025-04-24,3376.406494140625,3475.978803619303,3367.3544660062,3430.7186629471767,272537300,BBRI.JK
2025-04-25,3385.458740234375,3430.718883820396,3376.4067115171706,3412.6148263859877,136517100,BBRI.JK
2025-04-28,3475.978759765625,3485.030787785848,3421.666591644287,3430.7186196645102,212945800,BBRI.JK
2025-04-29,3485.031005859375,3503.13506303267,3457.8749200994316,3494.0830344460223,160631400,BBRI.JK
2025-04-30,3485.031005859375,3485.031005859375,3412.614777166193,3448.822891512784,226832200,BBRI.JK
2025-05-02,3512.18701171875,3548.3951252416236,3485.0309265765945,3548.3951252416236,205628100,BBRI.JK
2025-05-05,3494.0830078125,3548.395178918394,3494.0830078125,3530.291121883096,196917100,BBRI.JK
2025-05-06,3512.18701171875,3530.291068480187,3475.9788981958764,3475.9788981958764,111333800,BBRI.JK
2025-05-07,3539.343017578125,3539.343017578125,3503.1349048663283,3530.290989400176,119763100,BBRI.JK
2025-05-08,3430.71875,3584.6032321899734,3421.6667216358837,3539.343090369393,224121900,BBRI.JK
2025-05-09,3475.978759765625,3475.978759765625,3403.5625356038413,3448.822675704956,147638100,BBRI.JK
2025-05-14,3702.279541015625,3702.279541015625,3584.6031741862776,3620.811287056846,461642400,BBRI.JK
2025-05-15,3865.216064453125,3901.4241774690795,3738.487668897285,3747.5396971512737,537151700,BBRI.JK
2025-05-16,3847.112060546875,3919.5282875689336,3765.6438051470586,3901.424230813419,289337600,BBRI.JK
2025-05-19,3829.0078125,3856.1638962765956,3801.851728723404,3829.0078125,145935500,BBRI.JK
2025-05-20,3810.90380859375,3874.268004936164,3774.6956963980847,3829.0078646915827,209576900,BBRI.JK
2025-05-21,3856.1640625,3901.4242040786385,3810.9039209213615,3810.9039209213615,256020200,BBRI.JK
2025-05-22,3892.3720703125,3901.424098382994,3838.0599018895346,3874.2680141715114,208291800,BBRI.JK
2025-05-23,3937.63232421875,3955.7363808818245,3919.528267555675,3937.63232421875,108182800,BBRI.JK
2025-05-26,3910.47607421875,3937.632158067491,3856.1639065212676,3937.632158067491,149418600,BBRI.JK
2025-05-27,3955.736328125,3955.736328125,3874.268074227689,3910.4761870709385,180028000,BBRI.JK
2025-05-28,4028.152587890625,4028.152587890625,3910.4762201544945,3946.6843333040733,466133500,BBRI.JK
2025-06-02,3801.851806640625,3973.840340750558,3801.851806640625,3946.684256417411,389541100,BBRI.JK
2025-06-03,3801.851806640625,3829.0078909737726,3729.4355817522323,3810.9038347516744,277902300,BBRI.JK
2025-06-04,3693.2275390625,3829.007963292739,3693.2275390625,3829.007963292739,279755300,BBRI.JK
2025-06-05,3711.331787109375,3747.539902105564,3666.0716433641387,3720.383815858422,230129500,BBRI.JK
2025-06-10,3756.591796875,3765.6438253012047,3711.331654743976,3711.331654743976,179827500,BBRI.JK
2025-06-11,3684.175537109375,3747.5397355363175,3675.123508762669,3738.4877071896117,196558700,BBRI.JK
2025-06-12,3684.175537109375,3711.3316221494933,3675.123508762669,3684.175537109375,113850500,BBRI.JK
2025-06-13,3620.811279296875,3666.0714202880863,3602.7072229003907,3638.9153356933593,283826000,BBRI.JK
2025-06-16,3611.75927734375,3629.863333871789,3584.603192551692,3602.707249079731,155450700,BBRI.JK
2025-06-17,3584.60302734375,3647.9672222715435,3584.60302734375,3629.8631665778885,125769400,BBRI.JK
2025-06-18,3566.4990234375,3584.6030793940354,3530.290911524429,3575.5510514157677,140882100,BBRI.JK
2025-06-19,3439.770751953125,3548.3950914884867,3439.770751953125,3530.29103489926,355413000,BBRI.JK
2025-06-20,3430.71875,3475.9788918205804,3385.4586081794196,3385.4586081794196,516177900,BBRI.JK
2025-06-23,3367.3544921875,3394.5105768019152,3313.042322958669,3376.406520392305,222067700,BBRI.JK
2025-06-24,3421.66650390625,3530.2908373635914,3412.6144761181386,3457.874615058697,281594300,BBRI.JK
2025-06-25,3403.562744140625,3466.9269441645197,3376.4066584160987,3466.9269441645197,164257700,BBRI.JK
2025-06-26,3466.927001953125,3466.927001953125,3394.5107721473155,3421.666858324494,171427000,BBRI.JK
2025-06-30,3385.458740234375,3475.979027406417,3376.4067115171706,3475.979027406417,271933200,BBRI.JK
2025-07-01,3349.25048828125,3430.718743401605,3322.0944032411317,3421.6667150548988,212288800,BBRI.JK
2025-07-02,3331.146484375,3349.250541355299,3294.938370414402,3303.9903989045515,220273500,BBRI.JK
2025-07-03,3331.146484375,3376.406626825747,3331.146484375,3358.3025698454485,119674300,BBRI.JK
2025-07-04,3322.094482421875,3358.3025966717046,3303.99042529696,3331.1465109843325,91141200,BBRI.JK
2025-07-07,3349.25048828125,3349.25048828125,3303.9903465477196,3322.0944032411317,78783800,BBRI.JK
2025-07-08,3322.094482421875,3349.250568109247,3303.99042529696,3340.1985395467896,115551200,BBRI.JK
2025-07-09,3331.146484375,3349.250541355299,3303.9903989045515,3303.9903989045515,92437900,BBRI.JK
2025-07-10,3503.134765625,3512.1867934431525,3331.146237080103,3340.1982648982557,290117200,BBRI.JK
2025-07-11,3512.18701171875,3548.3951252416236,3503.1349833380314,3548.3951252416236,255634700,BBRI.JK
2025-07-14,3421.66650390625,3521.2388095754795,3394.5104205419148,3512.1867817873676,167151400,BBRI.JK
2025-07-15,3512.18701171875,3512.18701171875,3421.6667279115654,3439.7707846730027,183209300,BBRI.JK
2025-07-16,3512.18701171875,3584.6032387644973,3512.18701171875,3575.551210383779,241966800,BBRI.JK
2025-07-17,3521.239013671875,3557.447126923,3512.186985359094,3557.447126923,111359500,BBRI.JK
2025-07-18,3494.0830078125,3566.4992359536914,3494.0830078125,3539.343150400745,111030000,BBRI.JK
2025-07-21,3466.927001953125,3530.291203033208,3466.927001953125,3521.239174307482,89765800,BBRI.JK
2025-07-22,3475.978759765625,3512.186871846517,3466.926731745402,3494.082815806071,84902800,BBRI.JK
2025-07-23,3439.770751953125,3494.0829217208056,3430.7187236585114,3475.978865131579,132305000,BBRI.JK
2025-07-24,3575.55126953125,3575.55126953125,3457.874898635285,3466.9269271657436,206654200,BBRI.JK
2025-07-25,3512.18701171875,3575.551210383779,3503.1349833380314,3575.551210383779,86263700,BBRI.JK
2025-07-28,3566.4990234375,3575.5510514157677,3548.394967480964,3566.4990234375,94898300,BBRI.JK
2025-07-29,3548.395263671875,3557.447292405732,3530.2912062041614,3557.447292405732,98887100,BBRI.JK
2025-07-30,3421.66650390625,3539.3428651517033,3412.6144761181386,3539.3428651517033,206358500,BBRI.JK
2025-07-31,3358.302490234375,3430.7187164388897,3349.250461958811,3421.6666881633255,163371700,BBRI.JK
2025-08-01,3385.458740234375,3439.7709125376005,3385.458740234375,3439.7709125376005,134100500,BBRI.JK
2025-08-04,3358.302490234375,3385.458575061068,3340.1984336832465,3367.354518509939,104446300,BBRI.JK
2025-08-05,3385.458740234375,3430.718883820396,3349.2506253655583,3349.2506253655583,184822600,BBRI.JK
2025-08-06,3358.302490234375,3421.6666881633255,3358.302490234375,3412.6146598877613,100168200,BBRI.JK
2025-08-07,3358.302490234375,3394.5106033366324,3349.250461958811,3376.406546785504,92746000,BBRI.JK
2025-08-08,3349.25048828125,3376.4065733213683,3349.25048828125,3358.3025166279563,133180100,BBRI.JK
2025-08-11,3448.82275390625,3448.82275390625,3367.3544998769685,3367.3544998769685,143167900,BBRI.JK
2025-08-12,3666.0712890625,3666.0712890625,3466.9266758294757,3494.0827594521606,404797800,BBRI.JK
2025-08-13,3693.2275390625,3711.331595626532,3611.7592845243566,3675.123482498468,292104000,BBRI.JK
2025-08-14,3675.12353515625,3711.3316488031096,3657.01947833282,3693.22759197968,164408100,BBRI.JK
2025-08-15,3729.435546875,3756.5916309541867,3684.175406743022,3711.3314908222087,269255400,BBRI.JK
2025-08-19,3657.01953125,3711.331702506188,3629.863445621906,3702.27967396349,208409700,BBRI.JK
2025-08-20,3756.591796875,3756.591796875,3666.0715126129517,3666.0715126129517,173260400,BBRI.JK
2025-08-21,3756.591796875,3774.6958537274095,3702.279626317771,3765.6438253012047,112477700,BBRI.JK
2025-08-22,3711.331787109375,3774.6959883527056,3711.331787109375,3774.6959883527056,71971500,BBRI.JK
2025-08-25,3810.90380859375,3865.2159768872475,3774.6956963980847,3783.747724447001,195322200,BBRI.JK
2025-08-26,3774.69580078125,3819.955942277428,3774.69580078125,3819.955942277428,267465600,BBRI.JK
2025-08-27,3738.48779296875,3756.5918500775574,3684.1756216423273,3738.48779296875,123874000,BBRI.JK
2025-08-28,3747.53955078125,3756.591578681688,3720.383467079937,3738.4875228808123,60838200,BBRI.JK
2025-08-29,3666.0712890625,3729.435484182099,3638.915205439815,3711.331428433642,217276600,BBRI.JK
2025-09-01,3602.707275390625,3629.8633603810067,3494.0829354290986,3557.447133739989,234206100,BBRI.JK
2025-09-02,3584.60302734375,3666.071277965199,3584.60302734375,3602.7070830374055,111856000,BBRI.JK
2025-09-03,3647.96728515625,3647.96728515625,3575.551061133297,3638.915257153381,112507500,BBRI.JK
2025-09-04,3620.811279296875,3629.863307495117,3584.6031665039063,3602.7072229003907,87402700,BBRI.JK
2025-09-08,3530.291015625,3684.175495793269,3521.2389873798074,3684.175495793269,143993900,BBRI.JK
2025-09-09,3430.71875,3521.239033641161,3394.5106365435354,3503.134976912929,327167200,BBRI.JK
2025-09-10,3512.18701171875,3521.239040099468,3457.8748414344395,3457.8748414344395,117680500,BBRI.JK
2025-09-11,3693.2275390625,3729.435652190564,3602.707256242341,3620.8113128063724,281910400,BBRI.JK
2025-09-12,3783.747802734375,3792.7998309705813,3720.383605080928,3783.747802734375,235383800,BBRI.JK
2025-09-15,3747.53955078125,3819.955773984753,3729.4354949803746,3801.851718183877,157482000,BBRI.JK
2025-09-16,3738.48779296875,3774.695907186365,3693.2276501967312,3765.643878631961,167511900,BBRI.JK
2025-09-17,3819.9560546875,3819.9560546875,3729.435769031398,3765.643883293839,245154800,BBRI.JK
2025-09-18,3847.112060546875,3865.2161173023896,3810.9039470358457,3865.2161173023896,332670300,BBRI.JK
2025-09-19,3847.112060546875,3847.112060546875,3783.7478619025737,3829.0080037913604,211373200,BBRI.JK
2025-09-22,3765.643798828125,3847.1120540912334,3720.3836570152866,3847.1120540912334,157592800,BBRI.JK
2025-09-23,3747.53955078125,3774.6956344825635,3720.383467079937,3729.4354949803746,110771700,BBRI.JK
2025-09-24,3774.69580078125,3774.69580078125,3711.331602686601,3747.539715883543,124591600,BBRI.JK
2025-09-25,3684.175537109375,3774.695820576436,3666.071480415963,3774.695820576436,129656800,BBRI.JK
2025-09-26,3657.01953125,3693.227645420792,3620.811417079208,3666.071559792698,146229200,BBRI.JK
2025-09-29,3602.707275390625,3657.0194453713884,3584.603218730371,3657.0194453713884,126611800,BBRI.JK
2025-09-30,3530.291015625,3602.707241586538,3530.291015625,3602.707241586538,217357100,BBRI.JK
2025-10-01,3448.82275390625,3566.4991208374345,3439.7707256807744,3494.0828950336286,223133600,BBRI.JK
2025-10-02,3358.302490234375,3430.7187164388897,3358.302490234375,3403.562631612197,379620000,BBRI.JK
2025-10-03,3340.1982421875,3394.510408727134,3331.1462144308944,3358.3022977007113,214737100,BBRI.JK
2025-10-06,3313.042236328125,3385.4584600730022,3294.938180391906,3349.2503482005636,190283900,BBRI.JK
2025-10-07,3358.302490234375,3367.354518509939,3322.0943771321176,3340.1984336832465,155933000,BBRI.JK
2025-10-08,3367.3544921875,3385.45854859711,3322.094351163474,3376.406520392305,148263700,BBRI.JK
2025-10-09,3494.0830078125,3557.447207436043,3294.9383804242225,3340.1985230124674,479239500,BBRI.JK
2025-10-10,3376.406494140625,3430.7186629471767,3340.198381602924,3430.7186629471767,277252300,BBRI.JK
2025-10-13,3313.042236328125,3358.302376168673,3313.042236328125,3331.1462922643445,181694400,BBRI.JK
2025-10-14,3213.469970703125,3340.198363913952,3213.469970703125,3294.938223481514,278639100,BBRI.JK
2025-10-15,3168.2099609375,3249.678217075893,3122.949818638393,3231.57416015625,468733500,BBRI.JK
2025-10-16,3195.365966796875,3240.6261079696355,3150.105825624115,3168.2098820932188,227629500,BBRI.JK
2025-10-17,3168.2099609375,3231.57416015625,3159.1579324776785,3195.3660463169645,244442400,BBRI.JK
2025-10-20,3331.146484375,3376.406626825747,3204.4180855129075,3213.470114003057,391510300,BBRI.JK
2025-10-21,3403.562744140625,3430.7188298651513,3358.3026012664145,3421.666801290309,293000200,BBRI.JK
2025-10-22,3349.25048828125,3457.874828441723,3331.146431587838,3430.718743401605,329470700,BBRI.JK
2025-10-23,3457.874755859375,3457.874755859375,3349.2504179789757,3367.354474292376,225902700,BBRI.JK
2025-10-24,3485.031005859375,3539.3431773792613,3457.8749200994316,3457.8749200994316,313903600,BBRI.JK
2025-10-27,3494.0830078125,3557.447207436043,3394.5106941183612,3512.187064847798,332539600,BBRI.JK
2025-10-28,3485.031005859375,3494.0830344460223,3421.666805752841,3485.031005859375,239026800,BBRI.JK
2025-10-29,3521.239013671875,3521.239013671875,3430.7187305440634,3466.926843795188,215008600,BBRI.JK
2025-10-30,3539.343017578125,3611.759243001718,3503.1349048663283,3530.290989400176,287905300,BBRI.JK
2025-10-31,3602.707275390625,3638.915388711134,3548.395105409862,3557.447133739989,348755700,BBRI.JK
2025-11-03,3657.01953125,3666.071559792698,3629.863445621906,3666.071559792698,163770500,BBRI.JK
2025-11-04,3593.6552734375,3666.071500610044,3593.6552734375,3647.967443816908,241154700,BBRI.JK
2025-11-05,3602.707275390625,3611.759303720752,3539.3430770797345,3566.499162070116,139859100,BBRI.JK
2025-11-06,3620.811279296875,3629.863307495117,3575.551138305664,3602.7072229003907,130808100,BBRI.JK
2025-11-07,3602.707275390625,3629.8633603810067,3602.707275390625,3620.8113320508796,87287600,BBRI.JK
2025-11-10,3557.447021484375,3638.9152738847806,3557.447021484375,3629.8632458402913,148552900,BBRI.JK
2025-11-11,3521.239013671875,3584.603211861343,3494.0829287335314,3566.499155235781,179000200,BBRI.JK
2025-11-12,3530.291015625,3575.5511568509614,3521.2389873798074,3521.2389873798074,111115400,BBRI.JK
2025-11-13,3503.134765625,3539.34287689761,3503.134765625,3530.2908490794575,99373200,BBRI.JK
2025-11-14,3530.291015625,3557.4471003605768,3494.0829026442307,3494.0829026442307,100717300,BBRI.JK
2025-11-17,3566.4990234375,3575.5510514157677,3512.186855567893,3512.186855567893,140868100,BBRI.JK
2025-11-18,3593.6552734375,3611.7593302306364,3557.447159851228,3575.551216644364,205257700,BBRI.JK
2025-11-19,3620.811279296875,3620.811279296875,3593.6551947021485,3611.759251098633,107451000,BBRI.JK
2025-11-20,3611.75927734375,3666.071446927867,3611.75927734375,3638.915362135808,183008400,BBRI.JK
2025-11-21,3584.60302734375,3620.8111387310605,3566.4989716500945,3602.7070830374055,112666100,BBRI.JK
2025-11-24,3602.707275390625,3620.8113320508796,3566.499162070116,3620.8113320508796,262302000,BBRI.JK
2025-11-25,3466.927001953125,3602.7074328390177,3466.927001953125,3602.7074328390177,396959100,BBRI.JK
2025-11-26,3430.71875,3466.926863456464,3421.6667216358837,3439.770778364116,288419400,BBRI.JK
2025-11-27,3385.458740234375,3448.8229412548044,3367.3546827999667,3439.7709125376005,283451800,BBRI.JK
2025-11-28,3331.146484375,3394.510683806046,3331.146484375,3358.3025698454485,353872800,BBRI.JK
2025-12-01,3322.094482421875,3376.4066537966196,3313.0424538594175,3331.1465109843325,299669500,BBRI.JK
2025-12-02,3358.302490234375,3376.406546785504,3322.0943771321176,3340.1984336832465,277714300,BBRI.JK
2025-12-03,3313.042236328125,3349.2503482005636,3313.042236328125,3340.198320232454,225357100,BBRI.JK
2025-12-04,3340.1982421875,3340.1982421875,3303.990131161077,3313.0421589176826,221121100,BBRI.JK
2025-12-05,3303.990478515625,3349.250622056935,3303.990478515625,3349.250622056935,156161100,BBRI.JK
2025-12-08,3322.094482421875,3340.1985395467896,3313.0424538594175,3331.1465109843325,124094700,BBRI.JK
2025-12-09,3331.146484375,3349.250541355299,3303.9903989045515,3349.250541355299,201089800,BBRI.JK
2025-12-10,3313.042236328125,3331.1462922643445,3303.9902083600155,3331.1462922643445,172677700,BBRI.JK
2025-12-11,3276.834228515625,3349.2504545601696,3240.626115493353,3331.1463980490335,327591200,BBRI.JK
2025-12-12,3285.88623046875,3294.9382586518595,3240.6260895532023,3294.9382586518595,169747600,BBRI.JK
2025-12-15,3421.66650390625,3448.8225872705852,3285.8860870845733,3303.990142660797,312694100,BBRI.JK
2025-12-16,3340.1982421875,3448.822575266768,3331.1462144308944,3439.7705475101625,237949900,BBRI.JK
2025-12-17,3394.510498046875,3421.66658203125,3331.1463020833335,3340.1983300781253,273544100,BBRI.JK
2025-12-18,3421.66650390625,3457.874615058697,3394.5104205419148,3394.5104205419148,262527300,BBRI.JK
2025-12-19,3412.61474609375,3448.82286011066,3403.562717589523,3439.7708316064327,228583500,BBRI.JK
2025-12-22,3403.562744140625,3421.666801290309,3394.510715565783,3412.614772715467,161680300,BBRI.JK
2025-12-23,3412.61474609375,3421.6667745979776,3376.40663207684,3403.562717589523,138427000,BBRI.JK
2025-12-24,3412.61474609375,3430.718803102205,3394.5106890852953,3412.61474609375,121073600,BBRI.JK
2025-12-29,3421.66650390625,3430.718531694362,3403.5624483300267,3421.66650390625,238061500,BBRI.JK
2025-12-30,3437.6337890625,3465.8111152023566,3428.2413470158813,3465.8111152023566,274402200,BBRI.JK
2026-01-02,3418.848876953125,3447.0262028620796,3400.0639930138223,3437.633760892428,191985100,BBRI.JK
2026-01-05,3409.45654296875,3437.6338697701444,3371.8867739002235,3409.45654296875,230544800,BBRI.JK
2026-01-06,3456.418701171875,3465.811143294625,3409.4564905581265,3409.4564905581265,175820800,BBRI.JK
2026-01-07,3475.20361328125,3484.5960554793073,3437.6338444890202,3456.4187288851354,195024700,BBRI.JK
2026-01-08,3484.595947265625,3531.558156797507,3475.2035053592485,3484.595947265625,182019700,BBRI.JK
2026-01-09,3456.418701171875,3512.773353908373,3447.026259049125,3503.380911785623,143474700,BBRI.JK
2026-01-12,3475.20361328125,3512.7733820734798,3437.6338444890202,3456.4187288851354,215159700,BBRI.JK
2026-01-13,3493.988525390625,3503.3809676631804,3447.0263140278475,3475.203640845514,227620800,BBRI.JK
2026-01-14,3493.988525390625,3522.165852208291,3475.203640845514,3512.773409935736,170097000,BBRI.JK
2026-01-15,3587.912841796875,3616.090167779573,3503.3808638487812,3503.3808638487812,407151300,BBRI.JK
2026-01-19,3606.69775390625,3663.052406311035,3578.5204277038574,3616.0901959737143,359652500,BBRI.JK
2026-01-20,3616.09033203125,3644.267659293831,3587.913004768669,3606.6978896103897,170245800,BBRI.JK
2026-01-21,3587.912841796875,3616.090167779573,3569.12795780841,3616.090167779573,273678200,BBRI.JK
2026-01-22,3578.5205078125,3616.0902769233926,3559.735623257054,3616.0902769233926,153742700,BBRI.JK
2026-01-23,3616.09033203125,3616.09033203125,3531.5583502435065,3578.5205623478087,164603900,BBRI.JK
2026-01-26,3616.09033203125,3616.09033203125,3569.128119926948,3606.6978896103897,120002700,BBRI.JK
2026-01-27,3587.912841796875,3616.090167779573,3550.3430738199445,3616.090167779573,157633200,BBRI.JK
2026-01-28,3371.88671875,3550.343118906685,3324.924508182451,3409.456487204039,726740400,BBRI.JK
2026-01-29,3550.343017578125,3550.343017578125,3090.113367151331,3334.3168551328954,781321200,BBRI.JK
2026-01-30,3578.5205078125,3653.660046034285,3512.7734118684384,3550.343180979331,532329000,BBRI.JK
2026-02-02,3597.305419921875,3644.2676316702023,3522.165881124551,3625.482746970871,334659200,BBRI.JK
2026-02-03,3569.1279296875,3634.875023129112,3531.558162006579,3625.4825812088816,201224300,BBRI.JK
2026-02-04,3634.875,3644.267441860465,3569.1279069767443,3587.912790697674,251005600,BBRI.JK
2026-02-05,3616.09033203125,3700.6223138189935,3606.6978896103897,3616.09033203125,342757200,BBRI.JK
2026-02-06,3550.343017578125,3616.0901104962386,3540.9505757326806,3569.1279012690147,279127200,BBRI.JK
2026-02-09,3540.95068359375,3569.128009988395,3484.5960308044596,3559.735567856847,215606400,BBRI.JK
2026-02-10,3550.343017578125,3559.73545942357,3503.380808350901,3522.165692041791,181835800,BBRI.JK
2026-02-11,3569.1279296875,3569.1279296875,3512.7732781661184,3559.7354877672697,147378100,BBRI.JK
2026-02-12,3559.735595703125,3559.735595703125,3531.558269088061,3550.3431534981037,185678800,BBRI.JK
2026-02-13,3550.343017578125,3569.1279012690147,3522.165692041791,3550.343017578125,144473700,BBRI.JK
2026-02-18,3597.305419921875,3606.6978622715405,3531.5583234742166,3550.3432081735477,135223700,BBRI.JK
2026-02-19,3540.95068359375,3616.0902206461374,3540.95068359375,3616.0902206461374,154562300,BBRI.JK
2026-02-20,3606.69775390625,3634.8750801086426,3550.343101501465,3559.735543568929,191533500,BBRI.JK
2026-02-23,3663.052490234375,3672.444932517027,3625.482721103766,3644.2676056690707,189611200,BBRI.JK
2026-02-24,3634.875,3653.6598837209303,3625.482558139535,3644.267441860465,191295900,BBRI.JK
2026-02-25,3728.799560546875,3738.192002764877,3644.2675805848553,3644.2675805848553,263027700,BBRI.JK
2026-02-26,3710.0146484375,3728.799532733386,3681.8373219936707,3728.799532733386,146158100,BBRI.JK
2026-02-27,3672.44482421875,3710.0145922414486,3644.2674982017265,3710.0145922414486,263179300,BBRI.JK
2026-03-02,3587.912841796875,3606.6977257853405,3569.12795780841,3606.6977257853405,204655700,BBRI.JK
2026-03-03,3540.95068359375,3606.697778514589,3540.95068359375,3587.912894251492,113600400,BBRI.JK
2026-03-04,3465.81103515625,3540.950569793784,3437.633709667175,3540.950569793784,215656600,BBRI.JK
2026-03-05,3522.165771484375,3550.34309765625,3493.9884453125,3493.9884453125,96625300,BBRI.JK
2026-03-06,3447.0263671875,3522.1659065267368,3447.0263671875,3522.1659065267368,136987800,BBRI.JK
2026-03-09,3353.101806640625,3409.4564588530725,3343.709364605217,3371.8866907114407,215587500,BBRI.JK
2026-03-10,3343.70947265625,3390.6716843508602,3343.70947265625,3381.279242011938,175353400,BBRI.JK
2026-03-11,3362.494384765625,3381.2792695967178,3343.709499934532,3362.494384765625,100862200,BBRI.JK
2026-03-12,3353.101806640625,3390.671574782257,3353.101806640625,3362.494248676033,141366700,BBRI.JK
2026-03-13,3296.7470703125,3371.886604678597,3296.7470703125,3343.709279291311,159393900,BBRI.JK
2026-03-16,3268.56982421875,3296.7471502896014,3221.6076141006647,3287.3547082659843,160328700,BBRI.JK
2026-03-17,3268.56982421875,3315.5320343368357,3268.56982421875,3287.3547082659843,204208500,BBRI.JK
2026-03-25,3324.924560546875,3324.924560546875,3202.822811148261,3231.0001379325563,379422800,BBRI.JK
2026-03-26,3277.96240234375,3353.101941652489,3268.5699599301574,3324.924614411712,162060500,BBRI.JK
2026-03-27,3212.215087890625,3277.962180332831,3212.215087890625,3249.784855000457,207067900,BBRI.JK
2026-03-30,3155.860595703125,3184.0379224504745,3127.683268955776,3146.4681534540086,317467700,BBRI.JK
2026-03-31,3127.68310546875,3193.430197775901,3127.68310546875,3146.467988985079,298589200,BBRI.JK
2026-04-01,3146.468017578125,3230.999994169776,3127.6831338910915,3193.430226795709,279604500,BBRI.JK
2026-04-02,3118.290771484375,3184.037866063865,3118.290771484375,3137.0756556499437,242569200,BBRI.JK
2026-04-06,3108.8984375,3155.860649546828,3090.113552681269,3137.0757647280966,184143400,BBRI.JK
2026-04-07,3033.7587890625,3118.290767705108,3024.366346991099,3108.8983256337074,273842700,BBRI.JK
2026-04-08,3137.07568359375,3165.2530100930953,3127.6832414273017,3137.07568359375,416112900,BBRI.JK
2026-04-09,3080.720947265625,3127.683156827601,3061.936063440835,3108.8982730028106,319141400,BBRI.JK
2026-04-10,3184.037841796875,3193.4302838080753,3090.1134216848727,3090.1134216848727,353451500,BBRI.JK
2026-04-13,3165.2529296875,3202.8226973989244,3146.468045831788,3184.0378135432125,176083800,BBRI.JK
2026-04-14,3249.784912109375,3277.962237936913,3212.2151443393245,3212.2151443393245,280543100,BBRI.JK
2026-04-15,3193.430419921875,3296.7472864487595,3193.430419921875,3287.3548440372247,332898200,BBRI.JK
2026-04-16,3202.82275390625,3221.6076380933832,3174.64542762555,3193.430311812683,228465700,BBRI.JK
2026-04-17,3221.607666015625,3240.39255036557,3202.8227816656795,3202.8227816656795,209108800,BBRI.JK
2026-04-20,3231.0,3259.1773255813955,3212.2151162790697,3231.0,354461400,BBRI.JK
2026-04-21,3270.0,3300.0,3230.0,3250.0,398239800,BBRI.JK
2026-04-22,3240.0,3280.0,3240.0,3260.0,223077500,BBRI.JK
2026-04-23,3160.0,3270.0,3150.0,3240.0,352657300,BBRI.JK
2026-04-24,3070.0,3150.0,3060.0,3120.0,428089200,BBRI.JK
2026-04-27,3050.0,3100.0,3050.0,3060.0,216480300,BBRI.JK
2026-04-28,3070.0,3080.0,3020.0,3050.0,232596600,BBRI.JK
2026-04-29,3070.0,3110.0,3050.0,3070.0,180641600,BBRI.JK
2026-04-30,2990.0,3060.0,2980.0,3050.0,382750500,BBRI.JK
2026-05-04,3040.0,3040.0,3000.0,3010.0,190480000,BBRI.JK
2026-05-05,3150.0,3170.0,3040.0,3050.0,253157600,BBRI.JK
2026-05-06,3160.0,3190.0,3130.0,3150.0,185002500,BBRI.JK
2026-05-07,3310.0,3330.0,3190.0,3200.0,312804400,BBRI.JK
2026-05-08,3260.0,3360.0,3260.0,3310.0,335638700,BBRI.JK
2026-05-11,3200.0,3280.0,3200.0,3260.0,196431000,BBRI.JK
2026-05-12,3220.0,3240.0,3170.0,3200.0,151508100,BBRI.JK
2026-05-13,3120.0,3210.0,3120.0,3200.0,155231500,BBRI.JK
2026-05-14,3120.0,3120.0,3120.0,3120.0,0,BBRI.JK
2026-05-15,3120.0,3120.0,3120.0,3120.0,0,BBRI.JK
2026-05-18,3060.0,3100.0,3010.0,3040.0,348373200,BBRI.JK
2026-05-19,3040.0,3140.0,3040.0,3060.0,224758600,BBRI.JK
2026-05-20,3040.0,3110.0,3030.0,3060.0,273501800,BBRI.JK
2026-05-21,3020.0,3090.0,3020.0,3050.0,173346000,BBRI.JK
2026-05-22,3050.0,3070.0,3000.0,3020.0,158122200,BBRI.JK
2026-05-25,3170.0,3220.0,3080.0,3090.0,242782900,BBRI.JK
2026-05-26,3070.0,3150.0,3070.0,3150.0,185037400,BBRI.JK
2026-05-27,3070.0,3070.0,3070.0,3070.0,0,BBRI.JK
2026-05-28,3070.0,3070.0,3070.0,3070.0,0,BBRI.JK
2026-05-29,2950.0,3080.0,2950.0,3060.0,1073661600,BBRI.JK
2026-06-02,3040.0,3040.0,2980.0,3000.0,320974000,BBRI.JK
2026-06-03,2900.0,3070.0,2900.0,3050.0,411746000,BBRI.JK
2026-06-04,2810.0,2930.0,2780.0,2900.0,493450500,BBRI.JK
2026-06-05,2740.0,2830.0,2730.0,2780.0,310053600,BBRI.JK
2026-06-08,2590.0,2750.0,2590.0,2700.0,626878600,BBRI.JK
2026-06-09,2790.0,2800.0,2540.0,2540.0,873192700,BBRI.JK
2026-06-10,2880.0,2910.0,2730.0,2790.0,704423000,BBRI.JK
2026-06-11,2850.0,2960.0,2780.0,2880.0,465509700,BBRI.JK
2026-06-12,2850.0,2900.0,2830.0,2880.0,450530000,BBRI.JK
2026-06-15,2990.0,3050.0,2890.0,2890.0,622216400,BBRI.JK
2026-06-17,3080.0,3130.0,3010.0,3020.0,512048000,BBRI.JK
2026-06-18,2960.0,3060.0,2960.0,3040.0,356398400,BBRI.JK
2026-06-19,2930.0,3000.0,2910.0,2960.0,514857200,BBRI.JK
2026-06-22,2870.0,2940.0,2870.0,2930.0,250025400,BBRI.JK
2026-06-23,2910.0,2940.0,2860.0,2870.0,271555000,BBRI.JK
2026-06-24,2810.0,2980.0,2800.0,2930.0,330171300,BBRI.JK
2026-06-25,2850.0,2920.0,2790.0,2800.0,343497900,BBRI.JK
2026-06-26,2870.0,2880.0,2810.0,2850.0,200394100,BBRI.JK
2026-06-29,2840.0,2890.0,2830.0,2880.0,173099600,BBRI.JK
2026-06-30,2730.0,2840.0,2730.0,2810.0,346190100,BBRI.JK
2026-07-01,2670.0,2750.0,2670.0,2700.0,302582100,BBRI.JK
2026-07-02,2690.0,2730.0,2630.0,2680.0,366662800,BBRI.JK
2026-07-03,2710.0,2740.0,2700.0,2710.0,219292600,BBRI.JK
2026-07-06,2790.0,2790.0,2680.0,2710.0,257473000,BBRI.JK
2026-07-07,2860.0,2890.0,2800.0,2810.0,265534600,BBRI.JK
2026-07-08,2790.0,2870.0,2770.0,2860.0,253336100,BBRI.JK
2026-07-09,2780.0,2790.0,2730.0,2770.0,244821900,BBRI.JK
2026-07-10,2790.0,2810.0,2760.0,2790.0,144957900,BBRI.JK
2026-07-13,2870.0,2870.0,2780.0,2790.0,211532100,BBRI.JK
2026-07-14,2800.0,2890.0,2800.0,2880.0,273911200,BBRI.JK
2026-07-15,2830.0,2870.0,2810.0,2840.0,182403300,BBRI.JK
2026-07-16,2860.0,2880.0,2830.0,2840.0,197705800,BBRI.JK
2026-07-17,2970.0,3000.0,2840.0,2860.0,439266600,BBRI.JK
2026-07-20,3020.0,3080.0,2990.0,3000.0,393555500,BBRI.JK
2026-07-21,3070.0,3080.0,3040.0,3080.0,320262200,BBRI.JK
2026-07-22,3020.0,3080.0,3020.0,3080.0,200041000,BBRI.JK
2026-07-23,2990.0,3070.0,2990.0,3030.0,217693500,BBRI.JK
2026-07-24,2960.0,3020.0,2940.0,2970.0,290905700,BBRI.JK
2026-07-27,2950.0,2980.0,2920.0,2930.0,201363300,BBRI.JK
2026-07-28,2930.0,2970.0,2920.0,2930.0,220772100,BBRI.JK
2026-07-29,2920.0,2950.0,2910.0,2930.0,132102100,BBRI.JK
2026-07-30,2990.0,3010.0,2920.0,2930.0,220548900,BBRI.JK
2026-07-31,3040.0,3040.0,2980.0,3000.0,226634400,BBRI.JK
2026-08-03,3020.0,3030.0,2980.0,3030.0,119721600,BBRI.JK
2026-08-04,3060.0,3060.0,3000.0,3020.0,191121700,BBRI.JK
2026-08-05,3020.0,3070.0,3020.0,3060.0,111460100,BBRI.JK
2026-08-06,3040.0,3070.0,3030.0,3030.0,117685400,BBRI.JK
2026-08-07,3130.0,3130.0,3040.0,3050.0,349136300,BBRI.JK
2026-08-10,3090.0,3160.0,3090.0,3140.0,232230700,BBRI.JK
2026-08-11,3090.0,3110.0,3060.0,3100.0,179274900,BBRI.JK
2026-08-12,3130.0,3130.0,3080.0,3090.0,158307500,BBRI.JK
2026-08-13,3110.0,3130.0,3080.0,3130.0,165084600,BBRI.JK
2026-08-14,3120.0,3150.0,3090.0,3110.0,118492200,BBRI.JK
2026-08-18,3080.0,3140.0,3080.0,3120.0,153801000,BBRI.JK
2026-08-19,3080.0,3100.0,3040.0,3080.0,101112000,BBRI.JK
2026-08-20,3140.0,3140.0,3090.0,3100.0,156120300,BBRI.JK
2026-08-21,3230.0,3250.0,3160.0,3170.0,349663900,BBRI.JK
2026-08-24,3180.0,3240.0,3160.0,3230.0,151200300,BBRI.JK
2026-08-25,3180.0,3180.0,3180.0,3180.0,0,BBRI.JK
2026-08-26,3130.0,3170.0,3110.0,3170.0,159003300,BBRI.JK
2026-08-27,3150.0,3150.0,3100.0,3110.0,164832300,BBRI.JK
2026-08-28,3190.0,3200.0,3160.0,3180.0,135419900,BBRI.JK
2026-08-31,3250.0,3270.0,3170.0,3180.0,353834000,BBRI.JK
2026-09-01,3380.0,3380.0,3250.0,3250.0,393505600,BBRI.JK
2026-09-02,3390.0,3400.0,3350.0,3390.0,205175100,BBRI.JK
2026-09-03,3410.0,3430.0,3370.0,3400.0,244699100,BBRI.JK
2026-09-04,3390.0,3440.0,3380.0,3430.0,152173900,BBRI.JK
2021-01-04,2484.452880859375,2491.5716570222958,2356.3149099268,2363.4336860897206,165339800,TLKM.JK
2021-01-05,2470.21533203125,2477.3341082042507,2434.6214511662465,2477.3341082042507,157800700,TLKM.JK
2021-01-06,2399.02783203125,2484.4531554270216,2370.5527242326593,2470.2156015277264,177877900,TLKM.JK
2021-01-07,2413.264892578125,2455.9775455441095,2406.1461170837943,2413.264892578125,140221900,TLKM.JK
2021-01-08,2541.403076171875,2576.9969567905287,2448.8589865633753,2455.977762687106,492643700,TLKM.JK
2021-01-11,2562.759521484375,2591.234627278646,2541.403192138672,2555.6407450358074,271231200,TLKM.JK
2021-01-12,2498.6904296875,2576.9969673700143,2491.571653534544,2562.7594150641025,189779500,TLKM.JK
2021-01-13,2477.333984375,2527.1654150951867,2463.096432740661,2527.1654150951867,162329300,TLKM.JK
2021-01-14,2491.572021484375,2555.6410163225446,2470.2156898716516,2477.334467075893,187448400,TLKM.JK
2021-01-15,2477.333984375,2520.046639278017,2455.9776569234914,2498.6903118265086,133304300,TLKM.JK
2021-01-18,2455.977783203125,2505.8092164855075,2441.74023083673,2477.3341117527175,138913100,TLKM.JK
2021-01-19,2427.502685546875,2484.452895178473,2399.027580731076,2470.215342770574,144100700,TLKM.JK
2021-01-20,2470.21533203125,2477.3341082042507,2406.1463464742433,2434.6214511662465,116098100,TLKM.JK
2021-01-21,2477.333984375,2505.809087643678,2463.096432740661,2491.571536009339,81801900,TLKM.JK
2021-01-22,2413.264892578125,2448.8587700497787,2391.9085660951328,2434.6212190611172,165024200,TLKM.JK
2021-01-25,2399.02783203125,2427.5029398298407,2356.315170333364,2399.02783203125,118131800,TLKM.JK
2021-01-26,2320.720947265625,2413.2650341197755,2320.720947265625,2391.9087063842026,111414500,TLKM.JK
2021-01-27,2406.146728515625,2406.146728515625,2320.721400876017,2377.671619302422,159144700,TLKM.JK
2021-01-28,2306.4833984375,2370.5523817274307,2299.3646225163966,2334.9585021219136,142648800,TLKM.JK
2021-01-29,2213.939697265625,2342.077686174889,2213.939697265625,2342.077686174889,191915100,TLKM.JK
2021-02-01,2299.36474609375,2313.6022987011415,2164.1079963235293,2228.176983056792,133929600,TLKM.JK
2021-02-02,2327.83984375,2370.552501433486,2313.6022911888376,2349.196172591743,114734600,TLKM.JK
2021-02-03,2306.4833984375,2370.5523817274307,2292.245846595293,2313.6021743586034,86433900,TLKM.JK
2021-02-04,2342.07763671875,2370.5527447639624,2320.7213056848404,2327.8400826961433,80319500,TLKM.JK
2021-02-05,2342.07763671875,2363.4339677526596,2327.8400826961433,2363.4339677526596,52630500,TLKM.JK
2021-02-08,2334.958740234375,2399.027730057879,2327.839963587319,2349.196293528487,96635600,TLKM.JK
2021-02-09,2278.00830078125,2349.196060180664,2263.7707489013674,2313.602180480957,157479200,TLKM.JK
2021-02-10,2270.8896484375,2292.245977419671,2249.533319455329,2263.77087211011,125221400,TLKM.JK
2021-02-11,2270.8896484375,2299.3647537470615,2256.6520957827197,2292.245977419671,79940700,TLKM.JK
2021-02-15,2292.246337890625,2320.7214476780864,2278.0087829968943,2278.0087829968943,88883300,TLKM.JK
2021-02-16,2285.127197265625,2313.6023025275017,2270.889644634686,2278.0084209501556,82026300,TLKM.JK
2021-02-17,2242.41455078125,2313.602314298115,2235.2957744295636,2292.2459852430557,121105300,TLKM.JK
2021-02-18,2263.770751953125,2327.839735498968,2263.770751953125,2270.889527902663,151200300,TLKM.JK
2021-02-19,2285.127197265625,2292.245973581094,2256.652092003748,2263.7708683192172,63214600,TLKM.JK
2021-02-22,2256.652099609375,2306.483533985607,2256.652099609375,2285.127204967222,100425500,TLKM.JK
2021-02-23,2470.21533203125,2477.3341082042507,2278.0083753602307,2278.0083753602307,354966200,TLKM.JK
2021-02-24,2477.333984375,2527.1654150951867,2463.096432740661,2484.4527601921695,303017100,TLKM.JK
2021-02-25,2484.452880859375,2541.403090162742,2455.977776207692,2498.690433185217,226833000,TLKM.JK
2021-02-26,2484.452880859375,2498.690433185217,2427.5026715560084,2455.977776207692,230007700,TLKM.JK
2021-03-01,2484.452880859375,2498.690433185217,2470.2153285335335,2484.452880859375,91513500,TLKM.JK
2021-03-02,2463.096435546875,2491.5715388479953,2448.858883896315,2484.4527630227153,169061400,TLKM.JK
2021-03-03,2448.859375,2477.334484011628,2434.621820494186,2477.334484011628,82610700,TLKM.JK
2021-03-04,2391.90869140625,2441.7401224772134,2384.7899155389696,2434.621346609933,142322100,TLKM.JK
2021-03-05,2363.43359375,2399.027473173946,2363.43359375,2377.671145519578,128546000,TLKM.JK
2021-03-08,2377.67138671875,2420.384046360404,2370.5526101118076,2391.908939932635,80094900,TLKM.JK
2021-03-09,2342.07763671875,2413.265406831782,2334.9588597074467,2399.0278528091753,110090800,TLKM.JK
2021-03-10,2420.384033203125,2434.6215863396137,2356.3150440889244,2377.671373793658,91631900,TLKM.JK
2021-03-12,2455.977783203125,2477.3341117527175,2441.74023083673,2448.8590070199275,100195200,TLKM.JK
2021-03-15,2406.146728515625,2455.9781696387295,2406.146728515625,2448.8593923354288,50077300,TLKM.JK
2021-03-16,2391.90869140625,2427.5025707426526,2391.90869140625,2420.383794875372,60111200,TLKM.JK
2021-03-17,2413.264892578125,2441.739994555448,2399.0273415894635,2427.5024435667865,61701400,TLKM.JK
2021-03-18,2455.977783203125,2477.3341117527175,2441.74023083673,2455.977783203125,101896400,TLKM.JK
2021-03-19,2448.859375,2448.859375,2406.146711482558,2427.503043241279,140000000,TLKM.JK
2021-03-22,2406.146728515625,2448.8593923354288,2406.146728515625,2448.8593923354288,53870300,TLKM.JK
2021-03-23,2391.90869140625,2434.621346609933,2384.7899155389696,2413.2650190080913,55323200,TLKM.JK
2021-03-24,2399.02783203125,2413.265385930545,2363.433947283012,2363.433947283012,67173200,TLKM.JK
2021-03-25,2427.502685546875,2441.740237954775,2406.146356935026,2420.383909342925,107607200,TLKM.JK
2021-03-26,2484.452880859375,2491.5716570222958,2413.265119230167,2427.5026715560084,106810400,TLKM.JK
2021-03-29,2427.502685546875,2484.452895178473,2420.383909342925,2470.215342770574,72214100,TLKM.JK
2021-03-30,2406.146728515625,2441.740615032128,2391.9091739090236,2434.6218377288274,66491800,TLKM.JK
2021-03-31,2434.621337890625,2434.621337890625,2370.552355314556,2406.146234523483,134671900,TLKM.JK
2021-04-01,2413.264892578125,2448.8587700497787,2406.1461170837943,2413.264892578125,73332000,TLKM.JK
2021-04-05,2406.146728515625,2441.740615032128,2399.0279512123243,2441.740615032128,36029200,TLKM.JK
2021-04-06,2399.02783203125,2427.5029398298407,2399.02783203125,2420.384162880193,40566400,TLKM.JK
2021-04-07,2420.384033203125,2441.740362907858,2406.146480066636,2427.5028097713694,84754300,TLKM.JK
2021-04-08,2413.264892578125,2420.3836680724557,2406.1461170837943,2406.1461170837943,59079700,TLKM.JK
2021-04-09,2391.90869140625,2413.2650190080913,2391.90869140625,2413.2650190080913,56861400,TLKM.JK
2021-04-12,2356.314697265625,2413.2649014291446,2349.195921745185,2377.6710238269447,79003200,TLKM.JK
2021-04-13,2370.552490234375,2377.671266481325,2349.196161493525,2377.671266481325,51300200,TLKM.JK
2021-04-14,2377.67138671875,2391.908939932635,2363.433833504865,2391.908939932635,52587500,TLKM.JK
2021-04-15,2391.90869140625,2391.90869140625,2363.433587937128,2377.6711396716887,65669100,TLKM.JK
2021-04-16,2391.90869140625,2399.0274672735304,2363.433587937128,2399.0274672735304,52517800,TLKM.JK
2021-04-19,2377.67138671875,2391.908939932635,2370.5526101118076,2370.5526101118076,44899700,TLKM.JK
2021-04-20,2363.43359375,2384.7899214043678,2349.196041980422,2370.552369634789,55700100,TLKM.JK
2021-04-21,2334.958740234375,2370.552623469655,2334.958740234375,2342.0775168814307,47167800,TLKM.JK
2021-04-22,2370.552490234375,2377.671266481325,2342.0773852465745,2342.0773852465745,54970000,TLKM.JK
2021-04-23,2356.314697265625,2370.552248306505,2342.0771462247453,2370.552248306505,39798400,TLKM.JK
2021-04-26,2313.602294921875,2349.196176382212,2313.602294921875,2334.958623798077,55076200,TLKM.JK
2021-04-27,2249.533203125,2313.602186758307,2235.2956512064875,2306.4834107990505,166985400,TLKM.JK
2021-04-28,2235.2958984375,2256.652228677349,2228.1771216908837,2249.5334519307326,91596300,TLKM.JK
2021-04-29,2278.00830078125,2285.1270767211913,2235.2956451416017,2242.414421081543,111785100,TLKM.JK
2021-04-30,2278.00830078125,2320.7209564208983,2278.00830078125,2292.2458526611326,143840800,TLKM.JK
2021-05-03,2256.652099609375,2285.127204967222,2228.176994251528,2278.00842862776,124724400,TLKM.JK
2021-05-04,2285.127197265625,2285.127197265625,2256.652092003748,2263.7708683192172,60180600,TLKM.JK
2021-05-05,2278.00830078125,2285.1270767211913,2263.7707489013674,2285.1270767211913,76480300,TLKM.JK
2021-05-06,2270.8896484375,2278.0084247648906,2242.414543127939,2278.0084247648906,91955600,TLKM.JK
2021-05-07,2270.8896484375,2292.245977419671,2263.77087211011,2278.0084247648906,98099900,TLKM.JK
2021-05-10,2256.652099609375,2278.00842862776,2249.533323269913,2270.8896522882987,104121900,TLKM.JK
2021-05-11,2263.770751953125,2278.008303852201,2242.4144241045105,2256.6519760035867,94281900,TLKM.JK
2021-05-17,2270.8896484375,2270.8896484375,2242.414543127939,2270.8896484375,114071400,TLKM.JK
2021-05-18,2263.770751953125,2270.889527902663,2242.4144241045105,2270.889527902663,77310400,TLKM.JK
2021-05-19,2249.533203125,2292.245858880538,2242.4144271657437,2242.4144271657437,48958100,TLKM.JK
2021-05-20,2356.314697265625,2363.433472786065,2263.7706154999055,2270.8893910203456,197430900,TLKM.JK
2021-05-21,2327.83984375,2384.790053994648,2327.83984375,2377.6712777140674,104101400,TLKM.JK
2021-05-24,2320.720947265625,2370.552378648629,2292.245843618194,2342.0772750011984,64347100,TLKM.JK
2021-05-25,2349.1962890625,2363.4338423295458,2327.839959161932,2342.0775124289776,62218300,TLKM.JK
2021-05-27,2406.146728515625,2420.384283122226,2370.5528419991215,2384.790396605723,233551300,TLKM.JK
2021-05-28,2327.83984375,2420.3839353975536,2320.721067469419,2406.1463828363912,87439800,TLKM.JK
2021-05-31,2448.859375,2463.096929505814,2349.1964934593025,2349.1964934593025,155768200,TLKM.JK
2021-06-02,2455.977783203125,2491.5716641191125,2434.6214546535325,2484.452887935915,108933400,TLKM.JK
2021-06-03,2484.452880859375,2484.452880859375,2434.621447718929,2434.621447718929,77627900,TLKM.JK
2021-06-04,2491.572021484375,2498.690798688616,2455.9781354631696,2484.4532442801337,70624200,TLKM.JK
2021-06-07,2527.165771484375,2541.4033251265405,2491.571887378961,2520.046994663292,124440300,TLKM.JK
2021-06-08,2491.572021484375,2527.1659075055804,2470.2156898716516,2527.1659075055804,132409400,TLKM.JK
2021-06-09,2534.94970703125,2542.427434780605,2475.1278850364124,2497.5610682844763,112204200,TLKM.JK
2021-06-10,2602.249267578125,2617.204723138919,2497.561078652568,2505.0388064329654,137713700,TLKM.JK
2021-06-11,2594.771728515625,2617.2049134883828,2557.3830868943623,2609.72718516413,82336600,TLKM.JK
2021-06-14,2549.905517578125,2594.7718903214354,2542.4277887875733,2587.2941615308837,46016500,TLKM.JK
2021-06-15,2572.338623046875,2572.338623046875,2527.472251714662,2549.9054373807685,60528600,TLKM.JK
2021-06-16,2549.905517578125,2564.8609751592285,2527.4723312064702,2527.4723312064702,39149800,TLKM.JK
2021-06-17,2505.038818359375,2557.382913071362,2505.038818359375,2519.9942739913713,50286100,TLKM.JK
2021-06-18,2505.038818359375,2542.4274574393658,2460.172451463386,2505.038818359375,168414300,TLKM.JK
2021-06-21,2467.650390625,2497.5613044507577,2437.7394767992423,2452.6949337121214,74248200,TLKM.JK
2021-06-22,2467.650390625,2519.994489820076,2460.1726621685607,2467.650390625,89349200,TLKM.JK
2021-06-23,2519.99462890625,2557.3832732520405,2475.128255691302,2475.128255691302,81901000,TLKM.JK
2021-06-24,2430.261962890625,2512.5169831730773,2422.7842337740385,2490.0837958233174,101334200,TLKM.JK
2021-06-25,2430.261962890625,2467.650608473558,2422.7842337740385,2430.261962890625,58330700,TLKM.JK
2021-06-28,2370.440185546875,2437.739749174389,2370.440185546875,2430.262019882443,66338900,TLKM.JK
2021-06-29,2362.962158203125,2437.7394416905654,2355.484429854381,2385.395343249357,123411200,TLKM.JK
2021-06-30,2355.484375,2377.9175595238094,2340.5289186507935,2355.484375,142204500,TLKM.JK
2021-07-01,2325.57373046875,2370.440104690012,2310.618272394996,2362.962375653135,143665900,TLKM.JK
2021-07-02,2295.66259765625,2340.528967643017,2288.1848693251222,2325.573510980761,161855700,TLKM.JK
2021-07-05,2273.2294921875,2310.61813515111,2250.7963064093337,2295.6626779656663,133815000,TLKM.JK
2021-07-06,2250.79638671875,2295.6627598759346,2243.3186578592195,2280.707302156873,151573500,TLKM.JK
2021-07-07,2265.751953125,2295.6628699979374,2250.7964946885313,2265.751953125,110215500,TLKM.JK
2021-07-08,2250.79638671875,2288.1850310164036,2243.3186578592195,2288.1850310164036,132576600,TLKM.JK
2021-07-09,2362.962158203125,2370.4398865518688,2265.751689669452,2273.229418018196,222916400,TLKM.JK
2021-07-12,2340.529052734375,2385.3954243522867,2325.573595528405,2385.3954243522867,86268000,TLKM.JK
2021-07-13,2295.66259765625,2362.9621526364003,2280.707140993994,2362.9621526364003,82856600,TLKM.JK
2021-07-14,2288.18505859375,2295.662787543403,2258.2741427951387,2280.707329644097,84993400,TLKM.JK
2021-07-15,2340.529052734375,2348.0067813373603,2303.140409719449,2325.573595528405,88092800,TLKM.JK
2021-07-16,2370.440185546875,2370.440185546875,2325.5738097951994,2348.006997671037,63626300,TLKM.JK
2021-07-19,2407.828857421875,2415.3065867927503,2355.484751825747,2362.9624811966223,116219500,TLKM.JK
2021-07-21,2400.35107421875,2422.784261828271,2377.9178866092293,2385.395615812403,115099400,TLKM.JK
2021-07-22,2437.739501953125,2437.739501953125,2400.350859285132,2400.350859285132,48865700,TLKM.JK
2021-07-23,2370.440185546875,2430.262019882443,2355.484726962983,2430.262019882443,67128400,TLKM.JK
2021-07-26,2385.395751953125,2392.873481583072,2348.00710380339,2348.00710380339,55525800,TLKM.JK
2021-07-27,2445.21728515625,2445.21728515625,2362.9622694476298,2400.3509129515483,62673400,TLKM.JK
2021-07-28,2385.395751953125,2430.262129732808,2355.484833433337,2430.262129732808,103282300,TLKM.JK
2021-07-29,2415.306396484375,2460.1727691744873,2392.873210139319,2400.350938921004,126542400,TLKM.JK
2021-07-30,2422.7841796875,2460.1728244357637,2392.8732638888887,2392.8732638888887,95143100,TLKM.JK
2021-08-02,2475.128173828125,2475.128173828125,2400.3508876097526,2422.784073475264,60368200,TLKM.JK
2021-08-03,2490.08349609375,2512.5166807432433,2460.172583227759,2475.1280396607544,89712500,TLKM.JK
2021-08-04,2519.99462890625,2519.99462890625,2475.128255691302,2490.083713429618,63108600,TLKM.JK
2021-08-05,2497.561279296875,2542.4276495836452,2482.6058225346183,2512.5167360591317,89742800,TLKM.JK
2021-08-06,2482.605712890625,2527.4720811958773,2475.1279848397494,2512.5166250941265,31664200,TLKM.JK
2021-08-09,2430.261962890625,2467.650608473558,2407.8287755408655,2437.7396920072115,70299500,TLKM.JK
2021-08-10,2415.306396484375,2445.217311611116,2385.3954813576333,2422.78412526606,57658000,TLKM.JK
2021-08-12,2505.038818359375,2505.038818359375,2422.7838123833953,2437.7392680153916,93133400,TLKM.JK
2021-08-13,2467.650390625,2527.4722182765154,2437.7394767992423,2519.994489820076,59903600,TLKM.JK
2021-08-16,2497.561279296875,2497.561279296875,2460.172637391233,2467.6503657723615,38661800,TLKM.JK
2021-08-18,2557.383056640625,2572.3385131122077,2505.038958990086,2512.5166872258774,162921300,TLKM.JK
2021-08-19,2534.94970703125,2564.860618028669,2512.516523783186,2549.9051625299594,100851800,TLKM.JK
2021-08-20,2542.427734375,2564.8609202665443,2519.994548483456,2534.950005744485,113411000,TLKM.JK
2021-08-23,2572.338623046875,2572.338623046875,2542.4277088253993,2557.383165936137,64122400,TLKM.JK
2021-08-24,2542.427734375,2557.3831916360296,2475.128176700368,2549.905463005515,69338100,TLKM.JK
2021-08-25,2519.99462890625,2534.950086644566,2490.083713429618,2534.950086644566,66618200,TLKM.JK
2021-08-26,2512.5166015625,2512.5166015625,2482.605689639137,2490.083417619978,55756100,TLKM.JK
2021-08-27,2482.605712890625,2519.9943531450017,2475.1279848397494,2519.9943531450017,62419000,TLKM.JK
2021-08-30,2542.427734375,2542.427734375,2490.083633961397,2490.083633961397,64177700,TLKM.JK
2021-08-31,2542.427734375,2557.3831916360296,2512.5168198529414,2542.427734375,130019000,TLKM.JK
2021-09-01,2497.561279296875,2557.383106345902,2490.0835509157464,2557.383106345902,85135200,TLKM.JK
2021-09-02,2519.99462890625,2534.950086644566,2505.039171167934,2505.039171167934,51633800,TLKM.JK
2021-09-03,2534.94970703125,2557.3828902793143,2519.9942515325406,2542.427434780605,65479800,TLKM.JK
2021-09-06,2534.94970703125,2549.9051625299594,2527.4719792818955,2549.9051625299594,52640400,TLKM.JK
2021-09-07,2527.472412109375,2549.905599199103,2512.5169540495563,2549.905599199103,42617400,TLKM.JK
2021-09-08,2490.08349609375,2542.427593609234,2475.1280396607544,2542.427593609234,80636800,TLKM.JK
2021-09-09,2534.94970703125,2534.94970703125,2490.083340535122,2512.516523783186,82214400,TLKM.JK
2021-09-10,2490.08349609375,2534.9498653927367,2482.605767877252,2527.472137176239,52115300,TLKM.JK
2021-09-13,2505.038818359375,2505.038818359375,2467.6501792793842,2475.1279070953824,45547200,TLKM.JK
2021-09-14,2572.338623046875,2579.8163516022437,2505.0390660485555,2527.472251714662,166002100,TLKM.JK
2021-09-15,2579.816162109375,2579.816162109375,2549.9052500849184,2564.8607060971467,73158300,TLKM.JK
2021-09-16,2572.338623046875,2594.7718087129815,2542.4277088253993,2594.7718087129815,58318700,TLKM.JK
2021-09-17,2639.63818359375,2639.63818359375,2534.9499836778505,2542.427712243272,117573100,TLKM.JK
2021-09-20,2632.16015625,2632.16015625,2587.293789950284,2617.2047008167615,83985100,TLKM.JK
2021-09-21,2639.63818359375,2662.071369290014,2602.249540766643,2617.2049978974856,95848100,TLKM.JK
2021-09-22,2684.504638671875,2684.504638671875,2632.1605370821726,2639.6382658807015,66835200,TLKM.JK
2021-09-23,2662.071533203125,2699.4601783323824,2654.593804177274,2691.982449306531,104737500,TLKM.JK
2021-09-24,2662.071533203125,2677.026991254828,2647.116075151422,2662.071533203125,72224500,TLKM.JK
2021-09-27,2632.16015625,2662.071067116477,2602.2492453835225,2639.637883966619,87303000,TLKM.JK
2021-09-28,2639.63818359375,2647.1159121591713,2609.727269332064,2624.682726462907,54671700,TLKM.JK
2021-09-29,2639.63818359375,2647.1159121591713,2609.727269332064,2609.727269332064,53170100,TLKM.JK
2021-09-30,2759.28173828125,2759.28173828125,2647.1158139608738,2654.5935422488988,153853900,TLKM.JK
2021-10-01,2736.8486328125,2759.2818183273566,2699.459990287739,2751.8040898224044,109898400,TLKM.JK
2021-10-04,2744.326171875,2744.326171875,2691.9820759536783,2706.937531931199,82205100,TLKM.JK
2021-10-05,2744.326171875,2751.8038998637603,2706.937531931199,2744.326171875,140488300,TLKM.JK
2021-10-06,2811.626220703125,2819.1039500135057,2729.371198288938,2759.2821155304605,153535700,TLKM.JK
2021-10-07,2781.71484375,2796.6702998991937,2759.2816595262098,2781.71484375,56837600,TLKM.JK
2021-10-08,2841.536865234375,2841.536865234375,2781.7150364925988,2789.192765085321,91361800,TLKM.JK
2021-10-11,2849.0146484375,2878.9255633817256,2819.1037334932744,2841.5369197014434,78865000,TLKM.JK
2021-10-12,2826.581298828125,2871.4476686507937,2819.1035705243467,2826.581298828125,69866300,TLKM.JK
2021-10-13,2819.103759765625,2856.492403794347,2804.148302154136,2804.148302154136,87143900,TLKM.JK
2021-10-14,2863.969970703125,2863.969970703125,2819.103600404904,2819.103600404904,95817900,TLKM.JK
2021-10-15,2849.0146484375,2871.4478346456694,2804.1482760211616,2871.4478346456694,69707700,TLKM.JK
2021-10-18,2834.059326171875,2871.447971635884,2834.059326171875,2871.447971635884,78580700,TLKM.JK
2021-10-19,2796.67041015625,2841.5367803726604,2781.714953417447,2804.148138525652,61095700,TLKM.JK
2021-10-21,2878.925537109375,2901.358723112825,2811.625979099026,2826.5814364346593,169659500,TLKM.JK
2021-10-22,2893.880859375,2901.3585876937987,2856.492217781008,2886.403131056202,59640700,TLKM.JK
2021-10-25,2826.581298828125,2871.4476686507937,2826.581298828125,2841.5367554356812,58246300,TLKM.JK
2021-10-26,2841.536865234375,2863.9700510125413,2826.581408048931,2841.536865234375,58615100,TLKM.JK
2021-10-27,2834.059326171875,2863.9702425430823,2819.103867986272,2856.4925134502805,52210100,TLKM.JK
2021-10-28,2804.148193359375,2856.49229296875,2774.237279296875,2856.49229296875,61151100,TLKM.JK
2021-10-29,2841.536865234375,2849.014593827097,2789.192765085321,2804.1482222707646,70430900,TLKM.JK
2021-11-01,2766.75927734375,2856.492010663007,2766.75927734375,2849.0142828864023,65447100,TLKM.JK
2021-11-02,2736.8486328125,2774.237275337261,2721.8931758025956,2766.759546832309,170260000,TLKM.JK
2021-11-03,2781.71484375,2796.6702998991937,2706.937563004032,2706.937563004032,48810500,TLKM.JK
2021-11-04,2819.103759765625,2826.5814885713694,2781.715115736903,2804.148302154136,53494200,TLKM.JK
2021-11-05,2819.103759765625,2819.103759765625,2774.237386931159,2811.6260309598806,43133000,TLKM.JK
2021-11-08,2804.148193359375,2826.58137890625,2774.237279296875,2826.58137890625,58758600,TLKM.JK
2021-11-09,2774.2373046875,2796.67049043969,2751.80411893531,2789.1927618556265,92427800,TLKM.JK
2021-11-10,2766.75927734375,2781.7147328969595,2744.3260940139357,2744.3260940139357,53511200,TLKM.JK
2021-11-11,2729.370849609375,2789.192676450128,2721.8931212542807,2766.7594913848457,95789600,TLKM.JK
2021-11-12,2691.982177734375,2736.8485473632813,2691.982177734375,2736.8485473632813,115142400,TLKM.JK
2021-11-15,2691.982177734375,2729.370819091797,2691.982177734375,2691.982177734375,91001800,TLKM.JK
2021-11-16,2744.326171875,2751.8038998637603,2684.504347964918,2684.504347964918,99590700,TLKM.JK
2021-11-17,2714.41552734375,2759.2818996965393,2691.9823411673556,2759.2818996965393,82023300,TLKM.JK
2021-11-18,2714.41552734375,2721.893256069215,2691.9823411673556,2714.41552734375,53290400,TLKM.JK
2021-11-19,2916.31396484375,2931.269421073718,2736.848490084135,2736.848490084135,310615000,TLKM.JK
2021-11-22,2841.536865234375,2938.7473369397617,2826.581408048931,2931.2696083470396,206683100,TLKM.JK
2021-11-23,2841.536865234375,2878.925508197985,2826.581408048931,2841.536865234375,67778800,TLKM.JK
2021-11-24,2841.536865234375,2871.4477796052633,2834.059136641653,2871.4477796052633,67303800,TLKM.JK
2021-11-25,2991.091552734375,3058.3911126708986,2878.925619506836,2901.3588061523437,264897100,TLKM.JK
2021-11-26,2998.569091796875,3028.4800054307593,2968.658178162991,3021.002277022288,231870300,TLKM.JK
2021-11-29,3095.77978515625,3118.2129720052085,2976.1361219618057,2998.5693088107637,228774600,TLKM.JK
2021-11-30,2983.613525390625,3118.2126317992247,2983.613525390625,3103.2571755316026,435800600,TLKM.JK
2021-12-01,3050.913330078125,3103.2574313294654,3006.0469575769757,3021.002415077359,200699200,TLKM.JK
2021-12-02,3110.735107421875,3133.168293292706,3065.8687356802134,3095.7796501746548,116093100,TLKM.JK
2021-12-03,3043.435302734375,3125.690310916385,3028.479846701282,3088.301670833653,96760700,TLKM.JK
2021-12-06,3118.212890625,3178.0347206609713,3028.4801455710435,3035.9578743255397,106756900,TLKM.JK
2021-12-07,3103.25732421875,3140.645966679217,3080.82413874247,3125.6905096950304,121543400,TLKM.JK
2021-12-08,3058.390869140625,3080.824053999847,2998.569042849366,3065.8685974270325,113845600,TLKM.JK
2021-12-09,3103.25732421875,3103.25732421875,3050.9132247740968,3058.39095326619,86985800,TLKM.JK
2021-12-10,3103.25732421875,3103.25732421875,3043.435496282003,3043.435496282003,90725000,TLKM.JK
2021-12-13,3050.913330078125,3103.2574313294654,3050.913330078125,3103.2574313294654,65533000,TLKM.JK
2021-12-14,3065.86865234375,3080.824109184451,3043.4354670826983,3080.824109184451,75736900,TLKM.JK
2021-12-15,3050.913330078125,3095.779702579274,3035.957872577742,3035.957872577742,84424500,TLKM.JK
2021-12-16,3065.86865234375,3103.2572944455032,3035.9577386623478,3073.3463807641006,98164300,TLKM.JK
2021-12-17,3065.86865234375,3065.86865234375,2998.5690965605945,2998.5690965605945,149615800,TLKM.JK
2021-12-20,3050.913330078125,3073.346516328699,3021.002415077359,3043.4356013279335,72794200,TLKM.JK
2021-12-21,3110.735107421875,3133.168293292706,3065.8687356802134,3073.3464643038237,98039300,TLKM.JK
2021-12-22,3073.346435546875,3118.212806868727,3073.346435546875,3110.735078315085,50574500,TLKM.JK
2021-12-23,3110.735107421875,3110.735107421875,3065.8687356802134,3073.3464643038237,54508200,TLKM.JK
2021-12-24,3073.346435546875,3118.212806868727,3065.868706993233,3110.735078315085,29075600,TLKM.JK
2021-12-27,3050.913330078125,3103.2574313294654,3043.4356013279335,3103.2574313294654,30748000,TLKM.JK
2021-12-28,3058.390869140625,3088.3017822862544,3028.479955994995,3050.9131408542175,39443300,TLKM.JK
2021-12-29,3050.913330078125,3088.3019738290823,3050.913330078125,3065.8687875785076,25596100,TLKM.JK
2021-12-30,3021.002197265625,3088.3017511651065,3021.002197265625,3088.3017511651065,50575100,TLKM.JK
2022-01-03,3125.690673828125,3125.690673828125,3028.4801983262932,3035.9579272110495,65937900,TLKM.JK
2022-01-04,3118.212890625,3140.6460768884895,3103.257433116007,3125.6906193794966,42984700,TLKM.JK
2022-01-05,3028.47998046875,3133.16817732446,3013.5245237750773,3103.257263937114,119584700,TLKM.JK
2022-01-06,3080.82421875,3080.82421875,3013.5246605734224,3058.391032691141,89197500,TLKM.JK
2022-01-07,3118.212890625,3133.168348133993,3058.391060589029,3080.824246852518,68415100,TLKM.JK
2022-01-10,3065.86865234375,3133.1682081269055,3065.86865234375,3125.690479706555,44921200,TLKM.JK
2022-01-11,3058.390869140625,3110.7349671454767,3058.390869140625,3080.824053999847,61890200,TLKM.JK
2022-01-12,3073.346435546875,3095.779621207801,3043.4355213323065,3073.346435546875,45132700,TLKM.JK
2022-01-13,3125.690673828125,3125.690673828125,3073.346571634831,3118.2129449433687,84148400,TLKM.JK
2022-01-14,3133.168212890625,3133.168212890625,3088.301842300306,3095.7795707320256,28193100,TLKM.JK
2022-01-17,3125.690673828125,3140.6461315976376,3095.7797582891,3140.6461315976376,39816300,TLKM.JK
2022-01-18,3178.03466796875,3178.03466796875,3110.735110294118,3140.6460248161766,112212200,TLKM.JK
2022-01-19,3178.03466796875,3185.512396599265,3163.079210707721,3185.512396599265,88713900,TLKM.JK
2022-01-20,3155.601318359375,3215.423144299837,3133.168133631702,3215.423144299837,100014500,TLKM.JK
2022-01-21,3237.8564453125,3237.8564453125,3133.1682461568994,3170.5568887124714,75534800,TLKM.JK
2022-01-24,3215.423095703125,3222.9008238326674,3178.0344550554146,3185.5121831849565,70404500,TLKM.JK
2022-01-25,3207.945556640625,3230.3787423513986,3178.0346423595934,3222.9010137811406,116353600,TLKM.JK
2022-01-26,3282.722900390625,3282.722900390625,3207.945613365782,3275.245171688141,127641400,TLKM.JK
2022-01-27,3192.989990234375,3290.2004583211356,3185.5122619200088,3290.2004583211356,98613900,TLKM.JK
2022-01-28,3185.512451171875,3215.423366206353,3163.079264896017,3185.512451171875,61686700,TLKM.JK
2022-01-31,3133.168212890625,3178.034583480944,3133.168212890625,3148.123669754065,88735900,TLKM.JK
2022-02-02,3118.212890625,3140.6460768884895,3103.257433116007,3118.212890625,144006000,TLKM.JK
2022-02-03,3140.64599609375,3148.123724655878,3110.7350818452383,3140.64599609375,58212400,TLKM.JK
2022-02-04,3163.079345703125,3185.5125325520835,3125.690700954861,3185.5125325520835,98728700,TLKM.JK
2022-02-07,3207.945556640625,3207.945556640625,3148.1237280785617,3163.0791852190778,90285800,TLKM.JK
2022-02-08,3163.079345703125,3200.4679904513887,3163.079345703125,3200.4679904513887,71210400,TLKM.JK
2022-02-09,3200.4677734375,3200.4677734375,3148.1236743392233,3200.4677734375,95375000,TLKM.JK
2022-02-10,3335.06689453125,3342.5446229943245,3245.334152974355,3290.2005237528024,233984700,TLKM.JK
2022-02-11,3327.589111328125,3402.366394728757,3297.678197967872,3364.977753028441,130081900,TLKM.JK
2022-02-14,3290.20068359375,3290.2006835937505,3222.9011241566054,3275.2452259410516,104903700,TLKM.JK
2022-02-15,3297.67822265625,3320.111407844388,3260.2895806760203,3290.2004942602043,75305900,TLKM.JK
2022-02-16,3290.20068359375,3335.0670565518467,3275.2452259410516,3305.156141246449,90121200,TLKM.JK
2022-02-17,3297.67822265625,3320.111407844388,3260.2895806760203,3290.2004942602043,72970200,TLKM.JK
2022-02-18,3290.20068359375,3320.111598899148,3267.767497114702,3305.156141246449,71111300,TLKM.JK
2022-02-21,3267.767578125,3305.1562231836383,3245.3343910898166,3267.767578125,58883000,TLKM.JK
2022-02-22,3215.423095703125,3260.2894644803782,3178.0344550554146,3230.3785519622097,106985800,TLKM.JK
2022-02-23,3252.81201171875,3267.7674692438936,3192.9901816181755,3200.467910380747,110562400,TLKM.JK
2022-02-24,3170.556884765625,3230.3787127800706,3140.645970758402,3200.467798772848,126158600,TLKM.JK
2022-02-25,3245.33447265625,3252.812201855919,3170.557180659562,3170.557180659562,208757000,TLKM.JK
2022-03-01,3252.81201171875,3477.1438745959053,3252.81201171875,3469.6661458333333,206416900,TLKM.JK
2022-03-02,3207.945556640625,3290.2005709134614,3192.990099500109,3290.2005709134614,152165300,TLKM.JK
2022-03-04,3290.20068359375,3320.111598899148,3215.423395330256,3320.111598899148,155369100,TLKM.JK
2022-03-07,3372.45556640625,3387.411023463484,3267.767367005613,3290.2005525914637,177360400,TLKM.JK
2022-03-08,3454.710693359375,3514.5325235474165,3394.888863171334,3439.755235812365,234086000,TLKM.JK
2022-03-09,3320.111572265625,3454.7106900601775,3305.156114732897,3402.366588695629,145145900,TLKM.JK
2022-03-10,3297.67822265625,3364.9777782206634,3275.245037468112,3364.9777782206634,130830800,TLKM.JK
2022-03-11,3432.277587890625,3432.277587890625,3290.200737847222,3297.678466796875,143446200,TLKM.JK
2022-03-14,3424.7998046875,3492.099364168259,3394.888889362718,3477.143906505868,166572700,TLKM.JK
2022-03-15,3454.710693359375,3462.1884221328805,3417.3220494918496,3462.1884221328805,231077800,TLKM.JK
2022-03-16,3462.1884765625,3484.6216632356914,3402.3666454339905,3484.6216632356914,109961900,TLKM.JK
2022-03-17,3350.022216796875,3424.7994984218053,3327.589032309396,3402.366313934326,246300800,TLKM.JK
2022-03-18,3394.88916015625,3394.88916015625,3342.5450541626515,3357.500513017965,210266100,TLKM.JK
2022-03-21,3402.36669921875,3417.322157237294,3379.9335121909344,3402.36669921875,79691600,TLKM.JK
2022-03-22,3402.36669921875,3424.799886246566,3394.888970209478,3402.36669921875,98699900,TLKM.JK
2022-03-23,3402.36669921875,3417.322157237294,3364.9780541723903,3402.36669921875,78299500,TLKM.JK
2022-03-24,3409.844482421875,3417.322211549993,3364.9781076531663,3364.9781076531663,89578400,TLKM.JK
2022-03-25,3379.93359375,3394.889052129425,3350.0226769911505,3372.455864560288,90053700,TLKM.JK
2022-03-28,3439.75537109375,3439.75537109375,3364.978080417799,3372.455809485394,184131000,TLKM.JK
2022-03-29,3409.844482421875,3454.7108571905837,3409.844482421875,3439.7553989343473,77920800,TLKM.JK
2022-03-30,3424.7998046875,3454.710720012282,3409.844347025109,3454.710720012282,118749100,TLKM.JK
2022-03-31,3424.7998046875,3469.6661776746723,3409.844347025109,3454.710720012282,108109700,TLKM.JK
2022-04-01,3424.7998046875,3424.7998046875,3387.411160531523,3402.366618193914,86590300,TLKM.JK
2022-04-04,3394.88916015625,3417.322348439221,3357.500513017965,3409.8446190115637,103480300,TLKM.JK
2022-04-05,3379.93359375,3402.3667813191373,3364.9781353705753,3402.3667813191373,52172300,TLKM.JK
2022-04-06,3312.6337890625,3364.9778895668737,3305.156060419018,3357.500160923392,108368800,TLKM.JK
2022-04-07,3394.88916015625,3394.88916015625,3320.111865879681,3327.5895953073377,143921800,TLKM.JK
2022-04-08,3424.7998046875,3447.232991181086,3409.844347025109,3424.7998046875,161974500,TLKM.JK
2022-04-11,3432.277587890625,3447.2330457899307,3402.3666720920137,3447.2330457899307,90521500,TLKM.JK
2022-04-12,3462.1884765625,3462.1884765625,3424.7998321071814,3454.7107476714364,187948000,TLKM.JK
2022-04-13,3507.0546875,3529.4878731343288,3477.143773320896,3514.5324160447763,196864200,TLKM.JK
2022-04-14,3499.576904296875,3536.965546436799,3484.6214474409053,3514.5323611528447,112735200,TLKM.JK
2022-04-18,3522.01025390625,3536.965711459992,3507.0547963525078,3529.4879826831207,120778200,TLKM.JK
2022-04-19,3499.576904296875,3551.9210032927685,3499.576904296875,3544.4432748647837,92268300,TLKM.JK
2022-04-20,3462.1884765625,3507.0548499088823,3454.7107476714364,3499.5771210178186,88360900,TLKM.JK
2022-04-21,3454.710693359375,3492.099337226901,3439.755235812365,3454.7106933593755,97575800,TLKM.JK
2022-04-22,3454.710693359375,3499.577066000406,3424.7997782653547,3454.7106933593755,101299100,TLKM.JK
2022-04-25,3522.01025390625,3529.4879826831207,3424.7997798069264,3447.2329661375397,92045500,TLKM.JK
2022-04-26,3559.398681640625,3559.3986816406245,3492.099126735655,3499.5768550584294,85945800,TLKM.JK
2022-04-27,3566.87646484375,3581.831921719405,3529.487822654612,3529.487822654612,136485600,TLKM.JK
2022-04-28,3454.710693359375,3626.6984551499936,3454.7106933593755,3626.6984551499936,198484800,TLKM.JK
2022-05-09,3222.901123046875,3409.8443436412413,3215.4233942231003,3409.8443436412413,343682000,TLKM.JK
2022-05-10,3245.33447265625,3275.2453894549253,3080.824430263537,3080.824430263537,281386300,TLKM.JK
2022-05-11,3237.8564453125,3350.0223729792147,3237.8564453125,3290.2005448903,154455400,TLKM.JK
2022-05-12,3215.423095703125,3282.7226488690044,3178.0344550554146,3245.334008221294,233518500,TLKM.JK
2022-05-13,3185.512451171875,3252.81200999945,3163.079264896017,3178.0347224132556,190889200,TLKM.JK
2022-05-17,3125.690673828125,3207.9456915604437,3125.690673828125,3178.0347760214186,170880700,TLKM.JK
2022-05-18,3178.03466796875,3207.945582490809,3133.168296185662,3163.079210707721,185359500,TLKM.JK
2022-05-19,3148.123779296875,3163.079236680708,3103.2574071453755,3125.6905932211253,112679300,TLKM.JK
2022-05-20,3118.212890625,3163.0792631519785,3118.212890625,3155.6015343974823,141701800,TLKM.JK
2022-05-23,3073.346435546875,3125.690535422369,3043.4355213323065,3110.735078315085,196569900,TLKM.JK
2022-05-24,3103.25732421875,3140.645966679217,3080.82413874247,3080.82413874247,151693700,TLKM.JK
2022-05-25,3140.64599609375,3148.123724655878,3103.25735328311,3140.64599609375,166595400,TLKM.JK
2022-05-27,3215.423095703125,3215.423095703125,3148.1235425372456,3185.5121831849565,186513500,TLKM.JK
2022-05-30,3178.03466796875,3245.3342256433825,3140.6460248161766,3245.3342256433825,107614100,TLKM.JK
2022-05-31,3222.901123046875,3237.8565806944243,3163.0792924566776,3192.9902077517763,469620300,TLKM.JK
2022-06-02,3207.945556640625,3282.7228423432034,3192.990099500109,3282.7228423432034,164481100,TLKM.JK
2022-06-03,3222.901123046875,3282.7229536370724,3215.4233942231003,3222.901123046875,108852800,TLKM.JK
2022-06-06,3245.33447265625,3245.33447265625,3192.9903682585687,3222.9012850572435,79319400,TLKM.JK
2022-06-07,3178.03466796875,3245.3342256433825,3178.03466796875,3245.3342256433825,142504000,TLKM.JK
2022-06-08,3178.0078125,3232.266482469512,3162.5053353658536,3216.764005335366,202555900,TLKM.JK
2022-06-09,3139.251708984375,3201.261619285301,3139.251708984375,3162.505425347222,148580200,TLKM.JK
2022-06-10,3115.998046875,3162.505480410448,3100.4955690298507,3131.5005247201493,189186700,TLKM.JK
2022-06-13,3162.505615234375,3178.008093740426,3046.237026438994,3061.7395049450447,156054900,TLKM.JK
2022-06-14,3185.759033203125,3193.5102717267337,3115.997886490648,3139.2516020614735,117325600,TLKM.JK
2022-06-15,3147.003173828125,3162.5056525169334,3123.749455794912,3147.003173828125,94848800,TLKM.JK
2022-06-16,3131.50048828125,3193.5103989402846,3123.7492494488706,3193.5103989402846,96042200,TLKM.JK
2022-06-17,3193.51025390625,3193.51025390625,3084.9929151812803,3108.2466306223455,169375800,TLKM.JK
2022-06-20,3131.50048828125,3147.0029659460083,3100.4955329517325,3139.2517271136294,82101200,TLKM.JK
2022-06-21,3185.759033203125,3193.5102717267337,3123.7491250142566,3147.002840585082,77489000,TLKM.JK
2022-06-22,3139.251708984375,3170.256664134838,3131.500470196759,3170.256664134838,60907800,TLKM.JK
2022-06-23,3224.51513671875,3224.51513671875,3123.749038696289,3123.749038696289,101065400,TLKM.JK
2022-06-24,3216.764404296875,3278.7743205242846,3178.008206654744,3278.7743205242846,81050700,TLKM.JK
2022-06-27,3154.754150390625,3193.510343884367,3131.5004342943794,3185.7591051856184,71574300,TLKM.JK
2022-06-28,3123.7490234375,3139.251499980614,3100.495308622829,3108.2465468943856,128618800,TLKM.JK
2022-06-29,3131.50048828125,3162.505443610767,3100.4955329517325,3100.4955329517325,72888100,TLKM.JK
2022-06-30,3100.495361328125,3185.7589837646487,3100.495361328125,3185.7589837646487,116718900,TLKM.JK
2022-07-01,3115.998046875,3131.5005247201493,3100.4955690298507,3108.2468079524256,39572500,TLKM.JK
2022-07-04,3092.744384765625,3131.50058006344,2976.4757988721803,3115.998101944314,115885200,TLKM.JK
2022-07-05,3092.744384765625,3154.754297242129,3061.739428527373,3108.246862884751,72329600,TLKM.JK
2022-07-06,3115.998046875,3139.2517636427237,3077.241852262127,3139.2517636427237,62679000,TLKM.JK
2022-07-07,3131.50048828125,3139.2517271136294,3108.246771784112,3131.50048828125,42393800,TLKM.JK
2022-07-08,3108.246826171875,3147.0030210119235,3100.4955872038654,3139.251782043914,64049000,TLKM.JK
2022-07-11,3131.50048828125,3178.007921275526,3100.4955329517325,3178.007921275526,42258000,TLKM.JK
2022-07-12,3108.246826171875,3147.0030210119235,3108.246826171875,3147.0030210119235,43399800,TLKM.JK
2022-07-13,3053.98828125,3123.7494348826144,3046.2370419574872,3108.246956297589,96218200,TLKM.JK
2022-07-14,3115.998046875,3115.998046875,3022.9831798041046,3053.988135494403,68708500,TLKM.JK
2022-07-15,3216.764404296875,3263.2718414674323,3108.247050898908,3131.5007694841865,146093800,TLKM.JK
2022-07-18,3247.76904296875,3247.76904296875,3154.7541777763277,3185.7591328404687,84009400,TLKM.JK
2022-07-19,3224.51513671875,3247.7688516470103,3201.2614217904897,3247.7688516470103,91367900,TLKM.JK
2022-07-20,3263.271484375,3271.0227230552255,3209.0128136134203,3209.0128136134203,82344000,TLKM.JK
2022-07-21,3302.02783203125,3302.02783203125,3240.017919692635,3263.2716368196157,107234600,TLKM.JK
2022-07-22,3278.773681640625,3286.5249196586883,3247.7687295683736,3286.5249196586883,59792300,TLKM.JK
2022-07-25,3286.525390625,3302.0278688826647,3271.022912367335,3286.5253906249995,37218000,TLKM.JK
2022-07-26,3294.276611328125,3294.276611328125,3247.769176815257,3286.525372242647,49786900,TLKM.JK
2022-07-27,3333.032470703125,3333.032470703125,3263.2713259674783,3278.7738025753997,60672300,TLKM.JK
2022-07-28,3286.525390625,3348.5353036556603,3247.7691949808373,3340.7840645268275,110767300,TLKM.JK
2022-07-29,3278.773681640625,3333.032347767066,3263.2712056044993,3317.5298717309397,108823600,TLKM.JK
2022-08-01,3333.032470703125,3333.032470703125,3278.7738025753997,3278.7738025753997,104724300,TLKM.JK
2022-08-02,3449.301025390625,3449.301025390625,3294.2762602045295,3371.7886427975773,112228800,TLKM.JK
2022-08-03,3488.057373046875,3557.8185205078125,3418.296225585938,3449.301180013021,251825000,TLKM.JK
2022-08-04,3526.813720703125,3526.813720703125,3449.301331237122,3449.301331237122,186881500,TLKM.JK
2022-08-05,3604.326171875,3604.326171875,3511.3113029233873,3557.8187373991937,268967200,TLKM.JK
2022-08-08,3643.08251953125,3643.08251953125,3604.3263225149603,3643.08251953125,191023500,TLKM.JK
2022-08-09,3596.574951171875,3643.0823858853046,3588.82371205297,3643.0823858853046,164453900,TLKM.JK
2022-08-10,3534.564697265625,3557.818412379215,3480.306028667249,3511.310982152035,162061400,TLKM.JK
2022-08-11,3542.316162109375,3573.3211175764154,3503.5599677755745,3526.813684375855,123629000,TLKM.JK
2022-08-12,3526.813720703125,3565.5699154361264,3511.311242809925,3542.3161985963256,124552500,TLKM.JK
2022-08-15,3449.301025390625,3542.3158845022826,3441.5497871313205,3519.0621697243682,136882800,TLKM.JK
2022-08-16,3418.296630859375,3550.0677027972647,3418.296630859375,3511.3115051684736,127710800,TLKM.JK
2022-08-18,3526.813720703125,3526.813720703125,3371.78894177112,3379.54018071772,182044300,TLKM.JK
2022-08-19,3565.56982421875,3573.321062967052,3457.0524817425276,3534.5648692255436,177623900,TLKM.JK
2022-08-22,3604.326171875,3612.0774109543013,3511.3113029233873,3526.8137810819894,202320400,TLKM.JK
2022-08-23,3612.07763671875,3650.8338345376205,3573.3214388998795,3627.580115846298,229431400,TLKM.JK
2022-08-24,3681.83837890625,3697.340856291118,3565.5697985197367,3612.077230674342,189007900,TLKM.JK
2022-08-25,3542.316162109375,3643.082267377257,3534.564923242615,3627.5797896437366,179495700,TLKM.JK
2022-08-26,3480.305908203125,3519.062098717636,3472.5546701002227,3495.808384408929,184317100,TLKM.JK
2022-08-29,3503.56005859375,3526.8137757968057,3379.540233510785,3387.2914725784703,101529800,TLKM.JK
2022-08-30,3472.554931640625,3581.0722732543945,3472.554931640625,3550.067318507603,118884300,TLKM.JK
2022-08-31,3534.564697265625,3565.5696507504113,3426.0473600688733,3426.0473600688733,175300400,TLKM.JK
2022-09-01,3550.0673828125,3604.3260546022107,3511.3111886769925,3534.5649051582973,120871700,TLKM.JK
2022-09-02,3565.56982421875,3581.0723017153537,3519.0623917289404,3519.0623917289404,106985000,TLKM.JK
2022-09-05,3581.072265625,3588.823504295184,3526.8135949337125,3534.564833603896,77323800,TLKM.JK
2022-09-06,3495.808837890625,3581.0724680830795,3495.808837890625,3573.3212289746743,61970100,TLKM.JK
2022-09-07,3480.305908203125,3534.564574923441,3472.5546701002227,3488.0571463060273,106145700,TLKM.JK
2022-09-08,3534.564697265625,3596.5746042351975,3488.057267038446,3488.057267038446,123389200,TLKM.JK
2022-09-09,3565.56982421875,3565.5698242187505,3511.311152980639,3526.813630477242,50307800,TLKM.JK
2022-09-12,3519.062744140625,3565.570181287858,3511.311504616086,3565.570181287858,74820600,TLKM.JK
2022-09-13,3503.56005859375,3534.565014864491,3503.56005859375,3519.0625367291204,91510200,TLKM.JK
2022-09-14,3472.554931640625,3511.311125074114,3457.052454267229,3480.306170327323,97919200,TLKM.JK
2022-09-15,3488.057373046875,3565.5697591145836,3488.0573730468755,3519.0623274739587,125599900,TLKM.JK
2022-09-16,3418.296630859375,3488.057786591199,3418.296630859375,3488.057786591199,210277300,TLKM.JK
2022-09-19,3488.057373046875,3534.5648046875003,3441.54994140625,3457.0524186197918,116164500,TLKM.JK
2022-09-20,3472.554931640625,3519.062363760812,3472.554931640625,3511.311125074114,100743700,TLKM.JK
2022-09-21,3433.798583984375,3464.8035373386356,3418.2961073072447,3449.3010606615053,91363200,TLKM.JK
2022-09-22,3433.798583984375,3449.3010606615053,3395.0423922915493,3410.5448689686796,89922900,TLKM.JK
2022-09-23,3395.04248046875,3433.798673168165,3395.04248046875,3410.544957548516,95911400,TLKM.JK
2022-09-26,3457.052490234375,3495.8086840710835,3333.0326699569086,3402.7938188629837,132185400,TLKM.JK
2022-09-27,3441.55029296875,3464.8040111644846,3395.0428565772804,3449.301532367328,123113800,TLKM.JK
2022-09-28,3464.803955078125,3511.3113907167576,3410.545280166387,3433.798997985703,104385500,TLKM.JK
2022-09-29,3441.55029296875,3488.0577293602196,3426.0478141715935,3457.0527717659065,90290400,TLKM.JK
2022-09-30,3457.052490234375,3488.0574453037416,3402.7938188629837,3410.545057630325,111482000,TLKM.JK
2022-10-03,3457.052490234375,3464.803729001717,3395.042580095642,3457.052490234375,77569100,TLKM.JK
2022-10-04,3441.55029296875,3495.8089687587976,3433.7990535701715,3457.0527717659065,87832800,TLKM.JK
2022-10-05,3457.052490234375,3519.062400373108,3457.052490234375,3480.3062065364,61888400,TLKM.JK
2022-10-06,3433.798583984375,3472.5547756772007,3426.04734564581,3457.0522990000704,60464300,TLKM.JK
2022-10-07,3371.7890625,3433.7989762931034,3371.7890625,3410.5452586206898,102570000,TLKM.JK
2022-10-10,3426.047119140625,3426.047119140625,3356.285978705635,3364.037216531745,72389100,TLKM.JK
2022-10-11,3340.783935546875,3395.0426073539006,3340.783935546875,3379.5401296947502,108794500,TLKM.JK
2022-10-12,3364.037841796875,3371.789081063688,3317.5304061959964,3333.0328847296228,107938600,TLKM.JK
2022-10-13,3333.032470703125,3371.788662222929,3325.2812323991643,3356.286185615007,70034500,TLKM.JK
2022-10-14,3325.28125,3379.5399184149182,3325.28125,3379.5399184149182,68096300,TLKM.JK
2022-10-17,3356.286376953125,3356.286376953125,3255.520273257073,3255.520273257073,90321700,TLKM.JK
2022-10-18,3294.276611328125,3364.0377630974263,3294.276611328125,3340.784045840993,72516000,TLKM.JK
2022-10-19,3255.520263671875,3333.032650902158,3255.520263671875,3271.0227411179317,65848300,TLKM.JK
2022-10-20,3371.7890625,3371.7890625,3255.520474137931,3255.520474137931,165391500,TLKM.JK
2022-10-21,3379.5400390625,3402.793754927609,3333.032607332282,3333.032607332282,79825700,TLKM.JK
2022-10-24,3418.296630859375,3449.301588962408,3395.0429122821006,3395.0429122821006,76777200,TLKM.JK
2022-10-25,3402.793701171875,3464.8036091658955,3402.793701171875,3433.7986551688855,109154300,TLKM.JK
2022-10-26,3387.29150390625,3433.798938742492,3356.286547348756,3426.047699603118,97320500,TLKM.JK
2022-10-27,3387.29150390625,3418.2964604637446,3364.0377864881293,3402.7939821849973,80270300,TLKM.JK
2022-10-28,3449.301025390625,3449.301025390625,3395.0423575754917,3426.047310612711,91101500,TLKM.JK
2022-10-31,3402.793701171875,3457.052370666643,3379.5399856741174,3457.052370666643,162753500,TLKM.JK
2022-11-01,3426.047119140625,3426.047119140625,3379.5396921839647,3426.047119140625,108592900,TLKM.JK
2022-11-02,3271.02294921875,3426.0477335419137,3271.02294921875,3410.5452551095973,217855200,TLKM.JK
2022-11-03,3201.261474609375,3232.2664283586187,3139.2515671108886,3209.012713046686,231475000,TLKM.JK
2022-11-04,3263.271484375,3263.271484375,3154.7541428518407,3154.7541428518407,201183100,TLKM.JK
2022-11-07,3317.530517578125,3317.530517578125,3224.515643253505,3294.2767989969702,129868800,TLKM.JK
2022-11-08,3271.02294921875,3317.530384515699,3255.5204707864336,3309.779145299541,110546800,TLKM.JK
2022-11-09,3247.76904296875,3278.773998032891,3240.017804202715,3255.5202817347854,145833200,TLKM.JK
2022-11-10,3232.2666015625,3263.2715569731713,3185.759168446493,3185.759168446493,81249200,TLKM.JK
2022-11-11,3216.764404296875,3240.0181228821534,3209.013164768449,3224.515643825301,227799300,TLKM.JK
2022-11-14,3139.251708984375,3193.510380497685,3123.7492314091437,3170.256664134838,188771200,TLKM.JK
2022-11-15,3139.251708984375,3162.505425347222,3123.7492314091437,3139.251708984375,88570400,TLKM.JK
2022-11-16,3139.251708984375,3154.7541865596063,3069.4905598958335,3100.495515046296,149512300,TLKM.JK
2022-11-17,3131.50048828125,3154.7542047783877,3115.9980106164912,3115.9980106164912,68616700,TLKM.JK
2022-11-18,3108.246826171875,3162.5054989479427,3108.246826171875,3154.754259979933,115907900,TLKM.JK
2022-11-21,3123.7490234375,3147.002738252171,3108.2465468943856,3115.997785165943,45277400,TLKM.JK
2022-11-22,3100.495361328125,3131.5003149414065,3100.495361328125,3115.997838134766,83888300,TLKM.JK
2022-11-23,3077.24169921875,3123.7491304411997,3077.24169921875,3092.7441762928997,95750400,TLKM.JK
2022-11-24,3123.7490234375,3131.5002617090568,3084.9928320797144,3084.9928320797144,50741600,TLKM.JK
2022-11-25,3123.7490234375,3131.5002617090568,3084.9928320797144,3108.2465468943856,73305800,TLKM.JK
2022-11-28,3084.992919921875,3131.5003508754708,3084.992919921875,3123.749112383205,94063100,TLKM.JK
2022-11-29,3084.992919921875,3115.997873890939,3084.992919921875,3084.992919921875,94389800,TLKM.JK
2022-11-30,3131.50048828125,3139.2517271136294,3077.2418164545948,3077.2418164545948,585687400,TLKM.JK
2022-12-01,3069.49072265625,3131.500636245265,3069.49072265625,3115.998157848011,230066600,TLKM.JK
2022-12-02,3100.495361328125,3115.997838134766,3046.236692504883,3061.7391693115237,113336600,TLKM.JK
2022-12-05,2976.4755859375,3092.7441635131836,2960.973108927409,3084.992925008138,148751200,TLKM.JK
2022-12-06,2790.446044921875,2883.460913085937,2774.943566894531,2821.451000976562,416468700,TLKM.JK
2022-12-07,2852.455810546875,2867.958287778108,2767.1921857750935,2790.445901621943,278572200,TLKM.JK
2022-12-08,2898.96337890625,2929.968334830381,2805.948511133857,2867.958422982119,245646400,TLKM.JK
2022-12-09,2829.2021484375,2883.4608197773973,2813.6996709118152,2852.4558647260274,164606100,TLKM.JK
2022-12-12,2867.95849609375,2875.7097352723817,2821.4510610219595,2844.7047785578548,170545000,TLKM.JK
2022-12-13,2906.714599609375,2937.7195553385413,2852.4559270833333,2860.207166015625,231127000,TLKM.JK
2022-12-14,2906.714599609375,2960.9732721354167,2898.963360677083,2960.9732721354167,107175700,TLKM.JK
2022-12-15,2844.704833984375,2883.4610306326636,2844.704833984375,2852.456073314033,143233600,TLKM.JK
2022-12-16,2852.455810546875,2898.963242240574,2798.1971402375593,2798.1971402375593,310944500,TLKM.JK
2022-12-19,2883.460693359375,2937.7193623204384,2852.4557396673385,2898.963170205393,119137700,TLKM.JK
2022-12-20,2883.460693359375,2906.714408628402,2867.958216513357,2891.211931782384,55351300,TLKM.JK
2022-12-21,2937.719482421875,2937.719482421875,2844.7046175430823,2860.207095022881,98741000,TLKM.JK
2022-12-22,2906.714599609375,2953.2220332031247,2898.963360677083,2945.4707942708333,68702100,TLKM.JK
2022-12-23,2929.968017578125,2929.968017578125,2867.9581124441966,2875.7093505859375,45179400,TLKM.JK
2022-12-26,2906.714599609375,2945.4707942708333,2891.2121217447916,2929.96831640625,19216700,TLKM.JK
2022-12-27,2953.221923828125,2976.4756397637793,2906.714491956816,2922.216969247252,49816500,TLKM.JK
2022-12-28,2891.2119140625,2953.2218210665214,2875.7094373114946,2945.470582691019,65006300,TLKM.JK
2022-12-29,2929.968017578125,2937.719255719866,2875.7093505859375,2883.4605887276784,51703500,TLKM.JK
2022-12-30,2906.714599609375,2945.4707942708333,2906.714599609375,2914.4658385416665,79677300,TLKM.JK
2023-01-02,2945.470703125,2945.470703125,2906.7145096628287,2906.7145096628287,7959900,TLKM.JK
2023-01-03,2991.978271484375,3015.231988620264,2922.2171200767084,2937.719598167301,64235000,TLKM.JK
2023-01-04,2960.97314453125,2991.9780989242477,2953.221905933001,2976.475621727749,56785600,TLKM.JK
2023-01-05,2922.217041015625,2960.9732351935513,2883.460846837699,2945.4707575223806,135167000,TLKM.JK
2023-01-06,2875.709228515625,2922.2166553918887,2875.709228515625,2906.714179766467,65207400,TLKM.JK
2023-01-09,2937.719482421875,2937.719482421875,2891.2120499824787,2891.2120499824787,46616400,TLKM.JK
2023-01-10,2968.724609375,2984.227087752937,2906.7146958632507,2953.222130997063,80009900,TLKM.JK
2023-01-11,2999.7294921875,3022.983209181202,2937.719580204296,2960.9732971979975,75139300,TLKM.JK
2023-01-12,2991.978271484375,3022.98322766556,2929.9683591220046,2937.719598167301,105775500,TLKM.JK
2023-01-13,2929.968017578125,2991.9779227120534,2922.216779436384,2960.972970145089,85780600,TLKM.JK
2023-01-16,2984.22705078125,2984.22705078125,2929.968377130682,2929.968377130682,58918700,TLKM.JK
2023-01-17,3061.739501953125,3092.744458934929,2991.9783487440664,2999.7295879895173,132256600,TLKM.JK
2023-01-18,3046.23681640625,3108.2467261549778,3022.983100250477,3108.2467261549778,94772000,TLKM.JK
2023-01-19,3015.23193359375,3084.9930837283096,3007.48069468991,3022.9831724975897,109555200,TLKM.JK
2023-01-20,2999.7294921875,3038.4856871770025,2984.2270141916993,3030.734448179102,88457800,TLKM.JK
2023-01-24,2984.22705078125,3030.7344853388795,2984.22705078125,3015.232007153003,45504900,TLKM.JK
2023-01-25,2976.4755859375,3007.4805399576826,2953.2218704223633,2984.226824442546,80575100,TLKM.JK
2023-01-26,3077.24169921875,3100.495414829975,2984.2268367738507,2984.2268367738507,117238000,TLKM.JK
2023-01-27,3069.49072265625,3092.7444402521305,3061.739483457623,3077.2419618548765,100769500,TLKM.JK
2023-01-30,3069.49072265625,3077.2419618548765,3030.7345266631155,3069.49072265625,59425300,TLKM.JK
2023-01-31,2984.22705078125,3061.739441710633,2984.22705078125,3053.9882026176947,179726700,TLKM.JK
2023-02-01,2999.7294921875,3022.983209181202,2976.4757751937987,2984.2270141916993,70997300,TLKM.JK
2023-02-02,3015.23193359375,3022.9831724975897,2976.47573907455,2984.22697797839,78852300,TLKM.JK
2023-02-03,3007.480712890625,3038.485668693621,2999.729473939876,3030.734429742872,55154800,TLKM.JK
2023-02-06,3007.480712890625,3030.734429742872,2984.226996038378,2991.9782349891266,58861300,TLKM.JK
2023-02-07,2945.470703125,3007.4806126644735,2945.470703125,3007.4806126644735,76254900,TLKM.JK
2023-02-08,2976.4755859375,2984.226824442546,2937.7193934122724,2945.470631917318,65856500,TLKM.JK
2023-02-09,2922.217041015625,2976.4757128647216,2914.4658021800396,2976.4757128647216,91337300,TLKM.JK
2023-02-10,2945.470703125,2945.470703125,2860.2070775082234,2906.7145096628287,88759600,TLKM.JK
2023-02-13,2937.719482421875,2953.221959901674,2906.7145274622776,2945.4707211617742,69004400,TLKM.JK
2023-02-14,2945.470703125,2968.7244192023027,2914.4657483552633,2968.7244192023027,80331100,TLKM.JK
2023-02-15,2937.719482421875,2960.973198641573,2891.2120499824787,2953.221959901674,59028200,TLKM.JK
2023-02-16,2922.217041015625,2945.4707575223806,2906.7145633444547,2945.4707575223806,49869900,TLKM.JK
2023-02-17,2914.466064453125,2922.217303986245,2883.461106320645,2922.217303986245,50369000,TLKM.JK
2023-02-20,2960.97314453125,2960.97314453125,2914.465712941754,2914.465712941754,57438900,TLKM.JK
2023-02-21,2976.4755859375,2999.7293014526367,2968.7243474324546,2984.226824442546,63880300,TLKM.JK
2023-02-22,2991.978271484375,2999.7295105296716,2945.4708372125974,2984.227032439079,48505600,TLKM.JK
2023-02-23,3077.24169921875,3077.24169921875,3015.2317909221506,3061.7392221446003,109147100,TLKM.JK
2023-02-24,3131.50048828125,3131.50048828125,3061.739338789836,3100.4955329517325,142165700,TLKM.JK
2023-02-27,3069.49072265625,3100.4956794507575,3038.4857658617425,3092.7444402521305,66461600,TLKM.JK
2023-02-28,3007.480712890625,3077.241863447366,3007.480712890625,3046.23690764437,115766900,TLKM.JK
2023-03-01,3046.23681640625,3092.744248717796,3030.734338969068,3046.23681640625,47395200,TLKM.JK
2023-03-02,3007.480712890625,3046.23690764437,3007.480712890625,3022.983190792123,43208800,TLKM.JK
2023-03-03,3022.983154296875,3038.485632011218,2999.7294377253606,3007.480676582532,49796000,TLKM.JK
2023-03-06,3007.480712890625,3061.739385545868,2999.729473939876,3053.988146595119,50103800,TLKM.JK
2023-03-07,3007.480712890625,3030.734429742872,2984.226996038378,3015.2319518413738,59086800,TLKM.JK
2023-03-08,3053.98828125,3053.98828125,2984.227127617386,2984.227127617386,78551000,TLKM.JK
2023-03-09,3077.24169921875,3100.495414829975,3069.490460681675,3077.24169921875,68725500,TLKM.JK
2023-03-10,3108.246826171875,3115.998065139885,3046.2369144277977,3069.490631331827,76136200,TLKM.JK
2023-03-13,3154.754150390625,3170.256627788122,3084.9930021018886,3115.9979568968824,104663300,TLKM.JK
2023-03-14,3115.998046875,3170.2567193330224,3100.4955690298507,3123.749285797575,111430100,TLKM.JK
2023-03-15,3108.246826171875,3139.251782043914,3092.744348235856,3139.251782043914,65025400,TLKM.JK
2023-03-16,3139.251708984375,3147.002947771991,3084.993037471065,3131.500470196759,96707900,TLKM.JK
2023-03-17,3139.251708984375,3178.0079029224535,3123.7492314091437,3170.256664134838,232270900,TLKM.JK
2023-03-20,3092.744384765625,3139.251819123003,3053.98818946781,3139.251819123003,105982700,TLKM.JK
2023-03-21,3193.51025390625,3193.51025390625,3100.4953921419906,3100.4953921419906,88808200,TLKM.JK
2023-03-24,3154.754150390625,3193.510343884367,3147.0029116918763,3178.00786648687,96214700,TLKM.JK
2023-03-27,3139.251708984375,3193.510380497685,3123.7492314091437,3178.0079029224535,71556400,TLKM.JK
2023-03-28,3139.251708984375,3178.0079029224535,3123.7492314091437,3178.0079029224535,87955300,TLKM.JK
2023-03-29,3178.0078125,3193.5102896341464,3154.7540967987807,3170.256573932927,113504700,TLKM.JK
2023-03-30,3170.2568359375,3201.2617927681845,3131.500639899144,3139.2518791068155,87690800,TLKM.JK
2023-03-31,3147.003173828125,3193.5106098945503,3131.500695139316,3185.759370550146,93699000,TLKM.JK
2023-04-03,3162.505615234375,3178.008093740426,3154.7543759813498,3178.008093740426,56896200,TLKM.JK
2023-04-04,3147.003173828125,3178.008131205742,3131.500695139316,3162.5056525169334,82969200,TLKM.JK
2023-04-05,3216.764404296875,3232.2668833537273,3162.5057275978916,3178.008206654744,70419100,TLKM.JK
2023-04-06,3294.276611328125,3309.779089499081,3232.2666986443014,3255.5204159007353,125329700,TLKM.JK
2023-04-10,3333.032470703125,3333.032470703125,3247.7688493595565,3294.276279183321,85757900,TLKM.JK
2023-04-11,3333.032470703125,3333.032470703125,3294.276279183321,3325.2812323991643,84322900,TLKM.JK
2023-04-12,3340.783935546875,3371.7888908651753,3302.0277413989993,3348.53517437645,178923700,TLKM.JK
2023-04-13,3364.037841796875,3371.789081063688,3325.2816454628096,3364.037841796875,119431600,TLKM.JK
2023-04-14,3364.037841796875,3379.540320330501,3348.5353632632487,3364.037841796875,117305500,TLKM.JK
2023-04-17,3309.779052734375,3364.0377257300206,3294.2765747356193,3364.0377257300206,59688000,TLKM.JK
2023-04-18,3309.779052734375,3317.530291733753,3278.774096736863,3286.5253357362412,65644600,TLKM.JK
2023-04-26,3410.545166015625,3488.0575561523438,3356.286492919922,3472.555078125,198984100,TLKM.JK
2023-04-27,3348.534912109375,3449.301009001555,3333.032435664424,3449.301009001555,58407000,TLKM.JK
2023-04-28,3294.276611328125,3348.5352849264705,3271.022894071691,3309.779089499081,112116900,TLKM.JK
2023-05-02,3247.76904296875,3271.0227592668557,3201.261610372539,3263.2715205008208,117097400,TLKM.JK
2023-05-03,3216.764404296875,3255.520601939006,3162.5057275978916,3255.520601939006,158597800,TLKM.JK
2023-05-04,3216.764404296875,3247.76936241058,3209.013164768449,3232.2668833537273,98421300,TLKM.JK
2023-05-05,3232.2666015625,3232.2666015625,3162.505451888489,3224.515362709832,113408100,TLKM.JK
2023-05-08,3147.003173828125,3240.0180459609755,3131.500695139316,3232.2668066165716,121002600,TLKM.JK
2023-05-09,3154.754150390625,3170.256627788122,3123.749195595631,3139.251672993128,105907900,TLKM.JK
2023-05-10,3201.261474609375,3201.261474609375,3131.5003286735778,3139.2515671108886,84306600,TLKM.JK
2023-05-11,3170.2568359375,3193.5105535605135,3147.0031183144865,3178.008075145171,74171300,TLKM.JK
2023-05-12,3084.992919921875,3139.251589367737,3061.7392044450767,3139.251589367737,236777600,TLKM.JK
2023-05-15,3084.992919921875,3092.7441584141407,3046.236727460545,3092.7441584141407,113329300,TLKM.JK
2023-05-16,3084.992919921875,3115.997873890939,3053.9879659528106,3115.997873890939,68777200,TLKM.JK
2023-05-17,3092.744384765625,3115.998101944314,3069.490667586936,3084.993145706062,83183300,TLKM.JK
2023-05-19,3115.998046875,3147.0030025652986,3077.241852262127,3092.7443301072763,95986000,TLKM.JK
2023-05-22,3131.50048828125,3162.505443610767,3084.9930552869737,3100.4955329517325,115578100,TLKM.JK
2023-05-23,3131.50048828125,3162.505443610767,3123.7492494488706,3123.7492494488706,132751000,TLKM.JK
2023-05-24,3224.51513671875,3255.52008995643,3115.997800386869,3115.997800386869,194127500,TLKM.JK
2023-05-25,3193.51025390625,3271.0226387098,3193.51025390625,3247.768923268735,122121000,TLKM.JK
2023-05-26,3201.261474609375,3224.5151899213074,3185.7589977347534,3209.012713046686,62211800,TLKM.JK
2023-05-29,3255.520263671875,3255.520263671875,3170.256637718564,3193.5103538876488,77540300,TLKM.JK
2023-05-30,3193.51025390625,3247.768923268735,3193.51025390625,3209.0127308669603,78924700,TLKM.JK
2023-05-31,3131.50048828125,3224.5153542698017,3131.50048828125,3193.5103989402846,1155861400,TLKM.JK
2023-06-05,3162.505615234375,3201.261811499502,3115.9981797162227,3147.003136728324,189129300,TLKM.JK
2023-06-06,3170.2568359375,3201.2617927681845,3139.2518791068155,3170.2568359375,95792700,TLKM.JK
2023-06-07,3216.764404296875,3216.764404296875,3162.5057275978916,3178.008206654744,127707400,TLKM.JK
2023-06-08,3232.2666015625,3240.017840415168,3193.5104072991608,3224.515362709832,78989700,TLKM.JK
2023-06-09,3216.764404296875,3232.2668833537273,3209.013164768449,3232.2668833537273,83014700,TLKM.JK
2023-06-12,3271.36669921875,3271.36669921875,3239.0569046585647,3263.2892505787036,94687300,TLKM.JK
2023-06-13,3255.211669921875,3279.444014859259,3255.211669921875,3263.2891182343365,69609000,TLKM.JK
2023-06-14,3230.979248046875,3263.289040527344,3222.901799926758,3247.1341442871094,110730800,TLKM.JK
2023-06-15,3247.13427734375,3263.289174245958,3214.824483539335,3222.9019319904382,85391800,TLKM.JK
2023-06-16,3206.7470703125,3255.21176155148,3198.66962177267,3247.1343130116497,160978900,TLKM.JK
2023-06-19,3198.669677734375,3222.9020237778172,3190.5922290532276,3198.669677734375,54934100,TLKM.JK
2023-06-20,3222.902099609375,3222.902099609375,3190.592304124569,3214.8246507381737,55155600,TLKM.JK
2023-06-21,3214.824462890625,3214.824462890625,3190.5921176929573,3206.7470144914028,60191300,TLKM.JK
2023-06-22,3182.514892578125,3222.9021374077965,3182.514892578125,3214.8246884418622,56150900,TLKM.JK
2023-06-23,3190.59228515625,3198.6697339794305,3182.5148363330695,3182.5148363330695,41812400,TLKM.JK
2023-06-26,3222.902099609375,3222.902099609375,3182.514855253368,3182.514855253368,36011500,TLKM.JK
2023-06-27,3230.979248046875,3255.211592407227,3222.901799926758,3255.211592407227,64879900,TLKM.JK
2023-07-03,3230.979248046875,3255.211592407227,3206.7469036865236,3255.211592407227,75193200,TLKM.JK
2023-07-04,3206.7470703125,3239.0568644718196,3206.7470703125,3230.97941593199,33974300,TLKM.JK
2023-07-05,3214.824462890625,3214.824462890625,3190.5921176929573,3206.7470144914028,43303000,TLKM.JK
2023-07-06,3198.669677734375,3222.9020237778172,3198.669677734375,3206.7471264155224,68088900,TLKM.JK
2023-07-07,3198.669677734375,3214.82457509667,3190.5922290532276,3198.669677734375,50474800,TLKM.JK
2023-07-10,3190.59228515625,3214.824631625791,3182.5148363330695,3198.6697339794305,65643300,TLKM.JK
2023-07-11,3214.824462890625,3222.9019112898477,3190.5921176929573,3190.5921176929573,89768500,TLKM.JK
2023-07-12,3214.824462890625,3239.056808088293,3206.7470144914028,3214.824462890625,73770400,TLKM.JK
2023-07-13,3166.35986328125,3206.747106435347,3158.2824146504304,3198.669657804528,83009900,TLKM.JK
2023-07-14,3174.437255859375,3198.6696013239502,3166.3598073711833,3198.6696013239502,64886900,TLKM.JK
2023-07-17,3158.2822265625,3206.7469154611576,3158.2822265625,3190.592019161605,81399700,TLKM.JK
2023-07-18,3109.81787109375,3174.4374632203735,3085.585524046266,3174.4374632203735,135860500,TLKM.JK
2023-07-20,3109.81787109375,3117.895320109578,3077.5080750304382,3085.585524046266,88907600,TLKM.JK
2023-07-21,3117.895263671875,3125.972712541491,3101.7403659326424,3101.7403659326424,53955100,TLKM.JK
2023-07-24,3150.205078125,3174.4374248798076,3125.9727313701924,3134.0501802884614,80710100,TLKM.JK
2023-07-25,3134.050048828125,3166.359843145941,3134.050048828125,3166.359843145941,66434400,TLKM.JK
2023-07-26,3134.050048828125,3150.204945987033,3093.6628059308555,3142.127497407579,86732900,TLKM.JK
2023-07-27,3004.810791015625,3117.8950680968583,3004.810791015625,3101.740171370968,235026400,TLKM.JK
2023-07-28,3004.810791015625,3029.0431361044607,2980.5784459267893,2996.7333426526798,181626700,TLKM.JK
2023-07-31,3004.810791015625,3029.0431361044607,2964.423549200899,2988.6558942897345,153583300,TLKM.JK
2023-08-01,3029.043212890625,3053.27555859375,2988.6559700520834,2988.6559700520834,97680500,TLKM.JK
2023-08-02,2980.57861328125,3020.965857363652,2972.5011644647698,3020.965857363652,121333500,TLKM.JK
2023-08-03,3004.810791015625,3037.120584467406,2964.423549200899,2964.423549200899,82013300,TLKM.JK
2023-08-04,2980.57861328125,3012.8884085471714,2980.57861328125,3004.810959730691,67746800,TLKM.JK
2023-08-07,2972.5009765625,3004.8107697860055,2972.5009765625,2988.655873174253,94909700,TLKM.JK
2023-08-08,3012.88818359375,3037.1205282339142,2972.50094252681,2972.50094252681,116329400,TLKM.JK
2023-08-09,3045.1982421875,3069.4305889423076,3020.9658954326924,3029.0433443509614,129416100,TLKM.JK
2023-08-10,3069.430419921875,3093.662765342311,3069.430419921875,3069.430419921875,140158900,TLKM.JK
2023-08-11,3077.5078125,3101.740157480315,3061.3529158464567,3093.6627091535433,109714400,TLKM.JK
2023-08-14,3093.662841796875,3093.662841796875,3037.1207010851826,3077.5079444506773,86871800,TLKM.JK
2023-08-15,3085.585205078125,3093.662653258958,3069.4303087164594,3069.4303087164594,80015200,TLKM.JK
2023-08-16,3093.662841796875,3093.662841796875,3029.043252412084,3061.3530471044796,81507800,TLKM.JK
2023-08-18,3037.120849609375,3069.430645881815,3037.120849609375,3061.353196813705,108780100,TLKM.JK
2023-08-21,3020.9658203125,3053.2756151821523,3004.810922877674,3037.120717747326,64449000,TLKM.JK
2023-08-22,3029.043212890625,3053.27555859375,3012.888315755208,3020.9657643229166,98059600,TLKM.JK
2023-08-23,3020.9658203125,3045.198166464739,3012.888371595087,3029.043269029913,84842500,TLKM.JK
2023-08-24,3004.810791015625,3045.198032830351,3004.810791015625,3012.8882393785702,82789700,TLKM.JK
2023-08-25,3004.810791015625,3012.8882393785702,2988.6558942897345,2988.6558942897345,42049200,TLKM.JK
2023-08-28,2988.656005859375,3020.965800517314,2988.656005859375,3012.8883518528296,37727500,TLKM.JK
2023-08-29,3004.810791015625,3004.810791015625,2988.6558942897345,2988.6558942897345,53453600,TLKM.JK
2023-08-30,3077.5078125,3109.8176058070867,3004.810777559055,3012.8882258858266,130027200,TLKM.JK
2023-08-31,3012.88818359375,3085.5852175142427,2988.6558389535858,3077.5077693008548,227635800,TLKM.JK
2023-09-01,3004.810791015625,3020.9656877415155,2996.7333426526798,2996.7333426526798,82253200,TLKM.JK
2023-09-04,3012.88818359375,3029.0430800205263,2996.7332871669737,3004.810735380362,55881900,TLKM.JK
2023-09-05,3020.9658203125,3029.043269029913,2996.733474160261,3012.888371595087,62933300,TLKM.JK
2023-09-06,3061.35302734375,3077.5079245856696,3020.9657842389515,3029.0432328599113,98673400,TLKM.JK
2023-09-07,3037.120849609375,3061.353196813705,3012.8885024050446,3053.275747745595,63054500,TLKM.JK
2023-09-08,2980.57861328125,3045.1982038130927,2964.4237156482895,3045.1982038130927,143090100,TLKM.JK
2023-09-11,2988.656005859375,2996.73345452386,2972.5011085304054,2996.73345452386,76577500,TLKM.JK
2023-09-12,2996.733154296875,3020.9654978626177,2988.6557064416274,2988.6557064416274,72170600,TLKM.JK
2023-09-13,2996.733154296875,3004.8106021521226,2964.4233628758843,3004.8106021521226,82635900,TLKM.JK
2023-09-14,2972.5009765625,3004.8107697860055,2972.5009765625,2996.7333214801292,55532900,TLKM.JK
2023-09-15,3004.810791015625,3053.2754811932964,2964.423549200899,2972.500997563844,147757300,TLKM.JK
2023-09-18,2972.5009765625,3004.8107697860055,2972.5009765625,2988.655873174253,40645900,TLKM.JK
2023-09-19,3012.88818359375,3020.965631807138,2980.578390740198,2980.578390740198,38375000,TLKM.JK
2023-09-20,3077.5078125,3109.8176058070867,3020.9656742125985,3020.9656742125985,171751900,TLKM.JK
2023-09-21,3077.5078125,3101.740157480315,3061.3529158464567,3077.5078125,94880700,TLKM.JK
2023-09-22,3117.895263671875,3134.050161411107,3077.5080193237936,3093.6629170630263,101185700,TLKM.JK
2023-09-25,3045.1982421875,3093.6629356971157,3045.1982421875,3077.508037860577,125817700,TLKM.JK
2023-09-26,3037.120849609375,3069.430645881815,3029.043400541265,3045.198298677485,74734500,TLKM.JK
2023-09-27,3004.810791015625,3053.2754811932964,3004.810791015625,3029.0431361044607,83337700,TLKM.JK
2023-09-29,3029.043212890625,3069.4304557291666,3012.888315755208,3012.888315755208,66219300,TLKM.JK
2023-10-02,3029.043212890625,3053.27555859375,3012.888315755208,3029.043212890625,71945000,TLKM.JK
2023-10-03,3045.1982421875,3069.4305889423076,3020.9658954326924,3029.0433443509614,61155100,TLKM.JK
2023-10-04,3053.275390625,3069.430286871693,3020.9655981316137,3069.430286871693,77527700,TLKM.JK
2023-10-05,3004.810791015625,3069.430377919187,3004.810791015625,3061.3529295562416,81258900,TLKM.JK
2023-10-06,3053.275390625,3069.430286871693,3045.1979425016534,3053.275390625,60156100,TLKM.JK
2023-10-09,3037.120849609375,3053.275747745595,3029.043400541265,3045.198298677485,37711400,TLKM.JK
2023-10-10,3077.5078125,3085.5852608267714,3045.1980191929133,3053.275467519685,51167900,TLKM.JK
2023-10-11,3053.275390625,3077.5077349950398,3053.275390625,3053.275390625,83154300,TLKM.JK
2023-10-12,3093.662841796875,3125.9726364892704,3069.4304957775785,3085.585393123776,101645100,TLKM.JK
2023-10-13,3109.81787109375,3109.81787109375,3077.5080750304382,3085.585524046266,48856500,TLKM.JK
2023-10-16,3037.120849609375,3109.8178912223652,3020.9659514731547,3109.8178912223652,117472800,TLKM.JK
2023-10-17,3061.35302734375,3077.5079245856696,3045.1981301018304,3053.27557872279,57046900,TLKM.JK
2023-10-18,3029.043212890625,3053.27555859375,3012.888315755208,3045.1981100260414,64910600,TLKM.JK
2023-10-19,3012.88818359375,3037.1205282339142,3004.810735380362,3012.88818359375,62296900,TLKM.JK
2023-10-20,2988.656005859375,3012.8883518528296,2980.5785571948904,3004.8109031883446,38978200,TLKM.JK
2023-10-23,2915.958984375,3004.8109201869806,2915.958984375,2996.7334714768003,69428400,TLKM.JK
2023-10-24,2948.268798828125,2964.42369635595,2907.8815550085615,2940.191350064212,67041700,TLKM.JK
2023-10-25,2907.881591796875,2972.5011827256944,2891.72669406467,2948.268836127387,89567900,TLKM.JK
2023-10-26,2810.9521484375,2915.958981568786,2794.7972510326867,2907.881532866379,141139700,TLKM.JK
2023-10-27,2827.10693359375,2851.3392787388393,2778.6422433035714,2810.952036830357,99607000,TLKM.JK
2023-10-30,2762.4873046875,2827.1068907620615,2738.2549599095396,2827.1068907620615,82945500,TLKM.JK
2023-10-31,2819.029541015625,2835.184438098809,2746.3325041412963,2746.3325041412963,66801600,TLKM.JK
2023-11-01,2924.0361328125,2988.65571585808,2907.881237051105,2907.881237051105,154441100,TLKM.JK
2023-11-02,2924.0361328125,2980.5782679773824,2924.0361328125,2980.5782679773824,69582500,TLKM.JK
2023-11-03,2883.649169921875,2932.113861853335,2859.416823956145,2899.804067232362,85146800,TLKM.JK
2023-11-06,2948.268798828125,2948.268798828125,2907.8815550085615,2915.9590037724743,66902400,TLKM.JK
2023-11-07,2883.649169921875,2915.9589645428487,2867.4942726113886,2907.881515887605,103642200,TLKM.JK
2023-11-08,2843.26171875,2859.4166148792615,2827.106822620739,2843.26171875,103415400,TLKM.JK
2023-11-09,2851.339111328125,2883.6489029579056,2827.1067676057896,2827.1067676057896,96594900,TLKM.JK
2023-11-10,2867.494140625,2867.494140625,2819.029450924296,2843.261795774648,48619500,TLKM.JK
2023-11-13,2843.26171875,2883.6489590731535,2835.1842706853695,2883.6489590731535,37975400,TLKM.JK
2023-11-14,2827.10693359375,2859.4167271205356,2827.10693359375,2827.10693359375,45987000,TLKM.JK
2023-11-15,2867.494140625,2883.6490371919017,2843.261795774648,2843.261795774648,114104500,TLKM.JK
2023-11-16,2859.416748046875,2867.4941964876853,2835.1844027244438,2867.4941964876853,41789400,TLKM.JK
2023-11-17,2867.494140625,2867.494140625,2810.952002640845,2851.3392440580988,55585600,TLKM.JK
2023-11-20,2899.803955078125,2907.8814034209613,2859.4167133639453,2875.571610049617,39932700,TLKM.JK
2023-11-21,2924.0361328125,2924.0361328125,2891.72634128971,2899.8037891704075,68255800,TLKM.JK
2023-11-22,2915.958984375,2932.11388179536,2899.80408695464,2915.958984375,34555300,TLKM.JK
2023-11-23,2907.881591796875,2932.1139383951822,2899.8041429307723,2915.9590406629773,57385100,TLKM.JK
2023-11-24,2924.0361328125,2924.0361328125,2883.6488934090125,2907.881237051105,34583700,TLKM.JK
2023-11-27,2972.5009765625,3012.8882180918818,2940.1911833389945,2940.1911833389945,73888700,TLKM.JK
2023-11-28,3045.1982421875,3069.4305889423076,2972.501201923077,2972.501201923077,106829100,TLKM.JK
2023-11-29,3004.810791015625,3045.198032830351,2988.6558942897345,3029.0431361044607,56467400,TLKM.JK
2023-11-30,3037.120849609375,3085.5855440180353,3020.9659514731547,3029.043400541265,258522400,TLKM.JK
2023-12-01,3093.662841796875,3101.740290469974,3061.3530471044796,3061.3530471044796,81037200,TLKM.JK
2023-12-04,3077.5078125,3117.895054133858,3053.275467519685,3101.740157480315,118483900,TLKM.JK
2023-12-05,3109.81787109375,3109.81787109375,3069.4306260146104,3093.6629730620944,74608900,TLKM.JK
2023-12-06,3166.35986328125,3190.5922091737084,3125.9726201271524,3150.2049660196108,149345100,TLKM.JK
2023-12-07,3158.2822265625,3190.592019161605,3134.0498821131714,3190.592019161605,91076200,TLKM.JK
2023-12-08,3182.514892578125,3182.514892578125,3150.2050967143878,3182.514892578125,61476300,TLKM.JK
2023-12-11,3214.824462890625,3214.824462890625,3109.8176337007303,3125.9725304991757,99365500,TLKM.JK
2023-12-12,3158.2822265625,3190.592019161605,3142.127330262948,3182.5145710118286,58707700,TLKM.JK
2023-12-13,3166.35986328125,3166.35986328125,3125.9726201271524,3125.9726201271524,54386800,TLKM.JK
2023-12-14,3182.514892578125,3198.6697905099936,3134.050198782519,3134.050198782519,70705300,TLKM.JK
2023-12-15,3214.824462890625,3214.824462890625,3150.204875696844,3182.5146692937346,109064200,TLKM.JK
2023-12-18,3206.7470703125,3206.7470703125,3174.43727615318,3182.51472469301,60940400,TLKM.JK
2023-12-19,3206.7470703125,3206.7470703125,3182.51472469301,3190.5921732328397,32984500,TLKM.JK
2023-12-20,3198.669677734375,3222.9020237778172,3198.669677734375,3198.669677734375,59574800,TLKM.JK
2023-12-21,3190.59228515625,3206.747182802611,3174.437387509889,3198.6697339794305,48242100,TLKM.JK
2023-12-22,3198.669677734375,3214.82457509667,3190.5922290532276,3214.82457509667,28222700,TLKM.JK
2023-12-27,3182.514892578125,3230.979586373731,3166.3599946462564,3222.9021374077965,73157200,TLKM.JK
2023-12-28,3198.669677734375,3206.7471264155224,3182.51478037208,3198.669677734375,34024400,TLKM.JK
2023-12-29,3190.59228515625,3214.824631625791,3182.5148363330695,3198.6697339794305,27497600,TLKM.JK
2024-01-02,3222.902099609375,3222.902099609375,3182.514855253368,3190.592304124569,23774100,TLKM.JK
2024-01-03,3198.669677734375,3222.9020237778172,3190.5922290532276,3222.9020237778172,22018500,TLKM.JK
2024-01-04,3206.7470703125,3222.90196739216,3198.66962177267,3214.8245188523297,33922400,TLKM.JK
2024-01-05,3142.12744140625,3206.747028890183,3134.0499929707585,3190.5921320192,69268000,TLKM.JK
2024-01-08,3142.12744140625,3166.359786712725,3117.895096099775,3142.12744140625,61064100,TLKM.JK
2024-01-09,3198.669677734375,3214.82457509667,3166.3598830097853,3174.4373316909328,64015400,TLKM.JK
2024-01-10,3230.979248046875,3255.211592407227,3214.8243518066406,3230.979248046875,99083600,TLKM.JK
2024-01-11,3222.902099609375,3263.289343965382,3222.902099609375,3263.289343965382,36333300,TLKM.JK
2024-01-12,3239.056884765625,3239.056884765625,3206.7470904038732,3206.7470904038732,53685600,TLKM.JK
2024-01-15,3230.979248046875,3263.289040527344,3214.8243518066406,3263.289040527344,38339500,TLKM.JK
2024-01-16,3239.056884765625,3255.211781946501,3214.8245389943113,3247.134333356063,44782300,TLKM.JK
2024-01-17,3222.902099609375,3239.056997351778,3206.7472018669723,3230.9795484805763,62728400,TLKM.JK
2024-01-18,3190.59228515625,3239.0569780953324,3174.437387509889,3222.9020804489714,73029300,TLKM.JK
2024-01-19,3182.514892578125,3198.6697905099936,3142.1276477484535,3190.5923415440593,67016100,TLKM.JK
2024-01-22,3214.824462890625,3239.056808088293,3198.66956609218,3214.824462890625,50643700,TLKM.JK
2024-01-23,3190.59228515625,3239.0569780953324,3158.2824898635286,3230.979529272152,72595400,TLKM.JK
2024-01-24,3206.7470703125,3214.8245188523297,3174.43727615318,3190.5921732328397,38732000,TLKM.JK
2024-01-25,3214.824462890625,3230.9793596890704,3198.66956609218,3214.824462890625,58541300,TLKM.JK
2024-01-26,3214.824462890625,3222.9019112898477,3174.437220894512,3182.5146692937346,65272600,TLKM.JK
2024-01-29,3239.056884765625,3239.056884765625,3206.7470904038732,3230.979436175187,59150000,TLKM.JK
2024-01-30,3230.979248046875,3247.1341442871094,3214.8243518066406,3230.979248046875,66906900,TLKM.JK
2024-01-31,3198.669677734375,3247.134369821259,3198.669677734375,3230.9794724589647,100403700,TLKM.JK
2024-02-01,3263.289306640625,3271.3667554194385,3206.7471651889314,3206.7471651889314,105414400,TLKM.JK
2024-02-02,3222.902099609375,3255.211895094181,3174.4374063821665,3255.211895094181,96180000,TLKM.JK
2024-02-05,3214.824462890625,3239.056808088293,3206.7470144914028,3239.056808088293,57789500,TLKM.JK
2024-02-06,3214.824462890625,3230.9793596890704,3206.7470144914028,3206.7470144914028,65167500,TLKM.JK
2024-02-07,3214.824462890625,3247.134256487516,3214.824462890625,3239.056808088293,53084600,TLKM.JK
2024-02-12,3230.979248046875,3247.1341442871094,3206.7469036865236,3230.979248046875,85763200,TLKM.JK
2024-02-13,3214.824462890625,3239.056808088293,3214.824462890625,3239.056808088293,52020300,TLKM.JK
2024-02-15,3255.211669921875,3295.5989114841814,3214.824428359569,3263.2891182343365,129347900,TLKM.JK
2024-02-16,3360.218505859375,3360.218505859375,3271.3665742140547,3271.3665742140547,244064200,TLKM.JK
2024-02-19,3360.218505859375,3368.2959541907676,3335.986160865197,3335.986160865197,82867500,TLKM.JK
2024-02-20,3400.605712890625,3400.605712890625,3360.218471644893,3392.5282646414785,267636700,TLKM.JK
2024-02-21,3376.37353515625,3424.838227048445,3287.521600020559,3384.450983804949,152787100,TLKM.JK
2024-02-22,3303.676513671875,3352.141205803981,3287.5216162945067,3335.986308426612,93555100,TLKM.JK
2024-02-23,3311.75390625,3311.75390625,3263.2892149390245,3287.5215605945123,87665800,TLKM.JK
2024-02-26,3303.676513671875,3311.7539623605594,3271.366718917138,3279.4441676058223,55761700,TLKM.JK
2024-02-27,3222.902099609375,3279.4442417077853,3222.902099609375,3271.366792836584,119637000,TLKM.JK
2024-02-28,3222.902099609375,3247.1344462229795,3190.592304124569,3214.8246507381737,77255300,TLKM.JK
2024-02-29,3230.979248046875,3263.289040527344,3190.5920074462892,3247.1341442871094,157431900,TLKM.JK
2024-03-01,3166.35986328125,3222.9020036969864,3117.8951714963328,3190.5922091737084,139582000,TLKM.JK
2024-03-04,3182.514892578125,3198.6697905099936,3150.2050967143878,3198.6697905099936,81580800,TLKM.JK
2024-03-05,3125.97265625,3150.2050024224804,3117.89520752584,3134.05010497416,100671500,TLKM.JK
2024-03-06,3150.205078125,3166.3599759615386,3117.8952824519233,3125.9727313701924,83251500,TLKM.JK
2024-03-07,3150.205078125,3174.4374248798076,3150.205078125,3150.205078125,86888100,TLKM.JK
2024-03-08,3117.895263671875,3158.282508019956,3101.7403659326424,3150.20505915034,101556500,TLKM.JK
2024-03-13,3150.205078125,3158.2825270432695,3142.127629206731,3158.2825270432695,106191400,TLKM.JK
2024-03-14,3198.669677734375,3214.82457509667,3166.3598830097853,3174.4373316909328,122570700,TLKM.JK
2024-03-15,3206.7470703125,3230.97941593199,3150.20493053369,3230.97941593199,184885900,TLKM.JK
2024-03-18,3166.35986328125,3206.747106435347,3166.35986328125,3198.669657804528,57508300,TLKM.JK
2024-03-19,3182.514892578125,3214.8246884418622,3182.514892578125,3214.8246884418622,51629700,TLKM.JK
2024-03-20,3174.437255859375,3182.5147043475667,3158.2823588829915,3158.2823588829915,84777400,TLKM.JK
2024-03-21,3142.12744140625,3198.6695804546916,3142.12744140625,3174.4372351482166,81520900,TLKM.JK
2024-03-22,3150.205078125,3166.3599759615386,3142.127629206731,3150.205078125,44501700,TLKM.JK
2024-03-25,3012.88818359375,3142.127355007959,2988.6558389535858,3142.127355007959,313394400,TLKM.JK
2024-03-26,2924.0361328125,2972.500820096685,2915.9586849318025,2972.500820096685,354086400,TLKM.JK
2024-03-27,2819.029541015625,2932.1138205979137,2819.029541015625,2915.9589235147296,496202800,TLKM.JK
2024-03-28,2802.874755859375,2843.262000180115,2770.5649604027826,2802.874755859375,258985200,TLKM.JK
2024-04-01,2835.1845703125,2843.2620192307695,2762.487530048077,2810.9522235576924,248116300,TLKM.JK
2024-04-02,2819.029541015625,2827.106989557217,2754.4099526828886,2794.7971953908486,233017700,TLKM.JK
2024-04-03,2762.4873046875,2819.0294425027414,2762.4873046875,2786.7196494654604,150265700,TLKM.JK
2024-04-04,2786.719970703125,2794.797419893569,2754.4101739413495,2754.4101739413495,205184000,TLKM.JK
2024-04-05,2770.564697265625,2786.719593459594,2762.487249168641,2778.6421453626094,116051700,TLKM.JK
2024-04-16,2600.9384765625,2649.40316867236,2544.396335767663,2633.248271302407,490658200,TLKM.JK
2024-04-17,2584.783447265625,2617.093240356445,2584.783447265625,2600.938343811035,187876400,TLKM.JK
2024-04-18,2625.1708984375,2673.6355919471157,2512.086613581731,2576.7062049278848,337490100,TLKM.JK
2024-04-19,2544.396484375,2609.016077628968,2528.241586061508,2609.016077628968,149997000,TLKM.JK
2024-04-22,2560.55126953125,2584.7836159305994,2528.241474332118,2544.396371931684,140971800,TLKM.JK
2024-04-23,2504.009033203125,2576.706069650958,2487.854136214718,2568.628621156754,312052300,TLKM.JK
2024-04-24,2455.54443359375,2512.086575156764,2455.54443359375,2504.009126362048,327330800,TLKM.JK
2024-04-25,2455.54443359375,2471.6993311831825,2415.1571896201685,2431.312087209601,369525200,TLKM.JK
2024-04-26,2447.466796875,2471.699141398515,2390.9246596534654,2407.0795560024753,442527900,TLKM.JK
2024-04-29,2487.854248046875,2495.93169690417,2431.3121060458097,2447.4670037603996,172773600,TLKM.JK
2024-04-30,2560.55126953125,2584.7836159305994,2512.0865767325513,2520.1640255323346,273121800,TLKM.JK
2024-05-02,2520.163818359375,2584.7834034455127,2520.163818359375,2560.5510590382114,157637100,TLKM.JK
2024-05-03,2552.473876953125,2568.6287749085245,2520.164081042326,2568.6287749085245,127945300,TLKM.JK
2024-05-06,2463.621826171875,2584.7835553278687,2455.5443775614754,2568.62865810707,221330900,TLKM.JK
2024-05-07,2495.931640625,2512.0865379753236,2471.699294599515,2479.7767432746764,124914600,TLKM.JK
2024-05-08,2487.854248046875,2544.3963900479403,2463.62190147499,2528.2414923333504,120622600,TLKM.JK
2024-05-13,2495.931640625,2504.009089300162,2455.5443972491908,2479.7767432746764,133048300,TLKM.JK
2024-05-14,2520.163818359375,2520.163818359375,2487.854025816306,2504.008922087841,104126800,TLKM.JK
2024-05-15,2504.009033203125,2528.241378685736,2479.7766877205145,2520.1639301915325,149143600,TLKM.JK
2024-05-16,2579.865966796875,2614.1498999104547,2537.0110504049003,2537.0110504049003,196239200,TLKM.JK
2024-05-17,2562.723876953125,2614.1497741495086,2554.152894087061,2614.1497741495086,120345300,TLKM.JK
2024-05-20,2562.723876953125,2571.294859819189,2528.439945488869,2528.439945488869,215877500,TLKM.JK
2024-05-21,2528.43994140625,2562.7238728151483,2502.7269928495766,2562.7238728151483,138864400,TLKM.JK
2024-05-22,2519.868896484375,2554.1528270487884,2494.155948561065,2554.1528270487884,145109200,TLKM.JK
2024-05-27,2408.4462890625,2502.727104648576,2382.733339357206,2485.5851381783805,246979600,TLKM.JK
2024-05-28,2451.301025390625,2468.442990603147,2408.44611235932,2408.44611235932,113093300,TLKM.JK
2024-05-29,2408.4462890625,2451.301205237989,2408.4462890625,2442.7302220028914,148952900,TLKM.JK
2024-05-30,2408.4462890625,2459.872188473087,2331.307439946619,2408.4462890625,253471800,TLKM.JK
2024-05-31,2485.585205078125,2502.7271720096983,2408.4463538860455,2434.159304283405,411324600,TLKM.JK
2024-06-03,2511.298095703125,2545.5820287502665,2485.585145917769,2511.298095703125,124570400,TLKM.JK
2024-06-04,2571.294921875,2622.7208203125,2519.8690234375,2554.152955729167,130203100,TLKM.JK
2024-06-05,2622.720947265625,2639.8629142412174,2571.295046338848,2571.295046338848,141157300,TLKM.JK
2024-06-06,2614.14990234375,2657.0048187756147,2597.007935771004,2657.0048187756147,107996900,TLKM.JK
2024-06-07,2614.14990234375,2648.4338354892416,2614.14990234375,2614.14990234375,67191100,TLKM.JK
2024-06-10,2579.865966796875,2614.1498999104547,2554.1530169616904,2614.1498999104547,66983900,TLKM.JK
2024-06-11,2468.443115234375,2554.1529456244575,2468.443115234375,2537.010979546441,172688100,TLKM.JK
2024-06-12,2502.72705078125,2545.5819660343536,2477.014101629388,2477.014101629388,91584500,TLKM.JK
2024-06-13,2434.1591796875,2519.8690099581863,2425.588196660431,2519.8690099581863,95740000,TLKM.JK
2024-06-14,2331.307373046875,2425.588185927447,2314.165407068589,2417.0172029383043,202750500,TLKM.JK
2024-06-19,2425.58837890625,2442.7303462483437,2365.591493208922,2382.733460551016,128843500,TLKM.JK
2024-06-20,2434.1591796875,2442.7301627145685,2399.8752475792253,2442.7301627145685,55434800,TLKM.JK
2024-06-21,2528.43994140625,2537.010924258475,2434.15913003178,2442.7301128840045,184918000,TLKM.JK
2024-06-24,2528.43994140625,2554.152889962924,2494.1560099973517,2511.297975701801,111618800,TLKM.JK
2024-06-25,2562.723876953125,2562.723876953125,2511.2979797567414,2528.439945488869,89913400,TLKM.JK
2024-06-26,2571.294921875,2588.4368880208335,2554.152955729167,2562.7239388020835,73994000,TLKM.JK
2024-06-27,2597.0078125,2597.0078125,2562.723880981848,2597.0078125,70154600,TLKM.JK
2024-06-28,2682.7177734375,2691.288756739217,2597.0079404203275,2597.0079404203275,213539300,TLKM.JK
2024-07-01,2648.433837890625,2682.7177710672026,2639.8628545964807,2682.7177710672026,134082800,TLKM.JK
2024-07-02,2605.578857421875,2648.4337728399983,2597.0078743382505,2631.291806672749,79024200,TLKM.JK
2024-07-03,2597.0078125,2614.149778259076,2588.436829620462,2605.578795379538,51977100,TLKM.JK
2024-07-04,2537.010986328125,2614.1498338853994,2537.010986328125,2571.2949185758025,93100500,TLKM.JK
2024-07-05,2588.436767578125,2588.436767578125,2537.0108715335264,2545.5818542076263,69339200,TLKM.JK
2024-07-08,2639.86279296875,2648.4337760628046,2571.294928216315,2605.5788605925322,125004600,TLKM.JK
2024-07-09,2639.86279296875,2674.1467253449673,2605.5788605925322,2614.149843686587,118245600,TLKM.JK
2024-07-10,2708.4306640625,2725.5726302907437,2648.433782263647,2648.433782263647,120007400,TLKM.JK
2024-07-11,2725.57275390625,2742.71472091195,2708.43078690055,2742.71472091195,126490000,TLKM.JK
2024-07-12,2759.8564453125,2802.7113590595886,2751.285462563082,2768.4274280619175,135830300,TLKM.JK
2024-07-15,2708.4306640625,2759.856562747231,2682.7177147201346,2759.856562747231,100918500,TLKM.JK
2024-07-16,2657.0048828125,2725.572750756048,2648.4338993195565,2725.572750756048,78769700,TLKM.JK
2024-07-17,2785.569580078125,2802.7115467247595,2708.4307301682693,2734.143680138221,167149300,TLKM.JK
2024-07-18,2751.28564453125,2811.282527745327,2734.1436778986563,2794.1405611127334,98903500,TLKM.JK
2024-07-19,2691.28857421875,2751.285453261843,2674.1466087778663,2742.714470541401,138117200,TLKM.JK
2024-07-22,2657.0048828125,2751.285701234879,2648.4338993195565,2725.572750756048,139383000,TLKM.JK
2024-07-23,2708.4306640625,2708.4306640625,2657.0047653777688,2691.2886978342563,74338000,TLKM.JK
2024-07-24,2622.720947265625,2699.85979865579,2605.5789802900326,2691.288815167994,98752100,TLKM.JK
2024-07-25,2648.433837890625,2648.433837890625,2597.0079381257583,2639.8628545964807,67060000,TLKM.JK
2024-07-26,2657.0048828125,2665.5758663054435,2622.7209488407257,2665.5758663054435,94900300,TLKM.JK
2024-07-29,2614.14990234375,2674.1467853483605,2605.578919057377,2648.4338354892416,90885600,TLKM.JK
2024-07-30,2468.443115234375,2571.294911702474,2468.443115234375,2571.294911702474,321472800,TLKM.JK
2024-07-31,2468.443115234375,2502.7270473904077,2434.159183078342,2468.443115234375,207440800,TLKM.JK
2024-08-01,2468.443115234375,2511.298030429416,2468.443115234375,2477.0140982733833,121021800,TLKM.JK
2024-08-02,2442.730224609375,2468.443174342105,2417.0172748766445,2468.443174342105,105816800,TLKM.JK
2024-08-05,2391.30419921875,2425.588130390345,2365.591250840054,2417.017147597446,105246400,TLKM.JK
2024-08-06,2391.30419921875,2434.159113183244,2391.30419921875,2399.875182011649,98524200,TLKM.JK
2024-08-07,2417.017333984375,2434.1593008920654,2391.304383622839,2399.875367076684,77263000,TLKM.JK
2024-08-08,2442.730224609375,2468.443174342105,2399.875308388158,2399.875308388158,99533000,TLKM.JK
2024-08-09,2425.58837890625,2468.443297261484,2425.58837890625,2451.3013299193904,80800300,TLKM.JK
2024-08-12,2459.8720703125,2494.156001606054,2434.1591218423346,2442.730104665723,62746600,TLKM.JK
2024-08-13,2442.730224609375,2485.585140830592,2434.1592413651315,2485.585140830592,82063600,TLKM.JK
2024-08-14,2451.301025390625,2477.0139732094076,2442.730042784364,2442.730042784364,70188800,TLKM.JK
2024-08-15,2459.8720703125,2468.4430531358885,2417.0171561955576,2459.8720703125,79724100,TLKM.JK
2024-08-16,2537.010986328125,2562.723935513883,2485.585087956609,2494.1560710185286,207060000,TLKM.JK
2024-08-19,2511.298095703125,2545.5820287502665,2494.1561291795542,2537.011045488481,68692700,TLKM.JK
2024-08-20,2554.153076171875,2571.2950431260488,2537.0111092177012,2562.724059648962,100434600,TLKM.JK
2024-08-21,2545.58203125,2579.8659643308083,2537.011047979798,2554.1530145202023,111842200,TLKM.JK
2024-08-22,2502.72705078125,2545.5819660343536,2502.72705078125,2519.8690168824915,90336300,TLKM.JK
2024-08-23,2528.43994140625,2579.8658385195977,2528.43994140625,2545.5819071106994,86092500,TLKM.JK
2024-08-26,2554.153076171875,2562.724059648962,2511.298158786441,2519.8691422635275,88941900,TLKM.JK
2024-08-27,2562.723876953125,2571.294859819189,2528.439945488869,2562.723876953125,71223800,TLKM.JK
2024-08-28,2554.153076171875,2571.2950431260488,2537.0111092177012,2571.2950431260488,68736300,TLKM.JK
2024-08-29,2597.0078125,2639.8627268976898,2554.1528981023102,2554.1528981023102,160714800,TLKM.JK
2024-08-30,2622.720947265625,2631.291930753421,2579.866029826644,2597.0079968022364,195809000,TLKM.JK
2024-09-02,2691.28857421875,2699.859556939192,2639.862677896099,2648.4336606165407,118928500,TLKM.JK
2024-09-03,2639.86279296875,2699.8596746271305,2639.86279296875,2691.2886915330764,82172000,TLKM.JK
2024-09-04,2639.86279296875,2657.0047591568587,2605.5788605925322,2622.7208267806413,81041700,TLKM.JK
2024-09-05,2588.436767578125,2648.4336462968236,2588.436767578125,2639.8626636227236,78989400,TLKM.JK
2024-09-06,2605.578857421875,2614.1498405055,2579.8659081710016,2579.8659081710016,82391200,TLKM.JK
2024-09-09,2597.0078125,2639.8627268976898,2571.294863861386,2614.149778259076,69264400,TLKM.JK
2024-09-10,2597.0078125,2622.720761138614,2588.436829620462,2622.720761138614,46436100,TLKM.JK
2024-09-11,2605.578857421875,2614.1498405055,2588.436891254626,2597.0078743382505,62899600,TLKM.JK
2024-09-12,2614.14990234375,2631.291868916496,2614.14990234375,2622.720885630123,85785000,TLKM.JK
2024-09-13,2665.57568359375,2674.1466664991963,2631.2917519719654,2639.8627348774116,125032200,TLKM.JK
2024-09-17,2648.433837890625,2682.7177710672026,2639.8628545964807,2674.1467877730583,56181000,TLKM.JK
2024-09-18,2674.146728515625,2682.717711619842,2657.004762307192,2674.146728515625,87120700,TLKM.JK
2024-09-19,2691.28857421875,2699.859556939192,2674.1466087778663,2691.28857421875,130418300,TLKM.JK
2024-09-20,2699.859619140625,2717.0015849764386,2674.146670386905,2699.859619140625,152477400,TLKM.JK
2024-09-23,2717.001708984375,2725.572692293474,2682.7177757479794,2699.859742366177,82274400,TLKM.JK
2024-09-24,2708.4306640625,2725.5726302907437,2699.859680948378,2725.5726302907437,92256900,TLKM.JK
2024-09-25,2734.1435546875,2734.1435546875,2622.720776596787,2657.004708317006,215241700,TLKM.JK
2024-09-26,2717.001708984375,2725.572692293474,2674.1467924388803,2717.001708984375,120042500,TLKM.JK
2024-09-27,2614.14990234375,2691.2887519211067,2579.865969198258,2682.7177686347336,291217300,TLKM.JK
2024-09-30,2562.723876953125,2597.0078084173806,2562.723876953125,2597.0078084173806,150844800,TLKM.JK
2024-10-01,2588.436767578125,2605.5787329263244,2562.7238195558257,2562.7238195558257,77208500,TLKM.JK
2024-10-02,2502.72705078125,2554.1529490849744,2502.72705078125,2528.439999933112,124629400,TLKM.JK
2024-10-03,2477.01416015625,2528.4400596750647,2477.01416015625,2528.4400596750647,92510900,TLKM.JK
2024-10-04,2468.443115234375,2511.298030429416,2451.3011491563584,2485.5850813123916,76757200,TLKM.JK
2024-10-07,2485.585205078125,2494.156188543912,2459.8722546807653,2494.156188543912,84507100,TLKM.JK
2024-10-08,2562.723876953125,2562.723876953125,2459.8720825603573,2477.0140482924853,135357200,TLKM.JK
2024-10-09,2537.010986328125,2579.865901637722,2537.010986328125,2554.1529524519638,69435900,TLKM.JK
2024-10-10,2528.43994140625,2554.152889962924,2519.8689585540255,2537.010924258475,57867000,TLKM.JK
2024-10-11,2519.868896484375,2571.294792330995,2502.7269312021685,2571.294792330995,40454300,TLKM.JK
2024-10-14,2485.585205078125,2545.5820893386312,2485.585205078125,2511.2981554754847,66631500,TLKM.JK
2024-10-15,2519.868896484375,2545.581844407685,2494.155948561065,2502.7269312021685,74529600,TLKM.JK
2024-10-16,2571.294921875,2571.294921875,2511.2980403645834,2545.58197265625,163988000,TLKM.JK
2024-10-17,2605.578857421875,2622.7208235891244,2554.1529589201277,2571.2949250873767,107040100,TLKM.JK
2024-10-18,2657.0048828125,2682.7178332913304,2605.5789818548387,2614.149965347782,138783600,TLKM.JK
2024-10-21,2657.0048828125,2682.7178332913304,2622.7209488407257,2657.0048828125,92240300,TLKM.JK
2024-10-22,2579.865966796875,2631.2918664672447,2579.865966796875,2622.7208831888497,93662500,TLKM.JK
2024-10-23,2519.868896484375,2554.1528270487884,2511.2979138432715,2519.868896484375,99423700,TLKM.JK
2024-10-24,2485.585205078125,2537.011105872845,2485.585205078125,2519.8691389412716,72559000,TLKM.JK
2024-10-25,2494.156005859375,2528.439937211394,2485.58502302137,2485.58502302137,50694200,TLKM.JK
2024-10-28,2502.72705078125,2519.8690168824915,2485.5850846800085,2502.72705078125,38720700,TLKM.JK
2024-10-29,2485.585205078125,2511.2981554754847,2468.4432381465517,2494.156188543912,67727500,TLKM.JK
2024-10-30,2485.585205078125,2485.585205078125,2442.730287749192,2468.4432381465517,123573100,TLKM.JK
2024-10-31,2417.017333984375,2459.8722512536015,2417.017333984375,2451.3012677997563,139590300,TLKM.JK
2024-11-01,2382.733154296875,2434.1590497133543,2365.5911891580486,2417.017084574528,99364500,TLKM.JK
2024-11-04,2399.875244140625,2408.446227155413,2357.020329066685,2382.733278111049,63112300,TLKM.JK
2024-11-05,2374.162353515625,2408.446286418378,2339.878420612872,2399.8753031926894,96721100,TLKM.JK
2024-11-06,2348.449462890625,2399.8753635378653,2348.449462890625,2382.7333966554515,66808900,TLKM.JK
2024-11-07,2365.59130859375,2391.3042576002035,2348.4493425894475,2365.59130859375,79485800,TLKM.JK
2024-11-08,2357.0205078125,2382.7334588068184,2357.0205078125,2365.591491477273,66113200,TLKM.JK
2024-11-11,2305.594482421875,2339.878415245992,2271.310549597758,2331.307432039963,108153500,TLKM.JK
2024-11-12,2228.455810546875,2288.4526977539062,2228.455810546875,2279.8817138671875,215910600,TLKM.JK
2024-11-13,2211.313720703125,2254.168637771015,2202.7427372895468,2237.026670943859,142812600,TLKM.JK
2024-11-14,2168.458740234375,2219.884639212265,2168.458740234375,2185.6007065603385,185269500,TLKM.JK
2024-11-15,2177.029541015625,2211.3134707953986,2142.7456112358514,2142.7456112358514,103680400,TLKM.JK
2024-11-18,2219.884765625,2237.0267329271237,2159.8878800675675,2177.029847369691,119481300,TLKM.JK
2024-11-19,2382.733154296875,2442.7300322827673,2219.8844854780236,2237.02645061685,275670300,TLKM.JK
2024-11-20,2297.023681640625,2357.0205688476562,2262.73974609375,2348.4495849609375,150242900,TLKM.JK
2024-11-21,2374.162353515625,2408.446286418378,2297.023504484431,2297.023504484431,128294600,TLKM.JK
2024-11-22,2357.0205078125,2391.304442471591,2331.307556818182,2357.0205078125,135265300,TLKM.JK
2024-11-25,2348.449462890625,2382.7333966554515,2331.3074960082117,2348.449462890625,358617100,TLKM.JK
2024-11-26,2322.736328125,2399.8751729704795,2297.0233798431736,2374.162224688653,106721000,TLKM.JK
2024-11-28,2331.307373046875,2357.0203220143035,2297.023441090303,2297.023441090303,102808400,TLKM.JK
2024-11-29,2322.736328125,2365.5912419280444,2314.165345364391,2314.165345364391,103162000,TLKM.JK
2024-12-02,2297.023681640625,2339.8786010742188,2297.023681640625,2331.3076171875,66025900,TLKM.JK
2024-12-03,2417.017333984375,2425.58831743822,2322.7365159920764,2365.5914332613033,167603900,TLKM.JK
2024-12-04,2434.1591796875,2442.7301627145685,2399.8752475792253,2417.0172136333626,83412800,TLKM.JK
2024-12-05,2374.162353515625,2434.1592360954423,2339.878420612872,2434.1592360954423,96025400,TLKM.JK
2024-12-06,2365.59130859375,2382.7332745980525,2348.4493425894475,2348.4493425894475,48179800,TLKM.JK
2024-12-09,2348.449462890625,2374.162413214245,2339.8784794494186,2365.5914297730383,63671900,TLKM.JK
2024-12-10,2374.162353515625,2425.588252869754,2357.0203870642486,2374.162353515625,124138200,TLKM.JK
2024-12-11,2451.301025390625,2468.442990603147,2374.1621819342768,2374.1621819342768,140611400,TLKM.JK
2024-12-12,2417.017333984375,2442.7302843459106,2382.7334001689937,2425.58831743822,66977700,TLKM.JK
2024-12-13,2391.30419921875,2391.30419921875,2357.0202680471552,2374.1622336329524,77540100,TLKM.JK
2024-12-16,2279.881591796875,2365.5914260749532,2271.3106083690673,2365.5914260749532,147655600,TLKM.JK
2024-12-17,2245.597412109375,2271.3103595762764,2228.455447131441,2254.1683945983423,113785500,TLKM.JK
2024-12-18,2202.74267578125,2279.881524349465,2202.74267578125,2245.5975916524803,79565300,TLKM.JK
2024-12-19,2168.458740234375,2194.17168972332,2142.7457907454295,2151.3167739084115,123504200,TLKM.JK
2024-12-20,2185.6005859375,2202.7425513174016,2159.887637867647,2168.458620557598,110308800,TLKM.JK
2024-12-23,2271.310546875,2288.4525132665094,2211.313664504717,2211.313664504717,72113700,TLKM.JK
2024-12-24,2348.449462890625,2357.020446331832,2245.5976615961454,2297.023562243385,117582400,TLKM.JK
2024-12-27,2357.0205078125,2399.875426136364,2322.736573153409,2374.1624751420454,92727600,TLKM.JK
2024-12-30,2322.736328125,2365.5912419280444,2314.165345364391,2331.307310885609,74279200,TLKM.JK
2025-01-02,2314.165283203125,2348.4492133246526,2297.023318142361,2322.736265733507,38776700,TLKM.JK
2025-01-03,2357.0205078125,2374.1624751420454,2339.8785404829546,2348.4495241477275,49907500,TLKM.JK
2025-01-06,2305.594482421875,2374.162348070109,2279.881532803787,2365.59136486408,54087800,TLKM.JK
2025-01-07,2202.74267578125,2297.023490697957,2202.74267578125,2288.452507523711,109758000,TLKM.JK
2025-01-08,2271.310546875,2314.1654628537735,2219.8846477004718,2219.8846477004718,100688500,TLKM.JK
2025-01-09,2245.597412109375,2314.165272021112,2245.597412109375,2305.5942895321446,55206700,TLKM.JK
2025-01-10,2297.023681640625,2305.5946655273438,2254.1687622070312,2262.73974609375,54496800,TLKM.JK
2025-01-13,2288.45263671875,2348.4495223256085,2271.3106694025046,2288.45263671875,90816500,TLKM.JK
2025-01-14,2245.597412109375,2305.5942895321446,2237.026429620408,2288.4523245542105,53116800,TLKM.JK
2025-01-15,2254.16845703125,2288.452387936668,2245.5974743048955,2262.7394397576045,52867900,TLKM.JK
2025-01-16,2219.884765625,2279.8816511824325,2219.884765625,2279.8816511824325,118890200,TLKM.JK
2025-01-17,2279.881591796875,2297.023558652491,2237.0266746578363,2254.168641513452,107245400,TLKM.JK
2025-01-20,2237.0263671875,2305.594225185584,2237.0263671875,2288.4522606860633,49752300,TLKM.JK
2025-01-21,2254.16845703125,2279.8814052103135,2228.455508852186,2254.16845703125,86549000,TLKM.JK
2025-01-22,2339.87841796875,2357.0203844007556,2271.310552240728,2297.0235018887365,128617700,TLKM.JK
2025-01-23,2322.736328125,2357.0202591674356,2322.736328125,2339.8782936462176,63216100,TLKM.JK
2025-01-24,2305.594482421875,2357.0203816580506,2305.594482421875,2348.4493984520213,49844700,TLKM.JK
2025-01-30,2262.739501953125,2322.7363826867304,2237.026553067294,2305.594416762843,89736900,TLKM.JK
2025-01-31,2279.881591796875,2322.736508935914,2279.881591796875,2279.881591796875,83736900,TLKM.JK
2025-02-03,2254.16845703125,2254.16845703125,2194.171577946768,2245.5974743048955,91801900,TLKM.JK
2025-02-04,2262.739501953125,2279.8814678770123,2219.884587143407,2262.739501953125,95311100,TLKM.JK
2025-02-05,2245.597412109375,2262.739377087309,2219.8844646424736,2228.455447131441,110400300,TLKM.JK
2025-02-06,2194.171630859375,2254.168511390686,2159.8876991271973,2254.168511390686,90471900,TLKM.JK
2025-02-07,2219.884765625,2219.884765625,2151.316896416506,2185.600831020753,105020200,TLKM.JK
2025-02-10,2091.31982421875,2185.6006359663165,2091.31982421875,2159.8876873078893,153328500,TLKM.JK
2025-02-11,1988.468017578125,2099.890794425175,1971.326051909348,2082.7488287563983,254907800,TLKM.JK
2025-02-12,2125.603759765625,2125.603759765625,2014.1809820359754,2022.7519649382562,173407600,TLKM.JK
2025-02-13,2074.177978515625,2074.177978515625,1979.8971613103695,2031.323061604145,219425500,TLKM.JK
2025-02-14,2168.458740234375,2168.458740234375,2091.3198917675395,2108.461858093503,156474300,TLKM.JK
2025-02-17,2271.310546875,2271.310546875,2168.4587485259435,2202.7426813089623,113998200,TLKM.JK
2025-02-18,2297.023681640625,2322.7366333007812,2254.1687622070312,2279.8817138671875,115881200,TLKM.JK
2025-02-19,2288.45263671875,2305.5946040349954,2228.4557511118915,2297.0236203768727,119388200,TLKM.JK
2025-02-20,2288.45263671875,2297.0236203768727,2245.597718428137,2271.3106694025046,90411700,TLKM.JK
2025-02-21,2271.310546875,2297.023496462264,2254.1685804834906,2288.4525132665094,75110600,TLKM.JK
2025-02-24,2228.455810546875,2262.73974609375,2202.7428588867188,2254.1687622070312,42327600,TLKM.JK
2025-02-25,2108.461669921875,2211.313458698552,2108.461669921875,2194.171493902439,111687700,TLKM.JK
2025-02-26,2159.887939453125,2159.887939453125,2108.4620361328125,2142.7459716796875,65752000,TLKM.JK
2025-02-27,2134.1748046875,2194.1716867469877,2082.7489057793673,2159.8877541415663,88741400,TLKM.JK
2025-02-28,2014.1810302734375,2117.032827563996,2014.1810302734375,2117.032827563996,249795300,TLKM.JK
2025-03-03,2057.035888671875,2074.1778544108074,2031.3229400634766,2057.035888671875,178833400,TLKM.JK
2025-03-04,2039.89404296875,2091.31994321166,2014.181092847295,2057.0360097163866,131347800,TLKM.JK
2025-03-05,2099.890869140625,2117.032835419324,2065.606936583227,2074.1779197225765,167407400,TLKM.JK
2025-03-06,2057.035888671875,2151.316700236003,2057.035888671875,2134.1747344970704,131136100,TLKM.JK
2025-03-07,2065.60693359375,2117.0328323554204,2014.1810348320798,2082.74889984764,182407000,TLKM.JK
2025-03-10,2048.46484375,2082.7487741893306,2031.3228785303347,2082.7487741893306,88949400,TLKM.JK
2025-03-11,2031.3231201171875,2048.4650873755604,2014.1811528588146,2039.894103746374,102235600,TLKM.JK
2025-03-12,2099.890869140625,2134.1748016980227,2057.0359534438776,2065.606936583227,98938700,TLKM.JK
2025-03-13,2082.7490234375,2134.1749252507716,2074.1780398019546,2117.032957979681,66706500,TLKM.JK
2025-03-14,2074.177978515625,2125.603878809401,2065.6069951333293,2099.890928662513,107627100,TLKM.JK
2025-03-17,2074.177978515625,2099.890928662513,2065.6069951333293,2074.177978515625,58129400,TLKM.JK
2025-03-18,2074.177978515625,2117.032895427105,1971.3261779280733,2099.890928662513,139758600,TLKM.JK
2025-03-19,2082.7490234375,2091.3200070730454,2039.8941052597736,2074.1780398019546,96825800,TLKM.JK
2025-03-20,2048.46484375,2091.3197567991633,2014.1809133106694,2091.3197567991633,94823100,TLKM.JK
2025-03-21,1979.89697265625,2039.8938506155303,1971.3259900906385,2031.3228680499187,204534000,TLKM.JK
2025-03-24,1997.0390625,2022.7520118025752,1919.9002145922748,1988.4680793991417,105865000,TLKM.JK
2025-03-25,2005.6099853515625,2022.7519510383281,1971.3260539780317,2005.6099853515625,107964200,TLKM.JK
2025-03-26,2091.31982421875,2108.4617899910345,2014.1809782434682,2022.7519611296104,215856700,TLKM.JK
2025-03-27,2065.60693359375,2082.74889984764,2048.46496733986,2082.74889984764,120411200,TLKM.JK
2025-04-08,1962.7552490234375,1971.3262326436272,1757.0516421388852,1757.0516421388852,409973200,TLKM.JK
2025-04-09,1988.468017578125,2091.3198115907867,1971.326051909348,2091.3198115907867,120363300,TLKM.JK
2025-04-10,2014.1810302734375,2117.032827563996,1988.468080950798,2099.890861348903,139327100,TLKM.JK
2025-04-11,1997.0390625,2014.1810287017167,1971.326113197425,1988.4680793991417,60214100,TLKM.JK
2025-04-14,2082.7490234375,2082.7490234375,1979.8972198109568,1988.468203446502,116968600,TLKM.JK
2025-04-15,2099.890869140625,2117.032835419324,2074.1779197225765,2108.461852279974,99064500,TLKM.JK
2025-04-16,2125.603759765625,2151.3167084724673,2099.8908110587827,2134.174742667906,121853000,TLKM.JK
2025-04-17,2185.6005859375,2279.8813955269607,2134.174689797794,2142.745672487745,195577900,TLKM.JK
2025-04-21,2202.74267578125,2237.0266084782343,2151.316776735773,2228.455625303988,84209300,TLKM.JK
2025-04-22,2185.6005859375,2202.7425513174016,2159.887637867647,2202.7425513174016,44958000,TLKM.JK
2025-04-23,2254.16845703125,2262.7394397576045,2202.7425606731226,2211.313543399477,128704200,TLKM.JK
2025-04-24,2254.16845703125,2271.310422483959,2228.455508852186,2254.16845703125,75733400,TLKM.JK
2025-04-25,2228.455810546875,2271.3107299804688,2202.7428588867188,2254.1687622070312,93439600,TLKM.JK
2025-04-28,2194.171630859375,2237.026545524597,2194.171630859375,2228.4555625915527,51086400,TLKM.JK
2025-04-29,2219.884765625,2228.455749276062,2194.171814671815,2202.7427983228768,56546100,TLKM.JK
2025-04-30,2262.739501953125,2262.739501953125,2228.4555701053505,2228.4555701053505,96333300,TLKM.JK
2025-05-02,2297.023681640625,2331.3076171875,2245.5977783203125,2262.73974609375,132357600,TLKM.JK
2025-05-05,2314.165283203125,2322.736265733507,2288.452335611979,2322.736265733507,85592500,TLKM.JK
2025-05-06,2297.023681640625,2339.8786010742188,2297.023681640625,2331.3076171875,76948300,TLKM.JK
2025-05-07,2245.597412109375,2305.5942895321446,2245.597412109375,2297.0233070431777,100293700,TLKM.JK
2025-05-08,2202.74267578125,2262.7395580009725,2202.74267578125,2254.1685748267264,122965300,TLKM.JK
2025-05-09,2228.455810546875,2254.1687622070312,2202.7428588867188,2202.7428588867188,59433500,TLKM.JK
2025-05-14,2219.884765625,2245.5977165781856,2168.4588637186293,2168.4588637186293,132760900,TLKM.JK
2025-05-15,2279.881591796875,2305.5945420802987,2211.3137243744127,2211.3137243744127,120039700,TLKM.JK
2025-05-16,2348.449462890625,2357.020446331832,2297.023562243385,2322.7365125670053,101569600,TLKM.JK
2025-05-19,2417.017333984375,2451.3012677997563,2348.4494663536125,2365.5914332613033,164194700,TLKM.JK
2025-05-20,2348.449462890625,2434.159297302692,2348.449462890625,2425.588313861485,129805200,TLKM.JK
2025-05-21,2357.0205078125,2382.7334588068184,2305.5946058238637,2322.736573153409,120242100,TLKM.JK
2025-05-22,2399.875244140625,2442.7301592145645,2357.020329066685,2357.020329066685,131277300,TLKM.JK
2025-05-23,2305.594482421875,2331.307432039963,2305.594482421875,2322.7364488339335,141199500,TLKM.JK
2025-05-26,2399.875244140625,2417.017210170201,2314.1654139927455,2331.3073800223215,186806300,TLKM.JK
2025-05-27,2425.58837890625,2468.443297261484,2391.304444222063,2434.159362577297,279180500,TLKM.JK
2025-05-28,2417.017333984375,2459.8722512536015,2399.875367076684,2451.3012677997563,531309500,TLKM.JK
2025-06-02,2382.733154296875,2417.017084574528,2357.020206588635,2382.733154296875,211393400,TLKM.JK
2025-06-03,2399.875244140625,2425.588193184989,2339.8783630371095,2382.733278111049,142896600,TLKM.JK
2025-06-04,2417.017333984375,2451.3012677997563,2408.44635053053,2408.44635053053,125006700,TLKM.JK
2025-06-05,2434.1591796875,2442.7301627145685,2417.0172136333626,2442.7301627145685,95008500,TLKM.JK
2025-06-10,2494.156005859375,2502.7269886973795,2468.4430573453606,2502.7269886973795,213564000,TLKM.JK
2025-06-11,2588.897216796875,2598.1432782854354,2524.174786376953,2542.6669093540736,200609800,TLKM.JK
2025-06-12,2570.405029296875,2616.635335579193,2542.6668455274844,2616.635335579193,97099100,TLKM.JK
2025-06-13,2533.4208984375,2561.1590834568888,2514.928775091241,2561.1590834568888,81111300,TLKM.JK
2025-06-16,2533.4208984375,2561.1590834568888,2524.1748367643704,2533.4208984375,46641000,TLKM.JK
2025-06-17,2551.912841796875,2588.8970858808875,2551.912841796875,2588.8970858808875,59643500,TLKM.JK
2025-06-18,2561.158935546875,2588.8971189643503,2551.9128744077166,2561.158935546875,70757600,TLKM.JK
2025-06-19,2487.1904296875,2570.4049793796466,2431.714063226069,2533.4207350720258,98911200,TLKM.JK
2025-06-20,2440.960205078125,2505.682634758227,2440.960205078125,2496.4365733753552,243027500,TLKM.JK
2025-06-23,2385.48388671875,2413.2220714480377,2366.9917635658912,2413.2220714480377,73554200,TLKM.JK
2025-06-24,2394.72998046875,2468.698474073962,2385.4839187680986,2403.9760421694014,107300200,TLKM.JK
2025-06-25,2422.468017578125,2450.206200985508,2366.991650763359,2450.206200985508,79958900,TLKM.JK
2025-06-26,2505.6826171875,2505.6826171875,2394.729881371079,2422.4680653251844,132868200,TLKM.JK
2025-06-30,2570.405029296875,2579.6510905533387,2524.174723014557,2570.405029296875,124299500,TLKM.JK
2025-07-01,2598.143310546875,2598.143310546875,2551.9130025300265,2588.8972489435055,73006700,TLKM.JK
2025-07-02,2570.405029296875,2607.3892743227293,2524.174723014557,2607.3892743227293,92321600,TLKM.JK
2025-07-03,2505.6826171875,2598.1432303678503,2487.1904945514298,2570.4050464137454,69094400,TLKM.JK
2025-07-04,2431.714111328125,2514.9286626663497,2422.468050068322,2505.6826014065473,53587300,TLKM.JK
2025-07-07,2496.4365234375,2496.4365234375,2413.22197265625,2431.7140950520834,33446600,TLKM.JK
2025-07-08,2450.206298828125,2496.436606353184,2440.9602373231132,2477.9444833431603,45926000,TLKM.JK
2025-07-09,2468.698486328125,2477.944548074672,2440.9603010884834,2450.2063628350306,44897100,TLKM.JK
2025-07-10,2487.1904296875,2505.68255184131,2450.206185379879,2487.1904296875,41108700,TLKM.JK
2025-07-11,2524.1748046875,2524.1748046875,2487.1905584649726,2505.682681576236,47851300,TLKM.JK
2025-07-14,2487.1904296875,2505.68255184131,2440.960124302974,2496.4364907644053,60458400,TLKM.JK
2025-07-15,2440.960205078125,2487.190511992483,2440.960205078125,2487.190511992483,35309100,TLKM.JK
2025-07-16,2450.206298828125,2477.9444833431603,2450.206298828125,2459.4523603331368,43385900,TLKM.JK
2025-07-17,2561.158935546875,2561.158935546875,2459.4522630161327,2496.4365075727665,102642100,TLKM.JK
2025-07-18,2561.158935546875,2588.8971189643503,2542.666813268558,2588.8971189643503,83762800,TLKM.JK
2025-07-21,2588.897216796875,2588.897216796875,2542.6669093540736,2588.897216796875,52553200,TLKM.JK
2025-07-22,2635.12744140625,2635.12744140625,2588.8971354166665,2588.8971354166665,108243300,TLKM.JK
2025-07-23,2635.12744140625,2653.619563802083,2625.881380208333,2653.619563802083,86077600,TLKM.JK
2025-07-24,2625.88134765625,2653.61953090614,2588.897103323063,2644.373469822843,74224200,TLKM.JK
2025-07-25,2607.389404296875,2616.6354660142397,2570.405157427416,2598.1433425795103,41296200,TLKM.JK
2025-07-28,2644.37353515625,2653.619596467985,2616.6353512210444,2653.619596467985,40193800,TLKM.JK
2025-07-29,2662.86572265625,2662.86572265625,2625.8814765082466,2653.619661119249,46357400,TLKM.JK
2025-07-30,2662.86572265625,2672.111784193251,2635.1275380452475,2672.111784193251,99062400,TLKM.JK
2025-07-31,2662.86572265625,2709.0960303412544,2644.373599582248,2672.111784193251,201065700,TLKM.JK
2025-08-01,2755.326416015625,2764.5724778143353,2690.603983424654,2736.8342924182048,130977000,TLKM.JK
2025-08-04,2801.556640625,2801.556640625,2764.572394544142,2773.8184560643563,96385300,TLKM.JK
2025-08-05,2801.556640625,2820.048763665429,2764.572394544142,2820.048763665429,99396900,TLKM.JK
2025-08-06,2764.572265625,2783.0643878030937,2736.8340823578596,2773.818326714047,86215200,TLKM.JK
2025-08-07,2727.588134765625,2764.572380660752,2709.0960118180615,2764.572380660752,46506200,TLKM.JK
2025-08-08,2718.342041015625,2736.8341637436224,2709.0959796516263,2727.5881023796237,46945800,TLKM.JK
2025-08-11,2764.572265625,2783.0643878030937,2746.0801434469063,2764.572265625,74978300,TLKM.JK
2025-08-12,2940.24755859375,2958.7396816037735,2783.0645130085495,2820.0487590285966,217607800,TLKM.JK
2025-08-13,3106.6767578125,3162.1531284877233,2967.985831124442,2977.231892903646,465722400,TLKM.JK
2025-08-14,3162.153076171875,3226.87550755551,3115.922768040707,3115.922768040707,232557200,TLKM.JK
2025-08-15,3060.4462890625,3152.9069020251136,3060.4462890625,3106.676595543807,182893900,TLKM.JK
2025-08-19,3004.969970703125,3078.938462289663,2995.7239092548075,3014.216032151442,164921000,TLKM.JK
2025-08-20,2977.231689453125,3041.954117484715,2977.231689453125,2977.231689453125,80084600,TLKM.JK
2025-08-21,3004.969970703125,3023.4620935997596,2967.985724909856,2967.985724909856,63861900,TLKM.JK
2025-08-22,2995.723876953125,3041.954183696229,2977.2317542558835,3023.4620609989875,61351700,TLKM.JK
2025-08-25,3060.4462890625,3097.4305342475454,3004.9699212849323,3032.7081051737164,93221500,TLKM.JK
2025-08-26,3014.216064453125,3069.692433737538,2986.4778798109182,3060.446372190136,227364800,TLKM.JK
2025-08-27,2931.00146484375,3004.9699560700906,2866.279035020702,2958.739649053628,118158900,TLKM.JK
2025-08-28,2940.24755859375,2977.231804613797,2912.5093740787147,2921.7554355837265,55940600,TLKM.JK
2025-08-29,2894.017333984375,2967.98582814372,2866.2791486746205,2940.247642833966,72585500,TLKM.JK
2025-09-01,2875.525146484375,2875.525146484375,2736.8342230204985,2847.7869617916,130027900,TLKM.JK
2025-09-02,2838.540771484375,2903.2631994986764,2820.0486491945744,2884.7710772088762,64402900,TLKM.JK
2025-09-03,2875.525146484375,2931.0015158699257,2838.5409002273414,2847.7869617916,113875700,TLKM.JK
2025-09-04,2912.50927734375,2931.001399739583,2857.0329101562497,2857.0329101562497,37223800,TLKM.JK
2025-09-08,2857.032958984375,3051.2002474590413,2857.032958984375,3051.2002474590413,93725000,TLKM.JK
2025-09-09,2820.048828125,2894.017321977459,2773.818519467213,2866.2791367827867,104463400,TLKM.JK
2025-09-10,2912.50927734375,2940.2474609375,2820.048665364583,2838.5407877604166,49840200,TLKM.JK
2025-09-11,2847.786865234375,2949.4935389927455,2838.540803983614,2940.2474777419843,71919900,TLKM.JK
2025-09-12,2866.279052734375,2875.5251141948083,2820.048745432208,2857.0329912739417,61521400,TLKM.JK
2025-09-15,3014.216064453125,3014.216064453125,2894.017264336896,2912.5093874317004,115361300,TLKM.JK
2025-09-16,3051.2001953125,3051.2001953125,3014.2159505208333,3051.2001953125,80642900,TLKM.JK
2025-09-17,3088.1845703125,3088.1845703125,2967.985769671594,3051.200323961452,73539700,TLKM.JK
2025-09-18,3004.969970703125,3143.6608924278844,2986.4778478064904,3143.6608924278844,99501600,TLKM.JK
2025-09-19,2986.477783203125,3051.200211941273,2921.755354464977,2967.985660706511,113834400,TLKM.JK
2025-09-22,2977.231689453125,3051.2001786320848,2949.493506011015,3051.2001786320848,53704700,TLKM.JK
2025-09-23,2949.49365234375,3014.216083586403,2894.01728270719,2995.7239603742164,40100300,TLKM.JK
2025-09-24,2921.75537109375,2949.493554996539,2912.5093097928207,2949.493554996539,37086500,TLKM.JK
2025-09-25,2884.771240234375,2958.739733573718,2875.525178566957,2921.7554869040464,37627500,TLKM.JK
2025-09-26,2875.525146484375,2921.755454305667,2857.0330233558584,2866.2790849201165,66789300,TLKM.JK
2025-09-29,2847.786865234375,2894.01717148818,2820.048681482092,2875.5250489866576,85911300,TLKM.JK
2025-09-30,2829.294921875,2903.2634165645427,2829.294921875,2857.033107383578,117025800,TLKM.JK
2025-10-01,2829.294921875,2866.279169219771,2829.294921875,2829.294921875,59779700,TLKM.JK
2025-10-02,2894.017333984375,2958.739766373802,2829.294901594948,2838.5409633648665,113431700,TLKM.JK
2025-10-03,2838.540771484375,2894.0171383537763,2820.0486491945744,2875.5250160639757,59116700,TLKM.JK
2025-10-06,2783.064453125,2857.032943573505,2736.834146594684,2847.786882267442,59707600,TLKM.JK
2025-10-07,2783.064453125,2820.0486983492524,2773.8183918189366,2801.556575737126,30353000,TLKM.JK
2025-10-08,2764.572265625,2810.802571070234,2718.341960179766,2801.5565099811874,66090700,TLKM.JK
2025-10-09,2783.064453125,2792.310514431063,2727.588085288621,2727.588085288621,54769300,TLKM.JK
2025-10-10,2810.802734375,2847.786980879934,2773.818487870066,2801.5566727487662,62254500,TLKM.JK
2025-10-13,2792.310546875,2838.5408539424666,2755.3263012210264,2792.310546875,46978500,TLKM.JK
2025-10-14,2736.834228515625,2838.5409059266785,2736.834228515625,2820.0487827610327,38518800,TLKM.JK
2025-10-15,2847.786865234375,2857.0329264851357,2727.588068974482,2773.818375228287,67503700,TLKM.JK
2025-10-16,2727.588134765625,2792.310565082097,2681.357827396716,2746.0802577131885,103687000,TLKM.JK
2025-10-17,2662.86572265625,2736.834214952257,2635.1275380452475,2727.588153415256,82482200,TLKM.JK
2025-10-20,2718.342041015625,2746.080225107621,2681.35779555963,2709.0959796516263,96029300,TLKM.JK
2025-10-21,3032.708251953125,3041.9543136968846,2746.0803378965797,2746.0803378965797,223104600,TLKM.JK
2025-10-22,2912.50927734375,2977.2317057291666,2884.77109375,2977.2317057291666,128796800,TLKM.JK
2025-10-23,3106.6767578125,3143.6610049293154,2931.0015840076267,2940.24764578683,218967200,TLKM.JK
2025-10-24,3041.9541015625,3180.6450180471124,3041.9541015625,3115.9225903542933,115104000,TLKM.JK
2025-10-27,3078.9384765625,3106.676661036036,3032.7081691066064,3069.692415071321,105683900,TLKM.JK
2025-10-28,3143.660888671875,3217.6293801700367,3023.462089987362,3078.9384586109836,143082100,TLKM.JK
2025-10-29,3041.9541015625,3134.414712552242,3023.4619793645516,3134.414712552242,93073800,TLKM.JK
2025-10-30,3004.969970703125,3060.4463393930287,2958.7396634615384,3041.954216496394,83523100,TLKM.JK
2025-10-31,2967.98583984375,3004.9700870692172,2912.509469005549,2958.739778037383,126790400,TLKM.JK
2025-11-03,3097.4306640625,3125.168849113806,2967.9858004897387,2967.9858004897387,107151300,TLKM.JK
2025-11-04,3236.12158203125,3319.336136997768,3106.67671875,3106.67671875,227450800,TLKM.JK
2025-11-05,3273.105712890625,3356.3202649132677,3245.3675288830773,3328.58208090572,182624300,TLKM.JK
2025-11-06,3217.62939453125,3282.3518248810165,3208.383333052712,3273.1057634024783,71766000,TLKM.JK
2025-11-07,3208.38330078125,3226.8754235523234,3162.1529938535664,3199.137239395713,58917900,TLKM.JK
2025-11-10,3180.64501953125,3282.351691667424,3180.64501953125,3226.8753250476925,88941900,TLKM.JK
2025-11-11,3254.613525390625,3263.859586542303,3208.3832196322355,3236.1214030872693,63130300,TLKM.JK
2025-11-12,3291.597900390625,3319.3360849444784,3245.3675928008693,3273.1057773547227,61339600,TLKM.JK
2025-11-13,3236.12158203125,3300.844013671875,3217.629458705357,3300.844013671875,57467900,TLKM.JK
2025-11-14,3282.351806640625,3291.5978680677817,3245.367560931998,3263.8596837863115,55079600,TLKM.JK
2025-11-17,3337.828125,3356.3202475761773,3291.597818559557,3300.8438798476454,76833800,TLKM.JK
2025-11-18,3347.07421875,3356.3202801277625,3273.1057277279006,3337.8281573722375,97747000,TLKM.JK
2025-11-19,3374.8125,3411.7967465753427,3347.0743150684934,3347.0743150684934,109911100,TLKM.JK
2025-11-20,3365.56640625,3384.058529361264,3347.074283138736,3374.812467805632,52200700,TLKM.JK
2025-11-21,3236.12158203125,3337.8282603236607,3199.1373353794643,3319.336136997768,93181600,TLKM.JK
2025-11-24,3421.042724609375,3421.042724609375,3273.1057419235644,3291.5978647592906,241304000,TLKM.JK
2025-11-25,3374.8125,3411.7967465753427,3291.59794520548,3411.7967465753427,84816600,TLKM.JK
2025-11-26,3439.534912109375,3439.534912109375,3328.582173009073,3328.582173009073,111114600,TLKM.JK
2025-11-27,3300.843994140625,3421.0427950477065,3291.597932532388,3421.0427950477065,48436500,TLKM.JK
2025-11-28,3245.36767578125,3356.3204168336006,3236.1216140268875,3328.5822315705127,70943000,TLKM.JK
2025-12-01,3374.8125,3374.8125,3254.613698630137,3263.859760273973,89045500,TLKM.JK
2025-12-02,3291.597900390625,3393.304577088088,3291.597900390625,3384.058515570137,62155900,TLKM.JK
2025-12-03,3310.090087890625,3374.8125197767545,3310.090087890625,3319.3361495886434,60429900,TLKM.JK
2025-12-04,3356.3203125,3384.0584969008264,3310.0900051652893,3384.0584969008264,38947500,TLKM.JK
2025-12-05,3421.042724609375,3421.042724609375,3337.8281718486064,3356.320294684333,50641400,TLKM.JK
2025-12-08,3356.3203125,3421.0427427685954,3328.5821280991736,3421.0427427685954,64911000,TLKM.JK
2025-12-09,3300.843994140625,3374.812487006521,3254.6136860994397,3374.812487006521,94381800,TLKM.JK
2025-12-10,3365.56640625,3421.0427755837914,3319.3360984718406,3347.074283138736,68644900,TLKM.JK
2025-12-11,3300.843994140625,3411.79673343947,3236.121562882966,3393.3046102229955,84823100,TLKM.JK
2025-12-12,3282.351806640625,3356.3202980578785,3236.1214995048413,3356.3202980578785,67076200,TLKM.JK
2025-12-15,3208.38330078125,3291.597853251081,3199.137239395713,3282.351791865544,121707400,TLKM.JK
2025-12-16,3254.613525390625,3282.351708845659,3208.3832196322355,3226.875341935591,120576700,TLKM.JK
2025-12-17,3236.12158203125,3319.336136997768,3226.8755203683036,3273.1058286830357,118452300,TLKM.JK
2025-12-18,3199.13720703125,3310.089942535224,3199.13720703125,3273.1056973672326,111042200,TLKM.JK
2025-12-19,3152.906982421875,3254.613659274193,3134.414859357817,3254.613659274193,236770700,TLKM.JK
2025-12-22,3208.38330078125,3226.8754235523234,3162.1529938535664,3180.6451166246397,113720300,TLKM.JK
2025-12-23,3208.38330078125,3208.38330078125,3162.1529938535664,3208.38330078125,39083700,TLKM.JK
2025-12-24,3199.13720703125,3236.1214521992415,3180.6450844472542,3217.6293296152458,30919800,TLKM.JK
2025-12-29,3226.87548828125,3263.859734565276,3199.137303568231,3217.629426710244,53079900,TLKM.JK
2025-12-30,3217.62939453125,3245.367578966864,3217.62939453125,3226.875456009788,48019100,TLKM.JK
2026-01-02,3208.38330078125,3245.367546323397,3189.8911780101766,3245.367546323397,34812500,TLKM.JK
2026-01-05,3310.090087890625,3319.3361495886434,3217.62947091044,3226.8755326084583,77224000,TLKM.JK
2026-01-06,3254.613525390625,3328.5820146040483,3226.875341935591,3328.5820146040483,77477100,TLKM.JK
2026-01-07,3273.105712890625,3282.351774226474,3236.121467547228,3273.105712890625,60466200,TLKM.JK
2026-01-08,3263.859619140625,3310.089925360747,3254.613557896601,3273.1056803846495,61219400,TLKM.JK
2026-01-09,3189.89111328125,3291.5977864583333,3189.89111328125,3282.3517252604165,82708700,TLKM.JK
2026-01-12,3254.613525390625,3263.859586542303,3199.1371584805574,3208.3832196322355,89165400,TLKM.JK
2026-01-13,3347.07421875,3384.0584642610497,3282.351789105663,3328.5820959944754,129812000,TLKM.JK
2026-01-14,3374.8125,3421.0428082191784,3337.8282534246578,3411.7967465753427,98179400,TLKM.JK
2026-01-15,3384.05859375,3402.5507172131147,3337.828285092213,3374.8125320184427,83981800,TLKM.JK
2026-01-19,3347.07421875,3356.3202801277625,3226.8754208390883,3319.336034616713,147127900,TLKM.JK
2026-01-20,3328.58203125,3402.5505208333334,3282.3517252604165,3282.3517252604165,89987800,TLKM.JK
2026-01-21,3328.58203125,3421.0426432291665,3300.8438476562496,3393.3044596354166,104120400,TLKM.JK
2026-01-22,3458.027099609375,3504.257408427682,3384.0586055000836,3393.304667263745,149259700,TLKM.JK
2026-01-23,3485.76513671875,3513.5033208305704,3448.780891236323,3504.2572594599637,109079700,TLKM.JK
2026-01-26,3559.733642578125,3559.733642578125,3467.2730284851864,3495.0112127130683,91258600,TLKM.JK
2026-01-27,3642.9482421875,3689.1785498294735,3448.780950091212,3559.733688431948,161704800,TLKM.JK
2026-01-28,3208.38330078125,3513.5033265039624,3134.414809696956,3513.5033265039624,439277400,TLKM.JK
2026-01-29,3189.89111328125,3236.121419270833,2866.2789713541665,3162.1529296874996,582049700,TLKM.JK
2026-01-30,3328.58203125,3458.026888020833,3273.1056640624997,3282.3517252604165,332372800,TLKM.JK
2026-02-02,3236.12158203125,3421.0428152901786,3171.399150390625,3393.3046303013393,157041400,TLKM.JK
2026-02-03,3189.89111328125,3282.3517252604165,3162.1529296874996,3273.1056640624997,155611200,TLKM.JK
2026-02-04,3078.9384765625,3180.6451529654655,3014.2160461242493,3162.153029983108,215692700,TLKM.JK
2026-02-05,3041.9541015625,3106.676529255319,3014.2159182655773,3097.430468156345,148908600,TLKM.JK
2026-02-06,3125.168701171875,3134.4147624179454,3023.462027465098,3060.4462724493806,137552600,TLKM.JK
2026-02-09,3097.4306640625,3171.3991575326495,3088.1846023787316,3171.3991575326495,109053400,TLKM.JK
2026-02-10,3143.660888671875,3171.399072983686,3106.676642922794,3125.168765797335,129254100,TLKM.JK
2026-02-11,3263.859619140625,3263.859619140625,3162.1529454563565,3171.3990067003806,151785400,TLKM.JK
2026-02-12,3291.597900390625,3291.597900390625,3208.383346729064,3236.121531282918,114656400,TLKM.JK
2026-02-13,3189.89111328125,3282.3517252604165,3180.645052083333,3273.1056640624997,102244000,TLKM.JK
2026-02-18,3226.87548828125,3245.367611423263,3199.137303568231,3208.3833651392374,82797000,TLKM.JK
2026-02-19,3217.62939453125,3236.121517488326,3199.1372715741736,3236.121517488326,70690600,TLKM.JK
2026-02-20,3217.62939453125,3245.367578966864,3171.3990871385595,3226.875456009788,75231500,TLKM.JK
2026-02-23,3282.351806640625,3282.351806640625,3217.6293766505282,3217.6293766505282,59621900,TLKM.JK
2026-02-24,3310.090087890625,3328.5822112866617,3245.367656004495,3328.5822112866617,119024300,TLKM.JK
2026-02-25,3328.58203125,3384.0583984375,3310.0899088541664,3310.0899088541664,66237300,TLKM.JK
2026-02-26,3374.8125,3374.8125,3245.3676369863015,3291.59794520548,111136200,TLKM.JK
2026-02-27,3273.105712890625,3356.3202649132677,3263.8596515547756,3356.3202649132677,140862100,TLKM.JK
2026-03-02,3189.89111328125,3226.8753580729167,3152.9068684895833,3180.645052083333,80022100,TLKM.JK
2026-03-03,3189.89111328125,3263.8596028645834,3180.645052083333,3254.6135416666666,125403800,TLKM.JK
2026-03-04,2958.73974609375,3189.891288757324,2875.5251907348634,3171.399165344238,206478300,TLKM.JK
2026-03-05,3014.216064453125,3097.430618379745,2967.985756716114,3051.2003106427337,137853600,TLKM.JK
2026-03-06,2949.49365234375,3041.9542684046824,2940.2475907376565,3023.462145192496,84932600,TLKM.JK
2026-03-09,2866.279052734375,2921.755421496976,2773.8184381300402,2921.755421496976,126776600,TLKM.JK
2026-03-10,2736.834228515625,2912.509398589263,2709.096043767156,2884.7712138407937,288339600,TLKM.JK
2026-03-11,2773.818359375,2792.310481770833,2709.0959309895834,2773.818359375,209073500,TLKM.JK
2026-03-12,2792.310546875,2829.2947925289736,2755.3263012210264,2792.310546875,100856000,TLKM.JK
2026-03-13,2746.080322265625,2820.0488157946656,2699.850013809975,2801.5566924124055,102546800,TLKM.JK
2026-03-16,2736.834228515625,2755.3263516812713,2616.635427938925,2746.080290098448,95426400,TLKM.JK
2026-03-17,2820.048828125,2820.048828125,2736.8342725409834,2820.048828125,164842700,TLKM.JK
2026-03-25,3051.2001953125,3051.2001953125,2894.0171549479164,2903.263216145833,228354400,TLKM.JK
2026-03-26,2931.00146484375,3014.2160174733835,2894.01721923058,2995.723894666798,130477500,TLKM.JK
2026-03-27,2820.048828125,2921.7555071721313,2820.048828125,2912.5094454405735,72337500,TLKM.JK
2026-03-30,2810.802734375,2875.525165758635,2801.5566727487662,2820.0487960012338,115529200,TLKM.JK
2026-03-31,2829.294921875,2894.01735472835,2810.802798202614,2894.01735472835,95463800,TLKM.JK
2026-04-01,2912.50927734375,2912.50927734375,2866.2789713541665,2912.50927734375,68303100,TLKM.JK
2026-04-02,2894.017333984375,2921.7555192941295,2847.7870251347845,2912.5094575242115,56283200,TLKM.JK
2026-04-06,2921.75537109375,2958.7396162974683,2866.2790032881726,2958.7396162974683,37192400,TLKM.JK
2026-04-07,2866.279052734375,2921.755421496976,2829.294806892641,2912.5093600365426,49528200,TLKM.JK
2026-04-08,2921.75537109375,2940.247493695609,2875.525064589102,2912.5093097928207,78411200,TLKM.JK
2026-04-09,2949.49365234375,2949.49365234375,2884.771221101097,2931.0015291315635,58857300,TLKM.JK
2026-04-10,2967.98583984375,2977.231901650117,2931.0015926182828,2949.493716231016,70335700,TLKM.JK
2026-04-13,2949.49365234375,2958.739713949843,2894.01728270719,2894.01728270719,77410000,TLKM.JK
2026-04-14,2884.771240234375,2958.739733573718,2875.525178566957,2949.4936719063003,92852900,TLKM.JK
2026-04-15,2857.032958984375,2912.509327119994,2829.2947749165655,2884.7711430521845,89181500,TLKM.JK
2026-04-16,2884.771240234375,2912.5094252366284,2866.279116899539,2866.279116899539,57013000,TLKM.JK
2026-04-17,2866.279052734375,2912.5093600365426,2847.7869298135083,2884.771175655242,96349500,TLKM.JK
2026-04-20,2866.279052734375,2921.755421496976,2820.048745432208,2894.0172371156755,142308900,TLKM.JK
2026-04-21,2783.064453125,2838.540820961379,2755.3262692068106,2820.0486983492524,137586500,TLKM.JK
2026-04-22,2773.818359375,2801.55654296875,2764.572298177083,2783.0644205729163,57088500,TLKM.JK
2026-04-23,2662.86572265625,2792.310584174262,2662.86572265625,2783.0645226372612,164145000,TLKM.JK
2026-04-24,2598.143310546875,2718.3421113906807,2542.666940926657,2662.8657417704626,254588000,TLKM.JK
2026-04-27,2616.635498046875,2635.1276217079835,2598.1433743857665,2635.1276217079835,77838700,TLKM.JK
2026-04-28,2607.389404296875,2607.389404296875,2542.6669722753213,2579.6512191447805,146311100,TLKM.JK
2026-04-29,2653.61962890625,2662.8656903310107,2588.897198932927,2607.389321782448,144598700,TLKM.JK
2026-04-30,2598.143310546875,2653.619680167093,2598.143310546875,2644.373618563723,134260800,TLKM.JK
2026-05-04,2672.11181640625,2672.11181640625,2625.8815081639273,2625.8815081639273,81120300,TLKM.JK
2026-05-05,2662.86572265625,2718.3420918782554,2653.619661119249,2690.6039072672525,71127200,TLKM.JK
2026-05-06,2681.35791015625,2690.6039719154096,2653.6197248787716,2672.1118483970904,82205900,TLKM.JK
2026-05-07,2709.095947265625,2755.3262535329563,2699.8498860121585,2727.5880697725574,102205600,TLKM.JK
2026-05-08,2736.834228515625,2773.818474846917,2681.3578590186867,2709.096043767156,102107300,TLKM.JK
2026-05-11,2736.834228515625,2783.06453642974,2699.849982184333,2764.5724132640944,58491000,TLKM.JK
2026-05-12,2727.588134765625,2773.8184421345336,2644.373581501589,2773.8184421345336,91619700,TLKM.JK
2026-05-13,2736.834228515625,2746.080290098448,2699.849982184333,2727.588166932802,62623700,TLKM.JK
2026-05-14,2736.834228515625,2736.834228515625,2736.834228515625,2736.834228515625,0,TLKM.JK
2026-05-15,2736.834228515625,2736.834228515625,2736.834228515625,2736.834228515625,0,TLKM.JK
2026-05-18,2847.786865234375,2847.786865234375,2644.3735177176336,2690.6038239714385,148994300,TLKM.JK
2026-05-19,2847.786865234375,2894.01717148818,2801.55655898057,2847.786865234375,147808100,TLKM.JK
2026-05-20,2866.279052734375,2949.4936058782764,2866.279052734375,2894.0172371156755,191400600,TLKM.JK
2026-05-21,2773.818359375,2884.77109375,2727.5880533854165,2866.2789713541665,141907000,TLKM.JK
2026-05-22,2699.849853515625,2783.064403795216,2635.1274255203875,2773.8183426530395,138085300,TLKM.JK
2026-05-25,2709.095947265625,2736.834131026024,2653.619579744827,2662.8656409982937,88999600,TLKM.JK
2026-05-26,2857.032958984375,2866.2790203403115,2718.3420386453276,2727.588100001264,136083800,TLKM.JK
2026-05-27,2857.032958984375,2857.032958984375,2857.032958984375,2857.032958984375,0,TLKM.JK
2026-05-28,2857.032958984375,2857.032958984375,2857.032958984375,2857.032958984375,0,TLKM.JK
2026-05-29,2801.556640625,2931.0015019080033,2681.357840862211,2681.357840862211,835364400,TLKM.JK
2026-06-02,2727.588134765625,2792.310565082097,2690.603888870498,2764.572380660752,242446000,TLKM.JK
2026-06-03,2635.12744140625,2727.5880533854165,2635.12744140625,2681.357747395833,168085400,TLKM.JK
2026-06-04,2681.35791015625,2727.5882189520476,2477.9445514547415,2681.35791015625,197151900,TLKM.JK
2026-06-05,2551.912841796875,2709.0958791539288,2551.912841796875,2681.3576960909195,105040300,TLKM.JK
2026-06-08,2172.824462890625,2450.206309217088,2172.824462890625,2422.4681245844417,331947700,TLKM.JK
2026-06-09,2422.468017578125,2422.468017578125,2320.761345084387,2320.761345084387,371055600,TLKM.JK
2026-06-10,2598.143310546875,2598.143310546875,2311.5154008424156,2311.5154008424156,391732600,TLKM.JK
2026-06-11,2653.61962890625,2746.0802431538546,2598.1432603576873,2653.61962890625,274793100,TLKM.JK
2026-06-12,2644.37353515625,2755.3262708970715,2644.37353515625,2690.6038417149257,181531900,TLKM.JK
2026-06-15,2709.095947265625,2746.0801922794903,2672.1117022517597,2681.357763505226,156789000,TLKM.JK
2026-06-17,2736.834228515625,2801.5566595953865,2718.3421053499787,2727.588166932802,200799700,TLKM.JK
2026-06-18,2780.0,2800.0,2670.0,2800.0,210813900,TLKM.JK
2026-06-19,2580.0,2710.0,2580.0,2700.0,374544500,TLKM.JK
2026-06-22,2510.0,2590.0,2500.0,2580.0,194270900,TLKM.JK
2026-06-23,2540.0,2610.0,2500.0,2500.0,173184800,TLKM.JK
2026-06-24,2500.0,2590.0,2480.0,2570.0,173348900,TLKM.JK
2026-06-25,2500.0,2540.0,2500.0,2530.0,94937900,TLKM.JK
2026-06-26,2480.0,2480.0,2370.0,2420.0,220918000,TLKM.JK
2026-06-29,2410.0,2470.0,2410.0,2470.0,124858100,TLKM.JK
2026-06-30,2350.0,2400.0,2350.0,2390.0,318664200,TLKM.JK
2026-07-01,2440.0,2450.0,2350.0,2380.0,111997100,TLKM.JK
2026-07-02,2450.0,2490.0,2420.0,2470.0,112046100,TLKM.JK
2026-07-03,2520.0,2540.0,2470.0,2480.0,83587600,TLKM.JK
2026-07-06,2480.0,2530.0,2470.0,2520.0,48614200,TLKM.JK
2026-07-07,2480.0,2480.0,2420.0,2460.0,119404100,TLKM.JK
2026-07-08,2510.0,2540.0,2470.0,2480.0,98228500,TLKM.JK
2026-07-09,2510.0,2510.0,2450.0,2500.0,68742100,TLKM.JK
2026-07-10,2480.0,2500.0,2440.0,2480.0,129033800,TLKM.JK
2026-07-13,2510.0,2520.0,2460.0,2480.0,80358400,TLKM.JK
2026-07-14,2560.0,2600.0,2490.0,2500.0,118565500,TLKM.JK
2026-07-15,2520.0,2570.0,2490.0,2560.0,142706600,TLKM.JK
2026-07-16,2530.0,2560.0,2510.0,2520.0,56858100,TLKM.JK
2026-07-17,2660.0,2670.0,2540.0,2550.0,143963900,TLKM.JK
2026-07-20,2710.0,2750.0,2660.0,2670.0,146905500,TLKM.JK
2026-07-21,2750.0,2770.0,2700.0,2770.0,140279600,TLKM.JK
2026-07-22,2700.0,2730.0,2670.0,2730.0,122114100,TLKM.JK
2026-07-23,2650.0,2710.0,2650.0,2710.0,91296700,TLKM.JK
2026-07-24,2630.0,2630.0,2580.0,2600.0,92442500,TLKM.JK
2026-07-27,2590.0,2670.0,2560.0,2670.0,60467000,TLKM.JK
2026-07-28,2560.0,2620.0,2560.0,2580.0,69694800,TLKM.JK
2026-07-29,2560.0,2610.0,2540.0,2560.0,76414900,TLKM.JK
2026-07-30,2670.0,2670.0,2590.0,2600.0,103302600,TLKM.JK
2026-07-31,2630.0,2680.0,2600.0,2670.0,91987400,TLKM.JK
2026-08-03,2740.0,2740.0,2600.0,2600.0,112278700,TLKM.JK
2026-08-04,2790.0,2790.0,2710.0,2740.0,90753600,TLKM.JK
2026-08-05,2710.0,2780.0,2700.0,2780.0,109494500,TLKM.JK
2026-08-06,2650.0,2720.0,2650.0,2710.0,138223900,TLKM.JK
2026-08-07,2710.0,2720.0,2650.0,2650.0,66412400,TLKM.JK
2026-08-10,2620.0,2730.0,2620.0,2720.0,93974000,TLKM.JK
2026-08-11,2610.0,2650.0,2570.0,2640.0,84124100,TLKM.JK
2026-08-12,2590.0,2620.0,2570.0,2610.0,120373100,TLKM.JK
2026-08-13,2590.0,2610.0,2570.0,2600.0,76115000,TLKM.JK
2026-08-14,2620.0,2630.0,2590.0,2600.0,80799200,TLKM.JK
2026-08-18,2600.0,2640.0,2600.0,2640.0,80089000,TLKM.JK
2026-08-19,2600.0,2610.0,2580.0,2600.0,45580300,TLKM.JK
2026-08-20,2610.0,2620.0,2590.0,2610.0,86747700,TLKM.JK
2026-08-21,2610.0,2640.0,2610.0,2610.0,72276500,TLKM.JK
2026-08-24,2620.0,2640.0,2600.0,2620.0,46321100,TLKM.JK
2026-08-25,2620.0,2620.0,2620.0,2620.0,0,TLKM.JK
2026-08-26,2600.0,2630.0,2590.0,2630.0,82579200,TLKM.JK
2026-08-27,2610.0,2610.0,2550.0,2590.0,115845900,TLKM.JK
2026-08-28,2570.0,2620.0,2570.0,2620.0,78958600,TLKM.JK
2026-08-31,2600.0,2600.0,2560.0,2570.0,204591800,TLKM.JK
2026-09-01,2610.0,2630.0,2590.0,2600.0,82430900,TLKM.JK
2026-09-02,2590.0,2610.0,2560.0,2600.0,105899600,TLKM.JK
2026-09-03,2600.0,2610.0,2580.0,2600.0,76989700,TLKM.JK
2026-09-04,2610.0,2630.0,2590.0,2610.0,84953700,TLKM.JK
2021-01-04,4152.19287109375,4168.868344471636,4018.7890840706577,4068.815504204317,34840200,ASII.JK
2021-01-05,4118.84130859375,4168.867721248735,4102.165837708755,4152.19225036374,27318400,ASII.JK
2021-01-06,4102.166015625,4152.192430449695,3968.7622427591464,4118.841487233231,42778200,ASII.JK
2021-01-07,4052.1396484375,4135.517007458848,4052.1396484375,4118.841535654578,33536400,ASII.JK
2021-01-08,4285.59521484375,4318.946150367826,4068.814133937257,4102.165069461333,88590400,ASII.JK
2021-01-11,4352.29833984375,4402.324757543103,4318.947394710848,4335.622867277299,57622400,ASII.JK
2021-01-12,4352.29833984375,4435.675702676006,4268.920977011494,4285.596449577945,38226200,ASII.JK
2021-01-13,4519.052734375,4535.728205719557,4335.622549584871,4402.3244349630995,56171600,ASII.JK
2021-01-14,4519.052734375,4619.105562442343,4519.052734375,4569.079148408672,48209800,ASII.JK
2021-01-15,4385.64892578125,4569.079108988831,4352.297983379872,4535.7281665874525,45722300,ASII.JK
2021-01-18,4452.3505859375,4469.026056296817,4352.297763781601,4385.648704500234,48444700,ASII.JK
2021-01-19,4452.3505859375,4519.052467374766,4385.648704500234,4519.052467374766,37236400,ASII.JK
2021-01-20,4452.3505859375,4519.052467374766,4418.999645218867,4418.999645218867,27403000,ASII.JK
2021-01-21,4535.72802734375,4535.72802734375,4485.701615277459,4535.72802734375,32219700,ASII.JK
2021-01-22,4469.02685546875,4569.079695516558,4402.324962103545,4552.404222175256,34960500,ASII.JK
2021-01-25,4318.947265625,4435.675570101352,4218.894433216698,4435.675570101352,73391700,ASII.JK
2021-01-26,4235.56982421875,4385.649069958785,4202.218880720965,4318.947182963214,39158300,ASII.JK
2021-01-27,4185.54248046875,4235.568884617779,4102.165140220369,4235.568884617779,56444100,ASII.JK
2021-01-28,4185.54248046875,4302.270756816484,4102.165140220369,4102.165140220369,54596400,ASII.JK
2021-01-29,4068.815185546875,4252.245378337922,3968.7623531153945,4202.218962122182,71886200,ASII.JK
2021-02-01,4018.788818359375,4052.139762910075,3835.3586233305236,3902.060512431924,57416200,ASII.JK
2021-02-02,3985.43701171875,4102.165292396705,3918.735137045633,4102.165292396705,42421400,ASII.JK
2021-02-03,4102.166015625,4185.543373666158,3968.7622427591464,4052.139600800305,76420800,ASII.JK
2021-02-04,4135.51708984375,4152.192561980217,4085.49067343435,4152.192561980217,29508100,ASII.JK
2021-02-05,4068.815185546875,4168.868017978355,4035.464241403048,4168.868017978355,34366600,ASII.JK
2021-02-08,4068.815185546875,4135.517073834529,4052.1397134749614,4135.517073834529,28817400,ASII.JK
2021-02-09,3885.384765625,4135.516832081545,3885.384765625,4068.814947693133,113795000,ASII.JK
2021-02-10,3935.4111328125,3985.4375455177437,3885.3847201072567,3902.0601910090045,43492200,ASII.JK
2021-02-11,3902.060302734375,3968.7621882512017,3885.384831355168,3918.7357741135816,37890700,ASII.JK
2021-02-15,3968.761474609375,4168.867095177915,3968.7614746093755,4068.8142848936454,178642200,ASII.JK
2021-02-16,3952.087158203125,4002.1135779272154,3935.4116849617617,3985.438104685852,35796600,ASII.JK
2021-02-17,3868.709716796875,3952.0870813830147,3835.3587709624194,3935.4116084657867,56517500,ASII.JK
2021-02-18,3818.682861328125,3918.735687389124,3818.682861328125,3835.3583323382913,56765900,ASII.JK
2021-02-19,3852.033935546875,3902.060350294237,3818.682992381967,3818.682992381967,42627800,ASII.JK
2021-02-22,3802.007568359375,3902.060399105674,3802.007568359375,3885.3849273146243,55230300,ASII.JK
2021-02-23,3818.682861328125,3885.384745368791,3802.0073903179587,3802.0073903179587,60745000,ASII.JK
2021-02-24,3751.981689453125,3902.06095703125,3735.3062152777775,3852.0345345052083,73050200,ASII.JK
2021-02-25,3718.629150390625,3802.0064856011772,3651.9272822221833,3802.0064856011772,123672200,ASII.JK
2021-02-26,3601.90234375,3685.279712818287,3568.551396122685,3635.253291377315,146271500,ASII.JK
2021-03-01,3735.3056640625,3735.3056640625,3635.252833775112,3668.603777204241,118418900,ASII.JK
2021-03-02,3718.629150390625,3785.3310185590667,3701.9536833485145,3768.655551516956,87061500,ASII.JK
2021-03-03,3785.33203125,3802.007502753304,3685.2792022301765,3751.981088243392,49030200,ASII.JK
2021-03-04,3718.629150390625,3802.0064856011772,3685.278216306404,3785.3310185590667,70766800,ASII.JK
2021-03-05,3668.603759765625,3718.63017467152,3651.9282881303266,3685.279231400923,48034400,ASII.JK
2021-03-08,3701.95458984375,3751.981003220017,3651.9281764674834,3701.95458984375,55652900,ASII.JK
2021-03-09,3685.27978515625,3768.6571558611427,3601.902414451358,3701.9552592972286,66908800,ASII.JK
2021-03-10,3618.5771484375,3685.279031358007,3601.9016777073734,3668.6035606278806,66154200,ASII.JK
2021-03-12,3651.928466796875,3718.630356601384,3635.2529943457475,3701.9548841502565,87065000,ASII.JK
2021-03-15,3685.27978515625,3751.9816817201645,3668.604311015272,3685.2797851562505,48489500,ASII.JK
2021-03-16,3701.95458984375,3818.6828877217063,3701.95458984375,3735.3055320945946,64804400,ASII.JK
2021-03-17,3718.629150390625,3768.655551516956,3701.9536833485145,3751.9800844748456,61881600,ASII.JK
2021-03-18,3818.682861328125,3868.7092743586245,3751.980977287459,3785.331919307792,90338700,ASII.JK
2021-03-19,3852.033935546875,3852.033935546875,3751.981106052151,3818.682992381967,80429800,ASII.JK
2021-03-22,3718.629150390625,3852.0328867275084,3701.9536833485145,3835.357419685398,57320300,ASII.JK
2021-03-23,3718.629150390625,3785.3310185590667,3701.9536833485145,3701.9536833485145,46973100,ASII.JK
2021-03-24,3635.2529296875,3735.3057626146788,3635.2529296875,3718.630290460149,40065300,ASII.JK
2021-03-25,3635.2529296875,3685.2793461510896,3601.9019853784403,3635.2529296875,49497900,ASII.JK
2021-03-26,3735.3056640625,3735.3056640625,3651.9283054896764,3685.279248918806,24880300,ASII.JK
2021-03-29,3685.27978515625,3768.6571558611427,3685.2797851562505,3735.306207579186,25164100,ASII.JK
2021-03-30,3601.90234375,3701.9551866319443,3601.90234375,3651.928765190972,55842300,ASII.JK
2021-03-31,3518.524169921875,3635.252459919283,3485.1732299226155,3635.252459919283,89835200,ASII.JK
2021-04-01,3568.551025390625,3601.9019695531542,3551.8755533093604,3568.551025390625,33323600,ASII.JK
2021-04-05,3568.551025390625,3635.2529137156835,3568.551025390625,3618.577441634419,29142200,ASII.JK
2021-04-06,3568.551025390625,3601.9019695531542,3535.2000812280958,3585.2264974718896,26040800,ASII.JK
2021-04-07,3551.875244140625,3568.5507147703934,3518.5243028810887,3535.199773510857,33361900,ASII.JK
2021-04-08,3535.200439453125,3585.226860766141,3535.200439453125,3585.226860766141,43680100,ASII.JK
2021-04-09,3518.524169921875,3601.9015199200235,3518.524169921875,3535.1996399215045,59348800,ASII.JK
2021-04-12,3385.12060546875,3518.524373171952,3368.4451345058496,3501.8489022090516,68211200,ASII.JK
2021-04-13,3385.12060546875,3451.822489320351,3351.7696635429493,3351.7696635429493,53505400,ASII.JK
2021-04-14,3501.84912109375,3518.524593098958,3401.7962890625,3435.1472330729166,39277800,ASII.JK
2021-04-15,3501.84912109375,3518.524593098958,3451.822705078125,3501.84912109375,34533700,ASII.JK
2021-04-16,3501.84912109375,3551.875537109375,3468.4981770833333,3535.2000651041667,38151200,ASII.JK
2021-04-19,3468.49853515625,3501.8494826096758,3468.4985351562505,3485.174008882963,30832600,ASII.JK
2021-04-20,3535.200439453125,3535.200439453125,3435.147596827093,3435.147596827093,46601200,ASII.JK
2021-04-21,3485.173583984375,3518.524527371785,3468.4981122906697,3485.173583984375,47261000,ASII.JK
2021-04-22,3635.2529296875,3668.6038739965597,3485.1736802967316,3485.1736802967316,86785100,ASII.JK
2021-04-23,3751.981689453125,3768.657163628472,3651.9288444010413,3668.604318576389,95175600,ASII.JK
2021-04-26,3751.981689453125,3785.332637803819,3735.3062152777775,3751.981689453125,65428000,ASII.JK
2021-04-27,3685.27978515625,3768.6571558611427,3651.928836874293,3751.9816817201645,41552600,ASII.JK
2021-04-28,3568.551025390625,3718.6302741220065,3551.8755533093604,3601.9019695531542,72011700,ASII.JK
2021-04-29,3618.5771484375,3651.9280898977536,3568.55073624712,3568.55073624712,43203100,ASII.JK
2021-04-30,3668.603759765625,3701.9547030362214,3585.2264015891333,3635.252816495028,56668600,ASII.JK
2021-05-03,3676.73681640625,3727.5672793058757,3659.7933287730416,3693.680304039459,29451000,ASII.JK
2021-05-04,3727.56640625,3778.396857244318,3676.735955255682,3727.56640625,39860400,ASII.JK
2021-05-05,3744.51025390625,3795.3407098416287,3710.623283282664,3744.51025390625,27270000,ASII.JK
2021-05-06,3676.73681640625,3795.3412298387098,3659.7933287730416,3795.3412298387098,34361400,ASII.JK
2021-05-07,3608.962158203125,3710.6230640680014,3575.075189581499,3693.6795797571885,30771700,ASII.JK
2021-05-10,3642.849609375,3676.7365824854655,3625.9061228197675,3625.9061228197675,25429700,ASII.JK
2021-05-11,3541.188720703125,3676.736614318556,3507.3017472992674,3659.793127616627,49162600,ASII.JK
2021-05-17,3507.302001953125,3608.962929545969,3473.415026088843,3592.0194416138283,47623100,ASII.JK
2021-05-18,3490.358642578125,3524.2456196905337,3456.471665465716,3490.3586425781245,45784300,ASII.JK
2021-05-19,3422.584228515625,3473.4146873549657,3405.6407422358443,3456.4712010751855,47008800,ASII.JK
2021-05-20,3507.302001953125,3524.2454898852657,3405.6410743602805,3422.584562292421,49746900,ASII.JK
2021-05-21,3422.584228515625,3541.188632474087,3422.5842285156245,3507.301659914526,43416900,ASII.JK
2021-05-24,3456.471435546875,3490.358410405178,3405.640973259421,3456.4714355468755,33540000,ASII.JK
2021-05-25,3439.52783203125,3490.35829260314,3422.584345173953,3456.4713188885466,45393500,ASII.JK
2021-05-27,3490.358642578125,3541.189108246738,3439.5281769095113,3456.471665465716,99709500,ASII.JK
2021-05-28,3490.358642578125,3541.189108246738,3473.4151540219204,3507.302131134329,24346700,ASII.JK
2021-05-31,3558.1318359375,3592.018805803571,3490.357896205357,3507.3013811383926,41498000,ASII.JK
2021-06-02,3608.962158203125,3625.9056425139374,3575.075189581499,3625.9056425139374,43217400,ASII.JK
2021-06-03,3625.90625,3625.90625,3575.0757885514017,3625.90625,49012700,ASII.JK
2021-06-04,3541.188720703125,3625.9061542127693,3524.2452340011964,3608.96266751084,35211100,ASII.JK
2021-06-07,3558.1318359375,3592.018805803571,3524.244866071428,3541.188351004464,31693200,ASII.JK
2021-06-08,3575.075439453125,3608.962410443202,3524.2449829680095,3592.0189249481637,35402300,ASII.JK
2021-06-09,3608.962158203125,3625.9056425139374,3541.1882209598734,3575.075189581499,24331300,ASII.JK
2021-06-10,3659.79345703125,3676.7369452582466,3608.9629923502603,3659.79345703125,42924200,ASII.JK
2021-06-11,3575.075439453125,3676.736352423356,3558.1319539580863,3659.7928669283174,44421700,ASII.JK
2021-06-14,3507.302001953125,3625.9064174781097,3490.358514020984,3625.9064174781097,40699500,ASII.JK
2021-06-15,3490.358642578125,3524.2456196905337,3473.4151540219204,3507.302131134329,35915800,ASII.JK
2021-06-16,3490.358642578125,3524.2456196905337,3473.4151540219204,3524.2456196905337,29144900,ASII.JK
2021-06-17,3456.471435546875,3490.358410405178,3439.527948117724,3473.4149229760264,38074600,ASII.JK
2021-06-18,3388.697021484375,3473.414447021484,3320.9230810546874,3439.5274768066406,112157600,ASII.JK
2021-06-21,3334.47802734375,3368.364999166349,3226.039717511433,3334.4780273437505,48183300,ASII.JK
2021-06-22,3334.47802734375,3405.6406681712083,3320.9232386147105,3334.4780273437505,47156200,ASII.JK
2021-06-23,3341.25537109375,3405.6406165813573,3334.4779768318963,3375.1423424030168,46351900,ASII.JK
2021-06-24,3348.032958984375,3375.142537599633,3327.700775022932,3341.2555643305604,24665200,ASII.JK
2021-06-25,3334.47802734375,3375.142393530869,3327.7006329792302,3348.03281607279,33125300,ASII.JK
2021-06-28,3192.15283203125,3341.255512083665,3192.15283203125,3334.478117535828,53083400,ASII.JK
2021-06-29,3280.2587890625,3334.477942600723,3192.1526645628874,3205.707452947443,70425700,ASII.JK
2021-06-30,3348.032958984375,3388.6973269072623,3266.704223138601,3273.4816177924154,34641700,ASII.JK
2021-07-01,3405.640625,3456.471082089552,3354.810167910448,3381.9197450248757,42856900,ASII.JK
2021-07-02,3388.697021484375,3439.5274768066406,3375.1422333984374,3405.6405065917966,22436900,ASII.JK
2021-07-05,3348.032958984375,3439.5277868108715,3334.4781696767463,3422.584300176335,27554100,ASII.JK
2021-07-06,3320.92333984375,3368.365101841518,3314.1459452726403,3368.365101841518,31280100,ASII.JK
2021-07-07,3320.92333984375,3381.9198909837373,3293.8137615593114,3320.92333984375,35907800,ASII.JK
2021-07-08,3307.36865234375,3361.5878105788934,3287.036468005571,3341.2556262407147,40566600,ASII.JK
2021-07-09,3327.700439453125,3334.477833423498,3300.5908635716332,3307.368257542006,21088500,ASII.JK
2021-07-12,3334.47802734375,3354.8102104373097,3307.368449885671,3327.7006329792302,26816600,ASII.JK
2021-07-13,3320.92333984375,3361.5877072704084,3287.0363669882017,3354.8103126992983,28998600,ASII.JK
2021-07-14,3205.707275390625,3334.4777579116017,3205.707275390625,3334.4777579116017,43408700,ASII.JK
2021-07-15,3259.927001953125,3280.2591869964917,3144.7112867073806,3205.707841837481,50750700,ASII.JK
2021-07-16,3307.36865234375,3327.7008366819286,3266.7042836673922,3280.2590732261783,32544000,ASII.JK
2021-07-19,3239.594482421875,3300.591031254086,3239.594482421875,3287.0362426247057,25106100,ASII.JK
2021-07-21,3300.591064453125,3341.2554307502887,3239.5945150073794,3239.5945150073794,41716000,ASII.JK
2021-07-22,3375.14208984375,3405.6403617399287,3320.9229398060997,3341.2551210702186,36287300,ASII.JK
2021-07-23,3354.810302734375,3388.6972754892677,3327.700724530461,3388.6972754892677,26847700,ASII.JK
2021-07-26,3232.8173828125,3368.3652814629195,3232.8173828125,3354.8104915978774,43373400,ASII.JK
2021-07-27,3226.0400390625,3273.4818043428313,3205.7078539423583,3232.8174341025474,42635500,ASII.JK
2021-07-28,3192.15283203125,3246.3719884139464,3192.15283203125,3239.5945938661093,24083000,ASII.JK
2021-07-29,3151.489013671875,3212.4855752268145,3151.489013671875,3198.9307837701613,50238500,ASII.JK
2021-07-30,3198.930419921875,3280.259159411414,3165.0434451345673,3192.1530249644134,65379500,ASII.JK
2021-08-02,3266.70458984375,3266.70458984375,3205.7080311122277,3205.7080311122277,39192600,ASII.JK
2021-08-03,3348.032958984375,3368.3651429458187,3273.4816177924154,3280.25901244623,46414100,ASII.JK
2021-08-04,3320.92333984375,3368.365101841518,3300.591156130421,3368.365101841518,25646900,ASII.JK
2021-08-05,3314.14599609375,3341.2555747939036,3293.8138120686353,3320.9233907687885,31304900,ASII.JK
2021-08-06,3348.032958984375,3375.142537599633,3307.368591061488,3348.032958984375,45454600,ASII.JK
2021-08-09,3293.813720703125,3354.810271086516,3273.4815372419944,3348.0328765994723,31858700,ASII.JK
2021-08-10,3327.700439453125,3341.255227393871,3280.2586816605144,3320.923045482752,41920300,ASII.JK
2021-08-12,3348.032958984375,3361.587748292004,3307.368591061488,3348.032958984375,22191700,ASII.JK
2021-08-13,3405.640625,3439.527596393035,3361.5875621890546,3361.5875621890546,62673300,ASII.JK
2021-08-16,3439.52783203125,3439.5278320312495,3381.9199767164405,3422.584345173953,46949700,ASII.JK
2021-08-18,3541.188720703125,3592.0191808089116,3439.527800491552,3456.4712871934807,102560600,ASII.JK
2021-08-19,3490.358642578125,3575.0760853591473,3439.5281769095113,3541.189108246738,53594900,ASII.JK
2021-08-20,3456.471435546875,3490.358410405178,3388.6974858302697,3490.358410405178,32878200,ASII.JK
2021-08-23,3456.471435546875,3490.358410405178,3422.5844606885726,3456.4714355468755,30921500,ASII.JK
2021-08-24,3439.52783203125,3507.301779460437,3422.584345173953,3507.301779460437,32783500,ASII.JK
2021-08-25,3490.358642578125,3524.2456196905337,3439.5281769095113,3490.3586425781245,26870400,ASII.JK
2021-08-26,3456.471435546875,3524.245385263481,3422.5844606885726,3524.245385263481,28757400,ASII.JK
2021-08-27,3422.584228515625,3456.4712010751855,3422.5842285156245,3456.4712010751855,26966100,ASII.JK
2021-08-30,3575.075439453125,3575.075439453125,3456.4710409878553,3456.4710409878553,51914600,ASII.JK
2021-08-31,3541.188720703125,3592.0191808089116,3524.2452340011964,3575.0756941069826,45649200,ASII.JK
2021-09-01,3507.302001953125,3575.0759536816877,3456.4715381567025,3541.1889778174063,26732500,ASII.JK
2021-09-02,3558.1318359375,3558.1318359374995,3507.3013811383926,3524.244866071428,17335000,ASII.JK
2021-09-03,3625.90625,3625.90625,3524.2453271028035,3558.132301401869,28004500,ASII.JK
2021-09-06,3676.73681640625,3693.680304039459,3608.962865873416,3642.849841139833,28315200,ASII.JK
2021-09-07,3625.90625,3693.6801985981306,3592.0192757009345,3676.7367114485983,23685800,ASII.JK
2021-09-08,3558.1318359375,3642.8492606026784,3558.1318359374995,3642.8492606026784,44076000,ASII.JK
2021-09-09,3693.68017578125,3693.68017578125,3558.132279422305,3558.132279422305,49118000,ASII.JK
2021-09-10,3676.73681640625,3710.6237916726673,3642.849841139833,3693.680304039459,31997100,ASII.JK
2021-09-13,3693.68017578125,3727.567149870986,3625.9062276017776,3676.736688736382,29796400,ASII.JK
2021-09-14,3744.51025390625,3761.4537392180428,3693.679797970871,3727.566768594457,34356900,ASII.JK
2021-09-15,3659.79345703125,3761.4543863932295,3642.8499688042534,3744.510898166233,61522300,ASII.JK
2021-09-16,3642.849609375,3710.6235555959306,3625.9061228197675,3676.7365824854655,27187700,ASII.JK
2021-09-17,3676.73681640625,3676.73681640625,3575.075890606999,3642.849841139833,44004000,ASII.JK
2021-09-20,3592.01953125,3676.7369730247638,3541.189066185141,3676.7369730247638,46896100,ASII.JK
2021-09-21,3541.188720703125,3575.0756941069826,3490.358260597339,3575.0756941069826,23656300,ASII.JK
2021-09-22,3575.075439453125,3625.9058959382405,3524.2449829680095,3541.188468463048,21750800,ASII.JK
2021-09-23,3490.358642578125,3608.963062471556,3490.3586425781245,3575.0760853591473,27178400,ASII.JK
2021-09-24,3490.358642578125,3541.189108246738,3473.4151540219204,3490.3586425781245,29394300,ASII.JK
2021-09-27,3507.302001953125,3541.1889778174063,3473.415026088843,3490.358514020984,25252300,ASII.JK
2021-09-28,3439.52783203125,3524.2452663177337,3439.5278320312495,3507.301779460437,35640900,ASII.JK
2021-09-29,3608.962158203125,3625.9056425139374,3422.583830784184,3439.527315094997,42995900,ASII.JK
2021-09-30,3727.56640625,3727.56640625,3592.018536931818,3642.848987926136,44723000,ASII.JK
2021-10-01,3693.68017578125,3727.567149870986,3659.793201691514,3693.68017578125,27484100,ASII.JK
2021-10-04,3778.397216796875,3812.2841873511074,3710.623275688411,3727.566760965527,52074900,ASII.JK
2021-10-05,3761.454345703125,3829.228297877956,3727.567369615709,3778.3978337468325,27128000,ASII.JK
2021-10-06,4049.49365234375,4134.211092769351,3778.3978429818253,3795.3413310669457,168237500,ASII.JK
2021-10-07,3863.11474609375,4066.436574835526,3863.1147460937495,4049.493089107045,97516000,ASII.JK
2021-10-08,4030.482421875,4081.717367915784,3842.6209530587926,3893.855899099576,91094200,ASII.JK
2021-10-11,3945.091064453125,4064.6392785274625,3945.0910644531255,4047.5609622311285,38994500,ASII.JK
2021-10-12,4013.404296875,4064.6392453457447,3945.0910322473405,3962.1693484042553,68823100,ASII.JK
2021-10-13,4286.6572265625,4303.7355422061755,4047.560807551046,4064.639123194721,143652900,ASII.JK
2021-10-14,4252.50048828125,4406.205325207078,4184.1872274253265,4303.735433923192,104502800,ASII.JK
2021-10-15,4269.5791015625,4303.735734375,4184.18751953125,4286.6574179687495,82896700,ASII.JK
2021-10-18,4252.50048828125,4337.892064351155,4235.422173067269,4286.657118709212,61419000,ASII.JK
2021-10-19,4337.892578125,4354.970895361713,4235.422674704724,4286.6576264148625,52117000,ASII.JK
2021-10-21,4201.26513671875,4337.891645229929,4184.186823154852,4337.891645229929,132905200,ASII.JK
2021-10-22,4218.34375,4252.500379554656,4184.187120445345,4201.265435222672,26886400,ASII.JK
2021-10-25,4132.9521484375,4252.5003510782535,4115.873833774534,4235.422036415289,51872000,ASII.JK
2021-10-26,4201.26513671875,4218.343450282648,4132.9518824631605,4132.9518824631605,25950500,ASII.JK
2021-10-27,4098.7958984375,4184.187479654948,4098.7958984375,4167.109163411458,40588700,ASII.JK
2021-10-28,4098.7958984375,4218.344112141927,4064.639265950521,4098.7958984375,50046900,ASII.JK
2021-10-29,4115.8740234375,4269.578862487034,4115.8740234375,4252.500547037085,82397400,ASII.JK
2021-11-01,4115.8740234375,4201.265600687241,4115.8740234375,4132.952338887449,37254100,ASII.JK
2021-11-02,4030.482421875,4167.108944650424,4030.482421875,4115.87399860964,25293400,ASII.JK
2021-11-03,4081.7177734375,4115.874407524843,3979.2478711754707,4030.4828223064856,90495000,ASII.JK
2021-11-04,4081.7177734375,4150.0310416121865,4064.6394563938284,4150.0310416121865,41774200,ASII.JK
2021-11-05,4047.5615234375,4081.7181607660864,3996.32656744462,4030.4832047732066,80775400,ASII.JK
2021-11-08,4047.5615234375,4098.79647943038,4030.4832047732066,4047.5615234375,23177300,ASII.JK
2021-11-09,3996.32568359375,4064.6389431423613,3996.3256835937505,4030.4823133680557,41112200,ASII.JK
2021-11-10,4218.34375,4269.578694331984,4013.403972672065,4047.5606022267207,104312600,ASII.JK
2021-11-11,4218.34375,4269.578694331984,4201.265435222672,4235.422064777328,51111700,ASII.JK
2021-11-12,4201.26513671875,4252.500077410442,4150.030196027058,4235.421763846544,26920800,ASII.JK
2021-11-15,4184.18701171875,4218.343640385842,4132.952068718112,4201.265326052296,22148900,ASII.JK
2021-11-16,4218.34375,4269.578694331984,4167.108805668016,4184.187120445345,42681000,ASII.JK
2021-11-17,4269.5791015625,4269.5791015625,4218.34415234375,4252.50078515625,49120900,ASII.JK
2021-11-18,4235.421875,4269.578503024193,4218.343560987903,4269.578503024193,29629900,ASII.JK
2021-11-19,4252.50048828125,4269.578803495231,4235.422173067269,4252.50048828125,37505200,ASII.JK
2021-11-22,4235.421875,4354.970073084677,4184.186932963709,4269.578503024193,62612600,ASII.JK
2021-11-23,4269.5791015625,4303.735734375,4218.34415234375,4269.5791015625,31557400,ASII.JK
2021-11-24,4252.50048828125,4286.657118709212,4235.422173067269,4286.657118709212,25645300,ASII.JK
2021-11-25,4252.50048828125,4303.735433923192,4218.343857853289,4269.578803495231,32763500,ASII.JK
2021-11-26,4030.482421875,4252.500521385064,4013.404106528072,4235.422206038135,93634100,ASII.JK
2021-11-29,4081.7177734375,4098.796090481172,3928.012920044456,4030.4828223064856,87367400,ASII.JK
2021-11-30,3945.091064453125,4081.7175948237964,3928.0127481567915,4064.6392785274625,97592700,ASII.JK
2021-12-01,3859.699462890625,3996.3259925504703,3842.6211466831446,3979.24767634299,102412800,ASII.JK
2021-12-02,3996.32568359375,4013.4039984809033,3825.5425347222226,3859.6991644965283,48422300,ASII.JK
2021-12-03,3928.012939453125,4047.5611593495246,3910.934622325068,4030.4828422214678,31882900,ASII.JK
2021-12-06,3859.699462890625,3962.169360135509,3859.6994628906255,3928.012727720548,53112400,ASII.JK
2021-12-07,4047.5615234375,4047.5615234375,3893.8566554588606,3893.8566554588606,39679500,ASII.JK
2021-12-08,3962.16943359375,4064.639332738416,3945.091117069639,4047.5610162143053,44189500,ASII.JK
2021-12-09,4098.7958984375,4098.7958984375,3962.169368489583,4030.482633463542,35386900,ASII.JK
2021-12-10,4047.5615234375,4064.6398421017934,3962.169930116034,4064.6398421017934,55629400,ASII.JK
2021-12-13,4030.482421875,4081.717367915784,4013.404106528072,4047.560737221928,30655800,ASII.JK
2021-12-14,4013.404296875,4047.56092918883,3996.3259807180852,4047.56092918883,17233700,ASII.JK
2021-12-15,4098.7958984375,4132.952530924479,4013.404317220052,4030.482633463542,51113700,ASII.JK
2021-12-16,3962.16943359375,4132.9525988348605,3962.1694335937505,4115.87428231075,56929600,ASII.JK
2021-12-17,3962.16943359375,3979.2477501178614,3910.934484021417,3962.1694335937505,55854900,ASII.JK
2021-12-20,3876.778076171875,3945.091346236578,3876.778076171875,3928.0130287204024,26290000,ASII.JK
2021-12-21,3859.699462890625,3928.012727720548,3859.6994628906255,3876.777779098106,29127800,ASII.JK
2021-12-22,3842.621337890625,3945.091240234375,3842.621337890625,3893.8562890625003,33727100,ASII.JK
2021-12-23,3910.934814453125,3928.0131324201693,3842.6215425849487,3859.6998605519925,21744100,ASII.JK
2021-12-24,3876.778076171875,3928.0130287204024,3859.6997586556995,3910.9347112042265,16203800,ASII.JK
2021-12-27,3876.778076171875,3928.0130287204024,3859.6997586556995,3910.9347112042265,20426700,ASII.JK
2021-12-28,3910.934814453125,3928.0131324201693,3859.6998605519925,3876.778178519037,21833300,ASII.JK
2021-12-29,3928.012939453125,3945.0912565811823,3876.777988068954,3928.012939453125,14260000,ASII.JK
2021-12-30,3893.855712890625,3945.090656481291,3893.855712890625,3945.090656481291,17144000,ASII.JK
2022-01-03,3910.934814453125,3928.0131324201693,3842.6215425849487,3876.778178519037,27052300,ASII.JK
2022-01-04,3945.091064453125,4013.4043296384607,3910.9344318604576,3928.0127481567915,29770700,ASII.JK
2022-01-05,3808.464111328125,3945.090626532721,3791.3857969275505,3910.933997731572,50423900,ASII.JK
2022-01-06,3876.778076171875,3876.778076171875,3808.4648061071725,3825.543123623348,32155800,ASII.JK
2022-01-07,3893.855712890625,3928.0123419510687,3859.699083830181,3910.9340274208466,25014800,ASII.JK
2022-01-10,3859.699462890625,3910.934411513067,3859.6994628906255,3876.777779098106,15379400,ASII.JK
2022-01-11,3893.855712890625,3893.855712890625,3859.699083830181,3893.855712890625,21800300,ASII.JK
2022-01-12,3910.934814453125,3910.9348144531255,3859.6998605519925,3910.9348144531255,21283700,ASII.JK
2022-01-13,3945.091064453125,3945.0910644531255,3876.7777992677898,3910.9344318604576,18618100,ASII.JK
2022-01-14,3910.934814453125,3962.169768354258,3893.856496486081,3945.0914503872136,17719100,ASII.JK
2022-01-17,3876.778076171875,3945.091346236578,3859.6997586556995,3945.091346236578,15859100,ASII.JK
2022-01-18,3859.699462890625,3910.934411513067,3808.4645142681834,3876.777779098106,28165300,ASII.JK
2022-01-19,3825.542724609375,3876.777671813965,3808.4644088745117,3859.6993560791016,38051800,ASII.JK
2022-01-20,3774.307861328125,3842.6211257865525,3757.229545213518,3825.5428096719456,46564600,ASII.JK
2022-01-21,3825.542724609375,3842.6210403442383,3757.229461669922,3774.307777404785,40709600,ASII.JK
2022-01-24,3774.307861328125,3842.6211257865525,3774.307861328125,3825.5428096719456,27127800,ASII.JK
2022-01-25,3723.07275390625,3757.229384676032,3671.8378077515767,3757.229384676032,56709200,ASII.JK
2022-01-26,3723.07275390625,3757.229384676032,3705.994438521359,3757.229384676032,27985700,ASII.JK
2022-01-27,3740.150634765625,3774.3072615671376,3688.9156945633563,3705.9940079641124,34574800,ASII.JK
2022-01-28,3740.150634765625,3774.3072615671376,3723.072321364869,3740.150634765625,27378500,ASII.JK
2022-01-31,3740.150634765625,3791.3855749678937,3723.072321364869,3740.150634765625,32006300,ASII.JK
2022-02-02,3757.228759765625,3774.307072310014,3705.9938221324574,3757.228759765625,33450400,ASII.JK
2022-02-03,3757.228759765625,3791.385384854403,3723.0721346768464,3757.228759765625,38565600,ASII.JK
2022-02-04,3757.228759765625,3774.307072310014,3740.150447221236,3774.307072310014,16052500,ASII.JK
2022-02-07,3740.150634765625,3774.3072615671376,3723.072321364869,3757.228948166381,46685400,ASII.JK
2022-02-08,3791.386474609375,3893.856379328547,3757.229839702984,3774.3081571561797,95691000,ASII.JK
2022-02-09,3791.386474609375,3859.6997444221565,3740.1515222497887,3791.386474609375,80244900,ASII.JK
2022-02-10,3723.07275390625,3842.620961600487,3723.07275390625,3808.464330830705,93265400,ASII.JK
2022-02-11,3723.07275390625,3740.151069291141,3688.916123136468,3723.07275390625,36376700,ASII.JK
2022-02-14,3620.603271484375,3705.9948580759874,3586.4466368477297,3688.9165407576647,74307400,ASII.JK
2022-02-15,3757.228759765625,3774.307072310014,3620.602259410511,3620.602259410511,77964800,ASII.JK
2022-02-16,3740.150634765625,3825.5422017694063,3740.150634765625,3791.3855749678937,46730000,ASII.JK
2022-02-17,3740.150634765625,3774.3072615671376,3705.9940079641124,3757.228948166381,47572000,ASII.JK
2022-02-18,3825.542724609375,3842.6210403442383,3705.994514465332,3723.0728302001953,53981400,ASII.JK
2022-02-21,3808.464111328125,3859.6990545298486,3791.3857969275505,3842.620740129274,27509200,ASII.JK
2022-02-22,3808.464111328125,3808.464111328125,3723.0725393252524,3774.307482526976,49233600,ASII.JK
2022-02-23,3859.699462890625,3859.6994628906255,3774.307881853222,3808.4645142681834,44299100,ASII.JK
2022-02-24,3893.855712890625,3945.090656481291,3774.3075111790704,3842.6207692999587,76492000,ASII.JK
2022-02-25,3962.16943359375,3962.1694335937505,3859.6995344490842,3893.856167497306,97598000,ASII.JK
2022-03-01,3893.855712890625,4064.638858192845,3893.855712890625,3962.168971011513,101227600,ASII.JK
2022-03-02,3774.307861328125,3893.856074130373,3757.229545213518,3859.6994419011594,80565600,ASII.JK
2022-03-04,3842.621337890625,3876.7779720052085,3774.3080696614584,3808.464703776042,50348400,ASII.JK
2022-03-07,3962.16943359375,3979.2477501178614,3791.3862683526404,3825.5429014008623,59978000,ASII.JK
2022-03-08,4269.5791015625,4474.5188984375,4081.71762109375,4098.7959375,256655000,ASII.JK
2022-03-09,4303.73583984375,4440.362374441964,4252.500889369419,4440.362374441964,107853200,ASII.JK
2022-03-10,4269.5791015625,4303.735734375,4201.2658359375,4303.735734375,56584100,ASII.JK
2022-03-11,4286.6572265625,4303.7355422061755,4184.187332700448,4218.343963987799,32940500,ASII.JK
2022-03-14,4354.970703125,4389.127336090686,4303.73575367647,4337.892386642156,61811900,ASII.JK
2022-03-15,4303.73583984375,4406.20574079241,4286.657523018973,4389.127423967634,57193600,ASII.JK
2022-03-16,4372.048828125,4372.048828125,4303.735565185547,4320.81388092041,55776300,ASII.JK
2022-03-17,4389.126953125,4423.2835831104085,4337.892008146887,4372.048638132295,53844700,ASII.JK
2022-03-18,4372.048828125,4406.205459594727,4320.81388092041,4406.205459594727,69493500,ASII.JK
2022-03-21,4508.67578125,4508.67578125,4406.205877130682,4406.205877130682,72452300,ASII.JK
2022-03-22,4491.59716796875,4508.675484196769,4440.362219284696,4508.675484196769,39260600,ASII.JK
2022-03-23,4423.283203125,4491.596457227317,4406.20488959942,4491.596457227317,27348900,ASII.JK
2022-03-24,4491.59716796875,4491.59716796875,4389.127270600642,4389.127270600642,37635100,ASII.JK
2022-03-25,4372.048828125,4491.597038269043,4354.970512390137,4474.51872253418,42984300,ASII.JK
2022-03-28,4576.98876953125,4628.223718443914,4372.048973880597,4372.048973880597,68545500,ASII.JK
2022-03-29,4474.51904296875,4576.988944716126,4474.51904296875,4508.675676884542,24901500,ASII.JK
2022-03-30,4542.83251953125,4542.83251953125,4440.3626130756575,4474.519248560855,34320500,ASII.JK
2022-03-31,4491.59716796875,4559.910432880823,4491.59716796875,4559.910432880823,41346500,ASII.JK
2022-04-01,4576.98876953125,4628.223718443914,4525.753820618587,4628.223718443914,35365600,ASII.JK
2022-04-04,4662.38037109375,4662.38037109375,4559.9104728279535,4628.2237383384845,29374100,ASII.JK
2022-04-05,4713.61572265625,4713.61572265625,4594.0674978062725,4662.380769149117,28581200,ASII.JK
2022-04-06,4781.9287109375,4781.9287109375,4645.302176339285,4662.3804931640625,48854700,ASII.JK
2022-04-07,4713.61572265625,4781.928993999094,4679.459086984828,4747.772358327672,41492600,ASII.JK
2022-04-08,4781.9287109375,4833.16366141183,4713.615443638392,4781.9287109375,55006300,ASII.JK
2022-04-11,4679.458984375,4781.928889142336,4611.145714530109,4764.850571681113,51481700,ASII.JK
2022-04-12,4747.77197265625,4747.77197265625,4662.380390414231,4696.537023311039,41879800,ASII.JK
2022-04-13,4764.8505859375,4781.9289034498215,4696.537315888218,4747.772268425179,52818100,ASII.JK
2022-04-14,4696.53759765625,4816.085827414773,4696.53759765625,4764.8508718039775,23891600,ASII.JK
2022-04-18,4781.9287109375,4816.085344587053,4713.615443638392,4713.615443638392,32962100,ASII.JK
2022-04-19,4713.61572265625,4816.085629670517,4645.302451313406,4816.085629670517,29237600,ASII.JK
2022-04-20,4713.61572265625,4764.8506761633835,4662.380769149117,4713.61572265625,39881900,ASII.JK
2022-04-21,4781.9287109375,4850.241978236607,4713.615443638392,4730.693760463169,51438900,ASII.JK
2022-04-22,4816.0849609375,4850.2415918661345,4696.536752687279,4764.850014544548,39795300,ASII.JK
2022-04-25,4833.16357421875,4884.398523768772,4696.537042085358,4816.085257702076,52305700,ASII.JK
2022-04-26,4918.5546875,4918.5546875,4781.928168402778,4850.24142795139,39223700,ASII.JK
2022-04-27,4867.3203125,4918.555263157895,4816.085361842105,4901.47694627193,34988500,ASII.JK
2022-04-28,5174.72900390625,5260.120571627475,4935.632614286819,4952.7109278310645,118152200,ASII.JK
2022-05-09,4942.66943359375,5205.577382189162,4942.66943359375,5205.577382189162,81089600,ASII.JK
2022-05-10,4907.615234375,4907.615234375,4644.707275390625,4662.23447265625,118477400,ASII.JK
2022-05-11,4837.50634765625,5065.3599075096245,4837.50634765625,4925.14233221524,71287600,ASII.JK
2022-05-12,4802.4521484375,4925.142531791743,4714.8161603273265,4837.506543681569,45587500,ASII.JK
2022-05-13,4995.25146484375,5065.360257332785,4802.452285498904,4837.506681743421,73260300,ASII.JK
2022-05-17,4907.615234375,5117.9416015625,4907.615234375,5082.88720703125,40279200,ASII.JK
2022-05-18,4977.7236328125,5047.8324163732395,4855.033261581206,4890.087653361576,44859900,ASII.JK
2022-05-19,4907.615234375,4995.251220703125,4802.45205078125,4855.033642578125,27558300,ASII.JK
2022-05-20,4995.25146484375,5047.833059210527,4942.669870476973,4942.669870476973,37674800,ASII.JK
2022-05-23,4872.560546875,5030.305312781025,4784.924565816097,4995.250920357465,46368600,ASII.JK
2022-05-24,5012.77783203125,5047.832222465035,4925.1418559467875,4925.1418559467875,52177200,ASII.JK
2022-05-25,4977.7236328125,5030.305220483055,4942.66924103213,4977.7236328125,51200500,ASII.JK
2022-05-27,5065.3603515625,5117.94194690744,5012.778756217561,5047.833153114188,34766600,ASII.JK
2022-05-30,5082.88671875,5100.413914331896,4995.250740840517,5100.413914331896,37147800,ASII.JK
2022-05-31,5152.99560546875,5240.631585153593,5082.886821720876,5082.886821720876,90800300,ASII.JK
2022-06-02,5135.46875,5258.159129692833,5082.887158703072,5117.941552901024,72733400,ASII.JK
2022-06-03,5117.94140625,5240.6317824272255,5117.94140625,5152.995799443493,43947400,ASII.JK
2022-06-06,5065.3603515625,5082.887550010813,4960.197160872622,5047.833153114188,53388400,ASII.JK
2022-06-07,5047.83251953125,5188.050089518229,5047.83251953125,5117.941304524739,54814500,ASII.JK
2022-06-08,5030.3056640625,5152.996046112805,5012.778466626743,5012.778466626743,33478600,ASII.JK
2022-06-09,5047.83251953125,5152.995697021484,5012.778127034505,5012.778127034505,37787500,ASII.JK
2022-06-10,4855.033203125,5030.3051599165165,4855.033203125,4977.723572879061,57621000,ASII.JK
2022-06-13,4925.14306640625,4977.724664979983,4714.816672111321,4837.507068783363,59781700,ASII.JK
2022-06-14,4890.08837890625,4907.615577396953,4819.979584943437,4819.979584943437,38001800,ASII.JK
2022-06-15,4697.28857421875,4890.087732115789,4697.28857421875,4890.087732115789,50804600,ASII.JK
2022-06-16,4802.4521484375,4872.560938925639,4732.343357949361,4802.4521484375,74982600,ASII.JK
2022-06-17,4872.560546875,4872.560546875,4679.761388545414,4679.761388545414,63931400,ASII.JK
2022-06-20,4855.033203125,4890.087594483303,4732.342833370939,4872.560398804152,44263700,ASII.JK
2022-06-21,4802.4521484375,4890.0881365476735,4802.4521484375,4837.506543681569,31247000,ASII.JK
2022-06-22,4767.3974609375,4855.033443675322,4749.870264389936,4802.451854032629,35536800,ASII.JK
2022-06-23,4819.9794921875,4819.9794921875,4732.343501420454,4802.452294034091,30137200,ASII.JK
2022-06-24,4679.76123046875,4837.505991046349,4662.234034849017,4837.505991046349,42386000,ASII.JK
2022-06-27,4662.23486328125,4732.34365821781,4592.12606834469,4697.28926074953,48277300,ASII.JK
2022-06-28,4697.28857421875,4697.28857421875,4627.179789528918,4662.234181873834,36838200,ASII.JK
2022-06-29,4557.07080078125,4697.288363882211,4557.07080078125,4644.706777719351,46682700,ASII.JK
2022-06-30,4644.7080078125,4662.235207841981,4557.072007665094,4574.599207694576,52839200,ASII.JK
2022-07-01,4574.59814453125,4679.7613202676,4557.070948575191,4679.7613202676,52387100,ASII.JK
2022-07-04,4557.07080078125,4609.652386944111,4416.853237680289,4557.07080078125,43087400,ASII.JK
2022-07-05,4434.380859375,4574.598435956028,4434.380859375,4557.071238883399,39700000,ASII.JK
2022-07-06,4259.1083984375,4486.961934156378,4241.581203382201,4416.853153935185,67773900,ASII.JK
2022-07-07,4171.47314453125,4294.16353113511,4136.418748358718,4224.054738790047,62871600,ASII.JK
2022-07-08,4189.00048828125,4259.1092830642,4171.473289585512,4224.054885672725,78131700,ASII.JK
2022-07-11,4241.58154296875,4259.108739427298,4153.945560676007,4188.999953593104,49946600,ASII.JK
2022-07-12,4276.6357421875,4311.690133516906,4241.581350858094,4241.581350858094,22900800,ASII.JK
2022-07-13,4083.836669921875,4276.635826012607,4083.836669921875,4276.635826012607,56747900,ASII.JK
2022-07-14,4276.6357421875,4276.6357421875,4083.8365898757684,4083.8365898757684,59847700,ASII.JK
2022-07-15,4171.47314453125,4259.1091349625785,4153.945946444984,4206.527540703782,32403800,ASII.JK
2022-07-18,4224.0546875,4224.0546875,4171.473093879668,4189.000291753112,27618400,ASII.JK
2022-07-19,4259.1083984375,4311.6899836033945,4224.054008326903,4224.054008326903,50725600,ASII.JK
2022-07-20,4399.326171875,4399.326171875,4276.635800547809,4329.2173882594625,70493600,ASII.JK
2022-07-21,4329.2177734375,4381.799365827429,4241.581786120951,4346.74497090081,55415500,ASII.JK
2022-07-22,4259.1083984375,4329.217178658693,4241.581203382201,4329.217178658693,37583800,ASII.JK
2022-07-25,4259.1083984375,4311.6899836033945,4241.581203382201,4241.581203382201,24674200,ASII.JK
2022-07-26,4276.6357421875,4294.162937852203,4259.108546522797,4276.6357421875,21937400,ASII.JK
2022-07-27,4276.6357421875,4294.162937852203,4206.526959528688,4294.162937852203,35066000,ASII.JK
2022-07-28,4241.58154296875,4311.690328802943,4224.054346510201,4294.163132344395,51909300,ASII.JK
2022-07-29,4434.380859375,4504.489647665514,4294.163282793972,4311.690479866601,150285200,ASII.JK
2022-08-01,4539.54345703125,4592.125041475628,4451.907482957287,4504.489067401665,55511700,ASII.JK
2022-08-02,4539.54345703125,4539.54345703125,4399.3258985129105,4539.54345703125,53235100,ASII.JK
2022-08-03,4627.1806640625,4627.1806640625,4469.4358686967325,4522.017467151988,40666300,ASII.JK
2022-08-04,4627.1806640625,4697.289462002841,4522.017467151988,4697.289462002841,66966300,ASII.JK
2022-08-05,4644.7080078125,4662.235207841981,4539.544807635613,4627.180807783019,46702100,ASII.JK
2022-08-08,4697.28857421875,4697.28857421875,4574.598201011544,4644.706985701376,32971000,ASII.JK
2022-08-09,4732.3427734375,4784.924359809028,4697.288382523148,4714.815577980324,61001700,ASII.JK
2022-08-10,4802.4521484375,4802.4521484375,4627.180172217153,4749.870555571396,37086500,ASII.JK
2022-08-11,4872.560546875,4907.614939298562,4837.506154451439,4890.087743086781,42007400,ASII.JK
2022-08-12,4872.560546875,4907.614939298562,4802.451762027878,4872.560546875,58469000,ASII.JK
2022-08-15,4819.9794921875,4872.561086647727,4767.397897727273,4855.033888494318,35283300,ASII.JK
2022-08-16,4890.08837890625,4942.66997437836,4819.979584943437,4819.979584943437,61907800,ASII.JK
2022-08-18,4890.08837890625,4907.615577396953,4802.452386452733,4890.08837890625,25190000,ASII.JK
2022-08-19,4890.08837890625,4907.615577396953,4837.50678343414,4890.08837890625,32914500,ASII.JK
2022-08-22,4855.033203125,4855.033203125,4767.397224729242,4819.978811766697,48266600,ASII.JK
2022-08-23,4890.08837890625,4925.142775887657,4802.452386452733,4837.50678343414,56381000,ASII.JK
2022-08-24,4942.66943359375,4942.66943359375,4837.506254155585,4855.0334507286125,30605000,ASII.JK
2022-08-25,4890.08837890625,4942.66997437836,4872.561180415547,4942.66997437836,22793800,ASII.JK
2022-08-26,4819.9794921875,4925.142681107955,4802.452294034091,4890.088284801136,31120500,ASII.JK
2022-08-29,4784.92529296875,4837.50688959478,4732.343696342719,4767.398094093406,29722100,ASII.JK
2022-08-30,4837.50634765625,4925.14233221524,4802.451953832654,4802.451953832654,45566100,ASII.JK
2022-08-31,4890.08837890625,4890.08837890625,4749.870790980623,4819.979584943437,55714900,ASII.JK
2022-09-01,4855.033203125,4925.141985841607,4837.506007445849,4890.087594483303,36691900,ASII.JK
2022-09-02,4855.033203125,4907.614790162455,4819.978811766697,4872.560398804152,26077700,ASII.JK
2022-09-05,4819.9794921875,4855.033888494318,4802.452294034091,4837.506690340909,24953800,ASII.JK
2022-09-06,4837.50634765625,4872.560741479846,4802.451953832654,4819.9791507444515,18626800,ASII.JK
2022-09-07,4662.23486328125,4819.9796518885105,4644.70766454711,4767.39805568609,77218400,ASII.JK
2022-09-08,4662.23486328125,4732.34365821781,4644.70766454711,4662.23486328125,39405200,ASII.JK
2022-09-09,4749.87060546875,4749.87060546875,4644.707418631803,4679.761814244119,31904200,ASII.JK
2022-09-12,4890.08837890625,4890.08837890625,4714.816393999216,4749.870790980623,51563200,ASII.JK
2022-09-13,5047.83251953125,5065.359715779622,4872.560557047526,4925.1421457926435,70555900,ASII.JK
2022-09-14,5012.77783203125,5117.941003332605,4942.66905116368,4977.723441597465,56832100,ASII.JK
2022-09-15,4942.66943359375,5065.359809604942,4942.66943359375,4995.251023312832,63346200,ASII.JK
2022-09-16,4837.50634765625,4942.669529127038,4837.50634765625,4907.615135303442,65885100,ASII.JK
2022-09-19,4995.25146484375,5065.360257332785,4855.033879865679,4872.561077987939,52232700,ASII.JK
2022-09-20,5030.3056640625,5082.887256369774,4977.724071755227,5012.778466626743,47337700,ASII.JK
2022-09-21,5012.77783203125,5047.832222465035,4977.723441597465,4995.250636814358,26007500,ASII.JK
2022-09-22,5030.3056640625,5065.360058934016,4907.615282012195,4925.1424794479535,26295200,ASII.JK
2022-09-23,5012.77783203125,5030.305027248142,4942.66905116368,4977.723441597465,22258800,ASII.JK
2022-09-26,4890.08837890625,4925.142775887657,4802.452386452733,4907.615577396953,61422800,ASII.JK
2022-09-27,4872.560546875,4942.6693317221225,4872.560546875,4907.614939298562,42809400,ASII.JK
2022-09-28,4767.3974609375,4907.615033318015,4767.3974609375,4872.560640222886,50825400,ASII.JK
2022-09-29,4749.87060546875,4837.506594499539,4697.289012050277,4802.452198887223,36653400,ASII.JK
2022-09-30,4644.7080078125,4732.344007959906,4627.180807783019,4697.289607900943,71017400,ASII.JK
2022-10-03,4644.7080078125,4697.289607900943,4627.180807783019,4662.235207841981,27280600,ASII.JK
2022-10-04,4714.81591796875,4767.39750813197,4697.288721247677,4714.81591796875,33322400,ASII.JK
2022-10-05,4679.76123046875,4784.924404187149,4679.76123046875,4767.397208567416,31019300,ASII.JK
2022-10-06,4627.1806640625,4732.343860973011,4627.1806640625,4679.7622625177555,37002600,ASII.JK
2022-10-07,4539.54345703125,4609.65223629042,4522.016262216457,4592.125041475628,54850200,ASII.JK
2022-10-10,4557.07080078125,4574.59799616887,4469.434823843149,4504.489214618389,34319700,ASII.JK
2022-10-11,4574.59814453125,4609.652536443366,4486.9621647509575,4486.9621647509575,35320000,ASII.JK
2022-10-12,4512.7705078125,4601.60457292692,4512.7705078125,4583.837759904036,72794100,ASII.JK
2022-10-13,4512.7705078125,4548.304133858268,4459.470068743849,4530.537320835384,44281200,ASII.JK
2022-10-14,4512.7705078125,4619.371385949804,4512.7705078125,4619.371385949804,45496900,ASII.JK
2022-10-17,4566.06982421875,4637.137058836941,4406.168546327822,4495.00258960056,50710300,ASII.JK
2022-10-18,4512.7705078125,4619.371385949804,4512.7705078125,4583.837759904036,42600400,ASII.JK
2022-10-19,4637.13720703125,4637.13720703125,4548.3031609195405,4566.069970141882,25542800,ASII.JK
2022-10-20,4566.06982421875,4637.137058836941,4548.303015564203,4619.370250182394,32226200,ASII.JK
2022-10-21,4672.67138671875,4743.738632144131,4583.837329937025,4601.60414129337,52148500,ASII.JK
2022-10-24,4725.9716796875,4761.505301339285,4672.671247209822,4672.671247209822,37202900,ASII.JK
2022-10-25,4761.5048828125,4761.5048828125,4690.437645755597,4761.5048828125,37836000,ASII.JK
2022-10-26,4672.67138671875,4761.505443500476,4672.67138671875,4761.505443500476,36289700,ASII.JK
2022-10-27,4725.9716796875,4743.738490513393,4637.137625558035,4672.671247209822,30429800,ASII.JK
2022-10-28,4654.90478515625,4725.97203378459,4619.37116084208,4725.97203378459,28492900,ASII.JK
2022-10-31,4725.9716796875,4725.9716796875,4654.904436383928,4654.904436383928,45774000,ASII.JK
2022-11-01,4672.67138671875,4743.738632144131,4601.60414129337,4725.971820787786,59240700,ASII.JK
2022-11-02,4566.06982421875,4654.903867491489,4530.536206909655,4637.137058836941,59695600,ASII.JK
2022-11-03,4530.537109375,4566.070733762255,4512.770297181372,4530.537109375,29905800,ASII.JK
2022-11-04,4566.06982421875,4566.06982421875,4512.769398255107,4512.769398255107,60465200,ASII.JK
2022-11-07,4619.37060546875,4619.37060546875,4566.070175405649,4566.070175405649,41824000,ASII.JK
2022-11-08,4637.13720703125,4637.13720703125,4583.836779364224,4619.370397808908,35241500,ASII.JK
2022-11-09,4654.90478515625,4654.90478515625,4601.604348684996,4637.137972999165,45144800,ASII.JK
2022-11-10,4637.13720703125,4654.904016253592,4583.836779364224,4654.904016253592,33770400,ASII.JK
2022-11-11,4583.83740234375,4708.205083802689,4583.83740234375,4690.4382721656975,50938200,ASII.JK
2022-11-14,4477.23681640625,4601.604505750868,4477.23681640625,4583.837692987351,46011200,ASII.JK
2022-11-15,4423.93603515625,4512.770092087098,4406.16922377008,4477.236469314759,65536000,ASII.JK
2022-11-16,4388.40234375,4406.169154858299,4335.101910425102,4388.40234375,60298900,ASII.JK
2022-11-17,4477.23681640625,4477.23681640625,4299.568688771082,4406.169565352183,35165100,ASII.JK
2022-11-18,4423.93603515625,4477.236469314759,4406.16922377008,4459.469657928589,29302300,ASII.JK
2022-11-21,4495.0029296875,4512.769739686264,4441.702499691205,4459.46930968997,19074900,ASII.JK
2022-11-22,4423.93603515625,4512.770092087098,4423.93603515625,4495.003280700928,33102700,ASII.JK
2022-11-23,4406.1689453125,4477.236186365927,4406.1689453125,4459.469376102571,30863200,ASII.JK
2022-11-24,4406.1689453125,4459.469376102571,4406.1689453125,4406.1689453125,21534300,ASII.JK
2022-11-25,4388.40234375,4406.169154858299,4352.868721533401,4388.40234375,40948100,ASII.JK
2022-11-28,4423.93603515625,4459.469657928589,4370.635600997741,4388.402412383911,37901700,ASII.JK
2022-11-29,4299.568359375,4370.635604984504,4281.801547972625,4352.868793582128,121505900,ASII.JK
2022-11-30,4299.568359375,4406.169227789256,4281.801547972625,4299.568359375,191276100,ASII.JK
2022-12-01,4388.40234375,4406.169154858299,4335.101910425102,4335.101910425102,88307900,ASII.JK
2022-12-02,4352.86865234375,4388.402273995535,4299.568219866072,4388.402273995535,51843800,ASII.JK
2022-12-05,4281.80126953125,4335.101700272303,4264.034459284232,4317.334890025285,64357800,ASII.JK
2022-12-06,4175.20068359375,4281.801552111037,4121.900249335106,4264.03474069149,69873000,ASII.JK
2022-12-07,4068.60009765625,4192.967786230895,4050.833285002729,4121.900535616812,116677600,ASII.JK
2022-12-08,4033.066162109375,4121.900218543502,3944.2321056752476,4015.2993508225495,161238600,ASII.JK
2022-12-09,4033.066162109375,4086.3665959698515,4015.2993508225495,4050.8329733962005,55355700,ASII.JK
2022-12-12,4033.066162109375,4068.599784683026,3997.532539535724,4033.066162109375,92687900,ASII.JK
2022-12-13,4139.66650390625,4192.966930995171,4033.0656497284062,4050.832458758047,113893000,ASII.JK
2022-12-14,4139.66650390625,4228.500549054453,4104.132885846969,4210.733740024812,78775300,ASII.JK
2022-12-15,4121.900390625,4157.434014682112,4086.3667665678877,4139.667202653556,61581800,ASII.JK
2022-12-16,4104.13330078125,4121.900111607143,4050.832868303571,4104.13330078125,95271600,ASII.JK
2022-12-19,4050.83251953125,4157.433375308388,4015.2989009388702,4157.433375308388,57531200,ASII.JK
2022-12-20,4050.83251953125,4086.3661381236293,4033.06571023506,4033.06571023506,25876100,ASII.JK
2022-12-21,4050.83251953125,4068.5993288274394,4015.2989009388702,4050.83251953125,34940600,ASII.JK
2022-12-22,4104.13330078125,4104.13330078125,4033.0660574776784,4050.832868303571,32103400,ASII.JK
2022-12-23,4033.066162109375,4104.133407256677,4015.2993508225495,4086.3665959698515,31969000,ASII.JK
2022-12-26,4015.298828125,4068.5992550470132,3997.5320191509954,4033.0656370990046,13540500,ASII.JK
2022-12-27,4033.066162109375,4086.3665959698515,4015.2993508225495,4050.8329733962005,13680300,ASII.JK
2022-12-28,3997.532470703125,4068.5997146267364,3961.9988487413193,4068.5997146267364,29919100,ASII.JK
2022-12-29,4015.298828125,4033.0656370990046,3944.231592228982,3979.7652101769913,32241500,ASII.JK
2022-12-30,4050.83251953125,4086.3661381236293,4015.2989009388702,4033.06571023506,36384500,ASII.JK
2023-01-02,4050.83251953125,4068.5993288274394,3997.532091642681,4068.5993288274394,12068800,ASII.JK
2023-01-03,4015.298828125,4050.8324460730087,3997.5320191509954,4033.0656370990046,22854400,ASII.JK
2023-01-04,4033.066162109375,4050.8329733962005,3997.532539535724,4015.2993508225495,32578900,ASII.JK
2023-01-05,3819.864501953125,4050.8330532340115,3819.864501953125,4015.2994299600286,106047000,ASII.JK
2023-01-06,3873.1650390625,3926.465475379874,3802.097790639335,3837.6314148509177,59754600,ASII.JK
2023-01-09,3802.09765625,3908.698525116822,3748.7972218165887,3908.698525116822,63437700,ASII.JK
2023-01-10,3784.330322265625,3819.863940315068,3748.7967042161827,3819.863940315068,62964600,ASII.JK
2023-01-11,3713.26318359375,3802.097231048146,3695.496374102871,3784.330421557267,45514800,ASII.JK
2023-01-12,3802.09765625,3819.8644677278035,3695.4967873831774,3695.4967873831774,61374300,ASII.JK
2023-01-13,3873.1650390625,3908.6986632740827,3766.5641664277523,3819.8646027451264,52039800,ASII.JK
2023-01-16,3979.765625,3979.765625,3890.931570870536,3926.465192522321,48458700,ASII.JK
2023-01-17,3944.232421875,4015.2996727195946,3908.698796452703,3979.7660472972975,66999600,ASII.JK
2023-01-18,4015.298828125,4015.298828125,3944.231592228982,3944.231592228982,28120700,ASII.JK
2023-01-19,4157.43359375,4175.200403979701,4015.299111912393,4015.299111912393,95543300,ASII.JK
2023-01-20,4192.966796875,4192.966796875,4104.132754568326,4175.199988413665,54173000,ASII.JK
2023-01-24,4210.734375,4228.5011867088615,4157.433939873418,4192.967563291139,26217800,ASII.JK
2023-01-25,4228.5009765625,4228.5009765625,4157.433733258928,4192.967354910714,18115800,ASII.JK
2023-01-26,4192.966796875,4228.500413797669,4157.433179952331,4210.733605336335,40168400,ASII.JK
2023-01-27,4175.20068359375,4228.501117852394,4175.20068359375,4210.734306432846,31869800,ASII.JK
2023-01-30,4175.20068359375,4192.9674950132985,4104.133437915559,4175.20068359375,34817500,ASII.JK
2023-01-31,4264.03466796875,4281.801479085286,4192.967423502604,4210.734234619141,89064100,ASII.JK
2023-02-01,4264.03466796875,4264.03466796875,4210.734234619141,4264.03466796875,35355300,ASII.JK
2023-02-02,4210.734375,4246.267998417722,4175.200751582279,4228.5011867088615,30039900,ASII.JK
2023-02-03,4175.20068359375,4246.267929271941,4175.20068359375,4246.267929271941,24629700,ASII.JK
2023-02-06,4157.43359375,4192.967214209401,4139.666783520299,4175.200403979701,31033700,ASII.JK
2023-02-07,4175.20068359375,4210.734306432846,4139.667060754655,4139.667060754655,29536700,ASII.JK
2023-02-08,4121.900390625,4192.967638739224,4104.133578596444,4175.200826710668,27235100,ASII.JK
2023-02-09,4033.066162109375,4157.433841117153,4033.066162109375,4139.667029830328,48263600,ASII.JK
2023-02-10,4050.83251953125,4050.83251953125,3944.2316637541117,3979.765282346491,71158200,ASII.JK
2023-02-13,4068.60009765625,4086.3669103097704,4033.066472349208,4050.833285002729,22154800,ASII.JK
2023-02-14,4068.60009765625,4121.900535616812,4050.833285002729,4086.3669103097704,31292000,ASII.JK
2023-02-15,4033.066162109375,4068.599784683026,3961.998916962073,4068.599784683026,38862100,ASII.JK
2023-02-16,4050.83251953125,4050.83251953125,3997.532091642681,4050.83251953125,19014100,ASII.JK
2023-02-17,4033.066162109375,4068.599784683026,3997.532539535724,4050.8329733962005,31273200,ASII.JK
2023-02-20,3979.765625,4050.832868303571,3961.998814174107,4033.0660574776784,29576500,ASII.JK
2023-02-21,3961.998291015625,4015.298716455297,3944.2314825357344,3979.7650994955156,26985200,ASII.JK
2023-02-22,3997.532470703125,4015.299281684028,3944.232037760417,3944.232037760417,24822300,ASII.JK
2023-02-23,4015.298828125,4050.8324460730087,3961.9984012029868,4015.298828125,33406700,ASII.JK
2023-02-24,4086.36669921875,4121.900322690217,4015.299452275815,4033.066264011549,30869400,ASII.JK
2023-02-27,4121.900390625,4121.900390625,4050.833142510776,4068.5999545393315,28650400,ASII.JK
2023-02-28,4335.1015625,4459.46923027664,4335.1015625,4406.168801229508,154669700,ASII.JK
2023-03-01,4370.63525390625,4388.402063881479,4299.5680140053355,4335.101633955793,49851200,ASII.JK
2023-03-02,4370.63525390625,4388.402063881479,4317.334823980565,4370.63525390625,26943600,ASII.JK
2023-03-03,4299.568359375,4370.635604984504,4281.801547972625,4370.635604984504,32818500,ASII.JK
2023-03-06,4317.33447265625,4352.868089715149,4299.5676641268,4335.101281185699,22141000,ASII.JK
2023-03-07,4228.5009765625,4317.335030691964,4192.967354910714,4299.568219866072,41630000,ASII.JK
2023-03-08,4210.734375,4246.267998417722,4175.200751582279,4192.967563291139,40374900,ASII.JK
2023-03-09,4281.80126953125,4299.568079778267,4228.500838790197,4246.267649037214,23104400,ASII.JK
2023-03-10,4246.26806640625,4264.034878399581,4192.967630426256,4246.26806640625,33330500,ASII.JK
2023-03-13,4210.734375,4246.267998417722,4157.433939873418,4192.967563291139,28402600,ASII.JK
2023-03-14,4104.13330078125,4210.734165736607,4086.366489955357,4192.967354910714,56988600,ASII.JK
2023-03-15,4104.13330078125,4175.200544084822,4104.13330078125,4157.433733258928,40170800,ASII.JK
2023-03-16,4157.43359375,4175.200403979701,4033.065922142094,4104.1331630608975,33947700,ASII.JK
2023-03-17,4157.43359375,4210.7340244391025,4157.43359375,4175.200403979701,74811900,ASII.JK
2023-03-20,4175.20068359375,4192.9674950132985,4121.900249335106,4157.433872174202,22146000,ASII.JK
2023-03-21,4175.20068359375,4246.267929271941,4157.433872174202,4157.433872174202,40671600,ASII.JK
2023-03-24,4228.5009765625,4264.034598214285,4192.967354910714,4210.734165736607,60721800,ASII.JK
2023-03-27,4175.20068359375,4246.267929271941,4175.20068359375,4228.501117852394,32493100,ASII.JK
2023-03-28,4157.43359375,4210.7340244391025,4157.43359375,4192.967214209401,42944400,ASII.JK
2023-03-29,4228.5009765625,4299.568219866072,4157.433733258928,4157.433733258928,81945000,ASII.JK
2023-03-30,4192.966796875,4246.2672222590045,4192.966796875,4246.2672222590045,40174400,ASII.JK
2023-03-31,4264.03466796875,4281.801479085286,4210.734234619141,4228.501045735677,40364100,ASII.JK
2023-04-03,4264.03466796875,4335.101912434896,4246.267856852213,4299.5682902018225,44636200,ASII.JK
2023-04-04,4281.80126953125,4299.568079778267,4228.500838790197,4281.80126953125,35612700,ASII.JK
2023-04-05,4264.03466796875,4299.5682902018225,4246.267856852213,4281.801479085286,27556300,ASII.JK
2023-04-06,4210.734375,4264.034810126583,4210.734375,4264.034810126583,32964500,ASII.JK
2023-04-10,4246.26806640625,4246.26806640625,4175.200818432924,4228.501254412919,40039500,ASII.JK
2023-04-11,4317.33447265625,4335.101281185699,4210.733621479552,4228.500430009002,37545800,ASII.JK
2023-04-12,4441.703125,4477.23675,4352.8690625,4370.635875,126817700,ASII.JK
2023-04-13,4441.703125,4459.4699375,4388.4026875,4423.9363125,35138600,ASII.JK
2023-04-14,4406.1689453125,4477.236186365927,4406.1689453125,4459.469376102571,45556300,ASII.JK
2023-04-17,4423.93603515625,4459.469657928589,4406.16922377008,4406.16922377008,33965200,ASII.JK
2023-04-18,4566.06982421875,4601.6034415278455,4459.4689722914645,4459.4689722914645,101792500,ASII.JK
2023-04-26,4761.5048828125,4761.5048828125,4619.3704086986945,4708.2044550198225,182919200,ASII.JK
2023-04-27,4761.5048828125,4779.271692076726,4708.2044550198225,4743.738073548275,45762900,ASII.JK
2023-04-28,4797.03857421875,4797.03857421875,4743.738145616319,4761.504955150463,64976400,ASII.JK
2023-05-02,4743.73779296875,4814.805025822215,4690.437368328652,4814.805025822215,62972600,ASII.JK
2023-05-03,4708.205078125,4779.272324587265,4654.9046432783025,4761.505512971698,106341300,ASII.JK
2023-05-04,4690.43798828125,4708.204798842921,4654.904367157907,4690.43798828125,132167800,ASII.JK
2023-05-05,4769.54248046875,4769.54248046875,4769.54248046875,4769.54248046875,82270600,ASII.JK
2023-05-08,4750.154296875,4788.9310666454085,4691.989142219388,4769.542681760205,95087500,ASII.JK
2023-05-09,4905.26171875,4905.26171875,4711.377856348814,4750.154628829051,96938100,ASII.JK
2023-05-10,4905.26171875,4982.815263710474,4885.873332509881,4924.650104990119,52404700,ASII.JK
2023-05-11,4847.0966796875,4924.6502265625,4788.93151953125,4924.6502265625,39596900,ASII.JK
2023-05-12,4827.7080078125,4866.484778959588,4788.931236665411,4827.7080078125,67576500,ASII.JK
2023-05-15,4924.64990234375,4924.64990234375,4788.931204247662,4866.484746016855,42039400,ASII.JK
2023-05-16,4866.484375,4963.426294820717,4847.095991035857,4924.64952689243,19445400,ASII.JK
2023-05-17,4905.26171875,4924.650104990119,4866.484946269763,4924.650104990119,29480000,ASII.JK
2023-05-19,5021.59130859375,5079.756458886342,4924.6493914394305,4963.4261583011585,75548600,ASII.JK
2023-05-22,5118.53369140625,5157.3104617956915,4982.814995043205,5060.368535822088,63793800,ASII.JK
2023-05-23,5118.53369140625,5157.3104617956915,5079.7569210168085,5118.53369140625,49261900,ASII.JK
2023-05-24,5176.6982421875,5176.6982421875,5040.979561680711,5099.144710469335,54136600,ASII.JK
2023-05-25,5118.53369140625,5196.087232185133,5060.368535822088,5196.087232185133,43564900,ASII.JK
2023-05-26,5118.53369140625,5118.53369140625,5060.368535822088,5118.53369140625,25356200,ASII.JK
2023-05-29,5118.53369140625,5137.922076600971,5021.591765432647,5137.922076600971,27939400,ASII.JK
2023-05-30,5040.97998046875,5118.533518629807,5040.97998046875,5099.145134089543,23340800,ASII.JK
2023-05-31,5002.203125,5118.533430232558,5002.203125,5040.979893410853,154796300,ASII.JK
2023-06-05,5293.02880859375,5428.74749599359,5040.979817708334,5060.368201622597,200252000,ASII.JK
2023-06-06,5273.64013671875,5370.582050996668,5234.863371007583,5273.64013671875,65282100,ASII.JK
2023-06-07,5273.64013671875,5312.416902429917,5176.698222440831,5273.64013671875,81991400,ASII.JK
2023-06-08,5254.251953125,5254.251953125,5196.086802352398,5215.475185943265,32704900,ASII.JK
2023-06-09,5273.64013671875,5273.64013671875,5196.086605296415,5234.863371007583,24893400,ASII.JK
2023-06-12,5254.251953125,5273.640336715867,5176.698418761532,5273.640336715867,37558000,ASII.JK
2023-06-13,5234.86328125,5293.028428819444,5234.86328125,5254.251663773148,23911800,ASII.JK
2023-06-14,5351.19482421875,5351.19482421875,5234.864501953125,5234.864501953125,34146100,ASII.JK
2023-06-15,5331.80615234375,5351.1945383522725,5293.029380326704,5351.1945383522725,16414000,ASII.JK
2023-06-16,5312.4169921875,5331.805375370666,5254.251842638002,5312.4169921875,63892800,ASII.JK
2023-06-19,5331.80615234375,5331.80615234375,5254.252608309659,5273.640994318182,12514200,ASII.JK
2023-06-20,5273.64013671875,5312.416902429917,5254.251753863166,5293.028519574334,24394300,ASII.JK
2023-06-21,5370.58203125,5409.358796818592,5234.863351759928,5254.251734544224,37629300,ASII.JK
2023-06-22,5254.251953125,5351.193871079336,5254.251953125,5331.805487488468,51199300,ASII.JK
2023-06-23,5254.251953125,5293.028720306735,5196.086802352398,5254.251953125,32156800,ASII.JK
2023-06-26,5273.64013671875,5351.193668141084,5254.251753863166,5273.64013671875,31726400,ASII.JK
2023-06-27,5254.251953125,5312.417103897602,5254.251953125,5273.640336715867,36422700,ASII.JK
2023-07-03,5293.02880859375,5293.02880859375,5234.863656850962,5254.252040765225,37348600,ASII.JK
2023-07-04,5254.251953125,5293.028720306735,5196.086802352398,5293.028720306735,20047800,ASII.JK
2023-07-05,5254.251953125,5254.251953125,5196.086802352398,5254.251953125,34751800,ASII.JK
2023-07-06,5273.64013671875,5273.64013671875,5234.863371007583,5254.251753863166,35473800,ASII.JK
2023-07-07,5293.02880859375,5293.02880859375,5234.863656850962,5254.252040765225,28755500,ASII.JK
2023-07-10,5254.251953125,5293.028720306735,5254.251953125,5293.028720306735,15301300,ASII.JK
2023-07-11,5273.64013671875,5273.64013671875,5234.863371007583,5254.251753863166,32949200,ASII.JK
2023-07-12,5254.251953125,5293.028720306735,5234.863569534133,5254.251953125,29210200,ASII.JK
2023-07-13,5273.64013671875,5293.028519574334,5234.863371007583,5254.251753863166,31298400,ASII.JK
2023-07-14,5234.86328125,5293.028428819444,5196.0865162037035,5254.251663773148,56060600,ASII.JK
2023-07-17,5176.6982421875,5254.251773905665,5176.6982421875,5234.863390976124,41698600,ASII.JK
2023-07-18,5099.1455078125,5196.087437618821,5021.591963967443,5176.699051657557,68904700,ASII.JK
2023-07-20,5060.3681640625,5099.1449316032085,5002.203012751436,5099.1449316032085,64069100,ASII.JK
2023-07-21,5002.203125,5060.368277616279,4944.037972383721,5040.979893410853,64037700,ASII.JK
2023-07-24,5079.7568359375,5118.53360567748,4963.426526717557,4963.426526717557,40830500,ASII.JK
2023-07-25,5040.97998046875,5137.921903170072,5040.97998046875,5118.533518629807,23958900,ASII.JK
2023-07-26,5118.53369140625,5137.922076600971,5040.980150627368,5099.14530621153,38599800,ASII.JK
2023-07-27,5060.3681640625,5118.533315373563,5040.979780292146,5118.533315373563,27816700,ASII.JK
2023-07-28,5137.92236328125,5137.92236328125,5021.592045622052,5040.980431898584,28288300,ASII.JK
2023-07-31,5312.4169921875,5389.970524920164,5215.475076271669,5234.863459454836,87828900,ASII.JK
2023-08-01,5331.80615234375,5351.1945383522725,5273.640994318182,5331.80615234375,29425300,ASII.JK
2023-08-02,5312.4169921875,5312.4169921875,5254.251842638002,5293.028609004334,29463700,ASII.JK
2023-08-03,5293.02880859375,5351.193960336539,5254.252040765225,5273.640424679487,29272000,ASII.JK
2023-08-04,5273.64013671875,5312.416902429917,5234.863371007583,5293.028519574334,16646300,ASII.JK
2023-08-07,5331.80615234375,5351.1945383522725,5234.864222301136,5293.029380326704,32608000,ASII.JK
2023-08-08,5312.4169921875,5351.193758553832,5293.028609004334,5312.4169921875,16515100,ASII.JK
2023-08-09,5331.80615234375,5331.80615234375,5293.029380326704,5312.417766335227,13781700,ASII.JK
2023-08-10,5234.86328125,5331.805193865741,5234.86328125,5312.416811342593,32076700,ASII.JK
2023-08-11,5234.86328125,5254.251663773148,5157.309751157408,5234.86328125,42320900,ASII.JK
2023-08-14,5273.64013671875,5273.64013671875,5196.086605296415,5196.086605296415,27616200,ASII.JK
2023-08-15,5215.47509765625,5254.251864181575,5176.698331130925,5215.47509765625,32385400,ASII.JK
2023-08-16,5234.86328125,5234.86328125,5157.309751157408,5176.698133680556,24913200,ASII.JK
2023-08-18,5060.3681640625,5196.086850454981,5040.979780292146,5176.6984666846265,69001300,ASII.JK
2023-08-21,5021.59130859375,5079.756458886342,4982.814541732023,5060.368075455478,34702500,ASII.JK
2023-08-22,5079.7568359375,5118.53360567748,5002.203296457538,5002.203296457538,37704700,ASII.JK
2023-08-23,5079.7568359375,5118.53360567748,5060.368451067509,5079.7568359375,27624900,ASII.JK
2023-08-24,5021.59130859375,5118.5332257480695,5021.59130859375,5079.756458886342,33278500,ASII.JK
2023-08-25,5002.203125,5040.979893410853,4963.426356589147,5021.5915092054265,35673300,ASII.JK
2023-08-28,4982.814453125,5040.979602383269,4963.42607003891,5040.979602383269,14871100,ASII.JK
2023-08-29,4963.42626953125,5002.203037261963,4944.037885665894,5002.203037261963,29937800,ASII.JK
2023-08-30,5002.203125,5060.368277616279,4963.426356589147,5002.203125,41993300,ASII.JK
2023-08-31,5002.203125,5021.5915092054265,4963.426356589147,5002.203125,44502000,ASII.JK
2023-09-01,5079.7568359375,5099.145220807491,5021.591681327529,5021.591681327529,26069500,ASII.JK
2023-09-04,5118.53369140625,5118.53369140625,5060.368535822088,5099.14530621153,17384000,ASII.JK
2023-09-05,5118.53369140625,5157.3104617956915,5079.7569210168085,5118.53369140625,23070700,ASII.JK
2023-09-06,5060.3681640625,5137.921699143918,5060.3681640625,5099.1449316032085,18421300,ASII.JK
2023-09-07,4963.42626953125,5040.979804992676,4924.649501800537,5021.591421127319,49921600,ASII.JK
2023-09-08,4963.42626953125,5002.203037261963,4924.649501800537,5002.203037261963,32416900,ASII.JK
2023-09-11,4944.0380859375,4982.81485523897,4885.872931985294,4963.426470588235,33422100,ASII.JK
2023-09-12,4885.873046875,4944.03820219494,4885.873046875,4944.03820219494,30225600,ASII.JK
2023-09-13,4885.873046875,4905.261431981647,4827.707891555059,4905.261431981647,40040900,ASII.JK
2023-09-14,4905.26171875,4944.038491230237,4847.096560029644,4905.26171875,40259300,ASII.JK
2023-09-15,4885.873046875,4905.261431981647,4808.3195064484125,4847.096276661706,132198700,ASII.JK
2023-09-18,4885.873046875,4905.261431981647,4847.096276661706,4866.484661768353,35517300,ASII.JK
2023-09-19,4924.64990234375,4944.038287786048,4866.484746016855,4885.873131459153,31439200,ASII.JK
2023-09-20,4885.873046875,4963.4265873015875,4885.873046875,4924.649817088293,39764900,ASII.JK
2023-09-21,4808.3193359375,4905.261258033014,4808.3193359375,4885.872873613911,46231100,ASII.JK
2023-09-22,4808.3193359375,4866.484489194809,4788.930951518397,4808.3193359375,30610900,ASII.JK
2023-09-25,4847.0966796875,4866.48506640625,4808.31990625,4827.70829296875,32700500,ASII.JK
2023-09-26,4808.3193359375,4885.872873613911,4808.3193359375,4827.707720356602,43217400,ASII.JK
2023-09-27,4769.54248046875,4847.096016736535,4750.154096401804,4808.319248602642,31688400,ASII.JK
2023-09-29,4827.7080078125,4866.484778959588,4808.319622238955,4847.096393386044,20902300,ASII.JK
2023-10-02,4866.484375,4924.64952689243,4847.095991035857,4866.484375,23884400,ASII.JK
2023-10-03,4808.3193359375,4866.484489194809,4808.3193359375,4866.484489194809,25350100,ASII.JK
2023-10-04,4711.376953125,4808.318865740741,4691.988570601852,4788.930483217593,55496200,ASII.JK
2023-10-05,4672.6005859375,4788.930890981587,4672.6005859375,4750.154122633558,55924900,ASII.JK
2023-10-06,4711.376953125,4769.542100694444,4691.988570601852,4691.988570601852,18104300,ASII.JK
2023-10-09,4750.154296875,4827.707836415817,4730.765911989796,4769.542681760205,43718300,ASII.JK
2023-10-10,4691.9892578125,4788.931184626808,4691.9892578125,4788.931184626808,36797700,ASII.JK
2023-10-11,4691.9892578125,4750.154413901085,4691.9892578125,4711.377643175361,45959600,ASII.JK
2023-10-12,4690.412109375,4749.53495108981,4690.412109375,4729.827337184874,71954600,ASII.JK
2023-10-13,4710.11962890625,4749.534855926386,4690.412015396182,4729.827242416318,32794800,ASII.JK
2023-10-16,4611.58203125,4710.1201088408125,4591.874415731838,4670.704877804487,52414600,ASII.JK
2023-10-17,4611.58203125,4670.704877804487,4611.58203125,4631.289646768163,40295600,ASII.JK
2023-10-18,4591.8740234375,4729.82732027897,4591.8740234375,4611.5816372719955,53751300,ASII.JK
2023-10-19,4513.04345703125,4611.581523778657,4493.335843681768,4591.873910429175,60258300,ASII.JK
2023-10-20,4493.33544921875,4532.750672457511,4453.9202259799895,4473.62783759937,56606100,ASII.JK
2023-10-23,4414.505859375,4532.751552036831,4414.505859375,4513.0439365931925,57516800,ASII.JK
2023-10-24,4572.16650390625,4611.5817323882,4414.505589978448,4414.505589978448,57283100,ASII.JK
2023-10-25,4552.458984375,4670.7046722808445,4552.458984375,4591.874213676948,51542400,ASII.JK
2023-10-26,4513.04345703125,4572.166297079694,4473.628230332287,4552.458683730212,18969800,ASII.JK
2023-10-27,4513.04345703125,4552.458683730212,4513.04345703125,4532.751070380731,35328800,ASII.JK
2023-10-30,4572.16650390625,4591.874118147225,4473.628432701374,4532.7512754243,17820800,ASII.JK
2023-10-31,4552.458984375,4650.99705762987,4552.458984375,4611.581828327922,46118000,ASII.JK
2023-11-01,4572.16650390625,4729.827417834052,4572.16650390625,4650.996960870151,91836500,ASII.JK
2023-11-02,4572.16650390625,4650.996960870151,4572.16650390625,4611.5817323882,46166200,ASII.JK
2023-11-03,4650.99658203125,4670.704194666976,4591.873744124073,4611.581356759799,43395900,ASII.JK
2023-11-06,4670.70458984375,4690.412204146888,4650.996975540612,4670.70458984375,29757300,ASII.JK
2023-11-07,4591.8740234375,4690.412092609979,4552.458795768508,4670.704478775483,30298200,ASII.JK
2023-11-08,4513.04345703125,4591.873910429175,4473.628230332287,4572.166297079694,38367700,ASII.JK
2023-11-09,4532.75146484375,4591.874310037364,4513.043849779212,4552.459079908288,20420100,ASII.JK
2023-11-10,4552.458984375,4552.458984375,4513.043755073052,4513.043755073052,15229800,ASII.JK
2023-11-13,4453.9208984375,4591.874200601494,4453.9208984375,4591.874200601494,24673700,ASII.JK
2023-11-14,4473.62890625,4513.044138904185,4453.921289922908,4473.62890625,12066000,ASII.JK
2023-11-15,4532.75146484375,4611.581925101902,4493.336234714674,4532.75146484375,34814300,ASII.JK
2023-11-16,4591.8740234375,4591.8740234375,4513.043568099517,4532.7511819340125,17422800,ASII.JK
2023-11-17,4493.33544921875,4591.873507315652,4493.33544921875,4572.165895696272,27116700,ASII.JK
2023-11-20,4572.16650390625,4611.5817323882,4493.33604694235,4513.043661183325,22940000,ASII.JK
2023-11-21,4552.458984375,4611.581828327922,4532.751369724026,4572.166599025974,17153300,ASII.JK
2023-11-22,4473.62890625,4552.459371558371,4453.921289922908,4552.459371558371,36329500,ASII.JK
2023-11-23,4493.33544921875,4513.04306083813,4473.62783759937,4473.62783759937,43425400,ASII.JK
2023-11-24,4513.04345703125,4532.751070380731,4493.335843681768,4493.335843681768,9347300,ASII.JK
2023-11-27,4434.212890625,4532.7509548611115,4414.505277777778,4513.043342013889,63360900,ASII.JK
2023-11-28,4375.09033203125,4473.628402572494,4375.09033203125,4473.628402572494,86907600,ASII.JK
2023-11-29,4355.38232421875,4453.920385852658,4355.38232421875,4414.505161199095,75070800,ASII.JK
2023-11-30,4256.84521484375,4394.798531991464,4256.84521484375,4394.798531991464,161684600,ASII.JK
2023-12-01,4532.75146484375,4532.75146484375,4296.260084069293,4296.260084069293,145374400,ASII.JK
2023-12-04,4532.75146484375,4591.874310037364,4513.043849779212,4532.75146484375,57590700,ASII.JK
2023-12-05,4513.04345703125,4572.166297079694,4473.628230332287,4552.458683730212,25787200,ASII.JK
2023-12-06,4513.04345703125,4591.873910429175,4493.335843681768,4493.335843681768,41363700,ASII.JK
2023-12-07,4473.62890625,4532.7517552312775,4414.5060572687225,4532.7517552312775,40599000,ASII.JK
2023-12-08,4473.62890625,4493.336522577092,4434.213673595815,4473.62890625,26972000,ASII.JK
2023-12-11,4414.505859375,4473.628705705915,4355.383013044085,4453.921090262277,39510200,ASII.JK
2023-12-12,4394.7978515625,4473.628306299047,4375.090237878363,4473.628306299047,19272900,ASII.JK
2023-12-13,4355.38232421875,4414.505161199095,4355.38232421875,4375.089936545532,31196600,ASII.JK
2023-12-14,4434.212890625,4453.920503472223,4394.797664930556,4414.505277777778,65510200,ASII.JK
2023-12-15,4453.9208984375,4493.336127627213,4414.505669247788,4434.213283842644,93580400,ASII.JK
2023-12-18,4414.505859375,4453.921090262277,4375.090628487724,4453.921090262277,39134200,ASII.JK
2023-12-19,4434.212890625,4453.920503472223,4414.505277777778,4434.212890625,33668300,ASII.JK
2023-12-20,4434.212890625,4493.335729166667,4434.212890625,4453.920503472223,27178500,ASII.JK
2023-12-21,4375.09033203125,4414.505560247748,4315.967489706503,4414.505560247748,114749900,ASII.JK
2023-12-22,4375.09033203125,4414.505560247748,4335.675103814752,4375.09033203125,38055800,ASII.JK
2023-12-27,4375.09033203125,4394.797946139499,4335.675103814752,4375.09033203125,34332400,ASII.JK
2023-12-28,4414.505859375,4414.505859375,4375.090628487724,4394.798243931362,31643200,ASII.JK
2023-12-29,4453.9208984375,4473.628513032357,4394.798054652932,4414.505669247788,36245000,ASII.JK
2024-01-02,4493.33544921875,4493.33544921875,4394.797391121848,4434.212614360608,36479600,ASII.JK
2024-01-03,4414.505859375,4493.336321149553,4414.505859375,4493.336321149553,37187300,ASII.JK
2024-01-04,4493.33544921875,4532.750672457511,4414.505002741228,4414.505002741228,52008000,ASII.JK
2024-01-05,4434.212890625,4532.7509548611115,4434.212890625,4513.043342013889,39167600,ASII.JK
2024-01-08,4394.7978515625,4473.628306299047,4375.090237878363,4434.213078930774,39614600,ASII.JK
2024-01-09,4394.7978515625,4414.505465246637,4355.382624194226,4414.505465246637,36777600,ASII.JK
2024-01-10,4355.38232421875,4394.797548872313,4296.259487238405,4335.674711891968,75423900,ASII.JK
2024-01-11,4375.09033203125,4434.213174355997,4355.382717923001,4375.09033203125,39941000,ASII.JK
2024-01-12,4414.505859375,4434.213474818638,4375.090628487724,4375.090628487724,28821000,ASII.JK
2024-01-15,4355.38232421875,4414.505161199095,4335.674711891968,4414.505161199095,79502600,ASII.JK
2024-01-16,4335.6748046875,4355.38241743608,4315.96719193892,4355.38241743608,44840900,ASII.JK
2024-01-17,4256.84521484375,4355.383298520688,4217.429981372975,4335.675681785301,114587100,ASII.JK
2024-01-18,4237.13720703125,4256.844821947674,4197.721977198401,4256.844821947674,71517600,ASII.JK
2024-01-19,4217.4296875,4256.844918224299,4178.014456775701,4237.137302862149,52865000,ASII.JK
2024-01-22,4118.8916015625,4276.552524110347,4118.8916015625,4217.429678154905,169967200,ASII.JK
2024-01-23,4040.061279296875,4099.184127286585,4000.6460473037346,4059.768895293445,176612600,ASII.JK
2024-01-24,4000.645751953125,4079.4762101196893,3925.7568166948895,4059.7685955780485,246293300,ASII.JK
2024-01-25,3980.937744140625,4059.7681945196473,3961.2301315458694,4000.6453567353806,81025300,ASII.JK
2024-01-26,4000.645751953125,4000.645751953125,3933.6398625115457,3980.938137411484,71861600,ASII.JK
2024-01-29,3886.341796875,4000.6459673713234,3870.5757043927483,4000.6459673713234,132819200,ASII.JK
2024-01-30,4020.353759765625,4079.476609173943,3862.69282801011,3878.4589211856614,165689300,ASII.JK
2024-01-31,4040.061279296875,4059.768895293445,3980.9384313071646,4040.061279296875,79343600,ASII.JK
2024-02-01,4040.061279296875,4079.476511290015,4000.6460473037346,4020.3536633003046,55358600,ASII.JK
2024-02-02,4197.7216796875,4197.7216796875,4040.060771530223,4059.768385049883,104840200,ASII.JK
2024-02-05,4079.476318359375,4217.429623811141,4059.7687032948365,4197.722008746603,88826000,ASII.JK
2024-02-06,4138.5986328125,4158.306245349702,4059.768182663691,4079.475795200893,46257400,ASII.JK
2024-02-07,4197.7216796875,4197.7216796875,4138.598839128521,4138.598839128521,68376900,ASII.JK
2024-02-12,4178.0146484375,4217.429880969929,4118.891799638856,4178.0146484375,80552600,ASII.JK
2024-02-13,4099.18408203125,4178.014545147235,4059.768850473257,4178.014545147235,63689100,ASII.JK
2024-02-15,4040.061279296875,4197.722207269436,4000.6460473037346,4197.722207269436,124120800,ASII.JK
2024-02-16,4099.18408203125,4099.18408203125,4020.353618915264,4040.0612346942607,75502700,ASII.JK
2024-02-19,4040.061279296875,4138.599359279726,4000.6460473037346,4099.184127286585,89709800,ASII.JK
2024-02-20,4099.18408203125,4138.599313589242,4040.0612346942607,4040.0612346942607,41623800,ASII.JK
2024-02-21,4138.5986328125,4178.013857886905,4079.475795200893,4099.183407738095,68374800,ASII.JK
2024-02-22,4158.306640625,4178.014255035545,4158.306640625,4158.306640625,41938600,ASII.JK
2024-02-23,4040.061279296875,4158.306975276296,4020.3536633003046,4138.599359279726,81214600,ASII.JK
2024-02-26,4040.061279296875,4099.184127286585,4000.6460473037346,4059.768895293445,50291500,ASII.JK
2024-02-27,4079.476318359375,4079.4763183593745,3980.9382430366845,4040.0610882302985,46555200,ASII.JK
2024-02-28,4118.8916015625,4276.552524110347,4099.183986244019,4197.722062836424,216020000,ASII.JK
2024-02-29,4118.8916015625,4178.014447517942,4099.183986244019,4138.599216880981,85412900,ASII.JK
2024-03-01,4118.8916015625,4158.3068321994615,4059.7687556070573,4118.8916015625,64835200,ASII.JK
2024-03-04,4099.18408203125,4158.306929368239,4079.4764662522534,4138.599313589242,57118400,ASII.JK
2024-03-05,4020.353759765625,4118.891842112822,4020.353759765625,4118.891842112822,53172900,ASII.JK
2024-03-06,4079.476318359375,4099.183933423913,4020.3534731657605,4040.0610882302985,29210000,ASII.JK
2024-03-07,4040.061279296875,4099.184127286585,4020.3536633003046,4079.476511290015,55244400,ASII.JK
2024-03-08,4059.768798828125,4079.476414356417,4040.0611832998334,4059.768798828125,39983000,ASII.JK
2024-03-13,4059.768798828125,4099.184029884709,4040.0611832998334,4059.768798828125,63672300,ASII.JK
2024-03-14,4158.306640625,4178.014255035545,4059.768568572275,4079.47618298282,79465800,ASII.JK
2024-03-15,4079.476318359375,4178.014393682065,4079.4763183593745,4178.014393682065,164222200,ASII.JK
2024-03-18,4059.768798828125,4138.599260941292,4059.768798828125,4099.184029884709,50943600,ASII.JK
2024-03-19,4118.8916015625,4138.599216880981,4059.7687556070573,4059.7687556070573,48398600,ASII.JK
2024-03-20,4158.306640625,4158.306640625,4118.89141180391,4118.89141180391,56191300,ASII.JK
2024-03-21,4217.4296875,4256.844918224299,4158.306841413551,4178.014456775701,67351800,ASII.JK
2024-03-22,4237.13720703125,4237.13720703125,4197.721977198401,4237.13720703125,46341000,ASII.JK
2024-03-25,4217.4296875,4276.552533586449,4197.722072137851,4276.552533586449,39759600,ASII.JK
2024-03-26,4178.0146484375,4237.137497236144,4138.599415905071,4237.137497236144,57175300,ASII.JK
2024-03-27,4158.306640625,4197.72186944609,4138.599026214455,4178.014255035545,47174800,ASII.JK
2024-03-28,4059.768798828125,4158.3068764695845,4020.3535677715413,4158.3068764695845,107123600,ASII.JK
2024-04-01,4099.18408203125,4118.891697810246,4059.768850473257,4079.4764662522534,42828200,ASII.JK
2024-04-02,4158.306640625,4158.306640625,4079.47618298282,4118.89141180391,41029100,ASII.JK
2024-04-03,4138.5986328125,4158.306245349702,4099.183407738095,4158.306245349702,39260600,ASII.JK
2024-04-04,4079.476318359375,4138.599163552989,4059.7687032948365,4138.599163552989,48395600,ASII.JK
2024-04-05,4158.306640625,4197.72186944609,4059.768568572275,4059.768568572275,59190300,ASII.JK
2024-04-16,4020.353759765625,4118.891842112822,4020.353759765625,4079.476609173943,137258300,ASII.JK
2024-04-17,4040.061279296875,4079.476511290015,4020.3536633003046,4059.768895293445,47211000,ASII.JK
2024-04-18,4020.353759765625,4059.7689927045035,3980.938526826746,4059.7689927045035,81583700,ASII.JK
2024-04-19,3862.69287109375,4000.6461879185267,3839.0437310666453,3980.938571229273,185008500,ASII.JK
2024-04-22,3902.10791015625,3933.6400952888257,3894.224863873106,3894.224863873106,57689200,ASII.JK
2024-04-23,3961.230712890625,4000.645943864661,3933.6400512088,3933.6400512088,49438000,ASII.JK
2024-04-24,3870.575439453125,3980.938079274599,3870.575439453125,3941.52285076693,65796800,ASII.JK
2024-04-25,3902.10791015625,3925.757049005682,3870.5757250236743,3870.5757250236743,52139300,ASII.JK
2024-04-26,3846.92626953125,3925.7567258741033,3846.92626953125,3925.7567258741033,70877700,ASII.JK
2024-04-29,3961.230712890625,3980.938328377643,3862.692635455535,3878.458727845149,68303100,ASII.JK
2024-04-30,4059.768798828125,4118.891645413,3925.7570132357405,3980.9383367149576,142632100,ASII.JK
2024-05-02,4079.476318359375,4158.306778617527,4079.4763183593745,4118.891548488451,100889100,ASII.JK
2024-05-03,4118.8916015625,4138.599216880981,4099.183986244019,4118.8916015625,44094400,ASII.JK
2024-05-06,4020.353759765625,4138.599458582261,4000.6461432961855,4138.599458582261,70400000,ASII.JK
2024-05-07,3980.937744140625,4040.0605819248917,3961.2301315458694,4020.352969330136,58780600,ASII.JK
2024-05-08,4040.061279296875,4059.768895293445,3941.523199314024,4000.6460473037346,86738900,ASII.JK
2024-05-13,4000.645751953125,4079.4762101196893,4000.645751953125,4059.7685955780485,143316000,ASII.JK
2024-05-14,3937.0341796875,4031.591769155977,3937.0341796875,4022.9956246588426,264535600,ASII.JK
2024-05-15,3894.0537109375,3971.4190164528145,3894.0537109375,3928.4382911665284,109962400,ASII.JK
2024-05-16,4048.784423828125,4057.3805691016455,3902.6499541782778,3945.63068054588,149039700,ASII.JK
2024-05-17,4126.1494140625,4134.74555867513,4031.591823323568,4048.7841125488285,101492400,ASII.JK
2024-05-20,4074.57275390625,4151.938059360166,4065.976608855815,4126.149624208861,58021800,ASII.JK
2024-05-21,4040.188232421875,4100.361248649435,4040.188232421875,4083.1689582987033,57558000,ASII.JK
2024-05-22,4048.784423828125,4065.976714375166,4040.188278554605,4057.3805691016455,25932300,ASII.JK
2024-05-27,3911.245849609375,4057.3803099244506,3911.245849609375,4040.1880204756185,86050000,ASII.JK
2024-05-28,3876.86083984375,3954.226133765244,3876.86083984375,3919.8415586890246,42542400,ASII.JK
2024-05-29,3833.880615234375,4126.149541059417,3756.5153113395113,4126.149541059417,148814900,ASII.JK
2024-05-30,3713.534423828125,3825.2843023229525,3704.9382793285226,3825.2843023229525,112636300,ASII.JK
2024-05-31,3687.74609375,3756.515251675408,3687.74609375,3730.7268174533797,144592700,ASII.JK
2024-06-03,3868.264892578125,3894.0533251953125,3722.1304410807293,3722.1304410807293,77444200,ASII.JK
2024-06-04,3937.0341796875,3980.0149021731713,3851.0727347161574,3876.86116820756,92676800,ASII.JK
2024-06-05,3954.226318359375,3988.6108950407606,3911.2455975076423,3919.841741677989,65856400,ASII.JK
2024-06-06,3919.841796875,3971.418662623355,3894.053364000822,3971.418662623355,43632400,ASII.JK
2024-06-07,3919.841796875,3928.437941166392,3894.053364000822,3911.2456525836074,34027900,ASII.JK
2024-06-10,3876.86083984375,3919.8415586890246,3868.264696074695,3919.8415586890246,19932200,ASII.JK
2024-06-11,3739.322998046875,3868.265170393319,3739.322998046875,3868.265170393319,71234400,ASII.JK
2024-06-12,3747.9189453125,3790.8996671624136,3687.7459347226204,3739.322800942517,65665400,ASII.JK
2024-06-13,3833.880615234375,3851.0729049887896,3782.3037459711322,3790.8998908483395,55824400,ASII.JK
2024-06-14,3799.49609375,3894.0536888433257,3790.899948741516,3851.0729638009047,57967500,ASII.JK
2024-06-19,3825.28466796875,3876.861539896419,3799.496232004916,3825.28466796875,48727600,ASII.JK
2024-06-20,3825.28466796875,3842.476958611306,3747.9193600772473,3816.688522647472,35160300,ASII.JK
2024-06-21,3859.668701171875,3894.0532775742968,3790.8995483670305,3825.284124769453,98313200,ASII.JK
2024-06-24,3808.092041015625,3868.265052950409,3790.899751891401,3851.072763826185,36677200,ASII.JK
2024-06-25,3782.30419921875,3816.6887828480117,3747.919615589489,3816.6887828480117,50385000,ASII.JK
2024-06-26,3799.49609375,3825.2845287754526,3756.515368707579,3782.3038037330316,38397100,ASII.JK
2024-06-27,3808.092041015625,3816.688185577737,3782.3036073292888,3808.092041015625,21784700,ASII.JK
2024-06-28,3833.880615234375,3919.8420640064464,3808.0921806027536,3808.0921806027536,127293900,ASII.JK
2024-07-01,3971.4189453125,3971.4189453125,3859.6690615699404,3859.6690615699404,141627300,ASII.JK
2024-07-02,3894.0537109375,3971.4190164528145,3876.8614208229856,3962.8228713955573,72229800,ASII.JK
2024-07-03,3928.43798828125,3937.0341326757384,3885.4572663088074,3911.2456994922727,30743200,ASII.JK
2024-07-04,3911.245849609375,3962.8227179558726,3911.245849609375,3937.034283782624,44755400,ASII.JK
2024-07-05,3937.0341796875,3962.822613178903,3902.6496016989627,3928.4380351903656,53196500,ASII.JK
2024-07-08,3988.611083984375,3988.611083984375,3919.8419273639547,3954.226505674165,69535000,ASII.JK
2024-07-09,3919.841796875,3971.418662623355,3902.6495082922147,3971.418662623355,84784500,ASII.JK
2024-07-10,3902.649658203125,3937.034236689496,3885.4573689599392,3928.438092067903,44563900,ASII.JK
2024-07-11,3876.86083984375,3954.226133765244,3868.264696074695,3911.2454149199693,71140800,ASII.JK
2024-07-12,3902.649658203125,3928.438092067903,3868.265079716754,3876.8612243383463,54299700,ASII.JK
2024-07-15,3842.47705078125,3911.2462150010488,3833.880905253775,3902.6500694735737,53234000,ASII.JK
2024-07-16,3765.111328125,3859.6689185573628,3765.111328125,3851.0727739726026,83814800,ASII.JK
2024-07-17,3833.880615234375,3842.4767601115823,3782.3037459711322,3799.496035725547,49379700,ASII.JK
2024-07-18,3902.649658203125,3902.649658203125,3833.880501230383,3842.4766458519753,54184300,ASII.JK
2024-07-19,3894.0537109375,3902.649855994757,3851.072985651214,3885.457565880243,40785800,ASII.JK
2024-07-22,3885.45703125,3902.649318998894,3851.0724557522126,3894.053175124447,33128600,ASII.JK
2024-07-23,3825.28466796875,3894.053830538975,3825.28466796875,3876.861539896419,46427300,ASII.JK
2024-07-24,3894.0537109375,3919.842146109271,3833.8806955366995,3842.4768405939567,50741700,ASII.JK
2024-07-25,3859.668701171875,3894.0532775742968,3825.284124769453,3894.0532775742968,40364400,ASII.JK
2024-07-26,3962.82275390625,3971.4188987086495,3868.2651610798534,3868.2651610798534,92236800,ASII.JK
2024-07-29,3962.82275390625,3980.0150435110495,3937.034319499051,3971.4188987086495,42232800,ASII.JK
2024-07-30,3902.649658203125,3962.8226705542743,3885.4573689599392,3962.8226705542743,40995800,ASII.JK
2024-07-31,4057.38037109375,4065.976515947762,3945.6304879915915,3971.418922553628,170406600,ASII.JK
2024-08-01,4074.57275390625,4074.57275390625,4005.803593502769,4040.1881737045096,50775700,ASII.JK
2024-08-02,4031.592041015625,4074.5727663995867,4014.3997508620405,4048.78433116921,47509800,ASII.JK
2024-08-05,3919.841796875,3997.207095497533,3885.4572197094294,3988.6109512061403,93952300,ASII.JK
2024-08-06,3962.82275390625,3971.4188987086495,3902.6497402894524,3954.2266091038505,56748800,ASII.JK
2024-08-07,3980.01513671875,3980.01513671875,3919.8421216927645,3954.2267017076138,72464900,ASII.JK
2024-08-08,4074.57275390625,4083.168898956685,3954.226723200158,3971.4190133010284,116387300,ASII.JK
2024-08-09,4091.764404296875,4117.5528354163935,4065.975973177357,4091.764404296875,44489500,ASII.JK
2024-08-12,4091.764404296875,4108.956691709887,4057.379829470851,4091.764404296875,34027600,ASII.JK
2024-08-13,4091.764404296875,4126.148979122899,4074.5721168838627,4126.148979122899,43904800,ASII.JK
2024-08-14,4203.5146484375,4237.899226338829,4100.360914733513,4126.14934815951,91874600,ASII.JK
2024-08-15,4203.5146484375,4229.303081863497,4160.533926060839,4203.5146484375,46694800,ASII.JK
2024-08-16,4272.283203125,4289.47548965669,4212.110200264085,4212.110200264085,65502100,ASII.JK
2024-08-19,4319.56298828125,4341.053351407028,4246.495753653607,4272.28418940454,54296700,ASII.JK
2024-08-20,4405.5244140625,4427.014777057927,4319.562962080792,4341.053325076219,94493800,ASII.JK
2024-08-21,4362.54345703125,4491.485628175031,4362.54345703125,4427.01454260314,94502800,ASII.JK
2024-08-22,4298.072265625,4341.05298828125,4289.4761210937495,4319.562626953125,63177200,ASII.JK
2024-08-23,4384.0341796875,4448.505270565257,4341.053452435662,4341.053452435662,52275100,ASII.JK
2024-08-26,4427.0146484375,4469.995373179611,4405.524286066444,4405.524286066444,30540900,ASII.JK
2024-08-27,4427.0146484375,4448.505010808555,4362.543561324333,4427.0146484375,30475700,ASII.JK
2024-08-28,4319.56298828125,4427.014803910137,4298.072625155472,4427.014803910137,64090900,ASII.JK
2024-08-29,4362.54345703125,4362.54345703125,4298.07237145936,4341.053095173953,42502100,ASII.JK
2024-08-30,4384.0341796875,4405.524543313419,4319.563088809743,4362.543816061581,74429400,ASII.JK
2024-09-02,4469.99560546875,4491.485968956581,4384.034151517428,4384.034151517428,84858600,ASII.JK
2024-09-03,4405.5244140625,4491.485866044207,4405.5244140625,4491.485866044207,34864300,ASII.JK
2024-09-04,4341.052734375,4384.033454517326,4319.562374303837,4341.052734375,45331200,ASII.JK
2024-09-05,4362.54345703125,4405.524180745843,4341.053095173953,4362.54345703125,34711100,ASII.JK
2024-09-06,4341.052734375,4405.5238145884905,4341.052734375,4341.052734375,32014300,ASII.JK
2024-09-09,4319.56298828125,4384.034077658582,4298.072625155472,4341.053351407028,55466500,ASII.JK
2024-09-10,4319.56298828125,4384.034077658582,4298.072625155472,4362.543714532804,58871700,ASII.JK
2024-09-11,4319.56298828125,4341.053351407028,4298.072625155472,4319.56298828125,27381100,ASII.JK
2024-09-12,4319.56298828125,4362.543714532804,4319.56298828125,4319.56298828125,24718300,ASII.JK
2024-09-13,4362.54345703125,4362.54345703125,4319.562733316656,4319.562733316656,24921900,ASII.JK
2024-09-17,4362.54345703125,4384.033818888546,4319.562733316656,4362.54345703125,35574000,ASII.JK
2024-09-18,4512.9755859375,4534.4659458705355,4362.54306640625,4384.033426339285,123540100,ASII.JK
2024-09-19,4534.46630859375,4534.46630859375,4469.99522363744,4534.46630859375,57254000,ASII.JK
2024-09-20,4491.48583984375,4534.466565583882,4469.995476973684,4534.466565583882,47509500,ASII.JK
2024-09-23,4491.48583984375,4534.466565583882,4491.48583984375,4512.976202713816,23362800,ASII.JK
2024-09-24,4534.46630859375,4534.46630859375,4491.485585289543,4512.975946941647,43482600,ASII.JK
2024-09-25,4491.48583984375,4555.9569284539475,4427.0147512335525,4555.9569284539475,63437200,ASII.JK
2024-09-26,4512.9755859375,4534.4659458705355,4448.504506138393,4512.9755859375,56030300,ASII.JK
2024-09-27,4384.0341796875,4534.466725068934,4341.053452435662,4534.466725068934,57476200,ASII.JK
2024-09-30,4341.052734375,4384.033454517326,4298.072014232674,4384.033454517326,66737800,ASII.JK
2024-10-01,4448.5048828125,4448.5048828125,4362.54343580163,4384.033797554348,39024000,ASII.JK
2024-10-02,4427.0146484375,4427.0146484375,4341.0531989532765,4427.0146484375,39888600,ASII.JK
2024-10-03,4512.9755859375,4512.9755859375,4384.033426339285,4448.504506138393,56763900,ASII.JK
2024-10-04,4427.0146484375,4512.976097921723,4384.033923695388,4512.976097921723,35939300,ASII.JK
2024-10-07,4384.0341796875,4448.505270565257,4362.543816061581,4427.014906939338,27889100,ASII.JK
2024-10-08,4491.48583984375,4491.48583984375,4362.543662623356,4384.034025493422,42347600,ASII.JK
2024-10-09,4362.54345703125,4491.485628175031,4362.54345703125,4491.485628175031,33544900,ASII.JK
2024-10-10,4405.5244140625,4405.5244140625,4362.543688071646,4384.034051067073,27734400,ASII.JK
2024-10-11,4362.54345703125,4427.01454260314,4362.54345703125,4405.524180745843,39320000,ASII.JK
2024-10-14,4321.34619140625,4404.617568319758,4312.580783310092,4404.617568319758,71369100,ASII.JK
2024-10-15,4321.34619140625,4356.407823790885,4295.049967117774,4321.34619140625,61263600,ASII.JK
2024-10-16,4347.642578125,4347.642578125,4295.050127583166,4338.877169701361,80530100,ASII.JK
2024-10-17,4338.876953125,4356.407769097223,4321.346137152777,4338.876953125,54164800,ASII.JK
2024-10-18,4312.58056640625,4347.642197027439,4312.58056640625,4347.642197027439,39805400,ASII.JK
2024-10-21,4470.3583984375,4470.3583984375,4321.346451822917,4338.877269071691,88954300,ASII.JK
2024-10-22,4623.75244140625,4623.75244140625,4470.357810648697,4492.271329328347,132222000,ASII.JK
2024-10-23,4645.66650390625,4645.66650390625,4536.098897682046,4623.752982661409,64519100,ASII.JK
2024-10-24,4623.75244140625,4645.6659600859,4558.011885367298,4645.6659600859,50777100,ASII.JK
2024-10-25,4579.92578125,4623.752822218899,4558.01226076555,4623.752822218899,27247500,ASII.JK
2024-10-28,4601.8388671875,4601.8388671875,4492.271275111607,4601.8388671875,40165900,ASII.JK
2024-10-29,4492.271484375,4601.839081554878,4492.271484375,4601.839081554878,45247600,ASII.JK
2024-10-30,4558.01220703125,4558.01220703125,4426.531085674579,4492.271646352915,33200300,ASII.JK
2024-10-31,4470.3583984375,4645.666570925246,4470.3583984375,4645.666570925246,77263000,ASII.JK
2024-11-01,4448.4443359375,4536.0984115224755,4426.530817041256,4492.271373729987,54219100,ASII.JK
2024-11-04,4492.271484375,4492.271484375,4365.173071646342,4448.444445503049,52362100,ASII.JK
2024-11-05,4536.0986328125,4558.012152777777,4448.444552951389,4492.271592881944,31165800,ASII.JK
2024-11-06,4426.53076171875,4536.0983548306,4404.61724309638,4536.0983548306,32975900,ASII.JK
2024-11-07,4382.70361328125,4448.444167480469,4382.70361328125,4426.530649414063,46053500,ASII.JK
2024-11-08,4347.642578125,4448.444774996849,4338.877169701361,4426.531253937752,32828900,ASII.JK
2024-11-11,4356.4072265625,4373.938040351484,4251.222343828596,4347.641819668008,49885000,ASII.JK
2024-11-12,4356.4072265625,4382.703447245975,4321.345598984532,4382.703447245975,43239600,ASII.JK
2024-11-13,4404.61767578125,4404.61767578125,4338.877113456157,4382.704155006219,24479600,ASII.JK
2024-11-14,4338.876953125,4404.617513020833,4321.346137152777,4404.617513020833,38255700,ASII.JK
2024-11-15,4330.11181640625,4347.64263347672,4312.58099933578,4330.11181640625,14867600,ASII.JK
2024-11-18,4321.34619140625,4356.407823790885,4303.815375213932,4338.877007598568,17408700,ASII.JK
2024-11-19,4356.4072265625,4356.4072265625,4295.049378301056,4321.345598984532,36816800,ASII.JK
2024-11-20,4382.70361328125,4404.617131347656,4338.876577148438,4356.407391601563,18634300,ASII.JK
2024-11-21,4286.2841796875,4373.938252891743,4286.2841796875,4373.938252891743,27662900,ASII.JK
2024-11-22,4303.8154296875,4347.642470723014,4259.988388651986,4295.050021480397,21241800,ASII.JK
2024-11-25,4536.0986328125,4536.0986328125,4330.111545138889,4338.876953125,84518400,ASII.JK
2024-11-26,4514.18505859375,4558.012097997573,4470.358019189927,4514.18505859375,45059300,ASII.JK
2024-11-28,4492.271484375,4579.925562118902,4492.271484375,4558.012042682927,30554200,ASII.JK
2024-11-29,4470.3583984375,4492.271919998469,4404.617833754596,4492.271919998469,48756800,ASII.JK
2024-12-02,4330.11181640625,4514.185395646192,4295.050182265309,4470.358352970015,47373200,ASII.JK
2024-12-03,4492.271484375,4492.271484375,4356.407663871951,4365.173071646342,46752800,ASII.JK
2024-12-04,4579.92578125,4579.92578125,4448.444658343302,4470.3581788277515,51733400,ASII.JK
2024-12-05,4558.01220703125,4579.925727257362,4492.271646352915,4579.925727257362,21948400,ASII.JK
2024-12-06,4514.18505859375,4536.098578295661,4426.530979786105,4514.18505859375,36599600,ASII.JK
2024-12-09,4579.92578125,4579.92578125,4470.3581788277515,4514.185219796651,37208600,ASII.JK
2024-12-10,4579.92578125,4579.92578125,4514.185219796651,4558.01226076555,41536400,ASII.JK
2024-12-11,4601.8388671875,4601.8388671875,4536.098311941964,4536.098311941964,41090000,ASII.JK
2024-12-12,4470.3583984375,4579.926006242341,4426.531355315564,4514.185441559436,37254100,ASII.JK
2024-12-13,4492.271484375,4514.185003810975,4426.530926067073,4470.357964939024,27732300,ASII.JK
2024-12-16,4492.271484375,4514.185003810975,4382.703887195122,4448.444445503049,35937800,ASII.JK
2024-12-17,4365.1728515625,4514.1847762142315,4338.876629565135,4470.357739551958,48682400,ASII.JK
2024-12-18,4382.70361328125,4426.530649414063,4347.641984375,4365.172798828125,27412000,ASII.JK
2024-12-19,4277.51904296875,4338.876898093302,4259.988227218878,4338.876898093302,39151900,ASII.JK
2024-12-20,4268.75390625,4295.050131545175,4251.22308938655,4277.519314681725,44851200,ASII.JK
2024-12-23,4338.876953125,4338.876953125,4268.753689236111,4295.049913194444,29678900,ASII.JK
2024-12-24,4277.51904296875,4365.1731217181095,4277.51904296875,4330.111490218365,22600500,ASII.JK
2024-12-27,4321.34619140625,4330.111599502408,4277.519150925456,4286.284559021615,14456700,ASII.JK
2024-12-30,4295.05029296875,4330.111928013393,4277.519475446428,4321.346519252233,23926400,ASII.JK
2025-01-02,4338.876953125,4356.407769097223,4295.049913194444,4303.815321180556,17924000,ASII.JK
2025-01-03,4338.876953125,4356.407769097223,4312.580729166667,4338.876953125,12711800,ASII.JK
2025-01-06,4259.98828125,4382.703993055556,4259.98828125,4338.876953125,18412500,ASII.JK
2025-01-07,4312.58056640625,4312.58056640625,4251.222712819169,4259.988120474466,20452200,ASII.JK
2025-01-08,4216.1611328125,4303.81521041775,4216.1611328125,4277.5189871361745,23739400,ASII.JK
2025-01-09,4321.34619140625,4338.877007598568,4233.692110444663,4233.692110444663,23802600,ASII.JK
2025-01-10,4295.05029296875,4347.642745535714,4259.988657924107,4330.111928013393,31951800,ASII.JK
2025-01-13,4163.568359375,4312.580279605263,4137.272138157895,4303.814872532895,46247300,ASII.JK
2025-01-14,4163.568359375,4251.222430098684,4163.568359375,4181.099173519737,28096700,ASII.JK
2025-01-15,4330.11181640625,4330.11181640625,4189.865279842485,4198.63068837772,27497200,ASII.JK
2025-01-16,4277.51904296875,4404.617457155321,4277.51904296875,4404.617457155321,30520200,ASII.JK
2025-01-17,4330.11181640625,4356.408042011956,4242.457731053897,4259.988548124367,23691900,ASII.JK
2025-01-20,4303.8154296875,4347.642470723014,4295.050021480397,4330.111654308808,11873200,ASII.JK
2025-01-21,4303.8154296875,4356.4078789301175,4295.050021480397,4321.346246101706,21762200,ASII.JK
2025-01-22,4347.642578125,4365.173394972278,4277.519310735887,4312.580944430443,33116700,ASII.JK
2025-01-23,4295.05029296875,4365.173563058036,4295.05029296875,4347.642745535714,17049700,ASII.JK
2025-01-24,4268.75390625,4347.642582135523,4268.75390625,4295.050131545175,19663900,ASII.JK
2025-01-30,4189.86474609375,4268.753412861205,4189.86474609375,4268.753412861205,28147100,ASII.JK
2025-01-31,4207.3955078125,4242.457137044271,4198.630100504557,4198.630100504557,27064100,ASII.JK
2025-02-03,4172.333984375,4207.395614495798,4154.8031693146,4207.395614495798,33116100,ASII.JK
2025-02-04,4207.3955078125,4242.457137044271,4172.333878580729,4181.099285888672,20631500,ASII.JK
2025-02-05,4154.80322265625,4251.222706726332,4146.037815013516,4251.222706726332,20436200,ASII.JK
2025-02-06,3988.260498046875,4154.803244119162,3961.96427498283,4154.803244119162,61645400,ASII.JK
2025-02-07,4075.9150390625,4093.445856434812,3970.730134828629,4040.8534043178765,33223300,ASII.JK
2025-02-10,4005.79150390625,4075.9147687448717,3961.9644633821117,4040.853136325561,40230000,ASII.JK
2025-02-11,4040.853271484375,4075.9149050764304,4005.7916378923196,4023.3224546883475,32956400,ASII.JK
2025-02-12,4067.149169921875,4102.210800697064,4049.618354534281,4102.210800697064,30762900,ASII.JK
2025-02-13,4084.68017578125,4093.4455838837853,4014.5569109609714,4067.1493595761804,21320200,ASII.JK
2025-02-14,4102.2109375,4146.037977430556,4067.1493055555557,4084.680121527778,31409000,ASII.JK
2025-02-17,4154.80322265625,4189.864853227189,4093.445369157107,4102.210776799842,30270200,ASII.JK
2025-02-18,4207.3955078125,4242.457137044271,4154.803063964844,4154.803063964844,31828200,ASII.JK
2025-02-19,4119.7421875,4242.457912234043,4040.8535073138296,4224.927094414894,47951400,ASII.JK
2025-02-20,4137.2724609375,4154.803276449947,4075.9146066439353,4119.741645425052,23653800,ASII.JK
2025-02-21,4163.568359375,4207.395394736842,4032.0872532894737,4154.802952302632,31937400,ASII.JK
2025-02-24,4119.7421875,4181.100049867021,4084.680551861702,4163.569232047872,22303600,ASII.JK
2025-02-25,3997.025634765625,4163.568369547526,3988.2602276718408,4128.506741172389,42728600,ASII.JK
2025-02-26,4014.556884765625,4032.0877008563048,3961.9644364935866,3997.0260686749457,19351300,ASII.JK
2025-02-27,4023.322021484375,4023.322021484375,3926.9025394880173,3988.2603916675175,37731000,ASII.JK
2025-02-28,3970.729736328125,4075.914630005691,3830.4832114247033,4075.914630005691,70620000,ASII.JK
2025-03-03,4102.2109375,4137.272569444444,3944.43359375,3970.7298177083335,65345600,ASII.JK
2025-03-04,4110.9765625,4119.741970948828,4023.322478011727,4102.211154051172,40873900,ASII.JK
2025-03-05,4295.05029296875,4295.05029296875,4110.976708984375,4119.742117745536,86703900,ASII.JK
2025-03-06,4295.05029296875,4347.642745535714,4259.988657924107,4295.05029296875,51276300,ASII.JK
2025-03-07,4321.34619140625,4356.407823790885,4198.630478060028,4295.049967117774,59830500,ASII.JK
2025-03-10,4181.099609375,4295.049913194444,4163.568793402777,4295.049913194444,53139600,ASII.JK
2025-03-11,4207.3955078125,4207.3955078125,4119.741434733073,4137.272249348958,35571600,ASII.JK
2025-03-12,4216.1611328125,4233.69194833355,4154.8032784888255,4172.334094009875,29264500,ASII.JK
2025-03-13,4146.0380859375,4216.161351661602,4102.211044859936,4198.630535230576,41066600,ASII.JK
2025-03-14,4049.618408203125,4146.037894112723,4040.8530003931614,4146.037894112723,35967600,ASII.JK
2025-03-17,4049.618408203125,4093.4454472529424,4040.8530003931614,4084.680039442979,23856300,ASII.JK
2025-03-18,4075.9150390625,4075.9150390625,3909.372274025538,4058.3842216901885,66583100,ASII.JK
2025-03-19,4110.9765625,4119.741970948828,4040.8532949093815,4075.9149287046907,37556400,ASII.JK
2025-03-20,4128.50732421875,4163.568957545449,4067.1494658970278,4110.9765075554005,23310500,ASII.JK
2025-03-21,4242.45703125,4242.45703125,4058.38348237345,4137.2721461776855,57730500,ASII.JK
2025-03-24,4110.9765625,4189.865238539445,3979.4954357675906,4189.865238539445,29695400,ASII.JK
2025-03-25,4075.9150390625,4119.74208249328,4040.8534043178765,4119.74208249328,26320300,ASII.JK
2025-03-26,4207.3955078125,4242.457137044271,4084.6798055013023,4084.6798055013023,30508200,ASII.JK
2025-03-27,4312.58056640625,4312.58056640625,4198.630266887386,4207.395674542683,44551200,ASII.JK
2025-04-08,3926.90283203125,4207.395891462053,3900.606607709612,4207.395891462053,94752400,ASII.JK
2025-04-09,4049.618408203125,4084.680039442979,3918.1372910536725,3926.902698863636,46086300,ASII.JK
2025-04-10,4128.50732421875,4242.457632530521,4110.9765075554005,4163.568957545449,43115600,ASII.JK
2025-04-11,4128.50732421875,4154.803549213774,4049.6186492336788,4084.6802825603772,31446100,ASII.JK
2025-04-14,4321.34619140625,4321.34619140625,4128.507213290758,4154.803437579234,39843200,ASII.JK
2025-04-15,4268.75390625,4338.877173703799,4207.396047227926,4321.3463568403495,56488100,ASII.JK
2025-04-16,4189.86474609375,4259.988005442599,4110.976079326294,4251.222598023993,44479500,ASII.JK
2025-04-17,4163.568359375,4181.099173519737,4128.506731085527,4181.099173519737,28099700,ASII.JK
2025-04-21,4198.63037109375,4216.161186839444,4154.803331729515,4163.568739602361,14313200,ASII.JK
2025-04-22,4154.80322265625,4189.864853227189,4137.2724073707805,4163.568630298985,29906300,ASII.JK
2025-04-23,4224.9267578125,4242.457574234959,4181.099716756354,4181.099716756354,38609800,ASII.JK
2025-04-24,4181.099609375,4242.457465277777,4181.099609375,4233.692057291667,42307000,ASII.JK
2025-04-25,4259.98828125,4303.815321180556,4198.630425347223,4198.630425347223,45465200,ASII.JK
2025-04-28,4286.2841796875,4321.345808969198,4268.753365046651,4277.518772367076,22380800,ASII.JK
2025-04-29,4207.3955078125,4303.81498819987,4207.3955078125,4303.81498819987,46881000,ASII.JK
2025-04-30,4207.3955078125,4242.457137044271,4189.864693196615,4207.3955078125,46038900,ASII.JK
2025-05-02,4198.63037109375,4259.98822620368,4172.334147475209,4216.161186839444,61301400,ASII.JK
2025-05-05,4189.86474609375,4216.160968349568,4181.099338675143,4207.395560930962,30747900,ASII.JK
2025-05-06,4163.568359375,4207.395394736842,4163.568359375,4189.864580592105,53222000,ASII.JK
2025-05-07,4233.69189453125,4242.457302180383,4181.099448636452,4189.864856285585,47790800,ASII.JK
2025-05-08,4189.86474609375,4321.345857372842,4189.86474609375,4259.988005442599,92459500,ASII.JK
2025-05-09,4189.86474609375,4233.69178318678,4189.86474609375,4198.630153512356,38964000,ASII.JK
2025-05-14,4216.1611328125,4277.5189871361745,4207.395725051975,4259.988171615125,92389200,ASII.JK
2025-05-15,4224.9267578125,4251.222982446187,4216.161349601271,4224.9267578125,69701600,ASII.JK
2025-05-16,4277.51904296875,4277.51904296875,4216.161187844198,4242.457411469006,64271600,ASII.JK
2025-05-19,4330.11181640625,4347.64263347672,4277.519365194838,4286.2847737300735,97782400,ASII.JK
2025-05-20,4259.98828125,4347.642361111111,4259.98828125,4347.642361111111,127610600,ASII.JK
2025-05-21,4370.41845703125,4389.135452564575,4276.833479364628,4304.908972664614,115335300,ASII.JK
2025-05-22,4332.984375,4407.852355561555,4332.984375,4379.776862850972,52032700,ASII.JK
2025-05-23,4435.927734375,4473.36172369462,4426.569237045095,4464.003226364715,42300400,ASII.JK
2025-05-26,4426.5693359375,4473.361823632399,4389.13534578158,4464.00332609342,40971400,ASII.JK
2025-05-27,4398.494140625,4426.569635139627,4361.06014793883,4407.852638796542,38680100,ASII.JK
2025-05-28,4538.87158203125,4538.87158203125,4361.060117992913,4407.852608529317,188036300,ASII.JK
2025-06-02,4473.36181640625,4492.078811453975,4426.569328786938,4473.36181640625,115876200,ASII.JK
2025-06-03,4398.494140625,4454.6451296542555,4351.701649767288,4445.286631482712,51574100,ASII.JK
2025-06-04,4314.267578125,4454.645048129067,4314.267578125,4454.645048129067,55901000,ASII.JK
2025-06-05,4314.267578125,4370.4185661266265,4314.267578125,4342.343072125814,38381400,ASII.JK
2025-06-10,4304.90869140625,4370.418171492866,4304.90869140625,4370.418171492866,60469600,ASII.JK
2025-06-11,4314.267578125,4332.984574125542,4286.192084124186,4314.267578125,50550100,ASII.JK
2025-06-12,4267.474609375,4323.6255910773025,4267.474609375,4314.267094126919,54629900,ASII.JK
2025-06-13,4276.83349609375,4304.908989503556,4267.474998290481,4286.191993897019,38510500,ASII.JK
2025-06-16,4314.267578125,4332.984574125542,4267.475088123644,4276.833586123916,29939400,ASII.JK
2025-06-17,4304.90869140625,4342.342680027174,4295.550194251019,4342.342680027174,29978400,ASII.JK
2025-06-18,4295.55029296875,4323.625785079657,4295.55029296875,4314.267287709355,19386900,ASII.JK
2025-06-19,4239.3994140625,4304.908897282009,4211.323921254139,4295.550399679222,30832700,ASII.JK
2025-06-20,4201.96533203125,4239.399321626183,4192.606834632516,4239.399321626183,50116600,ASII.JK
2025-06-23,4145.814453125,4183.2484436724035,4117.738960214447,4183.2484436724035,28820000,ASII.JK
2025-06-24,4183.24853515625,4211.324028680789,4145.8145437901985,4183.24853515625,37523200,ASII.JK
2025-06-25,4183.24853515625,4239.399522205327,4136.456045948686,4239.399522205327,33217200,ASII.JK
2025-06-26,4164.53173828125,4164.53173828125,4127.097745128161,4155.173239992978,26909800,ASII.JK
2025-06-30,4211.32373046875,4230.040724826389,4164.531244574653,4183.248238932292,41865200,ASII.JK
2025-07-01,4164.53173828125,4220.682728010885,4155.173239992978,4201.96573143434,27410600,ASII.JK
2025-07-02,4248.7578125,4258.116309884362,4155.172838656388,4164.531336040749,34231600,ASII.JK
2025-07-03,4276.83349609375,4295.550491700287,4239.3995048806755,4248.758002683944,24120100,ASII.JK
2025-07-04,4323.6259765625,4351.701469916802,4276.833487638663,4304.908980992966,25298100,ASII.JK
2025-07-07,4379.77685546875,4379.77685546875,4295.550377478967,4323.6258701422275,20181800,ASII.JK
2025-07-08,4361.06005859375,4370.418556573564,4323.62606667449,4370.418556573564,21173700,ASII.JK
2025-07-09,4417.2109375,4417.2109375,4370.418448755297,4379.7769465042375,32577400,ASII.JK
2025-07-10,4379.77685546875,4426.5693432408525,4379.77685546875,4417.210845686432,21464100,ASII.JK
2025-07-11,4407.8525390625,4417.211037022294,4379.777045183121,4417.211037022294,19382400,ASII.JK
2025-07-14,4398.494140625,4445.286631482712,4351.701649767288,4407.852638796542,32985800,ASII.JK
2025-07-15,4398.494140625,4398.494140625,4332.984653424202,4398.494140625,25045900,ASII.JK
2025-07-16,4445.2861328125,4501.437115542763,4389.135150082237,4398.493647203947,53394000,ASII.JK
2025-07-17,4482.72021484375,4510.795706794755,4426.569230941741,4445.286225575744,37859000,ASII.JK
2025-07-18,4445.2861328125,4529.512606907894,4445.2861328125,4501.437115542763,23680400,ASII.JK
2025-07-21,4454.64453125,4501.4370158219535,4417.210543592437,4501.4370158219535,17018900,ASII.JK
2025-07-22,4389.1357421875,4454.645230876866,4379.777243803305,4454.645230876866,47232600,ASII.JK
2025-07-23,4632.45654296875,4632.45654296875,4417.211087436869,4435.928083570076,94669900,ASII.JK
2025-07-24,4726.041015625,4749.437258276609,4660.531536200495,4669.890033261138,72459700,ASII.JK
2025-07-25,4679.24853515625,4726.041020507812,4632.456049804688,4679.24853515625,28079000,ASII.JK
2025-07-28,4772.833984375,4772.833984375,4669.890506280637,4702.645249310662,59414600,ASII.JK
2025-07-29,4772.833984375,4796.230229396446,4702.645249310662,4772.833984375,36861000,ASII.JK
2025-07-30,4819.62646484375,4819.62646484375,4749.437729918841,4772.833974893811,53075600,ASII.JK
2025-07-31,4772.833984375,4843.022719439338,4772.833984375,4819.626474417892,44048400,ASII.JK
2025-08-01,4679.24853515625,4819.625991210938,4641.814546875,4796.229748535156,33392000,ASII.JK
2025-08-04,4702.64501953125,4726.041263409515,4623.097790345149,4679.2487756529845,21561700,ASII.JK
2025-08-05,4702.64501953125,4726.041263409515,4669.890278101679,4726.041263409515,20210600,ASII.JK
2025-08-06,4585.6640625,4702.645288584184,4585.6640625,4702.645288584184,24786300,ASII.JK
2025-08-07,4641.81494140625,4702.64517753355,4604.380949943296,4604.380949943296,25930000,ASII.JK
2025-08-08,4604.380859375,4669.890343146595,4604.380859375,4632.456352419969,20639400,ASII.JK
2025-08-11,4585.6640625,4613.739556760203,4557.588568239796,4604.381058673469,21955000,ASII.JK
2025-08-12,4669.89013671875,4702.6448771566575,4576.305164039016,4585.663661306989,22725500,ASII.JK
2025-08-13,4843.0224609375,4913.211192255435,4702.644998301631,4772.833729619565,103458500,ASII.JK
2025-08-14,4772.833984375,4819.626474417892,4749.437739353553,4796.230229396446,31796500,ASII.JK
2025-08-15,4702.64501953125,4796.229995044309,4702.64501953125,4772.833751166045,16434700,ASII.JK
2025-08-19,5170.56982421875,5217.362311315752,4866.418658088235,4936.607388733739,260942000,ASII.JK
2025-08-20,5170.56982421875,5193.966067767251,5100.381093573246,5170.56982421875,74517000,ASII.JK
2025-08-21,5264.15478515625,5287.551028645833,5147.173567708333,5170.569811197916,76746200,ASII.JK
2025-08-22,5334.34326171875,5404.531988846628,5240.758292214912,5287.550776966831,73126900,ASII.JK
2025-08-25,5381.13623046875,5404.532474949049,5310.947497027853,5381.13623046875,60737900,ASII.JK
2025-08-26,5264.15478515625,5357.739759114583,5123.7773242187495,5357.739759114583,79136200,ASII.JK
2025-08-27,5147.17333984375,5357.739521928267,5147.17333984375,5287.550794566761,33172600,ASII.JK
2025-08-28,5217.3623046875,5287.551035243834,5170.569817649944,5170.569817649944,18032900,ASII.JK
2025-08-29,5147.17333984375,5264.1545521129265,5076.984612482244,5100.38085493608,62869000,ASII.JK
2025-09-01,5100.38134765625,5147.173837084289,4866.418900516055,4866.418900516055,67904000,ASII.JK
2025-09-02,5123.77734375,5193.966074486301,5053.588613013699,5147.173587328767,21623300,ASII.JK
2025-09-03,5147.17333984375,5287.550794566761,5100.38085493608,5170.569582297586,45471600,ASII.JK
2025-09-04,5147.17333984375,5147.17333984375,5053.588370028409,5147.17333984375,26987400,ASII.JK
2025-09-08,5076.9853515625,5240.759072580645,5006.796613983295,5240.759072580645,57081800,ASII.JK
2025-09-09,5170.56982421875,5240.758554864253,5006.796119379242,5053.588606476244,49240100,ASII.JK
2025-09-10,5123.77734375,5170.569830907534,5053.588613013699,5170.569830907534,22964700,ASII.JK
2025-09-11,5193.96630859375,5240.758797860361,5100.381330060529,5123.777574693834,28151500,ASII.JK
2025-09-12,5310.94775390625,5334.343999518172,5240.759017070484,5264.155262682407,30653500,ASII.JK
2025-09-15,5264.15478515625,5334.343515625,5240.758541666666,5310.947272135417,26368000,ASII.JK
2025-09-16,5287.55126953125,5310.947514086698,5240.758780420354,5287.55126953125,15987900,ASII.JK
2025-09-17,5334.34326171875,5334.34326171875,5240.758292214912,5287.550776966831,23879700,ASII.JK
2025-09-18,5217.3623046875,5357.739765800168,5193.966061168721,5334.34352228139,27261300,ASII.JK
2025-09-19,5357.73974609375,5381.135989526474,5217.362285497407,5217.362285497407,52162200,ASII.JK
2025-09-22,5334.34326171875,5357.739504094709,5264.154534590872,5357.739504094709,35106300,ASII.JK
2025-09-23,5521.513671875,5568.306160619703,5287.551228151483,5310.947472523835,41044200,ASII.JK
2025-09-24,5521.513671875,5568.306160619703,5474.721183130297,5568.306160619703,61167600,ASII.JK
2025-09-25,5404.5322265625,5521.513443587663,5381.135983157468,5521.513443587663,35805100,ASII.JK
2025-09-26,5498.11767578125,5615.098902925532,5404.532694065824,5498.11767578125,42677800,ASII.JK
2025-09-29,5404.5322265625,5521.513443587663,5381.135983157468,5498.11720018263,20892700,ASII.JK
2025-09-30,5404.5322265625,5451.324713372565,5334.343496347403,5381.135983157468,41266900,ASII.JK
2025-10-01,5310.94775390625,5474.721473189703,5287.551508294328,5451.325227577781,26508200,ASII.JK
2025-10-02,5334.34326171875,5381.135746470669,5264.154534590872,5381.135746470669,29346300,ASII.JK
2025-10-03,5451.32470703125,5474.720950409066,5381.1359768978,5381.1359768978,27951100,ASII.JK
2025-10-06,5451.32470703125,5544.909680542516,5427.928463653433,5521.513437164699,21809400,ASII.JK
2025-10-07,5381.13623046875,5661.891164232337,5357.739985988452,5544.909941830842,43328700,ASII.JK
2025-10-08,5357.73974609375,5498.117206690093,5287.551015795579,5451.324719824645,30080700,ASII.JK
2025-10-09,5544.91015625,5544.91015625,5381.136438554852,5404.532683939873,27699300,ASII.JK
2025-10-10,5521.513671875,5568.306160619703,5474.721183130297,5544.909916247352,27133800,ASII.JK
2025-10-13,5427.9287109375,5544.909933155981,5404.532466493804,5474.721199824892,29034500,ASII.JK
2025-10-14,5545.0166015625,5735.40343766765,5521.218247049356,5521.218247049356,53096200,ASII.JK
2025-10-15,5497.419921875,5664.00840435606,5473.621567234848,5664.00840435606,96604500,ASII.JK
2025-10-16,5473.62158203125,5568.815000849185,5473.62158203125,5568.815000849185,15044500,ASII.JK
2025-10-17,5354.6298828125,5521.218368055555,5307.033172743056,5449.8233029513885,31793700,ASII.JK
2025-10-20,5640.2099609375,5640.2099609375,5354.629709750791,5354.629709750791,29959700,ASII.JK
2025-10-21,5711.60498046875,5759.201688639323,5616.411564127604,5711.60498046875,46181700,ASII.JK
2025-10-22,5878.193359375,5997.185127783401,5711.604883603239,5759.201590966599,98615300,ASII.JK
2025-10-23,6020.9833984375,6092.378458498024,5782.999864902421,5782.999864902421,60009000,ASII.JK
2025-10-24,6258.96728515625,6354.160703941897,6044.782092888546,6068.580447584957,93344500,ASII.JK
2025-10-27,6282.765625,6401.757398200757,6068.580433238636,6282.765625,64262300,ASII.JK
2025-10-28,6020.9833984375,6282.765285326087,5973.386691730484,6282.765285326087,37953500,ASII.JK
2025-10-29,6163.7734375,6187.571790540541,5925.789907094594,5949.588260135135,39818900,ASII.JK
2025-10-30,5973.38671875,6139.975192978088,5949.588365288844,6116.176839516932,28976800,ASII.JK
2025-10-31,5854.39501953125,5997.185141958841,5830.596665793318,5949.588434482977,64790000,ASII.JK
2025-11-03,6044.78173828125,6139.975151482529,5854.394911878691,5854.394911878691,59085000,ASII.JK
2025-11-04,5997.18505859375,6068.5801188151045,5949.588351779514,5997.18505859375,62249200,ASII.JK
2025-11-05,5949.58837890625,6020.983439453125,5878.193318359376,5949.58837890625,43439100,ASII.JK
2025-11-06,6020.9833984375,6044.781751791008,5901.991631669961,5997.185045083992,48979900,ASII.JK
2025-11-07,6116.1767578125,6139.975110955739,5997.184992096304,6020.983345239543,42960800,ASII.JK
2025-11-10,6116.1767578125,6187.5718172422185,6092.378404669261,6187.5718172422185,45533400,ASII.JK
2025-11-11,6211.37060546875,6282.765669899425,6139.975541038075,6235.168960278975,43529600,ASII.JK
2025-11-12,6139.97509765625,6258.966863114704,6092.378391472868,6235.168510023013,37083400,ASII.JK
2025-11-13,6068.580078125,6116.176784620098,6044.781724877451,6116.176784620098,21200000,ASII.JK
2025-11-14,6092.37841796875,6139.975124359131,6020.983358383179,6068.58006477356,23431700,ASII.JK
2025-11-17,6139.97509765625,6187.571803839632,6068.5800383811775,6092.378391472868,40681500,ASII.JK
2025-11-18,6116.1767578125,6235.168523528697,6092.378404669261,6163.773464098979,27510900,ASII.JK
2025-11-19,6092.37841796875,6163.773477554321,5973.386651992798,6116.17677116394,45476700,ASII.JK
2025-11-20,6116.1767578125,6187.5718172422185,6068.580051526022,6139.975110955739,30547700,ASII.JK
2025-11-21,6116.1767578125,6116.1767578125,6020.983345239543,6092.378404669261,43653200,ASII.JK
2025-11-24,6163.7734375,6211.370143581081,6116.176731418919,6187.571790540541,71721700,ASII.JK
2025-11-25,6139.97509765625,6163.773450747941,6068.5800383811775,6116.176744564559,20954400,ASII.JK
2025-11-26,6282.765625,6282.765625,6116.177142518939,6187.572206439394,29331000,ASII.JK
2025-11-27,6258.96728515625,6282.7656398526615,6139.975511674192,6282.7656398526615,23737100,ASII.JK
2025-11-28,6235.1689453125,6282.765654818702,6187.572235806298,6282.765654818702,38378700,ASII.JK
2025-12-01,6068.580078125,6187.571844362746,6020.983371629902,6068.580078125,38669000,ASII.JK
2025-12-02,6306.56396484375,6306.56396484375,6187.57219192217,6258.9672556751175,53567600,ASII.JK
2025-12-03,6282.765625,6330.362334280303,6235.168915719697,6282.765625,24386200,ASII.JK
2025-12-04,6401.75732421875,6401.75732421875,6235.168843662872,6258.967198027997,38510600,ASII.JK
2025-12-05,6377.958984375,6568.345819729478,6377.958984375,6401.757338794309,67707300,ASII.JK
2025-12-08,6401.75732421875,6496.950741679252,6306.563906758248,6496.950741679252,38776000,ASII.JK
2025-12-09,6282.765625,6449.35410748106,6139.975497159091,6449.35410748106,38482800,ASII.JK
2025-12-10,6306.56396484375,6401.757383181014,6235.168901090801,6377.959028596698,34524000,ASII.JK
2025-12-11,6139.97509765625,6354.160275481468,6044.781685289487,6330.361922389777,42116700,ASII.JK
2025-12-12,6282.765625,6282.765625,6116.177142518939,6235.168915719697,28841900,ASII.JK
2025-12-15,6282.765625,6401.757398200757,6211.370561079545,6401.757398200757,38096700,ASII.JK
2025-12-16,6282.765625,6282.765625,6187.572206439394,6258.967270359848,34723600,ASII.JK
2025-12-17,6282.765625,6282.765625,6187.572206439394,6235.168915719697,32681400,ASII.JK
2025-12-18,6187.572265625,6282.765685096154,6163.7739107572115,6282.765685096154,20454400,ASII.JK
2025-12-19,6211.37060546875,6258.9673150891995,6116.177186227849,6258.9673150891995,61201100,ASII.JK
2025-12-22,6258.96728515625,6282.7656398526615,6139.975511674192,6139.975511674192,30755900,ASII.JK
2025-12-23,6187.572265625,6258.967330228365,6139.975555889423,6187.572265625,13756700,ASII.JK
2025-12-24,6306.56396484375,6354.160674012382,6139.975482753537,6139.975482753537,20273000,ASII.JK
2025-12-29,6354.16064453125,6401.75735347905,6282.765581109551,6306.56393558345,20982300,ASII.JK
2025-12-30,6377.958984375,6401.757338794309,6282.765566697761,6354.16062995569,23486000,ASII.JK
2026-01-02,6473.15234375,6473.15234375,6282.765510110294,6282.765510110294,19569100,ASII.JK
2026-01-05,6544.54736328125,6544.54736328125,6354.1605308948865,6449.353947088069,30633400,ASII.JK
2026-01-06,6568.345703125,6568.345703125,6377.958871150362,6544.54734912817,33964700,ASII.JK
2026-01-07,6687.33740234375,6734.934109833741,6473.15221863879,6473.15221863879,55249800,ASII.JK
2026-01-08,6663.5390625,6758.732477678572,6639.740708705357,6687.337416294643,30845500,ASII.JK
2026-01-09,6544.54736328125,6758.732549715909,6496.95065518466,6663.539133522728,29171000,ASII.JK
2026-01-12,6663.5390625,6663.5390625,6568.345647321428,6592.144001116071,24915100,ASII.JK
2026-01-13,6949.119140625,6949.119140625,6687.337255190497,6734.933961633134,65659900,ASII.JK
2026-01-14,6782.53076171875,6877.724175918311,6687.337347519188,6853.925822368421,40658400,ASII.JK
2026-01-15,6711.1357421875,6853.925864361702,6663.539034796099,6853.925864361702,26410300,ASII.JK
2026-01-19,7044.31298828125,7115.708052351668,6830.127796069996,6853.926150760135,51590900,ASII.JK
2026-01-20,6925.32080078125,7020.514213850408,6877.724094246671,6996.715860583118,21167100,ASII.JK
2026-01-21,6282.765625,6473.152462121212,5997.185369318182,5997.185369318182,269454100,ASII.JK
2026-01-22,6449.35400390625,6520.7490666801195,6306.56387835851,6377.95894113238,70220500,ASII.JK
2026-01-23,6496.95068359375,6568.345746050824,6330.362204527244,6473.152329441392,52227800,ASII.JK
2026-01-26,6544.54736328125,6544.54736328125,6377.958884943182,6520.749009232955,55468700,ASII.JK
2026-01-27,5997.18505859375,6473.152126736111,5925.7899983723955,6449.353773328993,145465800,ASII.JK
2026-01-28,5878.193359375,6163.773603555162,5497.419700468117,5901.99171305668,200262500,ASII.JK
2026-01-29,6163.7734375,6163.7734375,5449.822846283783,5901.991554054054,136295200,ASII.JK
2026-01-30,6044.78173828125,6235.16856468381,5997.18503168061,6211.37021138349,101087200,ASII.JK
2026-02-02,5973.38671875,6092.378486055777,5878.193304905379,6044.7817791334655,71571500,ASII.JK
2026-02-03,6473.15234375,6473.15234375,6020.983613855698,6068.580322265625,63526500,ASII.JK
2026-02-04,6354.16064453125,6496.950771374649,6306.56393558345,6473.152416900749,58211100,ASII.JK
2026-02-05,6615.9423828125,6663.539090602518,6401.757197757419,6401.757197757419,72792600,ASII.JK
2026-02-06,6377.958984375,6473.152402052238,6258.967212278451,6473.152402052238,49547300,ASII.JK
2026-02-09,6330.3623046875,6425.555722803101,6211.370532042998,6425.555722803101,34797900,ASII.JK
2026-02-10,6520.7490234375,6520.7490234375,6330.362190636405,6377.958898836679,45371100,ASII.JK
2026-02-11,6425.5556640625,6496.950726996528,6377.958955439814,6473.152372685186,41050100,ASII.JK
2026-02-12,6449.35400390625,6568.345775196033,6425.555649648293,6449.35400390625,26536900,ASII.JK
2026-02-13,6330.3623046875,6449.354077332002,6258.967241100799,6449.354077332002,31212900,ASII.JK
2026-02-18,6377.958984375,6425.555693213619,6330.36227553638,6425.555693213619,25858200,ASII.JK
2026-02-19,6282.765625,6449.35410748106,6235.168915719697,6377.959043560606,46704000,ASII.JK
2026-02-20,6235.1689453125,6330.362364324905,6235.1689453125,6282.765654818702,28160900,ASII.JK
2026-02-23,6306.56396484375,6330.362319428065,6235.168901090801,6306.56396484375,38075400,ASII.JK
2026-02-24,6235.1689453125,6401.757428584208,6235.1689453125,6330.362364324905,51297100,ASII.JK
2026-02-25,6330.3623046875,6354.1606592164,6258.967241100799,6282.765595629699,45214100,ASII.JK
2026-02-26,6401.75732421875,6401.75732421875,6258.967198027997,6377.958969853625,30901600,ASII.JK
2026-02-27,6354.16064453125,6425.55570795295,6258.967226635651,6401.75735347905,68396400,ASII.JK
2026-03-02,5997.18505859375,6306.563652886285,5973.386705186632,6282.765299479167,60477400,ASII.JK
2026-03-03,5973.38671875,6116.176839516932,5949.588365288844,6092.378486055777,31573300,ASII.JK
2026-03-04,5854.39501953125,6020.983495696773,5711.604897103658,5973.38678822091,49747800,ASII.JK
2026-03-05,6020.9833984375,6044.781751791008,5901.991631669961,5997.185045083992,38471400,ASII.JK
2026-03-06,5830.5966796875,5997.18515625,5759.201618303571,5997.18515625,38071100,ASII.JK
2026-03-09,5568.81494140625,5616.411650307158,5521.218232505342,5616.411650307158,46625500,ASII.JK
2026-03-10,5711.60498046875,5854.395104980468,5616.411564127604,5616.411564127604,33964900,ASII.JK
2026-03-11,5664.00830078125,5759.201717601103,5592.61323816636,5711.605009191177,18403300,ASII.JK
2026-03-12,5664.00830078125,5759.201717601103,5616.411592371323,5687.806654986213,20628100,ASII.JK
2026-03-13,5545.0166015625,5664.008374128219,5497.4198925362125,5616.411665101931,27856000,ASII.JK
2026-03-16,5568.81494140625,5616.411650307158,5402.226460253071,5592.613295856704,37696400,ASII.JK
2026-03-17,5521.21826171875,5640.21003460062,5473.621552566003,5640.21003460062,89895700,ASII.JK
2026-03-25,6282.765625,6282.765625,5806.79853219697,5997.185369318182,134276600,ASII.JK
2026-03-26,5949.58837890625,6258.966974609375,5925.7900253906255,6258.966974609375,45012000,ASII.JK
2026-03-27,5830.5966796875,5925.790094866072,5759.201618303571,5901.991741071429,32993200,ASII.JK
2026-03-30,6044.78173828125,6092.37844488189,5711.604792076771,5806.798205278052,48246100,ASII.JK
2026-03-31,5949.58837890625,6044.78179296875,5878.193318359376,6044.78179296875,31516100,ASII.JK
2026-04-01,5949.58837890625,6044.78179296875,5830.596611328126,5973.386732421875,37708800,ASII.JK
2026-04-02,5783.0,5997.185185185185,5735.403292181069,5854.3950617283945,37842500,ASII.JK
2026-04-06,5806.79833984375,5830.596693695569,5735.403278288294,5782.999985991932,15705000,ASII.JK
2026-04-07,5616.41162109375,5783.000101380429,5592.613266767082,5783.000101380429,22912400,ASII.JK
2026-04-08,5901.99169921875,5949.588406470514,5735.403223837576,5759.201577463457,28419500,ASII.JK
2026-04-09,5878.193359375,5878.193359375,5759.201590966599,5854.39500569332,25785600,ASII.JK
2026-04-10,5997.18505859375,6044.781765407986,5901.991644965278,5925.7899983723955,37451300,ASII.JK
2026-04-13,5878.193359375,5973.386774101721,5854.39500569332,5973.386774101721,35616700,ASII.JK
2026-04-14,5854.39501953125,5973.38678822091,5806.798312055386,5949.588434482977,35499900,ASII.JK
2026-04-15,5997.18505859375,6092.378472222223,5925.7899983723955,5949.588351779514,54204700,ASII.JK
2026-04-16,5901.99169921875,6068.580174599924,5878.193345592868,6044.781820974043,28237100,ASII.JK
2026-04-17,6068.580078125,6163.7734911151965,5949.588311887255,5973.386665134804,25291100,ASII.JK
2026-04-20,6044.78173828125,6139.975151482529,5973.3866783802905,6068.58009158157,18307400,ASII.JK
2026-04-21,6020.9833984375,6139.97516520504,5997.185045083992,6139.97516520504,25696400,ASII.JK
2026-04-22,6282.765625,6306.563979640151,6068.580433238636,6116.177142518939,42250100,ASII.JK
2026-04-23,6020.9833984375,6306.563638679595,6020.9833984375,6282.765285326087,31725300,ASII.JK
2026-04-24,6020.9833984375,6163.773518558548,5973.386691730484,6092.378458498024,27751700,ASII.JK
2026-04-27,5830.5966796875,6068.580217633928,5830.5966796875,6068.580217633928,19496400,ASII.JK
2026-04-28,5735.4033203125,5901.991798495851,5735.4033203125,5854.395090443465,36965000,ASII.JK
2026-04-29,5759.20166015625,5949.588491896952,5735.403306188662,5830.596722059014,26325800,ASII.JK
2026-04-30,5687.806640625,5783.000057204497,5687.806640625,5783.000057204497,47690300,ASII.JK
2026-05-04,5783.0,5830.59670781893,5735.403292181069,5759.201646090535,33999000,ASII.JK
2026-05-05,5875.0,5950.0,5725.0,5825.0,38038400,ASII.JK
2026-05-06,5750.0,5975.0,5750.0,5950.0,27273500,ASII.JK
2026-05-07,5850.0,5900.0,5775.0,5800.0,37017100,ASII.JK
2026-05-08,5825.0,6000.0,5800.0,5875.0,36425000,ASII.JK
2026-05-11,6050.0,6050.0,5825.0,5925.0,26376000,ASII.JK
2026-05-12,5850.0,6100.0,5850.0,6050.0,25658100,ASII.JK
2026-05-13,5750.0,5900.0,5750.0,5850.0,32026500,ASII.JK
2026-05-14,5750.0,5750.0,5750.0,5750.0,0,ASII.JK
2026-05-15,5750.0,5750.0,5750.0,5750.0,0,ASII.JK
2026-05-18,6000.0,6000.0,5775.0,5825.0,54305300,ASII.JK
2026-05-19,5950.0,6050.0,5925.0,6000.0,34901400,ASII.JK
2026-05-20,5975.0,6100.0,5900.0,5950.0,37175000,ASII.JK
2026-05-21,5600.0,6025.0,5600.0,6000.0,57790800,ASII.JK
2026-05-22,5400.0,5650.0,5300.0,5625.0,65064200,ASII.JK
2026-05-25,5600.0,5625.0,5325.0,5425.0,92115700,ASII.JK
2026-05-26,5125.0,5600.0,5125.0,5575.0,82648100,ASII.JK
2026-05-27,5125.0,5125.0,5125.0,5125.0,0,ASII.JK
2026-05-28,5125.0,5125.0,5125.0,5125.0,0,ASII.JK
2026-05-29,5000.0,5200.0,4800.0,4800.0,481573900,ASII.JK
2026-06-02,4900.0,5050.0,4840.0,5000.0,156532600,ASII.JK
2026-06-03,4840.0,4920.0,4670.0,4900.0,101108500,ASII.JK
2026-06-04,4630.0,4840.0,4570.0,4810.0,160423900,ASII.JK
2026-06-05,4570.0,4620.0,4530.0,4600.0,64364700,ASII.JK
2026-06-08,4360.0,4550.0,4350.0,4550.0,85460100,ASII.JK
2026-06-09,4670.0,4680.0,4360.0,4360.0,84193600,ASII.JK
2026-06-10,4700.0,4750.0,4530.0,4650.0,91880000,ASII.JK
2026-06-11,4700.0,4950.0,4680.0,4700.0,85205900,ASII.JK
2026-06-12,4740.0,4810.0,4720.0,4760.0,66162000,ASII.JK
2026-06-15,4890.0,4980.0,4880.0,4900.0,89864300,ASII.JK
2026-06-17,4800.0,4910.0,4790.0,4880.0,72821600,ASII.JK
2026-06-18,4770.0,4830.0,4710.0,4800.0,60565200,ASII.JK
2026-06-19,4810.0,4830.0,4750.0,4770.0,229098200,ASII.JK
2026-06-22,4730.0,4880.0,4710.0,4880.0,46627400,ASII.JK
2026-06-23,4680.0,4780.0,4650.0,4730.0,57376700,ASII.JK
2026-06-24,4640.0,4830.0,4630.0,4830.0,53683100,ASII.JK
2026-06-25,4920.0,4950.0,4640.0,4640.0,88497000,ASII.JK
2026-06-26,4760.0,4930.0,4710.0,4920.0,64841400,ASII.JK
2026-06-29,4710.0,4770.0,4680.0,4770.0,25237300,ASII.JK
2026-06-30,4520.0,4720.0,4470.0,4710.0,81706000,ASII.JK
2026-07-01,4600.0,4650.0,4500.0,4530.0,30899300,ASII.JK
2026-07-02,4580.0,4680.0,4580.0,4620.0,52263400,ASII.JK
2026-07-03,4810.0,4830.0,4600.0,4600.0,24908400,ASII.JK
2026-07-06,4780.0,4810.0,4690.0,4810.0,31139400,ASII.JK
2026-07-07,4930.0,4980.0,4780.0,4790.0,44556600,ASII.JK
2026-07-08,4890.0,4980.0,4870.0,4930.0,44811600,ASII.JK
2026-07-09,4880.0,4900.0,4760.0,4900.0,43391100,ASII.JK
2026-07-10,4810.0,4870.0,4770.0,4850.0,24557100,ASII.JK
2026-07-13,4850.0,4860.0,4730.0,4810.0,43780800,ASII.JK
2026-07-14,4880.0,4910.0,4810.0,4850.0,50811200,ASII.JK
2026-07-15,4850.0,4930.0,4850.0,4880.0,37729500,ASII.JK
2026-07-16,5100.0,5150.0,4840.0,4850.0,72624500,ASII.JK
2026-07-17,5100.0,5200.0,5025.0,5125.0,65960600,ASII.JK
2026-07-20,5050.0,5250.0,5050.0,5125.0,67793400,ASII.JK
2026-07-21,5100.0,5150.0,5050.0,5100.0,40894600,ASII.JK
2026-07-22,5150.0,5300.0,5100.0,5150.0,93334100,ASII.JK
2026-07-23,5000.0,5175.0,5000.0,5150.0,66257200,ASII.JK
2026-07-24,4980.0,4980.0,4900.0,4980.0,73314000,ASII.JK
2026-07-27,4910.0,4950.0,4900.0,4950.0,21049300,ASII.JK
2026-07-28,4970.0,5025.0,4920.0,4920.0,34388400,ASII.JK
2026-07-29,4960.0,5025.0,4950.0,5000.0,23808100,ASII.JK
2026-07-30,4950.0,4950.0,4870.0,4920.0,33910100,ASII.JK
2026-07-31,5100.0,5175.0,5000.0,5000.0,46139800,ASII.JK
2026-08-03,5050.0,5275.0,5000.0,5275.0,30943600,ASII.JK
2026-08-04,5125.0,5125.0,5000.0,5050.0,39489500,ASII.JK
2026-08-05,5025.0,5175.0,5000.0,5150.0,49014700,ASII.JK
2026-08-06,5100.0,5125.0,5025.0,5050.0,53209500,ASII.JK
2026-08-07,5100.0,5175.0,5025.0,5050.0,34507300,ASII.JK
2026-08-10,5000.0,5100.0,4960.0,5100.0,70515600,ASII.JK
2026-08-11,4870.0,5025.0,4860.0,5000.0,49228200,ASII.JK
2026-08-12,4860.0,4920.0,4810.0,4870.0,62946100,ASII.JK
2026-08-13,4800.0,4890.0,4780.0,4880.0,48407300,ASII.JK
2026-08-14,4780.0,4820.0,4760.0,4800.0,31883200,ASII.JK
2026-08-18,4790.0,4820.0,4760.0,4800.0,59420100,ASII.JK
2026-08-19,4730.0,4800.0,4720.0,4790.0,44815500,ASII.JK
2026-08-20,4790.0,4790.0,4730.0,4750.0,40700200,ASII.JK
2026-08-21,4780.0,4850.0,4780.0,4840.0,48756800,ASII.JK
2026-08-24,4790.0,4800.0,4730.0,4800.0,35455200,ASII.JK
2026-08-25,4790.0,4790.0,4790.0,4790.0,0,ASII.JK
2026-08-26,4780.0,4810.0,4740.0,4800.0,47671400,ASII.JK
2026-08-27,4790.0,4810.0,4740.0,4780.0,37802400,ASII.JK
2026-08-28,4800.0,4860.0,4760.0,4790.0,53631000,ASII.JK
2026-08-31,4800.0,4830.0,4770.0,4800.0,79688700,ASII.JK
2026-09-01,4920.0,4930.0,4790.0,4800.0,72626100,ASII.JK
2026-09-02,4840.0,4940.0,4830.0,4930.0,46788800,ASII.JK
2026-09-03,5050.0,5050.0,4850.0,4860.0,84978900,ASII.JK
2026-09-04,4900.0,5050.0,4880.0,5050.0,50573000,ASII.JK
2021-01-04,5644.025390625,5662.90172972408,5549.643695129598,5625.149051525919,8203000,UNVR.JK
2021-01-05,5568.51953125,5662.901218220339,5568.51953125,5644.024880826271,11869900,UNVR.JK
2021-01-06,5436.38525390625,5587.395955403646,5417.508916219076,5568.519617716472,24431200,UNVR.JK
2021-01-07,5436.38525390625,5474.1379292806,5379.756240844727,5436.38525390625,14692600,UNVR.JK
2021-01-08,5417.509765625,5493.015128212108,5379.757084331446,5474.138787565331,24667000,UNVR.JK
2021-01-11,5436.38525390625,5549.643280029297,5360.879903157553,5417.508916219076,25591700,UNVR.JK
2021-01-12,5360.88037109375,5493.01474643761,5360.88037109375,5474.138407102772,20896700,UNVR.JK
2021-01-13,5304.2509765625,5436.385342526691,5285.374638567616,5436.385342526691,28188400,UNVR.JK
2021-01-14,5285.375,5342.004017857143,5285.375,5304.2513392857145,27720000,UNVR.JK
2021-01-15,5247.62255859375,5323.127919149056,5228.746218454924,5285.375238871403,18780400,UNVR.JK
2021-01-18,5662.90283203125,5681.7791748046875,5209.87060546875,5247.623291015625,44943900,UNVR.JK
2021-01-19,5719.5302734375,6040.428011551155,5681.7775983653055,5889.417311262376,108575300,UNVR.JK
2021-01-20,5587.396484375,5795.036218591638,5530.76746595228,5738.407200168919,34817000,UNVR.JK
2021-01-21,5530.767578125,5662.9019571245735,5530.767578125,5587.396597696245,16702700,UNVR.JK
2021-01-22,5493.0146484375,5587.396343427835,5455.261970441366,5568.520004429768,14718800,UNVR.JK
2021-01-25,5474.13818359375,5530.767199286099,5304.251136516703,5493.014522157867,17025000,UNVR.JK
2021-01-26,5474.13818359375,5644.025230670797,5417.509167901401,5493.014522157867,17948000,UNVR.JK
2021-01-27,5379.75634765625,5549.643390213816,5323.127333470395,5530.767052151865,14628000,UNVR.JK
2021-01-28,5342.00439453125,5417.509756998123,5228.746350830941,5360.880735147968,20723700,UNVR.JK
2021-01-29,5228.74658203125,5455.2626794477665,5209.870240579874,5342.004630739509,36432100,UNVR.JK
2021-02-01,5304.2509765625,5360.879990547153,5134.363934608541,5209.8692865880785,15324400,UNVR.JK
2021-02-02,5285.375,5379.756696428572,5247.622321428572,5360.880357142857,11678200,UNVR.JK
2021-02-03,5417.509765625,5530.767809505662,5285.375381097561,5360.880743684669,16730800,UNVR.JK
2021-02-04,5511.89111328125,5530.767452710295,5417.509416136023,5474.138434423159,17606900,UNVR.JK
2021-02-05,5455.2626953125,5549.644402843858,5436.386353806229,5530.768061337587,11295000,UNVR.JK
2021-02-08,5360.88037109375,5474.138407102772,5360.88037109375,5455.262067767935,14010900,UNVR.JK
2021-02-09,5360.88037109375,5417.509389098262,5304.251353089238,5398.633049763424,10394200,UNVR.JK
2021-02-10,5398.6328125,5398.6328125,5304.251119973776,5398.6328125,6019200,UNVR.JK
2021-02-11,5417.509765625,5417.509765625,5360.880743684669,5417.509765625,3700200,UNVR.JK
2021-02-15,5323.1279296875,5417.509630568485,5304.251589511304,5417.509630568485,8252200,UNVR.JK
2021-02-16,5304.2509765625,5360.879990547153,5285.374638567616,5360.879990547153,11529000,UNVR.JK
2021-02-17,5360.88037109375,5360.88037109375,5266.498674419564,5285.375013754401,6980200,UNVR.JK
2021-02-18,5266.4990234375,5360.880726366488,5266.4990234375,5342.0043857806895,11085900,UNVR.JK
2021-02-19,5247.62255859375,5266.498898732577,5209.869878316097,5266.498898732577,8791400,UNVR.JK
2021-02-22,5190.99267578125,5285.374360795455,5190.99267578125,5266.498023792614,14949100,UNVR.JK
2021-02-23,5172.1162109375,5228.745220546305,5134.363537864963,5209.868884010037,12860600,UNVR.JK
2021-02-24,5172.1162109375,5247.621557082573,5172.1162109375,5172.1162109375,10340700,UNVR.JK
2021-02-25,5115.48828125,5209.869983856089,5096.611940728782,5172.117302813654,14021800,UNVR.JK
2021-02-26,5285.375,5285.375,5039.982589285714,5096.611607142857,26873400,UNVR.JK
2021-03-01,5153.24072265625,5285.375100160257,5134.36438301282,5285.375100160257,13054100,UNVR.JK
2021-03-02,5153.24072265625,5172.11706229968,5077.735364082532,5153.24072265625,17348900,UNVR.JK
2021-03-03,5190.99267578125,5209.869012784091,5115.487327769886,5153.240001775568,8276700,UNVR.JK
2021-03-04,5077.7353515625,5190.99338914382,5077.7353515625,5190.99338914382,10778200,UNVR.JK
2021-03-05,5077.7353515625,5096.611691159387,5039.982672368727,5058.859011965614,6029300,UNVR.JK
2021-03-08,5021.10595703125,5134.363986137218,5002.229618846922,5134.363986137218,10141900,UNVR.JK
2021-03-09,4945.60107421875,5058.859114086355,4888.972054284947,5058.859114086355,18687300,UNVR.JK
2021-03-10,4964.4775390625,5002.230219967918,4926.724858157082,4964.4775390625,6458000,UNVR.JK
2021-03-12,5058.85888671875,5058.85888671875,4964.477191071012,4964.477191071012,6978300,UNVR.JK
2021-03-15,4964.4775390625,5077.735581778755,4964.4775390625,5058.859241326046,12546500,UNVR.JK
2021-03-16,4945.60107421875,5021.106434130486,4926.724734240815,4964.477414196684,12107300,UNVR.JK
2021-03-17,4888.97119140625,4983.352874638032,4888.97119140625,4945.600201345319,10231700,UNVR.JK
2021-03-18,4983.353515625,4983.353515625,4907.848159327651,4907.848159327651,12740200,UNVR.JK
2021-03-19,5096.61181640625,5096.61181640625,4926.724755859374,4983.353776041667,24004400,UNVR.JK
2021-03-22,5058.85888671875,5115.487904107393,5039.982547589203,5096.611564977846,6044900,UNVR.JK
2021-03-23,5096.61181640625,5134.364496527777,5039.982796223958,5039.982796223958,8836500,UNVR.JK
2021-03-24,4964.4775390625,5096.611922231464,4945.601198609791,5077.735581778755,11037200,UNVR.JK
2021-03-25,5021.10595703125,5021.10595703125,4907.8479279252815,4983.3532806625935,10704500,UNVR.JK
2021-03-26,4983.353515625,5058.858871922348,4983.353515625,5021.106193773674,5548000,UNVR.JK
2021-03-29,5077.7353515625,5115.4880307562735,4964.4773139811805,4983.353653578067,11959200,UNVR.JK
2021-03-30,4945.60107421875,5077.735454064289,4926.724734240815,5058.859114086355,14708700,UNVR.JK
2021-03-31,4964.4775390625,4983.353879515209,4870.095836798954,4983.353879515209,14361800,UNVR.JK
2021-04-01,5002.22998046875,5058.858999115566,4926.724622272995,4964.477301370873,9105000,UNVR.JK
2021-04-05,4888.97119140625,5002.229211284387,4888.97119140625,5002.229211284387,5799200,UNVR.JK
2021-04-06,4888.97119140625,4926.723864698963,4870.094854759894,4907.847528052606,5009900,UNVR.JK
2021-04-07,4926.72412109375,4945.600458722462,4870.095108207615,4888.971445836327,5096500,UNVR.JK
2021-04-08,4983.353515625,5134.364228219697,4926.724498401988,4926.724498401988,10879400,UNVR.JK
2021-04-09,4888.97119140625,5002.229211284387,4888.97119140625,4983.352874638032,9479200,UNVR.JK
2021-04-12,4775.7138671875,4945.600921751482,4756.837527791502,4907.848242959486,15823700,UNVR.JK
2021-04-13,4700.208984375,4794.5906908885545,4643.579960466867,4794.5906908885545,12975200,UNVR.JK
2021-04-14,4756.83740234375,4775.71374124194,4700.208385649182,4719.0847245473715,5450700,UNVR.JK
2021-04-15,4832.3427734375,4832.3427734375,4700.208400726318,4756.837417602539,8910100,UNVR.JK
2021-04-16,4775.7138671875,4870.09556416749,4719.084848999506,4832.342885375494,7481000,UNVR.JK
2021-04-19,4756.83740234375,4813.466419038318,4700.208385649182,4794.590080140129,7032700,UNVR.JK
2021-04-20,4700.208984375,4756.838008283133,4643.579960466867,4756.838008283133,13695800,UNVR.JK
2021-04-21,4605.82568359375,4681.331022669057,4605.82568359375,4643.578353131404,14082200,UNVR.JK
2021-04-22,4624.70263671875,4643.57897401148,4586.949962133291,4605.82629942602,12095300,UNVR.JK
2021-04-23,4586.95068359375,4643.579704378858,4549.198003070345,4643.579704378858,11471100,UNVR.JK
2021-04-26,4624.70263671875,4681.331648596939,4586.949962133291,4586.949962133291,8628200,UNVR.JK
2021-04-27,4549.19677734375,4681.331123573651,4549.19677734375,4681.331123573651,10560300,UNVR.JK
2021-04-28,4586.95068359375,4586.95068359375,4530.321662808642,4549.198003070345,9453200,UNVR.JK
2021-04-29,4568.07275390625,4624.701754987733,4530.320086518595,4605.825421293905,21365800,UNVR.JK
2021-04-30,4530.32080078125,4605.826147460938,4473.691790771484,4568.073474121094,22253900,UNVR.JK
2021-05-03,4454.81640625,4530.321769067797,4454.81640625,4530.321769067797,11454300,UNVR.JK
2021-05-04,4341.55810546875,4492.568822180707,4303.805426290761,4454.816143002718,27736500,UNVR.JK
2021-05-05,4360.43408203125,4454.815772118507,4322.681405996347,4341.557744013799,23481700,UNVR.JK
2021-05-06,4190.546875,4360.4339104729725,4190.546875,4341.557573198198,41445900,UNVR.JK
2021-05-07,4171.67041015625,4247.175756946408,4152.79407345871,4190.546746853789,32723800,UNVR.JK
2021-05-10,4303.8046875,4435.93904194079,4190.546669407895,4190.546669407895,42701900,UNVR.JK
2021-05-11,4247.17578125,4398.186475694444,4228.299444444444,4266.052118055555,28767800,UNVR.JK
2021-05-17,4228.2998046875,4322.681496756418,4152.794451032366,4266.0524815150675,20202700,UNVR.JK
2021-05-18,4209.423828125,4266.052848234305,4171.67114805213,4266.052848234305,12773900,UNVR.JK
2021-05-19,4115.04150390625,4190.546852601778,4096.165166732368,4190.546852601778,16176000,UNVR.JK
2021-05-20,4247.17578125,4247.17578125,4115.041423611111,4115.041423611111,20439300,UNVR.JK
2021-05-21,4209.423828125,4284.929188270739,4190.547488088565,4266.052848234305,12760600,UNVR.JK
2021-05-24,4322.68115234375,4341.557489253549,4209.423130884962,4266.0521416143565,19589000,UNVR.JK
2021-05-25,4284.92822265625,4341.55723000413,4209.422879525743,4341.55723000413,23086400,UNVR.JK
2021-05-27,4398.1865234375,4417.062860447961,4284.928501374731,4322.6811753956545,53308600,UNVR.JK
2021-05-28,4360.43408203125,4417.063096083604,4247.176053926542,4417.063096083604,26276900,UNVR.JK
2021-05-31,4417.06298828125,4417.06298828125,4303.804962940705,4360.4339756109775,17773400,UNVR.JK
2021-06-02,4417.06298828125,4530.321013621795,4322.681300497462,4530.321013621795,31109000,UNVR.JK
2021-06-03,4360.43408203125,4379.310420048701,4284.928729961445,4379.310420048701,21195800,UNVR.JK
2021-06-04,4266.05224609375,4360.433932954231,4266.05224609375,4360.433932954231,15902700,UNVR.JK
2021-06-07,4247.17578125,4303.8047916666665,4247.17578125,4266.052118055555,18097900,UNVR.JK
2021-06-08,4208.74072265625,4285.61269932577,4189.52272848887,4285.61269932577,18894700,UNVR.JK
2021-06-09,4074.21435546875,4227.958293410968,4035.778370983196,4208.74030116819,41615400,UNVR.JK
2021-06-10,4074.21435546875,4170.3043166826355,4054.9963632259733,4131.868332197082,22243100,UNVR.JK
2021-06-11,4112.650390625,4112.650390625,4016.5604282272197,4074.214405665888,23436200,UNVR.JK
2021-06-14,4035.778564453125,4131.8685302734375,4035.778564453125,4112.650537109375,11521500,UNVR.JK
2021-06-15,3978.123779296875,4035.777747112772,3939.687800752944,4016.559757840806,26706500,UNVR.JK
2021-06-16,3997.342041015625,4054.9960127610425,3920.4700786884014,3958.906059852013,23034600,UNVR.JK
2021-06-17,3901.252685546875,3978.124659646321,3901.252685546875,3978.124659646321,19772100,UNVR.JK
2021-06-18,3766.7265625,3901.2525111607147,3766.7265625,3901.2525111607147,57214300,UNVR.JK
2021-06-21,3920.470703125,3958.906690410539,3620.670002297794,3689.8547794117644,34387400,UNVR.JK
2021-06-22,3882.033447265625,3939.6874093537285,3843.597472540223,3920.469421991027,17867700,UNVR.JK
2021-06-23,3835.911376953125,3920.4705455833546,3835.911376953125,3882.034559842341,9268200,UNVR.JK
2021-06-24,3812.85009765625,3882.0348776540445,3812.8500976562495,3835.911690988848,5114800,UNVR.JK
2021-06-25,3843.598388671875,3862.8163806152343,3805.162404785156,3862.8163806152343,13206100,UNVR.JK
2021-06-28,3862.816650390625,3920.4706302472014,3766.7266839629974,3862.816650390625,15756100,UNVR.JK
2021-06-29,3843.598388671875,3958.906340332031,3812.8496015625,3920.4703564453125,17471600,UNVR.JK
2021-06-30,3805.162109375,3843.598090277778,3805.162109375,3843.598090277778,13308000,UNVR.JK
2021-07-01,4016.561279296875,4035.779275848535,3805.1633172286183,3805.1633172286183,24688000,UNVR.JK
2021-07-02,3958.90576171875,3997.3417399878645,3901.251794315079,3997.3417399878645,22708800,UNVR.JK
2021-07-05,3805.162109375,3958.9060329861113,3797.4749131944445,3958.9060329861113,20589900,UNVR.JK
2021-07-06,3843.598388671875,3862.8163806152343,3789.788011230469,3812.8496015625,11307700,UNVR.JK
2021-07-07,3789.78857421875,3828.224563815289,3766.7269804608263,3812.850167976673,19448300,UNVR.JK
2021-07-08,3735.977294921875,3812.849255722737,3735.977294921875,3805.1620596426505,14979500,UNVR.JK
2021-07-09,3759.03955078125,3759.03955078125,3697.5419712183666,3728.2907609998083,13202300,UNVR.JK
2021-07-12,3862.816650390625,3901.252636961676,3766.7266839629974,3766.7266839629974,27418800,UNVR.JK
2021-07-13,3920.470703125,3997.342677696078,3862.816722196691,3920.470703125,29032400,UNVR.JK
2021-07-14,3920.470703125,3939.688696767769,3774.413951439951,3920.470703125,23386200,UNVR.JK
2021-07-15,3958.90576171875,3978.1237508533072,3862.8158160459648,3862.8158160459648,14978400,UNVR.JK
2021-07-16,3958.90576171875,3997.3417399878645,3882.033805180522,3958.90576171875,9184800,UNVR.JK
2021-07-19,3901.252685546875,3939.6886725965983,3862.816698497152,3920.470679071737,7018000,UNVR.JK
2021-07-21,3939.6884765625,3958.9064691310978,3882.034498856707,3901.252491425305,11283600,UNVR.JK
2021-07-22,3862.816650390625,3958.9066168182526,3843.5986571050994,3939.688623532727,20499500,UNVR.JK
2021-07-23,3689.85498046875,3812.850146484375,3689.85498046875,3812.850146484375,74486500,UNVR.JK
2021-07-26,3612.983154296875,3705.2295327044544,3612.983154296875,3689.855136303191,33290700,UNVR.JK
2021-07-27,3459.23876953125,3612.98271484375,3428.4899804687498,3612.98271484375,55131100,UNVR.JK
2021-07-28,3420.802490234375,3489.9872596997893,3397.74090041257,3459.2384732707164,17865300,UNVR.JK
2021-07-29,3328.55615234375,3428.489708880629,3328.55615234375,3420.802512223946,35079600,UNVR.JK
2021-07-30,3243.99658203125,3390.0533001795766,3243.99658203125,3374.678908795542,59329000,UNVR.JK
2021-08-02,3382.3671875,3382.3671875,3236.310422585227,3243.997620738636,47024900,UNVR.JK
2021-08-03,3366.992431640625,3436.177207633241,3359.305234308112,3382.3668263056506,25149400,UNVR.JK
2021-08-04,3328.55615234375,3397.740922253897,3305.494562373701,3382.366528940531,25519900,UNVR.JK
2021-08-05,3413.115966796875,3420.8031649202917,3274.7464005753804,3328.556787439295,47119200,UNVR.JK
2021-08-06,3397.740966796875,3443.8641473416287,3382.366573281957,3413.1153603117928,23050300,UNVR.JK
2021-08-09,3313.181396484375,3397.740550454974,3305.4942006688657,3390.053354639465,17401800,UNVR.JK
2021-08-10,3267.05908203125,3320.869466911765,3243.9974885110296,3305.4950712316177,20393900,UNVR.JK
2021-08-12,3236.309814453125,3328.5561749601025,3205.5610276174657,3297.807388124443,28977900,UNVR.JK
2021-08-13,3267.05908203125,3274.7462798713236,3236.310290670956,3251.684686351103,10076000,UNVR.JK
2021-08-16,3190.18701171875,3267.058987904744,3174.8126164815512,3259.3717902861445,17673100,UNVR.JK
2021-08-18,3251.684326171875,3290.1203111148047,3190.1867502631867,3205.5611442403588,32100800,UNVR.JK
2021-08-19,3159.43798828125,3274.745944057938,3151.7507912294705,3267.0587470061587,18192800,UNVR.JK
2021-08-20,3128.689208984375,3167.1251943527336,3113.314814837032,3144.0636031317185,12646500,UNVR.JK
2021-08-23,3121.001953125,3182.4995285560344,3097.9403623383623,3136.3763469827586,22533200,UNVR.JK
2021-08-24,3136.376220703125,3151.7506139418656,3105.6274342256434,3121.0018274643844,18406800,UNVR.JK
2021-08-25,3205.560791015625,3213.2479871571495,3151.7504180249553,3159.4376141664793,22682800,UNVR.JK
2021-08-26,3144.063232421875,3205.5608017602,3113.314447752712,3205.5608017602,19988900,UNVR.JK
2021-08-27,3097.9404296875,3128.689218071495,3082.5660354955025,3121.002020975496,21212400,UNVR.JK
2021-08-30,3174.812255859375,3174.812255859375,3097.940288405153,3105.627485150575,21892200,UNVR.JK
2021-08-31,3113.314697265625,3190.1866650993443,3113.314697265625,3159.4378779658564,38977800,UNVR.JK
2021-09-01,3151.75048828125,3159.437684594131,3121.0017030297254,3128.6888993426064,23793400,UNVR.JK
2021-09-02,3190.18701171875,3190.18701171875,3151.751023625753,3159.4382212443525,12173000,UNVR.JK
2021-09-03,3259.371826171875,3267.0590238751106,3190.187046842755,3205.5614422492263,22908300,UNVR.JK
2021-09-06,3267.05908203125,3305.4950712316177,3236.310290670956,3259.3718841911764,18434200,UNVR.JK
2021-09-07,3267.05908203125,3297.807873391544,3267.05908203125,3267.05908203125,16097400,UNVR.JK
2021-09-08,3151.75048828125,3282.4328256002286,3128.6888993426064,3267.058432974466,27585800,UNVR.JK
2021-09-09,3151.75048828125,3190.186469845655,3128.6888993426064,3151.75048828125,22145100,UNVR.JK
2021-09-10,3136.376220703125,3190.186597038718,3136.376220703125,3174.812203799977,14311100,UNVR.JK
2021-09-13,3105.627685546875,3151.750868995591,3097.9404883054226,3136.376474512686,16431100,UNVR.JK
2021-09-14,3113.314697265625,3144.0634843991124,3097.940303698881,3113.314697265625,15456600,UNVR.JK
2021-09-15,3105.627685546875,3136.376474512686,3097.9404883054226,3113.314882788328,16681800,UNVR.JK
2021-09-16,3082.566162109375,3128.68934657984,3074.878964697631,3113.3149517563515,20730600,UNVR.JK
2021-09-17,3036.44287109375,3090.253251087817,3036.44287109375,3082.566053945807,42311400,UNVR.JK
2021-09-20,2982.632568359375,3044.1301470884346,2967.2581736771103,3036.442949747302,25006900,UNVR.JK
2021-09-21,2951.883056640625,2974.94464302063,2921.1342748006186,2967.2574475606284,27510700,UNVR.JK
2021-09-22,3105.627685546875,3121.0020800297802,2951.883740717822,2951.883740717822,53992900,UNVR.JK
2021-09-23,3113.314697265625,3136.3762876157407,3082.565910132137,3113.314697265625,30884400,UNVR.JK
2021-09-24,3051.8173828125,3121.0021597528334,3036.44298793687,3105.627764877204,28440200,UNVR.JK
2021-09-27,2967.258056640625,3051.8172240578447,2959.5708596026957,3051.8172240578447,26324200,UNVR.JK
2021-09-28,2936.50927734375,2974.9452626492966,2928.822080282641,2967.258065588187,14852900,UNVR.JK
2021-09-29,3013.38134765625,3013.38134765625,2921.1349798708547,2921.1349798708547,21762400,UNVR.JK
2021-09-30,3036.44287109375,3082.566053945807,3021.0684768097312,3021.0684768097312,35514100,UNVR.JK
2021-10-01,2967.258056640625,3067.191618133703,2944.1964655268375,3021.0684359061283,32614400,UNVR.JK
2021-10-04,3059.50390625,3090.252689227387,2974.9447530621856,2982.6319488065324,42279800,UNVR.JK
2021-10-05,3190.18701171875,3220.9358021931475,3059.50465220256,3059.50465220256,50537400,UNVR.JK
2021-10-06,3282.433349609375,3305.4949422295813,3197.8741766686185,3228.6229668288934,53674800,UNVR.JK
2021-10-07,3712.91650390625,3882.034853980655,3305.4950241815477,3305.4950241815477,250903800,UNVR.JK
2021-10-08,3659.10546875,3789.7878069196427,3628.3566832983192,3751.351825105042,68396500,UNVR.JK
2021-10-11,3712.91650390625,3728.2908993675596,3636.0445265997027,3659.106119791667,39246200,UNVR.JK
2021-10-12,3789.78857421875,3789.7885742187495,3651.4190116712093,3712.9165950256715,49064900,UNVR.JK
2021-10-13,4035.778564453125,4054.9965576171876,3751.3522656249997,3805.162646484375,101550600,UNVR.JK
2021-10-14,4093.43212890625,4151.086102552817,3958.906190397594,4035.778155259683,86890500,UNVR.JK
2021-10-15,4016.561279296875,4151.087255158493,3939.6892930902363,4093.4332655035137,76894800,UNVR.JK
2021-10-18,3920.470703125,4054.9966586243872,3920.470703125,4016.560671338848,46484400,UNVR.JK
2021-10-19,3939.6884765625,3958.9064691310978,3882.034498856707,3920.4704839939027,26024500,UNVR.JK
2021-10-21,3843.598388671875,3958.906340332031,3797.4752080078124,3958.906340332031,49450100,UNVR.JK
2021-10-22,3728.290283203125,3805.1622478052514,3697.541497362274,3805.1622478052514,49601400,UNVR.JK
2021-10-25,3520.736328125,3728.2906531454696,3520.736328125,3728.2906531454696,76202500,UNVR.JK
2021-10-26,3566.859619140625,3643.731593691069,3513.0492369553135,3520.736434410358,40624300,UNVR.JK
2021-10-27,3489.9873046875,3605.295255282902,3474.61291127478,3574.5464684574613,39664600,UNVR.JK
2021-10-28,3413.115966796875,3543.7983348949538,3390.054372426626,3482.3007499076225,48607600,UNVR.JK
2021-10-29,3397.740966796875,3497.674524643842,3382.366573281957,3428.489753826711,43142600,UNVR.JK
2021-11-01,3397.740966796875,3497.674524643842,3390.0537700394157,3459.238540856547,37917000,UNVR.JK
2021-11-02,3436.177490234375,3436.177490234375,3351.6183126223436,3420.803094304915,23580400,UNVR.JK
2021-11-03,3420.802490234375,3466.9256698779845,3413.115293627107,3451.551276663448,20173500,UNVR.JK
2021-11-04,3420.802490234375,3482.300063092521,3420.802490234375,3428.489686841643,19606500,UNVR.JK
2021-11-05,3405.42822265625,3443.864207110609,3382.3666319836343,3428.4898133288657,15950300,UNVR.JK
2021-11-08,3428.489501953125,3436.1766981458454,3405.427913374965,3420.802305760405,12599400,UNVR.JK
2021-11-09,3405.42822265625,3436.1770102197374,3366.9922382018904,3428.4898133288657,23025100,UNVR.JK
2021-11-10,3359.30517578125,3405.4283589727543,3351.6179785826657,3397.7411617741705,15585200,UNVR.JK
2021-11-11,3582.233642578125,3605.2952325518036,3374.6793328150147,3390.0537261308004,63047300,UNVR.JK
2021-11-12,3536.11083984375,3643.731604534647,3520.736444887908,3605.295617145041,30654100,UNVR.JK
2021-11-15,3466.92578125,3559.1721435005543,3466.92578125,3559.1721435005543,14544700,UNVR.JK
2021-11-16,3513.04931640625,3513.04931640625,3428.4901424883756,3466.926130632864,12701100,UNVR.JK
2021-11-17,3459.23876953125,3520.73634765625,3459.23876953125,3513.049150390625,15347100,UNVR.JK
2021-11-18,3443.86474609375,3489.9879346575053,3428.4903499058314,3443.86474609375,15522000,UNVR.JK
2021-11-19,3582.233642578125,3589.920839236018,3459.2384960518375,3459.2384960518375,39746800,UNVR.JK
2021-11-22,3720.603515625,3720.603515625,3551.485174005682,3582.2339633910124,38502000,UNVR.JK
2021-11-23,3751.35205078125,3759.0392476066213,3659.105688876793,3720.6032634797643,33067100,UNVR.JK
2021-11-24,3720.603515625,3743.6651076639982,3697.541923586002,3743.6651076639982,18237600,UNVR.JK
2021-11-25,3705.228515625,3735.9772999870333,3689.8541234439836,3720.602907806017,13327300,UNVR.JK
2021-11-26,3620.669677734375,3712.9160389505378,3589.920890662321,3697.5416454145106,22837400,UNVR.JK
2021-11-29,3559.172607421875,3612.9829924152946,3513.049420284659,3612.9829924152946,24000400,UNVR.JK
2021-11-30,3493.666015625,3626.2381635393417,3478.06929234096,3587.2463553292414,66592500,UNVR.JK
2021-12-01,3361.09375,3548.2544228538286,3353.2953886310906,3493.6658932714618,40625400,UNVR.JK
2021-12-02,3345.497314453125,3384.489124644886,3290.908780184659,3361.0940385298295,34857400,UNVR.JK
2021-12-03,3290.9091796875,3384.4895355079975,3275.312453717417,3353.296083567832,31096900,UNVR.JK
2021-12-06,3275.311767578125,3314.3035743350074,3244.118322172619,3298.7068516322547,16426600,UNVR.JK
2021-12-07,3329.900634765625,3353.2957211925495,3298.707186196392,3306.5055483387,16917800,UNVR.JK
2021-12-08,3329.900634765625,3392.287531904091,3329.900634765625,3353.2957211925495,10992800,UNVR.JK
2021-12-09,3407.884033203125,3407.884033203125,3329.9004168826873,3353.2955017788186,10364600,UNVR.JK
2021-12-10,3454.67431640625,3454.67431640625,3361.0939737496474,3407.8841450779487,14291300,UNVR.JK
2021-12-13,3415.68212890625,3454.673934030751,3415.68212890625,3431.2788509560505,13018900,UNVR.JK
2021-12-14,3345.497314453125,3400.0858487215905,3337.6989524147725,3392.2874866832385,13487200,UNVR.JK
2021-12-15,3329.900634765625,3407.8842561887072,3322.102272623317,3345.4973590502414,11306700,UNVR.JK
2021-12-16,3283.10986328125,3368.891831205463,3275.3115025608668,3345.496749044314,13521600,UNVR.JK
2021-12-17,3236.320556640625,3306.5058217243973,3236.320556640625,3259.7156450018824,18949400,UNVR.JK
2021-12-20,3228.521484375,3244.118206521739,3212.924762228261,3236.3198454483695,12059600,UNVR.JK
2021-12-21,3181.731689453125,3259.7153092926624,3181.731689453125,3236.320223340801,15689800,UNVR.JK
2021-12-22,3166.134765625,3220.7232960668102,3158.336404133313,3197.328211591749,10188400,UNVR.JK
2021-12-23,3181.731689453125,3212.92513738894,3166.1349654852174,3166.1349654852174,7863700,UNVR.JK
2021-12-24,3275.311767578125,3283.1101289295016,3181.731431361607,3189.5297927129836,11979500,UNVR.JK
2021-12-27,3283.10986328125,3298.706584722016,3251.916420399718,3275.3115025608668,7238100,UNVR.JK
2021-12-28,3259.715087890625,3298.706895162044,3259.715087890625,3283.1101722534763,7006900,UNVR.JK
2021-12-29,3212.925048828125,3267.513581211127,3212.925048828125,3259.715219442127,9030700,UNVR.JK
2021-12-30,3205.126708984375,3251.9168799184536,3205.126708984375,3220.7234326290677,7633100,UNVR.JK
2022-01-03,3298.706787109375,3384.4887602966164,3212.9248139221336,3212.9248139221336,24420300,UNVR.JK
2022-01-04,3314.30322265625,3361.0933857996324,3298.7065016084557,3314.30322265625,13276500,UNVR.JK
2022-01-05,3283.10986328125,3329.900027603548,3259.7147811201007,3322.101666883165,9697800,UNVR.JK
2022-01-06,3298.706787109375,3306.505148308215,3259.7149811151744,3283.110064711695,7594500,UNVR.JK
2022-01-07,3290.9091796875,3306.505905657583,3275.312453717417,3298.7075426725414,7219700,UNVR.JK
2022-01-10,3314.30322265625,3345.496664751838,3275.3114200367645,3290.908141084559,12806600,UNVR.JK
2022-01-11,3259.715087890625,3329.900340979179,3236.3200035277737,3322.1019795248953,17846600,UNVR.JK
2022-01-12,3376.691162109375,3384.4895250703667,3259.7157176945007,3275.312443616484,29769500,UNVR.JK
2022-01-13,3329.900634765625,3384.4891697617827,3306.5055483387,3376.6908076194745,13806300,UNVR.JK
2022-01-14,3290.9091796875,3337.699357597749,3283.1108167024586,3337.699357597749,11920000,UNVR.JK
2022-01-17,3236.320556640625,3306.5058217243973,3228.522193853539,3306.5058217243973,20035500,UNVR.JK
2022-01-18,3205.126708984375,3298.707050852532,3173.9332616949896,3244.118518096107,27044300,UNVR.JK
2022-01-19,3197.328125,3205.126486280488,3181.7314024390244,3205.126486280488,7662700,UNVR.JK
2022-01-20,3197.328125,3212.924847560975,3173.9330411585365,3197.328125,9264200,UNVR.JK
2022-01-21,3236.320556640625,3236.320556640625,3181.732017131024,3189.5303799181097,15210700,UNVR.JK
2022-01-24,3181.731689453125,3228.5218613568472,3181.731689453125,3220.7234993728935,9762900,UNVR.JK
2022-01-25,3166.134765625,3205.126573083436,3127.1429581665643,3197.328211591749,17157500,UNVR.JK
2022-01-26,3220.72314453125,3220.72314453125,3158.336255533066,3166.1346166578387,11479200,UNVR.JK
2022-01-27,3166.134765625,3212.924934575123,3158.336404133313,3212.924934575123,6277700,UNVR.JK
2022-01-28,3158.336669921875,3189.530118513696,3142.7399456259645,3166.1350320698302,10458800,UNVR.JK
2022-01-31,3142.739501953125,3181.7313071882754,3119.3444188120347,3166.1345850942153,19204300,UNVR.JK
2022-02-02,3158.336669921875,3166.1350320698302,3127.143221330054,3142.7399456259645,8369600,UNVR.JK
2022-02-03,3127.143310546875,3158.336760028639,3119.3449481764337,3158.336760028639,8460100,UNVR.JK
2022-02-04,3134.94140625,3150.5381296641795,3111.5463211287315,3134.94140625,14487100,UNVR.JK
2022-02-07,3119.344482421875,3158.3362884521484,3119.344482421875,3134.941204833984,14546900,UNVR.JK
2022-02-08,3119.344482421875,3181.7313720703123,3119.344482421875,3119.344482421875,19022800,UNVR.JK
2022-02-09,3088.151123046875,3134.9412915778885,3088.151123046875,3119.3445687342173,20209400,UNVR.JK
2022-02-10,3103.748046875,3150.5382184359296,3088.151323021357,3088.151323021357,21580200,UNVR.JK
2022-02-11,3041.361083984375,3088.151254507212,3025.764360476763,3080.3528927534057,38093800,UNVR.JK
2022-02-14,3002.368896484375,3049.1590611049105,3002.368896484375,3041.360700334821,27720300,UNVR.JK
2022-02-15,3017.96630859375,3025.764671148256,3002.3695834847385,3010.1679460392443,16340600,UNVR.JK
2022-02-16,3017.96630859375,3056.958121366279,3017.96630859375,3025.764671148256,22715500,UNVR.JK
2022-02-17,2986.77294921875,3049.159851552301,2978.9745864270562,3025.7647631772197,28291200,UNVR.JK
2022-02-18,3002.368896484375,3041.360700334821,2994.5705357142856,2994.5705357142856,27431100,UNVR.JK
2022-02-21,3002.368896484375,3041.360700334821,3002.368896484375,3002.368896484375,12790900,UNVR.JK
2022-02-22,2971.17578125,3017.965951033465,2963.3774196194227,3002.36922777231,28240100,UNVR.JK
2022-02-23,2978.973876953125,3010.167320690854,2963.3771550842607,2971.1755160186926,21559300,UNVR.JK
2022-02-24,2877.595458984375,2994.570884146341,2861.998735629446,2971.175799113948,51511000,UNVR.JK
2022-02-25,2869.797119140625,2924.385651298191,2869.797119140625,2885.3938426142154,39737700,UNVR.JK
2022-03-01,2869.797119140625,2908.7889278246007,2861.9987574038296,2877.59548087742,21312400,UNVR.JK
2022-03-02,2854.20068359375,2971.176121445953,2846.40232107027,2869.7974086407103,37310800,UNVR.JK
2022-03-04,2745.0234375,2861.998868075284,2745.0234375,2854.2005060369315,42359200,UNVR.JK
2022-03-07,2674.837890625,2737.2247802022594,2651.4428070335275,2729.4264190051017,41980800,UNVR.JK
2022-03-08,2620.24951171875,2745.0232979910716,2620.24951171875,2667.0396815708705,35450900,UNVR.JK
2022-03-09,2651.443359375,2690.435173483456,2628.0482709099265,2628.0482709099265,24068100,UNVR.JK
2022-03-10,2674.837890625,2698.232974216472,2628.0477234420555,2690.434613019315,19292400,UNVR.JK
2022-03-11,2628.047607421875,2667.0394116862944,2628.047607421875,2667.0394116862944,19258300,UNVR.JK
2022-03-14,2635.845947265625,2659.2410296378052,2628.0475864748983,2635.845947265625,20868200,UNVR.JK
2022-03-15,2557.8623046875,2682.6360756478657,2557.8623046875,2651.4426329077746,35618500,UNVR.JK
2022-03-16,2690.4345703125,2760.619819972826,2557.8624320652175,2565.660793138587,66871800,UNVR.JK
2022-03-17,2667.039794921875,2745.023414656433,2635.846347028052,2721.6283287360657,33986000,UNVR.JK
2022-03-18,2620.24951171875,2682.636404854911,2604.65278843471,2674.8380432128906,23334800,UNVR.JK
2022-03-21,2698.23291015625,2706.0312711682623,2596.8542170000906,2620.2493000361274,29782900,UNVR.JK
2022-03-22,2721.628173828125,2729.4265353577184,2682.636366180158,2698.2330892393447,24196400,UNVR.JK
2022-03-23,2659.241455078125,2737.2250754616475,2659.241455078125,2729.4267134232955,16459800,UNVR.JK
2022-03-24,2635.845947265625,2667.039390428532,2620.249225684172,2651.4426688470785,24615200,UNVR.JK
2022-03-25,2651.443359375,2667.0400850183823,2635.8466337316177,2643.644996553309,14146900,UNVR.JK
2022-03-28,2698.23291015625,2721.627993192287,2628.0476610481396,2651.4427440841764,23752600,UNVR.JK
2022-03-29,2713.830078125,2776.2169764727014,2713.830078125,2713.830078125,41388600,UNVR.JK
2022-03-30,2900.990478515625,2916.5872015183973,2729.426525485131,2729.426525485131,91287100,UNVR.JK
2022-03-31,2854.20068359375,2932.184308828552,2846.40232107027,2908.7892212581114,47424200,UNVR.JK
2022-04-01,2823.007080078125,2877.5956147757684,2807.4103558787983,2854.2005284767783,26735700,UNVR.JK
2022-04-04,2784.014892578125,2854.200141970851,2760.6198094472165,2830.8050588399424,36823300,UNVR.JK
2022-04-05,2869.797119140625,2877.59548087742,2784.0151400358777,2784.0151400358777,30816700,UNVR.JK
2022-04-06,2807.409912109375,2869.796799045139,2776.216468641493,2869.796799045139,25193400,UNVR.JK
2022-04-07,2784.014892578125,2838.6034198835787,2768.418170490853,2807.409975709034,18081300,UNVR.JK
2022-04-08,2760.619873046875,2807.410040386653,2745.0231506002824,2799.6116791633563,14057400,UNVR.JK
2022-04-11,2698.23291015625,2784.0148812883854,2690.4345491442377,2784.0148812883854,27777500,UNVR.JK
2022-04-12,2745.0234375,2745.0234375,2659.241455078125,2698.233265269886,17817400,UNVR.JK
2022-04-13,2682.636474609375,2745.0233693677324,2659.241389074991,2745.0233693677324,20850000,UNVR.JK
2022-04-14,2651.443359375,2698.233536305147,2651.443359375,2674.8384478400735,9591300,UNVR.JK
2022-04-18,2643.64453125,2682.6363384955753,2628.04780835177,2651.442892699115,10009100,UNVR.JK
2022-04-19,2612.451171875,2659.2413421175374,2612.451171875,2643.6446187033584,13023000,UNVR.JK
2022-04-20,2706.031494140625,2737.2249407589607,2628.047877594786,2643.6446009039537,29867500,UNVR.JK
2022-04-21,2651.443359375,2729.4269875919117,2651.443359375,2706.031899126838,19189900,UNVR.JK
2022-04-22,2674.837890625,2682.636251822157,2628.0477234420555,2651.4428070335275,16244400,UNVR.JK
2022-04-25,2877.595458984375,2900.990544016768,2651.4429703379064,2667.039693692835,53256900,UNVR.JK
2022-04-26,3033.5625,3064.755944730077,2877.5952763496143,2900.9903598971723,96737500,UNVR.JK
2022-04-27,2971.17578125,3041.361035925197,2939.9823347276906,3033.5626742946197,36437100,UNVR.JK
2022-04-28,3033.5625,3056.957583547558,2939.9821658097685,2986.772332904884,33886500,UNVR.JK
2022-05-09,3127.143310546875,3228.522021362609,3033.562962101582,3119.3449481764337,103950200,UNVR.JK
2022-05-10,3415.68212890625,3431.2788509560505,3111.546048935146,3127.142770984946,172562700,UNVR.JK
2022-05-11,3805.600341796875,3852.3905099337217,3415.682273989818,3431.2789967021004,197748700,UNVR.JK
2022-05-12,3657.43212890625,3852.391197611274,3571.6501386760397,3836.7944721148724,118621900,UNVR.JK
2022-05-13,3743.2138671875,3821.1974894205728,3634.036796061198,3657.4318827311195,79196200,UNVR.JK
2022-05-17,3743.2138671875,3821.1974894205728,3634.036796061198,3751.0122294108073,43843800,UNVR.JK
2022-05-18,3918.6767578125,3957.668566347948,3751.011981110075,3758.8103428171644,88532400,UNVR.JK
2022-05-19,3805.600341796875,3899.1806780705683,3782.205257728451,3867.987232646004,56274400,UNVR.JK
2022-05-20,3938.1728515625,3996.660567179765,3790.0039719987626,3797.8023340810646,58516300,UNVR.JK
2022-05-23,3805.600341796875,3957.668388241627,3782.205257728451,3938.172484851274,37184300,UNVR.JK
2022-05-24,3751.011962890625,3860.189026259583,3665.229984529301,3836.793941251949,39458200,UNVR.JK
2022-05-25,3719.819091796875,3821.1978091833726,3688.6256402933373,3790.004357679835,38989700,UNVR.JK
2022-05-27,3712.01953125,3774.4064141281515,3673.0277294511557,3743.2129726890757,31887700,UNVR.JK
2022-05-30,3626.238037109375,3712.0200121807793,3602.8429529989917,3712.0200121807793,49609700,UNVR.JK
2022-05-31,3688.62451171875,3758.809756127775,3610.6409068198336,3649.632709269292,93943100,UNVR.JK
2022-06-02,3735.415283203125,3813.3989008065305,3673.0283891204003,3712.0201979221033,56089200,UNVR.JK
2022-06-03,3680.82666015625,3751.011914269399,3680.82666015625,3751.011914269399,25523600,UNVR.JK
2022-06-06,3719.819091796875,3727.6174546727593,3665.230551665684,3680.8272774174525,16170500,UNVR.JK
2022-06-07,3688.62451171875,3727.616314168208,3680.8261512288586,3719.817953678317,19562800,UNVR.JK
2022-06-08,3813.398681640625,3875.7855721378132,3688.6249006462485,3696.4232619583972,56202700,UNVR.JK
2022-06-09,3758.81005859375,3844.5920308853088,3712.019891889264,3821.1969475330657,32236200,UNVR.JK
2022-06-10,3704.221435546875,3735.4148792146384,3680.8263527960526,3727.6165182976974,20081200,UNVR.JK
2022-06-13,3657.43212890625,3665.2304916544513,3587.2468641724417,3657.43212890625,28947200,UNVR.JK
2022-06-14,3696.423583984375,3696.423583984375,3595.0448780945085,3618.439964069093,22498700,UNVR.JK
2022-06-15,3743.2138671875,3751.0122294108073,3657.4318827311195,3704.2220560709634,24158700,UNVR.JK
2022-06-16,3743.2138671875,3782.205678304036,3688.6253316243487,3782.205678304036,19890100,UNVR.JK
2022-06-17,3626.238037109375,3743.2134576612902,3626.238037109375,3712.0200121807793,35637800,UNVR.JK
2022-06-20,3918.6767578125,3918.6767578125005,3634.0365555037315,3649.6332789179105,64615100,UNVR.JK
2022-06-21,3938.1728515625,3977.16466197401,3860.1892307394805,3938.1728515625,38363600,UNVR.JK
2022-06-22,3813.398681640625,3938.1724626350015,3790.0035977041794,3938.1724626350015,25752200,UNVR.JK
2022-06-23,3867.98779296875,3899.1812429120464,3790.004168110509,3821.1976180538054,33615200,UNVR.JK
2022-06-24,3958.419677734375,3958.4196777343745,3863.22722055439,3910.8234491443823,22538000,UNVR.JK
2022-06-27,3950.487548828125,3966.352960670808,3887.025901457392,3958.4202547494665,19512800,UNVR.JK
2022-06-28,4006.016845703125,4025.8486122660115,3934.6224860767325,3950.487899327042,25740300,UNVR.JK
2022-06-29,3918.7568359375,4006.016603539347,3894.9587175006327,3966.353072811235,19482000,UNVR.JK
2022-06-30,3783.901123046875,3950.48796494202,3768.0357095330514,3926.6898446712853,32840700,UNVR.JK
2022-07-01,3831.4970703125,3855.295188761646,3720.4391842164855,3768.0354211147774,19350200,UNVR.JK
2022-07-04,3728.37109375,3823.563547207447,3609.3805269281916,3807.6981382978724,22093000,UNVR.JK
2022-07-05,3775.96728515625,3791.832693917411,3712.5056501116073,3728.371058872768,14993200,UNVR.JK
2022-07-06,3791.83349609375,3831.4970263876176,3736.304553682335,3760.102671858656,12189400,UNVR.JK
2022-07-07,3966.35302734375,3986.1847924804683,3807.6989062499997,3823.5643183593747,37537700,UNVR.JK
2022-07-08,3879.093017578125,3986.184542603288,3815.6313731187693,3986.184542603288,26420400,UNVR.JK
2022-07-11,3807.698974609375,3894.9587427775064,3768.035443623861,3887.026036580404,20528000,UNVR.JK
2022-07-12,3871.160400390625,3871.160400390625,3783.9006372670656,3807.698754482582,15676300,UNVR.JK
2022-07-13,3887.025634765625,3902.8910455197706,3823.5639917490435,3887.025634765625,13093300,UNVR.JK
2022-07-14,3887.025634765625,3887.025634765625,3807.698580994898,3887.025634765625,17033300,UNVR.JK
2022-07-15,3831.4970703125,3910.824131809653,3823.5643641627844,3887.026013360507,13119700,UNVR.JK
2022-07-18,3950.487548828125,3950.487548828125,3831.4969600080008,3863.227783693367,10748900,UNVR.JK
2022-07-19,3942.554931640625,3958.420343840386,3879.0932828415807,3942.554931640625,16537800,UNVR.JK
2022-07-20,3942.554931640625,4045.680110939072,3926.689519440864,3958.420343840386,37835400,UNVR.JK
2022-07-21,3966.35302734375,3966.3530273437495,3879.0932607421873,3942.554909179687,13828900,UNVR.JK
2022-07-22,3966.35302734375,3966.3530273437495,3918.756791015625,3966.3530273437495,14582600,UNVR.JK
2022-07-25,3910.82373046875,3950.487257146932,3902.8910251331135,3950.487257146932,9190300,UNVR.JK
2022-07-26,3910.82373046875,3926.689141140023,3887.0256144618406,3910.82373046875,8239100,UNVR.JK
2022-07-27,3744.23681640625,3986.1843225511457,3736.3041112867454,3926.6890341548597,49444700,UNVR.JK
2022-07-28,3577.650146484375,3783.9004875233854,3569.7174410597972,3744.2369604004984,82746200,UNVR.JK
2022-07-29,3577.650146484375,3617.3136736072615,3553.8520302106426,3585.5828519089523,55532300,UNVR.JK
2022-08-01,3609.38134765625,3688.7084102421018,3577.650522621909,3593.51593513908,28250300,UNVR.JK
2022-08-02,3649.045166015625,3656.9778728982674,3593.516217837126,3609.3816316024117,22763900,UNVR.JK
2022-08-03,3641.111328125,3649.044032543573,3609.380510450708,3649.044032543573,14248900,UNVR.JK
2022-08-04,3649.045166015625,3656.9778728982674,3593.516217837126,3641.112459132982,21726600,UNVR.JK
2022-08-05,3744.23681640625,3760.1022266452596,3664.9097652112023,3688.7078805697165,32171000,UNVR.JK
2022-08-08,3799.76611328125,3807.698819154489,3752.169878041819,3760.1025839150575,20764800,UNVR.JK
2022-08-09,3744.23681640625,3807.698457362288,3744.23681640625,3807.698457362288,14898200,UNVR.JK
2022-08-10,3791.83349609375,3791.83349609375,3696.6410233884676,3744.2372597411086,21241700,UNVR.JK
2022-08-11,3768.03466796875,3807.6981907894738,3760.101963404605,3799.765486225329,17603200,UNVR.JK
2022-08-12,3783.901123046875,3847.3627771021684,3768.0357095330514,3768.0357095330514,20011800,UNVR.JK
2022-08-15,3775.96728515625,3791.832693917411,3736.3037632533483,3783.8999895368306,14082800,UNVR.JK
2022-08-16,3783.901123046875,3815.6319500745217,3736.3048825054047,3791.8338298037866,11493000,UNVR.JK
2022-08-18,3799.76611328125,3815.631525027727,3752.169878041819,3807.698819154489,14617400,UNVR.JK
2022-08-19,3752.169189453125,3831.49623362761,3752.169189453125,3815.6308247927127,13156500,UNVR.JK
2022-08-22,3768.03466796875,3807.6981907894738,3752.1692588404608,3768.03466796875,14214600,UNVR.JK
2022-08-23,3815.63134765625,3831.496758665216,3775.967820133836,3807.698642151767,18458700,UNVR.JK
2022-08-24,3847.3623046875,3871.1604220360828,3807.698775773196,3823.5641873389177,14304200,UNVR.JK
2022-08-25,3839.4296875,3863.227805397727,3807.6988636363635,3847.362393465909,10177700,UNVR.JK
2022-08-26,3656.977294921875,3847.362230015422,3656.9772949218755,3847.362230015422,44804400,UNVR.JK
2022-08-29,3633.17919921875,3649.0446105690503,3577.650259492699,3617.3137878684497,20184000,UNVR.JK
2022-08-30,3633.17919921875,3672.8427275945005,3633.17919921875,3641.1119048939,23733200,UNVR.JK
2022-08-31,3641.111328125,3664.909441380719,3593.515101613562,3633.178623706427,38272000,UNVR.JK
2022-09-01,3601.4482421875,3656.9771798423735,3601.4482421875005,3641.111769083838,13106400,UNVR.JK
2022-09-02,3609.38134765625,3649.0448789491757,3601.4486413976647,3601.4486413976647,11307400,UNVR.JK
2022-09-05,3593.515869140625,3625.246693592198,3577.6504569148387,3609.3812813664113,13208600,UNVR.JK
2022-09-06,3577.650146484375,3601.448262758107,3530.0539139369107,3593.5155573335296,23742100,UNVR.JK
2022-09-07,3641.111328125,3641.111328125,3561.78428393927,3577.649692776416,26881000,UNVR.JK
2022-09-08,3585.582763671875,3656.977110736138,3585.582763671875,3641.111700277413,13657900,UNVR.JK
2022-09-09,3569.717529296875,3625.2464686414933,3569.717529296875,3585.5829405381946,10000000,UNVR.JK
2022-09-12,3609.38134765625,3617.3140539148353,3577.650522621909,3577.650522621909,7679800,UNVR.JK
2022-09-13,3704.573974609375,3704.573974609375,3617.3142021881695,3625.2469087719155,22934000,UNVR.JK
2022-09-14,3672.843017578125,3680.7757238795893,3649.044898673731,3680.7757238795893,10053400,UNVR.JK
2022-09-15,3649.045166015625,3696.6414073114806,3633.1797522503393,3680.7759935461954,16878200,UNVR.JK
2022-09-16,3672.843017578125,3680.7757238795893,3656.977604975196,3680.7757238795893,21233900,UNVR.JK
2022-09-19,3649.045166015625,3672.843286663553,3577.650804071841,3672.843286663553,9791100,UNVR.JK
2022-09-20,3752.169189453125,3752.169189453125,3664.909440861192,3672.84214527864,25974800,UNVR.JK
2022-09-21,3815.63134765625,3839.429464169699,3752.1697036203873,3752.1697036203873,33960700,UNVR.JK
2022-09-22,3815.63134765625,3815.6313476562505,3760.1024091248705,3815.6313476562505,14406800,UNVR.JK
2022-09-23,3815.63134765625,3823.5640531607332,3783.900525638319,3815.6313476562505,11888400,UNVR.JK
2022-09-26,3799.76611328125,3831.496936774204,3768.0352897882963,3815.631525027727,17728200,UNVR.JK
2022-09-27,3807.698974609375,3815.631680806478,3783.9008560180664,3807.698974609375,10292300,UNVR.JK
2022-09-28,3815.63134765625,3839.429464169699,3791.8332311428017,3807.698642151767,16851700,UNVR.JK
2022-09-29,3847.3623046875,3863.227716253222,3799.766069990335,3807.698775773196,18109500,UNVR.JK
2022-09-30,3831.4970703125,3847.3624826119303,3736.304596515916,3839.429776462215,23108800,UNVR.JK
2022-10-03,3847.3623046875,3863.227716253222,3823.5641873389177,3831.4968931217786,14748400,UNVR.JK
2022-10-04,3863.226806640625,3887.024918385844,3847.3613988104785,3871.159510555698,12967400,UNVR.JK
2022-10-05,3831.4970703125,3887.026013360507,3831.4970703125,3887.026013360507,13566800,UNVR.JK
2022-10-06,3887.025634765625,3887.025634765625,3839.4294025031886,3855.294813257334,17339500,UNVR.JK
2022-10-07,3839.4296875,3894.9586292613635,3775.968039772727,3887.0259232954545,14439400,UNVR.JK
2022-10-10,3807.698974609375,3839.4297993977866,3728.371912638346,3839.4297993977866,8699400,UNVR.JK
2022-10-11,3752.169189453125,3791.832711540367,3752.169189453125,3791.832711540367,10775800,UNVR.JK
2022-10-12,3799.76611328125,3799.76611328125,3696.6409369291496,3752.169878041819,11194200,UNVR.JK
2022-10-13,3839.4296875,3839.4296874999995,3783.900745738636,3799.7661576704545,12495000,UNVR.JK
2022-10-14,3815.63134765625,3855.2948751786644,3783.900525638319,3839.429464169699,9611600,UNVR.JK
2022-10-17,3831.4970703125,3847.3624826119303,3807.698951863354,3847.3624826119303,11650600,UNVR.JK
2022-10-18,3887.025634765625,3887.025634765625,3815.631286371971,3847.3621078802616,18797200,UNVR.JK
2022-10-19,4243.99755859375,4263.829322886244,3910.823918479848,3910.823918479848,82474800,UNVR.JK
2022-10-20,4283.6611328125,4323.324661820023,4144.838781286168,4243.997603804976,51712800,UNVR.JK
2022-10-21,4204.33447265625,4283.661538178067,4164.670939895343,4283.661538178067,18231200,UNVR.JK
2022-10-24,4224.166015625,4343.156607614436,4164.670719630281,4184.502484961855,27349200,UNVR.JK
2022-10-25,4184.501953125,4263.829004369076,4125.006664691943,4224.165478747038,16874900,UNVR.JK
2022-10-26,4283.6611328125,4283.6611328125,4105.1752522786455,4164.670545789931,28826300,UNVR.JK
2022-10-27,4243.99755859375,4323.324615763727,4184.502265716267,4283.661087178738,22168700,UNVR.JK
2022-10-28,3950.487548828125,4025.8482550808703,3950.487548828125,4006.0164902775164,33806300,UNVR.JK
2022-10-31,3680.775390625,3760.1024464574352,3680.775390625,3688.7080962082437,83268400,UNVR.JK
2022-11-01,3593.515869140625,3720.4391669469164,3569.7177508019454,3641.1121058179842,88422300,UNVR.JK
2022-11-02,3569.717529296875,3641.1118798828124,3537.986706814236,3593.5156461588545,37943000,UNVR.JK
2022-11-03,3577.650146484375,3617.3136736072615,3569.7174410597972,3577.6501464843745,15402200,UNVR.JK
2022-11-04,3601.4482421875,3609.3809475667676,3545.919304532627,3593.515536808233,20812100,UNVR.JK
2022-11-07,3664.91015625,3664.9101562499995,3569.7176846590905,3601.448508522727,20715100,UNVR.JK
2022-11-08,3672.843017578125,3688.708430181054,3649.044898673731,3680.7757238795893,15497800,UNVR.JK
2022-11-09,3601.4482421875,3672.842590600909,3585.582831428965,3672.842590600909,24941900,UNVR.JK
2022-11-10,3617.31396484375,3633.179376970258,3569.717728464227,3593.515846653989,10140300,UNVR.JK
2022-11-11,3601.4482421875,3656.9771798423735,3585.582831428965,3656.9771798423735,16741500,UNVR.JK
2022-11-14,3641.111328125,3649.044032543573,3593.515101613562,3601.447806032135,10527700,UNVR.JK
2022-11-15,3656.977294921875,3656.9772949218755,3601.4483555195907,3641.11188366408,11794000,UNVR.JK
2022-11-16,3656.977294921875,3656.9772949218755,3609.3810611484887,3656.9772949218755,8942300,UNVR.JK
2022-11-17,3641.111328125,3656.976736962146,3617.3132148692807,3649.044032543573,12105800,UNVR.JK
2022-11-18,3680.775390625,3696.640801791487,3617.3137459590516,3641.111862708782,16515900,UNVR.JK
2022-11-21,3609.38134765625,3672.842997724931,3609.38134765625,3672.842997724931,13807100,UNVR.JK
2022-11-22,3617.31396484375,3664.9102012232734,3617.31396484375,3625.246670907004,18963600,UNVR.JK
2022-11-23,3609.38134765625,3641.112172690591,3609.38134765625,3633.1794664320055,8656200,UNVR.JK
2022-11-24,3617.31396484375,3649.0447890967657,3609.3812587804964,3609.3812587804964,5155100,UNVR.JK
2022-11-25,3649.045166015625,3649.045166015625,3593.516217837126,3625.247045367697,11209600,UNVR.JK
2022-11-28,3736.304443359375,3752.1698550084593,3617.3138559912422,3649.044679289411,35089100,UNVR.JK
2022-11-29,3728.37109375,3736.303798204787,3696.6402759308507,3736.303798204787,21257100,UNVR.JK
2022-11-30,3864.431884765625,3864.4318847656245,3719.515689086914,3751.7192881266274,83228400,UNVR.JK
2022-12-01,3791.973876953125,3864.431976512739,3759.770277148852,3864.431976512739,16755100,UNVR.JK
2022-12-02,3791.973876953125,3791.973876953125,3751.7193771977836,3791.973876953125,6918500,UNVR.JK
2022-12-05,3816.126708984375,3864.432110363924,3783.923108064676,3791.9740082946005,9788500,UNVR.JK
2022-12-06,3816.126708984375,3824.1776092143,3759.7704073749014,3816.126708984375,12811800,UNVR.JK
2022-12-07,3783.922607421875,3816.126204080784,3759.7699099276924,3816.126204080784,19509900,UNVR.JK
2022-12-08,3751.71923828125,3775.871937240142,3671.2102417516094,3759.770137934214,21123600,UNVR.JK
2022-12-09,3719.515625,3751.7192234848485,3703.4138257575755,3751.7192234848485,13482300,UNVR.JK
2022-12-12,3775.872314453125,3775.872314453125,3687.3124094233076,3719.516011252332,12297700,UNVR.JK
2022-12-13,3800.024658203125,3800.024658203125,3727.5665609068787,3783.922858803959,13797700,UNVR.JK
2022-12-14,3800.024658203125,3800.024658203125,3759.7701597052105,3800.024658203125,7415600,UNVR.JK
2022-12-15,3783.922607421875,3800.0244057513296,3735.6172124335103,3800.0244057513296,11297400,UNVR.JK
2022-12-16,3920.78759765625,3920.78759765625,3751.7187279421205,3775.8714236155674,25213200,UNVR.JK
2022-12-19,3808.0751953125,3888.584184642574,3808.0751953125,3888.584184642574,16789200,UNVR.JK
2022-12-20,3840.27978515625,3840.27978515625,3783.923478036557,3808.076181087854,5433100,UNVR.JK
2022-12-21,3848.330078125,3856.3809778700315,3816.126479144875,3840.279178379969,5871100,UNVR.JK
2022-12-22,3896.635498046875,3896.635498046875,3840.279199521404,3848.330099310757,10005000,UNVR.JK
2022-12-23,3880.533935546875,3888.5848358280928,3832.22853385957,3888.5848358280928,5698800,UNVR.JK
2022-12-26,3824.17724609375,3880.5335423519737,3816.1263466282894,3880.5335423519737,4053500,UNVR.JK
2022-12-27,3872.483154296875,3872.483154296875,3816.126850596089,3832.2286516534564,6738300,UNVR.JK
2022-12-28,3840.27978515625,3880.5342902417456,3791.974379053656,3872.4833892246465,7938100,UNVR.JK
2022-12-29,3832.22802734375,3832.2280273437505,3783.922632041098,3816.126228909533,6825900,UNVR.JK
2022-12-30,3783.922607421875,3848.329800739694,3783.9226074218745,3848.329800739694,13027100,UNVR.JK
2023-01-02,3719.515625,3783.922821969697,3711.4647253787875,3783.922821969697,4266600,UNVR.JK
2023-01-03,3703.414306640625,3743.6688099736753,3679.2616046407948,3703.414306640625,10663500,UNVR.JK
2023-01-04,3735.617431640625,3775.8719298264073,3711.464732729155,3711.464732729155,6705200,UNVR.JK
2023-01-05,3808.0751953125,3808.0751953125,3703.413509183404,3743.668003848441,12524500,UNVR.JK
2023-01-06,3832.22802734375,3832.2280273437505,3759.7699343897716,3800.0244304753155,8390300,UNVR.JK
2023-01-09,3832.22802734375,3840.278926560859,3775.871732823989,3832.2280273437505,7932200,UNVR.JK
2023-01-10,3775.872314453125,3840.279518111174,3751.719613081357,3832.2286176539183,13402300,UNVR.JK
2023-01-11,3783.922607421875,3783.9226074218745,3735.6172124335103,3767.82080909242,5806200,UNVR.JK
2023-01-12,3832.22802734375,3832.2280273437505,3751.719035172663,3783.922632041098,11533000,UNVR.JK
2023-01-13,3856.380859375,3856.380859375,3800.0245628914404,3824.1772613843946,7554200,UNVR.JK
2023-01-16,3840.27978515625,3864.4324882075475,3824.177983122052,3856.381587190448,6778300,UNVR.JK
2023-01-17,3832.22802734375,3864.431624212185,3800.0244304753155,3840.278926560859,12333700,UNVR.JK
2023-01-18,3864.431884765625,3864.4318847656245,3800.0246866861976,3832.228285725911,5977900,UNVR.JK
2023-01-19,3864.431884765625,3888.58458404541,3840.2791854858397,3864.4318847656245,7752900,UNVR.JK
2023-01-20,3872.483154296875,3888.5849553542425,3832.2286516534564,3864.4322537681915,6893400,UNVR.JK
2023-01-24,3888.584716796875,3904.686516866427,3856.3811166577702,3872.4829167273224,9638600,UNVR.JK
2023-01-25,3904.6865234375,3912.737423485825,3872.482923244201,3888.584723340851,6010000,UNVR.JK
2023-01-26,3864.431884765625,3920.7881830851234,3832.228285725911,3904.6863835652666,10397400,UNVR.JK
2023-01-27,3824.17724609375,3880.5335423519737,3824.17724609375,3864.4317434210525,12410500,UNVR.JK
2023-01-30,3832.22802734375,3848.3298257779675,3791.9735312582065,3824.1771281266415,8435700,UNVR.JK
2023-01-31,3751.71923828125,3832.22823481089,3751.7192382812495,3832.22823481089,26752500,UNVR.JK
2023-02-01,3727.56689453125,3767.8213966320195,3719.5159941110965,3727.56689453125,14128700,UNVR.JK
2023-02-02,3808.0751953125,3816.1260942455074,3727.5662059824263,3727.5662059824263,23504300,UNVR.JK
2023-02-03,3775.872314453125,3816.126816739406,3767.821413995869,3816.126816739406,8988300,UNVR.JK
2023-02-06,3808.0751953125,3808.0751953125,3751.7189027814484,3775.8715995804705,5956100,UNVR.JK
2023-02-07,3912.7373046875,3936.8900040991516,3800.024707433128,3808.0756072370114,19128400,UNVR.JK
2023-02-08,4045.577392578125,4045.577392578125,3872.483036477767,3912.7375378964553,28304900,UNVR.JK
2023-02-09,3961.042724609375,4065.704422617346,3961.042724609375,4045.5771730004285,25346700,UNVR.JK
2023-02-10,3687.31201171875,3840.2791039079557,3687.31201171875,3840.2791039079557,80984400,UNVR.JK
2023-02-13,3639.006591796875,3687.311989033117,3614.853893178754,3687.311989033117,29413500,UNVR.JK
2023-02-14,3671.21044921875,3679.261349326686,3639.0068487870067,3639.0068487870067,15661400,UNVR.JK
2023-02-15,3663.159912109375,3671.21081301511,3622.9054075807007,3671.21081301511,12590200,UNVR.JK
2023-02-16,3639.006591796875,3671.2101899543695,3630.955692257501,3663.1592904149957,7598500,UNVR.JK
2023-02-17,3630.955810546875,3647.057610150187,3606.803111141907,3639.0067103485308,13591200,UNVR.JK
2023-02-20,3655.1083984375,3671.2101975495593,3622.9048002133813,3639.0065993254407,6671700,UNVR.JK
2023-02-21,3622.905029296875,3655.1086295572914,3622.905029296875,3655.1086295572914,9337400,UNVR.JK
2023-02-22,3606.802978515625,3614.8538780212402,3526.2939834594727,3614.8538780212402,17514500,UNVR.JK
2023-02-23,3542.39599609375,3614.8540960138494,3542.39599609375,3614.8540960138494,12166800,UNVR.JK
2023-02-24,3502.14111328125,3574.5992052801726,3502.14111328125,3542.395608836207,13276600,UNVR.JK
2023-02-27,3461.886962890625,3502.1414624591207,3389.4288636673327,3502.1414624591207,25283100,UNVR.JK
2023-02-28,3365.276123046875,3477.9887204694974,3365.276123046875,3461.886920837694,56167600,UNVR.JK
2023-03-01,3341.123779296875,3381.3782826618976,3308.9201766048573,3357.2255806428843,20343000,UNVR.JK
2023-03-02,3341.123779296875,3397.480084007907,3341.123779296875,3349.17467996988,18391700,UNVR.JK
2023-03-03,3268.665283203125,3357.2251800386775,3260.6143834908016,3341.1233806140317,25480200,UNVR.JK
2023-03-06,3357.22509765625,3373.3268966857763,3276.716102508618,3284.767002023381,18877200,UNVR.JK
2023-03-07,3284.767333984375,3349.1745366115197,3284.767333984375,3349.1745366115197,20025900,UNVR.JK
2023-03-08,3300.868896484375,3316.9706959794207,3268.6652974942835,3284.7670969893293,9159100,UNVR.JK
2023-03-09,3300.868896484375,3333.0724954744665,3284.7670969893293,3300.868896484375,12777500,UNVR.JK
2023-03-10,3308.919921875,3333.0726220346714,3284.767221715328,3300.869021821776,6405200,UNVR.JK
2023-03-13,3349.17431640625,3365.276116004357,3284.7671180138223,3292.8180178128755,10109400,UNVR.JK
2023-03-14,3389.4287109375,3413.581409590261,3325.0215145301363,3333.072414081057,20377200,UNVR.JK
2023-03-15,3300.868896484375,3405.5305932021724,3300.868896484375,3389.4287937071267,11897200,UNVR.JK
2023-03-16,3276.7158203125,3316.9703144195328,3252.56312384828,3300.86851677672,9016800,UNVR.JK
2023-03-17,3349.17431640625,3357.2252162053037,3276.7162182147686,3276.7162182147686,25725700,UNVR.JK
2023-03-20,3349.17431640625,3357.2252162053037,3300.868917611929,3349.17431640625,3705900,UNVR.JK
2023-03-21,3381.377685546875,3381.377685546875,3341.1231892903647,3349.174088541667,7708900,UNVR.JK
2023-03-24,3437.734375,3518.2433767564403,3413.581674473068,3518.2433767564403,16680100,UNVR.JK
2023-03-27,3453.836181640625,3453.836181640625,3405.5307804987983,3437.734381260016,6187200,UNVR.JK
2023-03-28,3461.886962890625,3477.9887627180233,3445.7851630632267,3453.836062976926,5785600,UNVR.JK
2023-03-29,3510.192626953125,3518.24352747366,3461.887223829917,3461.887223829917,12264000,UNVR.JK
2023-03-30,3429.683349609375,3518.243248308209,3429.683349609375,3510.1923484264967,5407700,UNVR.JK
2023-03-31,3502.14111328125,3510.1920123922414,3429.683021282328,3437.7339203933193,10607100,UNVR.JK
2023-04-03,3453.836181640625,3502.141582782452,3421.632580879407,3502.141582782452,8983700,UNVR.JK
2023-04-04,3453.836181640625,3453.836181640625,3397.4798803084936,3445.785281450321,14526800,UNVR.JK
2023-04-05,3421.63232421875,3477.9886213235295,3421.63232421875,3453.8359225643385,7687900,UNVR.JK
2023-04-06,3421.63232421875,3453.8359225643385,3405.530525045956,3421.63232421875,5191100,UNVR.JK
2023-04-10,3453.836181640625,3453.836181640625,3405.5307804987983,3421.632580879407,5001000,UNVR.JK
2023-04-11,3381.377685546875,3453.835778808594,3381.377685546875,3453.835778808594,8782600,UNVR.JK
2023-04-12,3373.3271484375,3397.4798487843077,3365.276248321897,3389.4289486687053,12391300,UNVR.JK
2023-04-13,3300.868896484375,3365.276094464558,3300.868896484375,3349.174294969512,15132500,UNVR.JK
2023-04-14,3341.123779296875,3397.480084007907,3316.9710772778617,3316.9710772778617,20757900,UNVR.JK
2023-04-17,3325.021240234375,3365.275734668205,3292.817644687311,3349.1739368946733,11180200,UNVR.JK
2023-04-18,3292.818115234375,3341.1235154578626,3292.818115234375,3325.021715383367,8436800,UNVR.JK
2023-04-26,3300.868896484375,3300.868896484375,3188.156300019055,3292.8179967368524,32563400,UNVR.JK
2023-04-27,3542.39599609375,3598.752296031605,3341.123496315696,3341.123496315696,65436100,UNVR.JK
2023-04-28,3542.39599609375,3574.5995960582386,3510.1923961292614,3542.39599609375,14421200,UNVR.JK
2023-05-02,3542.39599609375,3550.446896084872,3445.785196200284,3542.39599609375,11600900,UNVR.JK
2023-05-03,3542.39599609375,3558.4977960759943,3502.1414961381392,3542.39599609375,18996600,UNVR.JK
2023-05-04,3582.650390625,3606.8030898876405,3542.3958918539324,3542.3958918539324,15745000,UNVR.JK
2023-05-05,3614.854248046875,3614.854248046875,3534.3452447496174,3582.650646727972,19170300,UNVR.JK
2023-05-08,3598.751953125,3614.8537515729868,3566.548356229027,3606.8028523489934,8305100,UNVR.JK
2023-05-09,3534.34521484375,3598.7524169365747,3510.192514058941,3598.7524169365747,13264100,UNVR.JK
2023-05-10,3622.905029296875,3622.905029296875,3542.396028645833,3558.4978287760414,12468600,UNVR.JK
2023-05-11,3566.548828125,3622.9051301495483,3518.2434263896725,3622.9051301495483,10646000,UNVR.JK
2023-05-12,3542.39599609375,3566.5486960671165,3518.2432961203835,3566.5486960671165,7003400,UNVR.JK
2023-05-15,3622.905029296875,3647.0577294921873,3542.396028645833,3582.650528971354,17448600,UNVR.JK
2023-05-16,3630.955810546875,3630.955810546875,3590.701311538595,3622.904910745219,6163000,UNVR.JK
2023-05-17,3590.701171875,3630.955669317545,3558.4975739209644,3622.904769829036,8527400,UNVR.JK
2023-05-19,3566.548828125,3622.9051301495483,3566.548828125,3590.7015289926635,10102700,UNVR.JK
2023-05-22,3558.497802734375,3606.8032027714935,3534.3451027158158,3566.5487027405616,10990800,UNVR.JK
2023-05-23,3582.650390625,3606.8030898876405,3558.4976913623595,3558.4976913623595,15329600,UNVR.JK
2023-05-24,3550.4462890625,3582.649883521117,3534.3444918331916,3582.649883521117,0,UNVR.JK
2023-05-25,3550.4462890625,3582.649883521117,3518.242694603883,3550.4462890625,16244400,UNVR.JK
2023-05-26,3526.2939453125,3566.5484424051087,3526.2939453125,3550.446643568065,8749200,UNVR.JK
2023-05-29,3663.159912109375,3663.159912109375,3526.2945967118817,3542.3963985233518,26644200,UNVR.JK
2023-05-30,3655.1083984375,3703.4137957736784,3630.955699769411,3663.15929799353,14103700,UNVR.JK
2023-05-31,3647.0576171875,3687.312116273455,3622.9049177359275,3655.1085170046913,221662700,UNVR.JK
2023-06-05,3622.905029296875,3663.1595296223954,3590.701429036458,3647.0577294921873,14140400,UNVR.JK
2023-06-06,3590.701171875,3630.955669317545,3574.5993728979824,3622.904769829036,6400200,UNVR.JK
2023-06-07,3679.261474609375,3679.261474609375,3590.701570406524,3598.752470788601,30637600,UNVR.JK
2023-06-08,3703.414306640625,3727.5670086404552,3655.108902640965,3679.2616046407948,15742600,UNVR.JK
2023-06-09,3663.159912109375,3703.4144166380493,3655.10901120364,3687.3126148265796,11332500,UNVR.JK
2023-06-12,3711.46484375,3711.46484375,3671.2103443600868,3695.363043994035,8165300,UNVR.JK
2023-06-13,3630.955810546875,3727.5666081667473,3606.803111141907,3711.4648085634353,19167100,UNVR.JK
2023-06-14,3574.599609375,3630.955909522804,3550.4469093116554,3622.905009501689,13107000,UNVR.JK
2023-06-15,3639.006591796875,3639.006591796875,3550.4466968637653,3574.599395481886,10369100,UNVR.JK
2023-06-16,3534.34521484375,3622.905117721384,3534.34521484375,3622.905117721384,17780000,UNVR.JK
2023-06-19,3526.2939453125,3558.4975429865867,3477.98854880137,3534.344844731022,10327500,UNVR.JK
2023-06-20,3461.886962890625,3534.3450621139173,3461.886962890625,3526.294162200218,14414700,UNVR.JK
2023-06-21,3510.192626953125,3518.24352747366,3461.887223829917,3461.887223829917,11124900,UNVR.JK
2023-06-22,3421.63232421875,3518.2431192555146,3421.63232421875,3518.2431192555146,15969700,UNVR.JK
2023-06-23,3437.734375,3453.836175351288,3389.4289739461356,3421.632574648712,7696300,UNVR.JK
2023-06-26,3405.5302734375,3437.7338694038117,3405.5302734375,3437.7338694038117,6553900,UNVR.JK
2023-06-27,3429.683349609375,3445.7851493727994,3405.530649964239,3405.530649964239,10533700,UNVR.JK
2023-07-03,3469.93798828125,3469.93798828125,3389.428986232961,3421.6325870522764,11030200,UNVR.JK
2023-07-04,3486.0400390625,3494.090939845554,3461.887336713337,3477.989138279446,3652500,UNVR.JK
2023-07-05,3469.93798828125,3486.0397886909077,3445.785287666763,3486.0397886909077,6305600,UNVR.JK
2023-07-06,3478.94189453125,3511.6848770680144,3454.3846576286765,3487.127640165441,12604100,UNVR.JK
2023-07-07,3470.75634765625,3470.75634765625,3446.1991093473616,3462.5706015532874,6160700,UNVR.JK
2023-07-10,3478.94189453125,3536.242113970588,3470.7561488970587,3470.7561488970587,7747800,UNVR.JK
2023-07-11,3478.94189453125,3503.4991314338235,3470.7561488970587,3487.127640165441,4794700,UNVR.JK
2023-07-12,3446.198974609375,3487.127703523976,3438.013228826455,3478.9419577410554,16641400,UNVR.JK
2023-07-13,3478.94189453125,3478.94189453125,3446.198911994485,3454.3846576286765,6041000,UNVR.JK
2023-07-14,3478.94189453125,3511.6848770680144,3462.5704032628673,3478.94189453125,10570200,UNVR.JK
2023-07-17,3495.313720703125,3511.685213540142,3478.942227866108,3487.1279742846164,9589000,UNVR.JK
2023-07-18,3495.313720703125,3519.8709599586505,3462.570735029091,3495.313720703125,4258600,UNVR.JK
2023-07-20,3454.384765625,3495.313495075533,3446.199019734893,3487.1277491854266,8607100,UNVR.JK
2023-07-21,3511.68505859375,3511.68505859375,3454.3848361924533,3454.3848361924533,6015200,UNVR.JK
2023-07-24,3511.68505859375,3552.61378888039,3495.313566479094,3511.68505859375,8770000,UNVR.JK
2023-07-25,3315.22705078125,3429.827492042824,3290.6698133680557,3429.827492042824,49204900,UNVR.JK
2023-07-26,3249.740966796875,3331.5984218799194,3233.369475780266,3315.2269308633104,37401200,UNVR.JK
2023-07-27,3143.326416015625,3274.298350016276,3143.326416015625,3249.741112391154,40562400,UNVR.JK
2023-07-28,3167.8837890625,3192.441027737403,3118.7693117126937,3151.5122966125646,20221700,UNVR.JK
2023-07-31,3151.51220703125,3184.255191000406,3135.140715046672,3167.883699015828,19175000,UNVR.JK
2023-08-01,3086.0263671875,3151.512337843999,3086.0263671875,3135.1408451798743,20623500,UNVR.JK
2023-08-02,3020.540283203125,3110.5834894774725,3012.3545371781843,3086.0262514026504,28813900,UNVR.JK
2023-08-03,3086.0263671875,3135.1408451798743,3004.168903866877,3020.5403965310015,26351700,UNVR.JK
2023-08-04,3061.468994140625,3118.769215956091,3053.283248166987,3094.2119780351773,18183400,UNVR.JK
2023-08-07,3045.09716796875,3086.025893344674,3045.09716796875,3061.4686581191195,7680200,UNVR.JK
2023-08-08,3069.65478515625,3102.39776953125,3053.28329296875,3053.28329296875,10061700,UNVR.JK
2023-08-09,3045.09716796875,3086.025893344674,3045.09716796875,3069.6544031943045,13411000,UNVR.JK
2023-08-10,3012.354736328125,3053.2834691586704,3012.354736328125,3045.0977225925612,13438900,UNVR.JK
2023-08-11,3028.725830078125,3045.0973210515203,3012.3543391047297,3012.3543391047297,7702800,UNVR.JK
2023-08-14,3053.283203125,3053.283203125,2971.4257445961794,3028.725965566354,13589300,UNVR.JK
2023-08-15,3053.283203125,3069.6546948307637,3020.5402197134717,3069.6546948307637,9907900,UNVR.JK
2023-08-16,3053.283203125,3053.283203125,3012.3544738605897,3053.283203125,5265200,UNVR.JK
2023-08-18,3020.540283203125,3045.097521277947,3012.3545371781843,3012.3545371781843,10416200,UNVR.JK
2023-08-21,3036.911865234375,3053.2833577693314,3020.540372699419,3028.726118966897,6141700,UNVR.JK
2023-08-22,3036.911865234375,3045.0976115018534,3028.726118966897,3036.911865234375,5435600,UNVR.JK
2023-08-23,3069.65478515625,3094.2120234375,3028.7260546875,3036.9118007812503,9837500,UNVR.JK
2023-08-24,3045.09716796875,3077.840148269489,3045.09716796875,3069.6544031943045,6318100,UNVR.JK
2023-08-25,3077.8408203125,3077.8408203125,3028.7263391373003,3045.097832862367,5639900,UNVR.JK
2023-08-28,3094.2119140625,3110.583405671296,3077.8404224537035,3102.3976598668983,4538300,UNVR.JK
2023-08-29,3077.8408203125,3110.5838077626327,3077.8408203125,3094.212314037566,4023200,UNVR.JK
2023-08-30,3061.468994140625,3102.397724008815,3061.468994140625,3102.397724008815,6862300,UNVR.JK
2023-08-31,3004.168701171875,3077.840413189714,3004.168701171875,3061.468921630194,17604900,UNVR.JK
2023-09-01,2995.983154296875,3045.097632236168,2971.4259153272287,3004.168900620091,14230900,UNVR.JK
2023-09-04,2995.983154296875,3020.5403932665217,2995.983154296875,3004.168900620091,4215000,UNVR.JK
2023-09-05,2963.239990234375,3004.1687193812586,2946.8684985756213,2995.9829735518815,13723200,UNVR.JK
2023-09-06,2987.79736328125,3012.354601883562,2946.8686322773974,2963.2401246789386,9878900,UNVR.JK
2023-09-07,2971.42578125,3004.1687650654267,2946.8685433884298,2995.9830191115702,13672200,UNVR.JK
2023-09-08,2955.05419921875,2971.425690627164,2922.3112164019217,2971.425690627164,13784500,UNVR.JK
2023-09-11,2987.79736328125,2987.79736328125,2930.497139875856,2955.054378478168,7703500,UNVR.JK
2023-09-12,2963.239990234375,2995.9829735518815,2955.054244404998,2987.797227722505,6763100,UNVR.JK
2023-09-13,2938.682861328125,2971.4258458554577,2922.3113690644586,2971.4258458554577,7890700,UNVR.JK
2023-09-14,2914.12548828125,2955.054217049245,2914.12548828125,2930.496979788448,7980500,UNVR.JK
2023-09-15,2865.010986328125,2922.3112060546873,2865.010986328125,2905.939714704241,19503200,UNVR.JK
2023-09-18,2840.453857421875,2881.3825873559076,2832.2681114350685,2865.0110953822946,11035100,UNVR.JK
2023-09-19,2930.497314453125,2971.4260478952074,2848.6398475689593,2856.825594257376,10301100,UNVR.JK
2023-09-20,2971.42578125,3004.1687650654267,2922.3113055268595,2930.497051480716,12091400,UNVR.JK
2023-09-21,3086.0263671875,3094.2121135195625,2930.497186878316,2971.4259185386277,24626400,UNVR.JK
2023-09-22,3151.51220703125,3184.255191000406,3069.6547471083604,3086.0262390929383,24114800,UNVR.JK
2023-09-25,3126.954833984375,3184.255053455293,3102.3975970682677,3159.6978165391856,10923700,UNVR.JK
2023-09-26,3126.954833984375,3126.954833984375,3086.0261057908624,3110.58334270697,11435500,UNVR.JK
2023-09-27,3086.0263671875,3126.9550988478118,3045.0976355271887,3126.9550988478118,9958600,UNVR.JK
2023-09-29,3061.468994140625,3094.2119780351773,3020.540264272435,3086.026232061539,10670700,UNVR.JK
2023-10-02,3028.725830078125,3094.2117939717064,3028.725830078125,3061.4688120249157,7916700,UNVR.JK
2023-10-03,2938.682861328125,3028.7260687782905,2938.682861328125,3028.7260687782905,19196000,UNVR.JK
2023-10-04,2930.497314453125,2955.0545545183745,2897.754327699459,2938.683061141541,9896800,UNVR.JK
2023-10-05,2995.983154296875,3012.3546469433063,2930.497183711151,2955.0544226807974,12777300,UNVR.JK
2023-10-06,3110.583251953125,3143.3262335526315,3004.1685617547287,3012.3543071546055,23551700,UNVR.JK
2023-10-09,3045.09716796875,3110.5831285702284,3028.72567781838,3110.5831285702284,8305700,UNVR.JK
2023-10-10,3004.168701171875,3069.654667409954,3004.168701171875,3045.0974300706744,3722500,UNVR.JK
2023-10-11,2955.05419921875,3036.9116562608206,2955.05419921875,3004.1686734439922,12320900,UNVR.JK
2023-10-12,2971.42578125,3004.1687650654267,2955.054289342286,2963.240035296143,10447600,UNVR.JK
2023-10-13,2987.79736328125,2995.9831094820206,2955.054378478168,2955.054378478168,5584300,UNVR.JK
2023-10-16,2987.79736328125,3004.168855682791,2963.2401246789386,2995.9831094820206,4544700,UNVR.JK
2023-10-17,3135.140869140625,3143.326615535248,2971.425941248164,2987.79743403741,21600800,UNVR.JK
2023-10-18,3126.954833984375,3143.3263252617803,3077.84036015216,3135.140579623078,8686200,UNVR.JK
2023-10-19,3118.769287109375,3151.512271750943,3086.0263024678065,3110.5835409489828,8884300,UNVR.JK
2023-10-20,3159.697998046875,3176.069490264734,3053.2832986307885,3118.7692675022263,13601000,UNVR.JK
2023-10-23,3143.326416015625,3159.697907765706,3077.8404490152993,3159.697907765706,7703300,UNVR.JK
2023-10-24,3266.11279296875,3274.2985393170425,3102.397866002898,3135.1408513960682,29824500,UNVR.JK
2023-10-25,3339.784423828125,3356.155916101792,3274.298454733456,3274.298454733456,27547000,UNVR.JK
2023-10-26,3257.927001953125,3315.227225605567,3241.555509480999,3315.227225605567,19249700,UNVR.JK
2023-10-27,3257.927001953125,3331.5987180776933,3233.3697632449357,3257.927001953125,19668800,UNVR.JK
2023-10-30,3102.397705078125,3249.7411317045267,3045.097483612302,3249.7411317045267,26309000,UNVR.JK
2023-10-31,2963.239990234375,3126.9549068219094,2963.239990234375,3102.397669333779,26496500,UNVR.JK
2023-11-01,2930.497314453125,2987.7975412720407,2905.940074387875,2946.868807829958,22592200,UNVR.JK
2023-11-02,2938.682861328125,3004.1688303827905,2922.3113690644586,2946.868607459958,20934700,UNVR.JK
2023-11-03,2905.939697265625,2955.0541710222274,2881.382460387324,2938.6826797700264,17879200,UNVR.JK
2023-11-06,2963.239990234375,2971.4257360637516,2905.9397694287377,2905.9397694287377,11111200,UNVR.JK
2023-11-07,2922.311279296875,2963.2400086987923,2905.9397875361083,2963.2400086987923,10356800,UNVR.JK
2023-11-08,2946.868408203125,2946.868408203125,2914.125425889757,2914.125425889757,6267300,UNVR.JK
2023-11-09,2946.868408203125,2946.868408203125,2930.496917046441,2946.868408203125,4264700,UNVR.JK
2023-11-10,2938.682861328125,2946.868607459958,2905.939876800792,2946.868607459958,4501100,UNVR.JK
2023-11-13,2889.568359375,2938.682835738314,2873.196867253895,2938.682835738314,9074200,UNVR.JK
2023-11-14,2848.639404296875,2881.38238595546,2840.453658882229,2873.196640540814,13579700,UNVR.JK
2023-11-15,2807.7109375,2889.568399234694,2791.339445153061,2865.011160714286,30575200,UNVR.JK
2023-11-16,2832.268310546875,2832.268310546875,2799.5253242977783,2815.896817422327,7704400,UNVR.JK
2023-11-17,2840.453857421875,2840.453857421875,2799.5251274878424,2840.453857421875,13562900,UNVR.JK
2023-11-20,2832.268310546875,2840.4540571091493,2799.5253242977783,2840.4540571091493,4352900,UNVR.JK
2023-11-21,2848.639404296875,2856.825149711521,2807.7106772236443,2832.2679134675827,11470300,UNVR.JK
2023-11-22,2865.010986328125,2881.3824776785714,2824.0822579520086,2848.6394949776786,16968700,UNVR.JK
2023-11-23,2897.754150390625,2930.4971351408017,2865.0111656404483,2873.1969118279926,16669800,UNVR.JK
2023-11-24,2889.568359375,2930.4970896777622,2881.3826133144476,2905.939851496105,4341700,UNVR.JK
2023-11-27,2881.382568359375,2905.9398061578922,2865.0110764936967,2889.568314292214,11935500,UNVR.JK
2023-11-28,2946.868408203125,2979.611390516493,2881.382443576389,2881.382443576389,13638400,UNVR.JK
2023-11-29,2971.42578125,2979.6115272038564,2914.1255595730026,2946.8685433884298,9785100,UNVR.JK
2023-11-30,2987.79736328125,2987.79736328125,2922.3113936750856,2971.4258708797092,40876300,UNVR.JK
2023-12-01,2971.42578125,3028.726002926997,2938.682797434573,2946.8685433884298,11652900,UNVR.JK
2023-12-04,2971.42578125,3004.1687650654267,2905.9398136191458,2979.6115272038564,17107000,UNVR.JK
2023-12-05,3015.576416015625,3015.576416015625,2973.924808059608,2990.5854512420146,14546100,UNVR.JK
2023-12-06,2923.943115234375,3023.906982421875,2915.61279296875,3015.57666015625,16666500,UNVR.JK
2023-12-07,2973.9248046875,2973.9248046875,2915.612553615196,2923.9428751969535,7254400,UNVR.JK
2023-12-08,2923.943115234375,2973.925048828125,2907.282470703125,2973.925048828125,10274300,UNVR.JK
2023-12-11,2915.61279296875,2923.943115234375,2890.621826171875,2915.61279296875,7700700,UNVR.JK
2023-12-12,2857.30029296875,2923.942865399508,2848.969971414905,2915.612543845663,11409300,UNVR.JK
2023-12-13,2873.961181640625,2882.29150390625,2832.3095703125,2857.300537109375,5871300,UNVR.JK
2023-12-14,2832.309326171875,2873.9609339096965,2832.309326171875,2873.9609339096965,6953500,UNVR.JK
2023-12-15,2915.61279296875,2915.61279296875,2773.997314453125,2832.3095703125,24909000,UNVR.JK
2023-12-18,2840.6396484375,2898.9518992851904,2815.6486837884895,2898.9518992851904,10582500,UNVR.JK
2023-12-19,2857.30029296875,2865.6306145225944,2815.648685199526,2840.63964986106,4909700,UNVR.JK
2023-12-20,2882.29150390625,2932.2734375,2848.97021484375,2857.300537109375,15667400,UNVR.JK
2023-12-21,2890.621826171875,2898.9521484375,2865.630859375,2890.621826171875,4497500,UNVR.JK
2023-12-22,2890.621826171875,2907.282470703125,2865.630859375,2890.621826171875,6665700,UNVR.JK
2023-12-27,2890.621826171875,2932.2734375,2873.961181640625,2890.621826171875,7000200,UNVR.JK
2023-12-28,2948.933837890625,2973.9248026185114,2915.612551586776,2915.612551586776,12314500,UNVR.JK
2023-12-29,2940.603759765625,2957.264404296875,2915.61279296875,2948.93408203125,6004400,UNVR.JK
2024-01-02,2957.263916015625,2957.263916015625,2915.6123115647006,2940.6032742352554,5999200,UNVR.JK
2024-01-03,2940.603759765625,2965.5947265625,2932.2734375,2957.264404296875,3253600,UNVR.JK
2024-01-04,2932.2734375,2965.5947265625,2932.2734375,2940.603759765625,4485500,UNVR.JK
2024-01-05,2932.2734375,2982.25537109375,2932.2734375,2948.93408203125,7584800,UNVR.JK
2024-01-08,2898.9521484375,2965.5947265625,2890.621826171875,2940.603759765625,7215700,UNVR.JK
2024-01-09,2857.30029296875,2907.2822222918185,2848.969971414905,2898.9519007379736,6680700,UNVR.JK
2024-01-10,2840.6396484375,2898.9518992851904,2840.6396484375,2857.30029153684,12276500,UNVR.JK
2024-01-11,2840.6396484375,2873.9609346361804,2840.6396484375,2873.9609346361804,1810300,UNVR.JK
2024-01-12,2890.621826171875,2898.9521484375,2840.639892578125,2857.300537109375,8747800,UNVR.JK
2024-01-15,2857.30029296875,2898.9519007379736,2857.30029296875,2890.6215791841287,7943000,UNVR.JK
2024-01-16,2840.6396484375,2890.6215777355205,2840.6396484375,2857.30029153684,5862800,UNVR.JK
2024-01-17,2765.6669921875,2865.630859375,2757.336669921875,2865.630859375,30689000,UNVR.JK
2024-01-18,2749.00634765625,2782.32763671875,2740.676025390625,2773.997314453125,14864200,UNVR.JK
2024-01-19,2699.0244140625,2749.00634765625,2674.033447265625,2749.00634765625,15821600,UNVR.JK
2024-01-22,2599.060546875,2699.0244140625,2599.060546875,2682.36376953125,22069700,UNVR.JK
2024-01-23,2649.042724609375,2665.7033706761003,2607.3911094425607,2615.721432475924,17207800,UNVR.JK
2024-01-24,2665.703125,2682.36376953125,2624.051513671875,2649.04248046875,8517800,UNVR.JK
2024-01-25,2632.381591796875,2665.7028777689875,2624.051270303847,2657.372556275959,11169800,UNVR.JK
2024-01-26,2632.381591796875,2640.711913289903,2607.390627317791,2632.381591796875,5350200,UNVR.JK
2024-01-29,2565.739013671875,2632.38158545556,2557.4086921989147,2632.38158545556,13848500,UNVR.JK
2024-01-30,2607.390869140625,2607.390869140625,2507.427001953125,2565.7392578125,26092800,UNVR.JK
2024-01-31,2582.399658203125,2624.051265593498,2582.399658203125,2607.3906226373488,18463900,UNVR.JK
2024-02-01,2582.399658203125,2607.3906226373488,2574.0693367250506,2582.399658203125,12723500,UNVR.JK
2024-02-02,2640.712158203125,2665.703125,2582.39990234375,2582.39990234375,18042600,UNVR.JK
2024-02-05,2665.703125,2699.0244140625,2649.04248046875,2657.372802734375,16177900,UNVR.JK
2024-02-06,2707.3544921875,2724.015135216346,2640.7119200721154,2682.3635276442305,14521500,UNVR.JK
2024-02-07,2724.01513671875,2732.3454582377676,2699.024172161697,2707.3544936807148,12311500,UNVR.JK
2024-02-12,2432.4541015625,2640.712158203125,2432.4541015625,2640.712158203125,82247100,UNVR.JK
2024-02-13,2332.490234375,2440.784423828125,2332.490234375,2432.4541015625,56546400,UNVR.JK
2024-02-15,2440.7841796875,2449.1145011198805,2357.4809653636944,2382.4719296608364,37986300,UNVR.JK
2024-02-16,2357.481201171875,2449.11474609375,2357.481201171875,2440.784423828125,22773700,UNVR.JK
2024-02-19,2332.490234375,2390.802490234375,2332.490234375,2357.481201171875,19247100,UNVR.JK
2024-02-20,2299.1689453125,2349.15087890625,2299.1689453125,2332.490234375,25789800,UNVR.JK
2024-02-21,2240.856689453125,2299.1689453125,2207.535400390625,2299.1689453125,42514700,UNVR.JK
2024-02-22,2265.847412109375,2282.5080548454735,2240.8564480052273,2240.8564480052273,14447400,UNVR.JK
2024-02-23,2240.856689453125,2282.50830078125,2215.86572265625,2274.177978515625,14969800,UNVR.JK
2024-02-26,2157.55322265625,2240.856435886221,2157.55322265625,2240.856435886221,30113500,UNVR.JK
2024-02-27,2182.544189453125,2199.204832120706,2140.892582784172,2157.5532254517534,23069800,UNVR.JK
2024-02-28,2249.18701171875,2265.84765625,2174.214111328125,2182.54443359375,23977800,UNVR.JK
2024-02-29,2274.177734375,2274.177734375,2199.204842032967,2257.517091632326,33006500,UNVR.JK
2024-03-01,2274.177734375,2274.177734375,2215.865484775641,2257.517091632326,13019300,UNVR.JK
2024-03-04,2224.196044921875,2282.50830078125,2215.86572265625,2274.177978515625,9755100,UNVR.JK
2024-03-05,2224.196044921875,2240.856689453125,2199.205078125,2224.196044921875,9041900,UNVR.JK
2024-03-06,2240.856689453125,2265.84765625,2224.196044921875,2232.5263671875,8404900,UNVR.JK
2024-03-07,2274.177734375,2274.177734375,2232.5261275183148,2249.186770260989,18964900,UNVR.JK
2024-03-08,2215.86572265625,2282.50830078125,2215.86572265625,2274.177978515625,9291000,UNVR.JK
2024-03-13,2265.847412109375,2265.847412109375,2215.86548390108,2265.847412109375,18542100,UNVR.JK
2024-03-14,2240.856689453125,2265.84765625,2215.86572265625,2265.84765625,23624800,UNVR.JK
2024-03-15,2199.204833984375,2240.8564406886244,2182.5441913026752,2215.8654766660748,31980100,UNVR.JK
2024-03-18,2307.499267578125,2332.490234375,2199.205078125,2199.205078125,31870900,UNVR.JK
2024-03-19,2282.508056640625,2324.159663513629,2282.508056640625,2315.829342139028,7212400,UNVR.JK
2024-03-20,2299.1689453125,2349.15087890625,2282.50830078125,2299.1689453125,20534200,UNVR.JK
2024-03-21,2265.847412109375,2315.82934031767,2265.847412109375,2299.168697581572,10191700,UNVR.JK
2024-03-22,2265.847412109375,2290.8383762135227,2224.1958052691293,2265.847412109375,12568600,UNVR.JK
2024-03-25,2299.1689453125,2299.1689453125,2240.856689453125,2299.1689453125,9638300,UNVR.JK
2024-03-26,2307.499267578125,2307.499267578125,2274.177978515625,2307.499267578125,12137600,UNVR.JK
2024-03-27,2274.177734375,2307.4990198603477,2265.847413003663,2274.177734375,8171400,UNVR.JK
2024-03-28,2249.18701171875,2282.50830078125,2207.535400390625,2274.177978515625,22405000,UNVR.JK
2024-04-01,2274.177734375,2274.177734375,2190.87452066163,2249.186770260989,10886900,UNVR.JK
2024-04-02,2282.508056640625,2282.508056640625,2249.1867711422215,2265.8474138914235,7454900,UNVR.JK
2024-04-03,2240.856689453125,2282.50830078125,2224.196044921875,2282.50830078125,10531600,UNVR.JK
2024-04-04,2257.517333984375,2324.159912109375,2240.856689453125,2240.856689453125,15061600,UNVR.JK
2024-04-05,2232.5263671875,2274.177978515625,2232.5263671875,2257.517333984375,4694500,UNVR.JK
2024-04-16,2115.902099609375,2190.875008650652,2115.902099609375,2165.8840389702264,20692600,UNVR.JK
2024-04-17,1974.2864990234375,2124.2323090758505,1974.2864990234375,2115.901986295161,35911000,UNVR.JK
2024-04-18,1990.94677734375,2024.2680623202145,1974.2861348555177,1974.2861348555177,13303400,UNVR.JK
2024-04-19,1982.6165771484375,2032.5985076647848,1940.964968384815,1982.6165771484375,13199200,UNVR.JK
2024-04-22,2007.607666015625,2024.268310546875,1974.286376953125,1999.27734375,6973300,UNVR.JK
2024-04-23,1940.9649658203125,2024.2681832374933,1940.9649658203125,2015.9378614957752,13225400,UNVR.JK
2024-04-24,1990.94677734375,2015.9377410760983,1957.6254923672857,1957.6254923672857,14639700,UNVR.JK
2024-04-25,2199.204833984375,2240.8564406886244,2082.5803352124763,2082.5803352124763,49635500,UNVR.JK
2024-04-26,2157.55322265625,2290.8383638242035,2157.55322265625,2207.5351505942326,31837700,UNVR.JK
2024-04-29,2157.55322265625,2174.2138653022444,2065.9196881032817,2165.883543979247,20630300,UNVR.JK
2024-04-30,2182.544189453125,2224.195796122078,2132.562261450382,2157.5532254517534,21069900,UNVR.JK
2024-05-02,2199.204833984375,2199.204833984375,2140.892584598426,2182.5441913026752,12789700,UNVR.JK
2024-05-03,2165.8837890625,2207.535400390625,2140.892822265625,2199.205078125,12159100,UNVR.JK
2024-05-06,2165.8837890625,2207.535400390625,2140.892822265625,2207.535400390625,4220900,UNVR.JK
2024-05-07,2115.902099609375,2165.8840389702264,2107.5717763825664,2165.8840389702264,8625300,UNVR.JK
2024-05-08,2132.562255859375,2149.2228984832764,2107.571291923523,2115.9016132354736,11512500,UNVR.JK
2024-05-13,2207.535400390625,2240.856689453125,2132.5625,2132.5625,23948700,UNVR.JK
2024-05-14,2249.18701171875,2257.517333984375,2199.205078125,2224.196044921875,10089800,UNVR.JK
2024-05-15,2232.5263671875,2257.517333984375,2207.535400390625,2249.18701171875,7512400,UNVR.JK
2024-05-16,2249.18701171875,2249.18701171875,2215.86572265625,2232.5263671875,8083900,UNVR.JK
2024-05-17,2257.517333984375,2290.838623046875,2249.18701171875,2249.18701171875,9948800,UNVR.JK
2024-05-20,2249.18701171875,2290.838623046875,2232.5263671875,2257.517333984375,6973900,UNVR.JK
2024-05-21,2424.12353515625,2424.12353515625,2249.1867851965208,2257.5171066231746,44624100,UNVR.JK
2024-05-22,2549.07861328125,2574.069580078125,2390.802490234375,2424.123779296875,50452500,UNVR.JK
2024-05-27,2715.684814453125,2724.015135969852,2574.0693486687596,2574.0693486687596,54566200,UNVR.JK
2024-05-28,2732.34521484375,2823.978743390339,2632.381365520198,2740.6755356207127,29382200,UNVR.JK
2024-05-29,2507.427001953125,2732.345703125,2474.105712890625,2732.345703125,28321900,UNVR.JK
2024-05-30,2590.730224609375,2657.372802734375,2474.105712890625,2499.0966796875,32045000,UNVR.JK
2024-05-31,2599.060546875,2690.694091796875,2599.060546875,2632.3818359375,93435800,UNVR.JK
2024-06-03,2565.739013671875,2657.372549874442,2557.4086921989147,2624.0512639825997,16632800,UNVR.JK
2024-06-04,2607.390869140625,2665.703125,2557.408935546875,2565.7392578125,20118800,UNVR.JK
2024-06-05,2557.408935546875,2632.3818359375,2549.07861328125,2615.72119140625,15373900,UNVR.JK
2024-06-06,2565.739013671875,2640.711906928521,2557.4086921989147,2565.739013671875,9097200,UNVR.JK
2024-06-07,2507.427001953125,2582.39990234375,2507.427001953125,2565.7392578125,18546500,UNVR.JK
2024-06-10,2557.408935546875,2632.3818359375,2507.427001953125,2507.427001953125,16337700,UNVR.JK
2024-06-11,2549.07861328125,2599.060546875,2540.748291015625,2574.069580078125,9309500,UNVR.JK
2024-06-12,2549.07861328125,2599.060546875,2515.75732421875,2549.07861328125,9454500,UNVR.JK
2024-06-13,2549.07861328125,2599.060546875,2549.07861328125,2549.07861328125,11469600,UNVR.JK
2024-06-14,2665.703125,2674.033447265625,2557.408935546875,2574.069580078125,31693600,UNVR.JK
2024-06-19,2557.408935546875,2665.703125,2549.07861328125,2665.703125,26712400,UNVR.JK
2024-06-20,2532.41796875,2582.39990234375,2457.445068359375,2574.069580078125,15901600,UNVR.JK
2024-06-21,2490.766357421875,2582.39990234375,2490.766357421875,2532.41796875,31954300,UNVR.JK
2024-06-24,2507.427001953125,2549.07861328125,2507.427001953125,2507.427001953125,11463100,UNVR.JK
2024-06-25,2507.427001953125,2524.087646484375,2499.0966796875,2507.427001953125,6407300,UNVR.JK
2024-06-26,2507.427001953125,2540.748291015625,2490.766357421875,2507.427001953125,10002000,UNVR.JK
2024-06-27,2565.739013671875,2582.399656617796,2507.4267633611507,2524.087406307072,11445600,UNVR.JK
2024-06-28,2515.757080078125,2582.3996517358237,2515.757080078125,2557.408687364187,22976500,UNVR.JK
2024-07-01,2530.2890625,2564.482157939189,2521.740788640203,2555.933884079392,19111600,UNVR.JK
2024-07-02,2538.837646484375,2547.385921388363,2513.1928217724117,2530.289371580387,18080200,UNVR.JK
2024-07-03,2513.192626953125,2538.8374496771366,2496.0960784704507,2538.8374496771366,13475700,UNVR.JK
2024-07-04,2496.09619140625,2521.741015290561,2478.9996421500427,2504.6444660343536,9162800,UNVR.JK
2024-07-05,2487.5478515625,2513.1926747744847,2487.5478515625,2496.096125966495,3813800,UNVR.JK
2024-07-08,2607.223876953125,2607.223876953125,2496.096301869877,2496.096301869877,13331300,UNVR.JK
2024-07-09,2564.482177734375,2632.868369140625,2538.8373559570314,2624.3200952148436,9920600,UNVR.JK
2024-07-10,2530.2890625,2573.0304317989867,2521.740788640203,2564.482157939189,7287100,UNVR.JK
2024-07-11,2478.999755859375,2555.9342310412176,2478.999755859375,2538.837681000808,15616700,UNVR.JK
2024-07-12,2496.09619140625,2521.741015290561,2478.9996421500427,2487.5479167781464,8178100,UNVR.JK
2024-07-15,2504.644287109375,2521.7408351442514,2470.4511910396222,2513.192561126813,11015000,UNVR.JK
2024-07-16,2402.065185546875,2504.644481726813,2402.065185546875,2504.644481726813,16544200,UNVR.JK
2024-07-17,2444.806396484375,2461.9029447115386,2410.6133000300483,2419.16157414363,6442600,UNVR.JK
2024-07-18,2393.516845703125,2461.9030412946427,2393.516845703125,2444.8064923967636,15388600,UNVR.JK
2024-07-19,2393.516845703125,2419.161669049944,2367.872022356306,2393.516845703125,13042200,UNVR.JK
2024-07-22,2342.227294921875,2419.1617681127395,2333.67902012289,2393.5169437157847,11835200,UNVR.JK
2024-07-23,2333.678955078125,2367.872053321028,2316.5824059566735,2342.2272296388505,9975200,UNVR.JK
2024-07-24,2325.13037109375,2342.2269179400278,2308.0338242474722,2333.6786445168887,8819600,UNVR.JK
2024-07-25,2128.520263671875,2248.1961017899725,2102.875441217997,2222.5512793360945,49706400,UNVR.JK
2024-07-26,2128.520263671875,2154.165086125753,2119.971989520582,2137.068537823168,10432400,UNVR.JK
2024-07-29,2102.875732421875,2154.1653844321645,2094.3274570868266,2128.5205584270198,15273200,UNVR.JK
2024-07-30,2077.230712890625,2119.9720855838477,2060.134163813336,2119.9720855838477,13418000,UNVR.JK
2024-07-31,2085.779052734375,2094.327327540663,2060.1342283155095,2085.779052734375,12819500,UNVR.JK
2024-08-01,2137.068603515625,2145.6168779296877,2085.77895703125,2085.77895703125,12299900,UNVR.JK
2024-08-02,2077.230712890625,2171.261732815715,2077.230712890625,2137.068634661137,12724200,UNVR.JK
2024-08-05,2060.134033203125,2094.327129189899,2025.9409372163511,2077.230581196512,12797900,UNVR.JK
2024-08-06,2102.875732421875,2128.5205584270198,2060.1343557466334,2077.2309064167302,13817000,UNVR.JK
2024-08-07,2119.971923828125,2119.971923828125,2085.77882828251,2102.8753760553177,7543700,UNVR.JK
2024-08-08,2102.875732421875,2137.068833762068,2102.875732421875,2111.4240077569234,6237100,UNVR.JK
2024-08-09,2102.875732421875,2128.5205584270198,2085.779181751778,2111.4240077569234,4069500,UNVR.JK
2024-08-12,2102.875732421875,2119.9722830919713,2085.779181751778,2102.875732421875,6165000,UNVR.JK
2024-08-13,2094.3271484375,2111.4236965880104,2077.23060028699,2111.4236965880104,9960500,UNVR.JK
2024-08-14,2077.230712890625,2102.8755365065585,2060.134163813336,2094.327261967914,19701700,UNVR.JK
2024-08-15,2034.489501953125,2077.2308780445774,2034.489501953125,2060.134327607996,14678100,UNVR.JK
2024-08-16,2043.0374755859375,2060.1340234987906,2034.489201629511,2043.0374755859375,15338700,UNVR.JK
2024-08-19,2017.392822265625,2060.1341956187102,2000.296272924391,2043.0376462774761,27231100,UNVR.JK
2024-08-20,2025.9410400390625,2060.1341377612407,2000.2962167474288,2017.392765608518,47604400,UNVR.JK
2024-08-21,2017.392822265625,2077.2307449599443,2017.392822265625,2034.489371606859,58997300,UNVR.JK
2024-08-22,2008.8446044921875,2043.0377041431184,1991.748054666722,2017.3928794049202,23164600,UNVR.JK
2024-08-23,2008.8446044921875,2034.4894292303857,2008.8446044921875,2008.8446044921875,17697600,UNVR.JK
2024-08-26,2008.8446044921875,2034.4894292303857,1991.748054666722,2008.8446044921875,20397600,UNVR.JK
2024-08-27,1957.554931640625,2017.3928553152293,1923.361832397994,2008.8445805045715,53066300,UNVR.JK
2024-08-28,1923.36181640625,1957.5549153645834,1914.8135416666667,1957.5549153645834,33915800,UNVR.JK
2024-08-29,1914.8133544921875,1949.0064501081195,1914.8133544921875,1923.3616283961705,16896700,UNVR.JK
2024-08-30,1940.458251953125,1949.006526190804,1914.813429240088,1914.813429240088,35048000,UNVR.JK
2024-09-02,1957.554931640625,1991.748030883256,1931.9101072086517,1949.0066568299671,33193700,UNVR.JK
2024-09-03,1923.36181640625,1966.1031901041667,1923.36181640625,1957.5549153645834,20121900,UNVR.JK
2024-09-04,1914.8133544921875,1931.9099023001536,1906.2650805882047,1923.3616283961705,17653400,UNVR.JK
2024-09-05,1897.716796875,1923.3616184543919,1897.716796875,1914.8133445945946,19923600,UNVR.JK
2024-09-06,1897.716796875,1923.3616184543919,1880.6202491554054,1897.716796875,22143400,UNVR.JK
2024-09-09,1872.0718994140625,1906.2649934672875,1854.9753523874501,1897.7167199539813,28639100,UNVR.JK
2024-09-10,1889.168701171875,1914.8135251696833,1872.072151840003,1872.072151840003,15566300,UNVR.JK
2024-09-11,1872.0718994140625,1940.4580875205122,1872.0718994140625,1889.1684464406749,19451900,UNVR.JK
2024-09-12,1897.716796875,1914.8133445945946,1872.0719752956081,1880.6202491554054,19386200,UNVR.JK
2024-09-13,1880.6204833984375,1906.2653081720528,1863.523933549361,1897.7170332475143,22249000,UNVR.JK
2024-09-17,1863.523681640625,1889.1685029476062,1854.9754078716314,1880.6202291786124,16822800,UNVR.JK
2024-09-18,1889.168701171875,1889.168701171875,1863.523877174067,1872.072151840003,14504400,UNVR.JK
2024-09-19,1880.6204833984375,1966.1032326438212,1880.6204833984375,1889.168758322976,71191900,UNVR.JK
2024-09-20,1854.9755859375,1889.1686842957947,1854.9755859375,1880.6204097062212,41017800,UNVR.JK
2024-09-23,1889.168701171875,1889.168701171875,1854.9756025081308,1872.072151840003,17520500,UNVR.JK
2024-09-24,1931.9097900390625,1940.458063446315,1889.1684230028002,1897.7166964100525,25946800,UNVR.JK
2024-09-25,1966.103271484375,1966.103271484375,1914.813620923913,1931.9101711107337,36252700,UNVR.JK
2024-09-26,1966.103271484375,1974.6515465777852,1931.9101711107337,1966.103271484375,24682000,UNVR.JK
2024-09-27,1940.458251953125,2000.2961716168777,1940.458251953125,1974.6513489038407,38117300,UNVR.JK
2024-09-30,1889.168701171875,1957.5548984993638,1889.168701171875,1940.4583491674916,29424700,UNVR.JK
2024-10-01,1889.168701171875,1914.8135251696833,1872.072151840003,1906.2652505037472,19633500,UNVR.JK
2024-10-02,1854.9755859375,1889.1686842957947,1846.4273113479262,1880.6204097062212,28428400,UNVR.JK
2024-10-03,1872.0718994140625,1880.6201729273687,1829.3305318475313,1854.9753523874501,17310900,UNVR.JK
2024-10-04,1854.9755859375,1880.6204097062212,1854.9755859375,1872.0721351166474,8635300,UNVR.JK
2024-10-07,1940.458251953125,1940.458251953125,1863.5237838140142,1863.5237838140142,27472500,UNVR.JK
2024-10-08,1974.6512451171875,1991.7477926939596,1914.8133285984848,1940.458149963643,31078200,UNVR.JK
2024-10-09,1949.0067138671875,2008.8446392929345,1949.0067138671875,1974.6515390496504,24865600,UNVR.JK
2024-10-10,1949.0067138671875,1983.1998141104716,1931.9101637455456,1974.6515390496504,11655300,UNVR.JK
2024-10-11,1940.458251953125,1966.1030746661618,1914.813429240088,1949.006526190804,11215100,UNVR.JK
2024-10-14,1983.199462890625,1983.199462890625,1923.3615480620285,1940.4580951559133,15728600,UNVR.JK
2024-10-15,2008.8446044921875,2034.4894292303857,1974.6515048412566,1983.1997797539893,40827200,UNVR.JK
2024-10-16,2085.779052734375,2085.779052734375,1983.1997550589138,2025.9411290903558,43977800,UNVR.JK
2024-10-17,2025.9410400390625,2060.1341377612407,2025.9410400390625,2051.585863330696,21524500,UNVR.JK
2024-10-18,1991.7479248046875,2025.9410222262272,1991.7479248046875,2025.9410222262272,12024900,UNVR.JK
2024-10-21,1991.7479248046875,2025.9410222262272,1966.1031017385328,2000.2961991600725,20893700,UNVR.JK
2024-10-22,1983.199462890625,2017.3925570783942,1974.6511893436825,1991.7477364375673,21455700,UNVR.JK
2024-10-23,1991.7479248046875,2000.2961991600725,1957.5548273831478,1983.1996504493027,12440600,UNVR.JK
2024-10-24,1820.782470703125,1880.6203922755283,1795.137647172095,1854.9755687444983,81409800,UNVR.JK
2024-10-25,1795.137451171875,1846.4270926339286,1795.137451171875,1820.7822719029018,30244700,UNVR.JK
2024-10-28,1726.75146484375,1803.6859360496596,1726.75146484375,1795.1376614712253,23210300,UNVR.JK
2024-10-29,1726.75146484375,1760.9445631574877,1701.1066411084469,1726.75146484375,31036200,UNVR.JK
2024-10-30,1675.4617919921875,1726.7514386858259,1675.4617919921875,1726.7514386858259,29695000,UNVR.JK
2024-10-31,1679.7359619140625,1696.83251114474,1675.461824606393,1675.461824606393,12410700,UNVR.JK
2024-11-01,1671.1876220703125,1684.010033492847,1666.9134849294678,1679.735896352002,9685800,UNVR.JK
2024-11-04,1598.5272216796875,1675.4616868942178,1598.5272216796875,1671.187549937855,22080600,UNVR.JK
2024-11-05,1521.5928955078125,1619.8980544872497,1521.5928955078125,1598.5273677525895,44741100,UNVR.JK
2024-11-06,1500.22216796875,1530.1411285835113,1491.6738935073897,1517.3187168914708,35209700,UNVR.JK
2024-11-07,1483.125732421875,1525.8671079959925,1483.125732421875,1500.222282651522,19840000,UNVR.JK
2024-11-08,1504.496337890625,1517.3187498612838,1487.3997885964134,1491.6739259199662,19093300,UNVR.JK
2024-11-11,1487.3997802734375,1513.0446040712554,1483.1256429738012,1508.770466771619,22473500,UNVR.JK
2024-11-12,1560.06005859375,1560.06005859375,1487.3997270976029,1491.673864244435,24318400,UNVR.JK
2024-11-13,1538.689453125,1619.8980631510417,1538.689453125,1619.8980631510417,22535900,UNVR.JK
2024-11-14,1513.0445556640625,1551.511790130098,1513.0445556640625,1538.6893786414196,12795300,UNVR.JK
2024-11-15,1577.1566162109375,1581.430753382241,1513.0445586413873,1513.0445586413873,25035400,UNVR.JK
2024-11-18,1555.7860107421875,1581.4308350950807,1542.963598565741,1581.4308350950807,9937400,UNVR.JK
2024-11-19,1542.96337890625,1568.6081996082928,1542.96337890625,1555.7857892572715,7647900,UNVR.JK
2024-11-20,1542.96337890625,1564.334062824619,1538.6892421225762,1542.96337890625,8032900,UNVR.JK
2024-11-21,1487.3997802734375,1555.7859770676187,1487.3997802734375,1538.6894278690734,21864200,UNVR.JK
2024-11-22,1534.4151611328125,1547.2375719500783,1495.947928681015,1500.2220656201036,11683400,UNVR.JK
2024-11-25,1636.9945068359375,1636.9945068359375,1547.2376278710428,1547.2376278710428,51638500,UNVR.JK
2024-11-26,1598.5272216796875,1654.0910021124039,1598.5272216796875,1641.2685912433155,25359300,UNVR.JK
2024-11-28,1611.3497314453125,1658.3652408508788,1611.3497314453125,1624.1721431013762,18645200,UNVR.JK
2024-11-29,1594.253173828125,1628.4462713901223,1585.7048994376257,1611.3497226091235,15027900,UNVR.JK
2024-12-02,1602.801513671875,1624.1722005208335,1581.4308268229167,1581.4308268229167,8835100,UNVR.JK
2024-12-03,1602.801513671875,1624.1722005208335,1589.9791015625,1607.0756510416668,8008800,UNVR.JK
2024-12-04,1632.7203369140625,1641.2686109293193,1589.978966837778,1594.2531038454065,11996400,UNVR.JK
2024-12-05,1637.9617919921875,1651.065486328125,1616.1223014322916,1651.065486328125,6319800,UNVR.JK
2024-12-06,1633.593994140625,1646.6976892807904,1624.8581973805146,1637.96189252068,3507600,UNVR.JK
2024-12-09,1655.43359375,1672.905188406992,1629.2262017645119,1633.59410042876,7794200,UNVR.JK
2024-12-10,1747.159423828125,1782.1026123046875,1659.8014526367188,1668.5372497558594,39307500,UNVR.JK
2024-12-11,1699.1124267578125,1764.6309007973168,1699.1124267578125,1747.1593077201157,19931300,UNVR.JK
2024-12-12,1664.1693115234375,1707.8482960778583,1664.1693115234375,1703.4803976224164,7574000,UNVR.JK
2024-12-13,1633.593994140625,1664.169282801011,1620.4902990004596,1664.169282801011,8899500,UNVR.JK
2024-12-16,1594.282958984375,1633.5940456442638,1589.9150604666097,1633.5940456442638,7627000,UNVR.JK
2024-12-17,1537.500244140625,1598.6508220325818,1537.500244140625,1581.1792283491654,17086100,UNVR.JK
2024-12-18,1576.8114013671875,1589.9150972234247,1528.7645165609852,1559.339806892205,10167000,UNVR.JK
2024-12-19,1546.2359619140625,1568.0754529015494,1537.5001655190679,1568.0754529015494,6313900,UNVR.JK
2024-12-20,1528.764404296875,1559.3396923828125,1528.764404296875,1546.2359974888393,16051300,UNVR.JK
2024-12-23,1559.3397216796875,1568.0755184397976,1533.1323313993566,1541.8681281594668,5679500,UNVR.JK
2024-12-24,1554.9718017578125,1589.9149883141679,1554.9718017578125,1559.3397000773568,3695800,UNVR.JK
2024-12-27,1607.3865966796875,1624.8581901218581,1554.9718163531759,1559.3397147137186,9226300,UNVR.JK
2024-12-30,1646.6976318359375,1651.065530063619,1589.9149548760777,1607.3865477868037,9186900,UNVR.JK
2025-01-02,1603.0186767578125,1659.8013546811137,1589.9149818524352,1659.8013546811137,6628000,UNVR.JK
2025-01-03,1550.6038818359375,1607.3865591989436,1550.6038818359375,1603.0186609402508,22048300,UNVR.JK
2025-01-06,1524.396484375,1576.8112632073783,1524.396484375,1550.6038737911892,8325600,UNVR.JK
2025-01-07,1554.9718017578125,1554.9718017578125,1528.764411840546,1528.764411840546,6024700,UNVR.JK
2025-01-08,1506.9249267578125,1554.9718084805254,1506.9249267578125,1554.9718084805254,10493000,UNVR.JK
2025-01-09,1476.3497314453125,1524.3966161964913,1476.3497314453125,1506.9250217415172,6587100,UNVR.JK
2025-01-10,1489.453369140625,1498.1891660270803,1471.9817753677144,1480.7175722541697,6937800,UNVR.JK
2025-01-13,1502.55712890625,1524.3966220589573,1489.4534330146257,1493.8213316451672,6631600,UNVR.JK
2025-01-14,1524.396484375,1563.7075684992838,1502.5569931948426,1502.5569931948426,13966800,UNVR.JK
2025-01-15,1515.6607666015625,1541.8681573785348,1515.6607666015625,1524.39656352722,7251900,UNVR.JK
2025-01-16,1559.3397216796875,1563.7076200597426,1524.3965346392463,1528.7644330193014,12071200,UNVR.JK
2025-01-17,1563.70751953125,1563.70751953125,1541.8680290350035,1559.3396214320007,3435700,UNVR.JK
2025-01-20,1528.764404296875,1563.7075906808036,1528.764404296875,1563.7075906808036,5138200,UNVR.JK
2025-01-21,1511.2928466796875,1546.2360338861542,1511.2928466796875,1537.5002370845375,6381600,UNVR.JK
2025-01-22,1480.7176513671875,1528.7645368097806,1480.7176513671875,1511.2929421033832,11612400,UNVR.JK
2025-01-23,1520.0286865234375,1520.0286865234375,1485.0854983274965,1485.0854983274965,12035700,UNVR.JK
2025-01-24,1476.3497314453125,1524.3966161964913,1476.3497314453125,1524.3966161964913,7185100,UNVR.JK
2025-01-30,1441.406494140625,1476.3496818773674,1437.0385956735322,1476.3496818773674,8535800,UNVR.JK
2025-01-31,1423.9349365234375,1450.1423279931942,1423.9349365234375,1441.4065308366085,12703300,UNVR.JK
2025-02-03,1380.255859375,1432.6706388449368,1380.255859375,1428.3027405557755,12109000,UNVR.JK
2025-02-04,1367.1522216796875,1415.1991048697084,1362.7843232078674,1380.2559170951479,9816400,UNVR.JK
2025-02-05,1367.1522216796875,1375.8880186233278,1354.0485262642273,1367.1522216796875,7078900,UNVR.JK
2025-02-06,1319.1053466796875,1367.1522301680204,1310.3695496818088,1367.1522301680204,11260100,UNVR.JK
2025-02-07,1244.85107421875,1319.105348821272,1244.85107421875,1319.105348821272,23092400,UNVR.JK
2025-02-10,1314.7374267578125,1349.680614179947,1244.8510519135434,1244.8510519135434,22972400,UNVR.JK
2025-02-11,1244.85107421875,1336.5769428453948,1244.85107421875,1332.209044339364,12501100,UNVR.JK
2025-02-12,1201.1719970703125,1262.3225714666194,1196.804098899148,1244.8509787819603,47552000,UNVR.JK
2025-02-13,1236.115234375,1240.483132729682,1126.9177755079506,1196.8041491828621,74244500,UNVR.JK
2025-02-14,1279.794189453125,1310.3694772557594,1240.4831051354522,1240.4831051354522,30530500,UNVR.JK
2025-02-17,1257.9547119140625,1310.3694915771484,1244.851016998291,1288.5300000508626,30852000,UNVR.JK
2025-02-18,1266.6905517578125,1275.426348666487,1240.4831610317888,1257.954754849138,24087300,UNVR.JK
2025-02-19,1201.1719970703125,1266.6904696377842,1201.1719970703125,1266.6904696377842,36371600,UNVR.JK
2025-02-20,1179.33251953125,1227.3793999565971,1161.8609266493056,1205.5399088541667,29020400,UNVR.JK
2025-02-21,1126.9178466796875,1183.7005288767261,1126.9178466796875,1174.9647316156431,37424600,UNVR.JK
2025-02-24,1105.0782470703125,1140.0214327484252,1096.3424506507845,1131.285636328897,33750800,UNVR.JK
2025-02-25,1004.6166381835938,1096.3425051481827,1004.6166381835938,1083.2388098675272,116532600,UNVR.JK
2025-02-26,1048.295654296875,1070.1351470947266,1008.9845672607422,1013.3524658203124,123211400,UNVR.JK
2025-02-27,1048.295654296875,1105.078335571289,1035.191958618164,1061.399349975586,64065200,UNVR.JK
2025-02-28,886.683349609375,1057.0313822929495,886.683349609375,1048.2955857450738,785826000,UNVR.JK
2025-03-03,982.7771606445312,1061.3993334960937,860.4760028754341,860.4760028754341,505933700,UNVR.JK
2025-03-04,952.201904296875,1013.3524853067661,939.098208366184,982.7771948018205,169188900,UNVR.JK
2025-03-05,978.4092407226562,1035.191919871739,956.5697487422398,956.5697487422398,152284100,UNVR.JK
2025-03-06,995.8807983398438,1017.720289531507,969.6734089098479,987.1450018631784,75420000,UNVR.JK
2025-03-07,1048.295654296875,1083.2388427734375,1004.6166687011719,1004.6166687011719,116830700,UNVR.JK
2025-03-10,1030.823974609375,1074.5029565843486,1026.4560764118776,1052.663465596862,73948200,UNVR.JK
2025-03-11,1039.559814453125,1048.2956112132351,1000.2487290326286,1022.0882209329044,35888100,UNVR.JK
2025-03-12,1004.6166381835938,1057.031419306216,1004.6166381835938,1048.2956224524455,59364000,UNVR.JK
2025-03-13,1100.71044921875,1118.1820436507937,1008.9845784505209,1013.3524770585318,123437300,UNVR.JK
2025-03-14,1135.6536865234375,1166.2289780836838,1100.7104961688701,1109.446293757512,148060700,UNVR.JK
2025-03-17,1192.436279296875,1201.1720762148009,1140.0214977893202,1144.389396248283,98617100,UNVR.JK
2025-03-18,1188.068359375,1205.5399528952205,1135.6535788143383,1192.436257755055,112819800,UNVR.JK
2025-03-19,1188.068359375,1240.4831399356617,1166.2288674747242,1188.068359375,84280900,UNVR.JK
2025-03-20,1140.021484375,1196.8041636733717,1131.285687559866,1192.4362652658046,72533700,UNVR.JK
2025-03-21,1131.2857666015625,1161.861057590794,1096.3425768995837,1140.0215640270571,76199400,UNVR.JK
2025-03-24,1091.974609375,1126.917796875,1070.1351171875,1113.8141015625001,34134300,UNVR.JK
2025-03-25,1087.606689453125,1113.8140795604293,1065.7671976970382,1096.3424861555598,26275100,UNVR.JK
2025-03-26,1083.23876953125,1113.8140573809223,1078.8708712670111,1083.23876953125,24278400,UNVR.JK
2025-03-27,1105.0782470703125,1122.5498399093688,1070.1350613922,1083.2387560214922,24029300,UNVR.JK
2025-04-08,1030.823974609375,1030.823974609375,982.7770944369041,1004.6165854243909,43015400,UNVR.JK
2025-04-09,1008.9844360351562,1065.7671099245806,991.5128440691796,1017.7202320181447,37069200,UNVR.JK
2025-04-10,1122.5499267578125,1122.5499267578125,1043.9277528992886,1057.031448542376,43797500,UNVR.JK
2025-04-11,1144.389404296875,1170.5967952349713,1096.342520910365,1113.8141148690959,27972400,UNVR.JK
2025-04-14,1188.068359375,1240.4831399356617,1144.3893755744484,1144.3893755744484,49982800,UNVR.JK
2025-04-15,1161.8609619140625,1205.5399454446663,1157.4930635610021,1201.172047091606,30552000,UNVR.JK
2025-04-16,1153.125244140625,1183.7005347049596,1135.6536495324337,1166.2289400967684,21173800,UNVR.JK
2025-04-17,1153.125244140625,1174.9647374008641,1140.0215481844816,1166.2289400967684,18038000,UNVR.JK
2025-04-21,1174.9647216796875,1236.1153019901546,1144.389431524454,1153.1252287116636,43443800,UNVR.JK
2025-04-22,1209.907958984375,1223.011655291065,1166.2289712954084,1179.3326676020984,31082500,UNVR.JK
2025-04-23,1244.85107421875,1266.6905667489036,1214.275784676535,1231.747378700658,57026800,UNVR.JK
2025-04-24,1306.001708984375,1310.3696076766305,1253.5869246773098,1266.690620754076,77362800,UNVR.JK
2025-04-25,1528.764404296875,1629.2260651506697,1336.576879185268,1336.576879185268,238892100,UNVR.JK
2025-04-28,1454.5101318359375,1568.0754874747795,1441.4064369545326,1537.5001994181682,80356100,UNVR.JK
2025-04-29,1467.61376953125,1485.0853620256696,1437.0384826660156,1454.5100751604352,31457700,UNVR.JK
2025-04-30,1498.189208984375,1528.764498963648,1454.5102232996994,1467.6139190051022,50952000,UNVR.JK
2025-05-02,1533.13232421875,1550.6039176571403,1485.0854422631767,1502.557035701567,44238500,UNVR.JK
2025-05-05,1550.6038818359375,1616.1223557163291,1528.7643905424736,1533.1322888011664,47018900,UNVR.JK
2025-05-06,1603.0186767578125,1603.0186767578125,1554.971795438096,1563.7075920416808,30049700,UNVR.JK
2025-05-07,1581.17919921875,1624.8581826225827,1581.17919921875,1616.1223859418162,22389700,UNVR.JK
2025-05-08,1554.9718017578125,1581.179191675079,1528.764411840546,1581.179191675079,36530300,UNVR.JK
2025-05-09,1554.9718017578125,1585.5470899946233,1533.1323101600904,1537.500208479635,14223700,UNVR.JK
2025-05-14,1559.3397216796875,1589.9150103400734,1541.8681281594668,1554.9718232996322,24584500,UNVR.JK
2025-05-15,1563.70751953125,1594.282806225995,1559.3396214320007,1559.3396214320007,18453900,UNVR.JK
2025-05-16,1541.8680419921875,1589.9149214876948,1533.132245720277,1589.9149214876948,21422400,UNVR.JK
2025-05-19,1541.8680419921875,1559.3396345360084,1498.1890606326356,1546.2359401281428,32689200,UNVR.JK
2025-05-20,1493.8212890625,1554.9718681469299,1489.4533905564692,1546.2360711348686,31119800,UNVR.JK
2025-05-21,1537.500244140625,1537.500244140625,1458.878072565252,1489.4533615112305,27634600,UNVR.JK
2025-05-22,1585.547119140625,1620.4903063393165,1515.660744743242,1537.5002367424242,86079500,UNVR.JK
2025-05-23,1559.3397216796875,1576.811315199908,1554.9718232996322,1554.9718232996322,12099800,UNVR.JK
2025-05-26,1541.8680419921875,1576.8112270798292,1537.5001438562324,1559.3396345360084,18393000,UNVR.JK
2025-05-27,1520.0286865234375,1563.707671768364,1520.0286865234375,1541.8681791459007,14533400,UNVR.JK
2025-05-28,1511.2928466796875,1528.764440282921,1493.8212530764542,1524.3965418821126,25197600,UNVR.JK
2025-06-02,1511.2928466796875,1541.8681354853459,1493.8212530764542,1511.2928466796875,26515500,UNVR.JK
2025-06-03,1476.3497314453125,1541.8682106514655,1471.9818328315691,1502.5571231277738,31456000,UNVR.JK
2025-06-04,1437.03857421875,1515.6607454526027,1432.6706758168693,1502.5570502469607,31712900,UNVR.JK
2025-06-05,1419.5670166015625,1445.7744076772838,1402.0954225510818,1445.7744076772838,17144300,UNVR.JK
2025-06-10,1415.1990966796875,1454.5101826985676,1406.463299786603,1419.5669951262298,16264300,UNVR.JK
2025-06-11,1410.8311767578125,1428.302770278033,1393.3595832375918,1423.934871897978,23130800,UNVR.JK
2025-06-12,1419.5670166015625,1441.4065091646635,1397.7275240384615,1406.4633210637019,23384800,UNVR.JK
2025-06-13,1362.7843017578125,1419.5669809977214,1349.6806065486028,1419.5669809977214,34564600,UNVR.JK
2025-06-16,1351.074951171875,1382.6000333658856,1333.0606184895835,1364.5857006835938,32740100,UNVR.JK
2025-06-17,1333.060546875,1351.074878589527,1319.5497980891048,1351.074878589527,21223700,UNVR.JK
2025-06-18,1324.0533447265625,1328.5569275317548,1283.521099479831,1328.5569275317548,27062700,UNVR.JK
2025-06-19,1306.0390625,1324.0533943965518,1279.0175646551725,1315.046228448276,27276600,UNVR.JK
2025-06-20,1242.9888916015625,1310.542635710343,1242.9888916015625,1297.031886888587,31257500,UNVR.JK
2025-06-23,1229.4781494140625,1251.9960642384958,1175.4351538354224,1206.9602345896292,48228000,UNVR.JK
2025-06-24,1301.5355224609375,1319.5498549517463,1261.0032743566178,1261.0032743566178,47068000,UNVR.JK
2025-06-25,1310.5426025390625,1324.0533510188466,1288.024688406089,1324.0533510188466,24246700,UNVR.JK
2025-06-26,1315.0462646484375,1315.0462646484375,1283.5211829616599,1306.0390984522153,9127100,UNVR.JK
2025-06-30,1306.0390625,1328.5569773706898,1306.0390625,1328.5569773706898,17199800,UNVR.JK
2025-07-01,1324.0533447265625,1337.5640931421397,1288.0246822850233,1301.5354307006005,22311700,UNVR.JK
2025-07-02,1324.0533447265625,1378.0963383888711,1306.0390135057928,1333.0605103369471,37642300,UNVR.JK
2025-07-03,1436.64306640625,1463.6645660878723,1310.5427345586795,1324.0534843994906,55965500,UNVR.JK
2025-07-04,1391.607177734375,1445.650174927943,1364.5856791375911,1441.146591828479,38933100,UNVR.JK
2025-07-07,1405.117919921875,1414.1250860752205,1373.5928383851663,1409.6215029985476,16928200,UNVR.JK
2025-07-08,1369.0892333984375,1405.1178974352385,1364.5856503938373,1405.1178974352385,18964100,UNVR.JK
2025-07-09,1364.585693359375,1369.0892765057756,1337.5641944809715,1369.0892765057756,8633400,UNVR.JK
2025-07-10,1423.1322021484375,1441.1465338212024,1337.5641267028036,1364.5856242119512,38371900,UNVR.JK
2025-07-11,1418.628662109375,1459.1609095982144,1414.1250790550596,1427.635828218006,30404800,UNVR.JK
2025-07-14,1418.628662109375,1441.1465773809525,1396.1107468377977,1418.628662109375,12776800,UNVR.JK
2025-07-15,1414.125,1423.1321656050957,1391.6070859872611,1418.6285828025477,9128300,UNVR.JK
2025-07-16,1405.117919921875,1418.628669151893,1387.1035876151843,1409.6215029985476,14183800,UNVR.JK
2025-07-17,1418.628662109375,1450.1537434895833,1396.1107468377977,1405.1179129464288,24874600,UNVR.JK
2025-07-18,1360.0821533203125,1436.6430692356944,1360.0821533203125,1423.132319368274,23315100,UNVR.JK
2025-07-21,1396.1107177734375,1432.1393814579133,1364.5856370495212,1364.5856370495212,25039900,UNVR.JK
2025-07-22,1414.125,1427.6357484076434,1396.1106687898089,1396.1106687898089,15936600,UNVR.JK
2025-07-23,1414.125,1432.1393312101911,1382.5999203821657,1423.1321656050957,15743800,UNVR.JK
2025-07-24,1427.6357421875,1463.6644044509069,1414.1249938387223,1414.1249938387223,24659800,UNVR.JK
2025-07-25,1391.607177734375,1450.153758027407,1387.1035946349111,1436.643008729015,14119700,UNVR.JK
2025-07-28,1400.6142578125,1423.1321719252412,1391.6070921674036,1391.6070921674036,26625700,UNVR.JK
2025-07-29,1400.6142578125,1418.628589102693,1387.1035093448554,1405.1178406350482,29894600,UNVR.JK
2025-07-30,1378.096435546875,1405.1179342830883,1373.5928524241729,1400.6143511603861,16040100,UNVR.JK
2025-07-31,1540.2254638671875,1567.2469632332786,1373.5928844429598,1414.1251334920962,213621800,UNVR.JK
2025-08-01,1594.2684326171875,1603.2755989031602,1522.211102329405,1535.7218517583642,99467400,UNVR.JK
2025-08-04,1585.26123046875,1607.779145674272,1562.7433152632282,1598.7719795920632,37102700,UNVR.JK
2025-08-05,1621.2899169921875,1652.81499871148,1576.2540859646267,1585.261252170139,85662300,UNVR.JK
2025-08-06,1562.7432861328125,1621.2898645758287,1562.7432861328125,1621.2898645758287,33639400,UNVR.JK
2025-08-07,1589.7647705078125,1594.2683534270982,1562.743272992099,1562.743272992099,15105200,UNVR.JK
2025-08-08,1576.2540283203125,1616.7862747628349,1562.7432795061384,1589.7647771344866,12034100,UNVR.JK
2025-08-11,1585.26123046875,1603.2755626331677,1576.2540643865414,1580.7576474276457,18272400,UNVR.JK
2025-08-12,1612.28271484375,1639.3042128578911,1585.2612168296089,1585.2612168296089,38523100,UNVR.JK
2025-08-13,1607.779052734375,1643.8077149805235,1598.771887172838,1621.2898010766808,26026700,UNVR.JK
2025-08-14,1648.3114013671875,1724.8723134525485,1612.2827368564292,1616.786319920274,85270700,UNVR.JK
2025-08-15,1576.2540283203125,1657.318521205357,1576.2540283203125,1648.311355329241,36984000,UNVR.JK
2025-08-19,1648.3114013671875,1661.8221505587217,1580.7576554095158,1580.7576554095158,40630500,UNVR.JK
2025-08-20,1625.7935791015625,1657.3186623528395,1607.7792458151187,1648.3114957096175,21223900,UNVR.JK
2025-08-21,1634.8006591796875,1648.3114084291065,1621.2899099302685,1621.2899099302685,10486800,UNVR.JK
2025-08-22,1594.2684326171875,1648.3114303330244,1594.2684326171875,1648.3114303330244,14344500,UNVR.JK
2025-08-25,1598.77197265625,1630.2970538072184,1594.2683896346832,1598.77197265625,10311100,UNVR.JK
2025-08-26,1612.28271484375,1621.2898808484636,1576.2540508248953,1598.7719658366796,14548700,UNVR.JK
2025-08-27,1580.7576904296875,1616.7863557386263,1562.743357775218,1612.282772575009,15955700,UNVR.JK
2025-08-28,1576.2540283203125,1585.2611941964285,1571.7504453822544,1580.7576112583704,13246200,UNVR.JK
2025-08-29,1531.21826171875,1558.2397604549633,1522.2110954733457,1558.2397604549633,24836500,UNVR.JK
2025-09-01,1531.21826171875,1540.2254279641545,1481.6788473690258,1486.182430491728,15262900,UNVR.JK
2025-09-02,1531.21826171875,1571.75050982307,1531.21826171875,1531.21826171875,15840700,UNVR.JK
2025-09-03,1540.2254638671875,1558.239796777915,1531.2182974118239,1531.2182974118239,11426700,UNVR.JK
2025-09-04,1535.721923828125,1562.743423954133,1531.2183404737905,1535.721923828125,27702300,UNVR.JK
2025-09-08,1526.7147216796875,1544.729054678858,1517.7075551801024,1535.7218881792728,38625200,UNVR.JK
2025-09-09,1490.68603515625,1526.714700658516,1481.6788687806836,1526.714700658516,54269100,UNVR.JK
2025-09-10,1531.21826171875,1549.2325942095588,1495.1895967371324,1504.196762982537,26787800,UNVR.JK
2025-09-11,1549.2325439453125,1571.7504588282386,1540.225377992142,1553.7361269218977,10286400,UNVR.JK
2025-09-12,1526.7147216796875,1553.7362211784432,1522.211138429895,1549.2326379286505,10326000,UNVR.JK
2025-09-15,1522.211181640625,1558.2398486617049,1517.7075982629901,1526.71476501826,44103900,UNVR.JK
2025-09-16,1567.2469482421875,1594.2684473498114,1526.7146995807516,1531.2182827653555,28476400,UNVR.JK
2025-09-17,1562.7432861328125,1589.764783875743,1544.7289543041923,1567.2468690899677,12700500,UNVR.JK
2025-09-18,1540.2254638671875,1580.757712916324,1535.7218806395058,1571.7505464609603,11695200,UNVR.JK
2025-09-19,1544.72900390625,1553.736170109785,1531.2182546009476,1544.72900390625,22797600,UNVR.JK
2025-09-22,1544.72900390625,1558.2397532115524,1540.2254208044824,1553.736170109785,12021400,UNVR.JK
2025-09-23,1598.77197265625,1603.275555677817,1531.2182273327464,1553.736142440581,29171000,UNVR.JK
2025-09-24,1562.7432861328125,1625.7934475329837,1558.2397031756575,1621.2898645758287,23291800,UNVR.JK
2025-09-25,1562.7432861328125,1603.2755327472082,1544.7289543041923,1544.7289543041923,14402500,UNVR.JK
2025-09-26,1648.3114013671875,1747.3902287717724,1598.7719876648948,1603.2755707287397,134223700,UNVR.JK
2025-09-29,1585.26123046875,1657.3185591264205,1576.2540643865414,1648.3113930442116,37519500,UNVR.JK
2025-09-30,1603.2755126953125,1612.2826784969716,1562.7432665878468,1576.2540152903355,23784800,UNVR.JK
2025-10-01,1603.2755126953125,1634.8005930011193,1571.750432389506,1594.2683468936534,22048100,UNVR.JK
2025-10-02,1612.28271484375,1675.3328768767458,1589.7647998319658,1607.779131841393,24568600,UNVR.JK
2025-10-03,1652.81494140625,1688.8436049791383,1607.7791119401397,1612.2826948867507,33563100,UNVR.JK
2025-10-06,1675.3328857421875,1702.3543838993196,1639.3042215326782,1666.32571968981,22207000,UNVR.JK
2025-10-07,1648.3114013671875,1697.85081506948,1630.2970691118082,1675.332899750256,27722000,UNVR.JK
2025-10-08,1670.829345703125,1693.3472614134096,1643.8078468507833,1657.3185962769542,15182700,UNVR.JK
2025-10-09,1724.872314453125,1778.915311250612,1679.8364837885524,1679.8364837885524,78749900,UNVR.JK
2025-10-10,1711.361572265625,1747.3902369449013,1702.3544060958059,1742.8866538599916,14263100,UNVR.JK
2025-10-13,1666.32568359375,1711.3615128800677,1634.8006030933277,1684.340015308277,25615900,UNVR.JK
2025-10-14,1621.2899169921875,1684.3400804307726,1621.2899169921875,1684.3400804307726,26174800,UNVR.JK
2025-10-15,1652.81494140625,1670.8292731926942,1630.2970266731948,1643.807775513028,23439100,UNVR.JK
2025-10-16,1787.9224853515625,1819.4475669572575,1675.332908188366,1675.332908188366,80433300,UNVR.JK
2025-10-17,1711.361572265625,1796.9296508789062,1697.8508230108964,1787.922484709087,51732500,UNVR.JK
2025-10-20,1873.490478515625,1918.526307326097,1742.886574965257,1742.886574965257,86711600,UNVR.JK
2025-10-21,1846.468994140625,1900.5119890910823,1819.4474966653963,1891.5048232660063,29597600,UNVR.JK
2025-10-22,1864.4833984375,1936.5407278457126,1819.4475675573672,1846.469066085447,49090900,UNVR.JK
2025-10-23,2035.6195068359375,2044.6266727953887,1927.5335153225249,1963.5621791603292,130049800,UNVR.JK
2025-10-24,2278.81298828125,2431.9348096282115,2026.6123413568428,2035.6195073184288,267179900,UNVR.JK
2025-10-27,2440.94189453125,2558.0350481434502,2278.812912606665,2323.8487409190498,277535000,UNVR.JK
2025-10-28,2242.784423828125,2449.9492501255017,2206.755758385103,2413.92058468248,156918700,UNVR.JK
2025-10-29,2323.848876953125,2350.8703755223473,2224.7700488659766,2260.7987136249394,73171300,UNVR.JK
2025-10-30,2305.83447265625,2404.9132976531982,2305.83447265625,2350.8703022003174,49537500,UNVR.JK
2025-10-31,2323.848876953125,2395.9062064710515,2278.8130460044213,2341.863209332607,63108200,UNVR.JK
2025-11-03,2404.913330078125,2431.9348281688904,2332.8560018360836,2368.884665957104,49127900,UNVR.JK
2025-11-04,2422.927734375,2476.9707321677506,2341.8632376858736,2431.9349006737916,57648100,UNVR.JK
2025-11-05,2422.927734375,2467.963565868959,2395.9062354786242,2422.927734375,41343200,UNVR.JK
2025-11-06,2359.877685546875,2413.920685979246,2341.863352069418,2395.906352501789,29525900,UNVR.JK
2025-11-07,2278.81298828125,2350.8703159739375,2269.805822319664,2341.8631500123515,48504400,UNVR.JK
2025-11-10,2278.81298828125,2341.8631500123515,2251.791490396492,2314.8416521275935,49312800,UNVR.JK
2025-11-11,2242.784423828125,2314.841754714169,2215.7629247458585,2305.8345883534134,47905800,UNVR.JK
2025-11-12,2296.8271484375,2332.855809589461,2233.7769914215687,2242.784156709559,35515000,UNVR.JK
2025-11-13,2242.784423828125,2305.8345883534134,2242.784423828125,2305.8345883534134,16292900,UNVR.JK
2025-11-14,2260.798583984375,2305.8344123505976,2242.784252637886,2242.784252637886,16720600,UNVR.JK
2025-11-17,2332.856201171875,2359.877701571549,2269.806033572635,2287.820367172418,37359900,UNVR.JK
2025-11-18,2260.798583984375,2368.884572063309,2260.798583984375,2350.8702407168203,28725900,UNVR.JK
2025-11-19,2323.848876953125,2323.848876953125,2269.8058798146803,2269.8058798146803,13777400,UNVR.JK
2025-11-20,2341.86328125,2359.8776141826925,2305.8346153846155,2341.86328125,20738000,UNVR.JK
2025-11-21,2287.820068359375,2404.9132214643823,2287.820068359375,2341.8630621001475,27647200,UNVR.JK
2025-11-24,2404.913330078125,2404.913330078125,2305.834503745318,2305.834503745318,32673700,UNVR.JK
2025-11-25,2368.884765625,2404.913431261882,2323.8489335788977,2404.913431261882,25207700,UNVR.JK
2025-11-26,2341.86328125,2422.9277794471154,2332.856114783654,2377.8919471153845,21031000,UNVR.JK
2025-11-27,2341.86328125,2368.8847806490385,2305.8346153846155,2359.8776141826925,34235900,UNVR.JK
2025-11-28,2341.86328125,2377.8919471153845,2332.856114783654,2359.8776141826925,18013700,UNVR.JK
2025-12-01,2359.877685546875,2386.8991857630604,2314.841851853232,2314.841851853232,17322300,UNVR.JK
2025-12-02,2386.89892578125,2404.91325729658,2341.8630969929245,2359.8774285082545,35263000,UNVR.JK
2025-12-03,2494.985107421875,2522.0066067802345,2404.9134428940097,2404.9134428940097,65741000,UNVR.JK
2025-12-04,2494.985107421875,2531.0137732330213,2422.927775799583,2522.0066067802345,40071400,UNVR.JK
2025-12-05,2440.94189453125,2512.9992198310656,2440.94189453125,2503.9920541685883,34350200,UNVR.JK
2025-12-08,2359.877685546875,2458.9565196728886,2359.877685546875,2458.9565196728886,34429000,UNVR.JK
2025-12-09,2404.913330078125,2440.9419941991455,2332.8560018360836,2359.877499926849,44953900,UNVR.JK
2025-12-10,2458.956298828125,2476.970630687672,2404.913303249485,2440.9419669685785,29651800,UNVR.JK
2025-12-11,2377.891845703125,2467.9635065252132,2341.86318137429,2458.9563404430046,30830400,UNVR.JK
2025-12-12,2368.884765625,2395.906264852662,2341.8632663973385,2377.8919320342206,14728100,UNVR.JK
2025-12-15,2403.351318359375,2431.2972639216932,2394.0360031719356,2412.6666335468144,18476400,UNVR.JK
2025-12-16,2524.450439453125,2524.450439453125,2403.351340881573,2403.351340881573,32058000,UNVR.JK
2025-12-17,2449.927978515625,2515.135187069273,2449.927978515625,2515.135187069273,20817800,UNVR.JK
2025-12-18,2468.55859375,2496.5045400943395,2440.6126474056605,2449.9279628537734,17521000,UNVR.JK
2025-12-19,2580.34228515625,2580.34228515625,2431.2972434143726,2477.8738189587093,28983500,UNVR.JK
2025-12-22,2515.13525390625,2543.081201171875,2487.189306640625,2543.081201171875,22606200,UNVR.JK
2025-12-23,2431.29736328125,2515.1352033943967,2431.29736328125,2505.819887826269,17218500,UNVR.JK
2025-12-24,2421.98193359375,2440.6125638521635,2412.6666184645433,2440.6125638521635,10056300,UNVR.JK
2025-12-29,2421.98193359375,2449.92787898137,2384.720673076923,2431.2972487229567,13763200,UNVR.JK
2025-12-30,2421.98193359375,2477.8738243689904,2412.6666184645433,2421.98193359375,17928600,UNVR.JK
2026-01-02,2440.612548828125,2449.927863899988,2421.981918684399,2440.612548828125,7859600,UNVR.JK
2026-01-05,2403.351318359375,2440.6125791091326,2403.351318359375,2440.6125791091326,13513400,UNVR.JK
2026-01-06,2431.29736328125,2440.6126788493775,2403.351416576868,2403.351416576868,16595700,UNVR.JK
2026-01-07,2421.98193359375,2459.243194110577,2421.98193359375,2431.2972487229567,18804300,UNVR.JK
2026-01-08,2440.612548828125,2543.081014618619,2431.297233756262,2440.612548828125,44404400,UNVR.JK
2026-01-09,2440.612548828125,2496.5044392593036,2440.612548828125,2459.243178971851,23053000,UNVR.JK
2026-01-12,2421.98193359375,2468.5585092397837,2412.6666184645433,2468.5585092397837,44075100,UNVR.JK
2026-01-13,2421.98193359375,2449.92787898137,2412.6666184645433,2421.98193359375,33925600,UNVR.JK
2026-01-14,2403.351318359375,2440.6125791091326,2403.351318359375,2431.2972639216932,15761400,UNVR.JK
2026-01-15,2282.252197265625,2412.6666085379466,2254.3062519929845,2403.3512934470664,51451800,UNVR.JK
2026-01-19,2170.468505859375,2291.567607044662,2151.8378749077924,2282.252291568871,56292600,UNVR.JK
2026-01-20,2161.153076171875,2198.4143361058727,2161.153076171875,2170.4683911553743,18395300,UNVR.JK
2026-01-21,2133.207275390625,2161.1532222298038,2086.6306973253277,2161.1532222298038,30521200,UNVR.JK
2026-01-22,2123.891845703125,2151.837791041324,2114.576530590392,2114.576530590392,21043700,UNVR.JK
2026-01-23,2095.946044921875,2123.8919921875,2049.3694661458335,2123.8919921875,20403500,UNVR.JK
2026-01-26,2002.7928466796875,2105.26131790516,1984.1622155477835,2095.946002339208,27241300,UNVR.JK
2026-01-27,1918.9549560546875,2030.7387399025333,1891.0090100927262,1993.4774786199182,35658400,UNVR.JK
2026-01-28,1844.4324951171875,1881.6937576448076,1797.8559169576627,1863.0631263809976,39800600,UNVR.JK
2026-01-29,1732.648681640625,1825.8018365675405,1574.288318264869,1825.8018365675405,74521700,UNVR.JK
2026-01-30,1793.1982421875,1825.801846590909,1755.9369800121754,1760.5946377840908,33230400,UNVR.JK
2026-02-02,1891.009033203125,1928.2702949411175,1788.5405634236454,1821.1441674443888,52588100,UNVR.JK
2026-02-03,1872.37841796875,1965.5315730915734,1858.4054447003266,1872.37841796875,46081200,UNVR.JK
2026-02-04,1909.6396484375,1946.9009098704269,1844.432440929878,1872.3783870045731,49767000,UNVR.JK
2026-02-05,2058.684814453125,2095.946078063136,1900.324444110577,1918.9550759155825,71314600,UNVR.JK
2026-02-06,2142.5224609375,2142.5224609375,1993.4774201766304,2040.0539954144022,71485600,UNVR.JK
2026-02-09,2142.5224609375,2142.5224609375,2095.9458856997285,2142.5224609375,23163100,UNVR.JK
2026-02-10,2142.5224609375,2254.306241508152,2123.8918308423913,2142.5224609375,56389900,UNVR.JK
2026-02-11,2105.26123046875,2161.1531215431414,2095.9459152896848,2142.522491185011,18622600,UNVR.JK
2026-02-12,2142.5224609375,2170.468406080163,2114.576515794837,2133.2071458899454,40499400,UNVR.JK
2026-02-13,2142.5224609375,2207.72966627038,2142.5224609375,2161.1530910326087,19683200,UNVR.JK
2026-02-18,2105.26123046875,2179.7837519012724,2105.26123046875,2179.7837519012724,16593000,UNVR.JK
2026-02-19,2068.0,2151.837837837838,2068.0,2114.576576576577,17971200,UNVR.JK
2026-02-20,2086.630615234375,2095.945930480957,2058.684669494629,2067.999984741211,7587400,UNVR.JK
2026-02-23,2207.729736328125,2207.729736328125,2095.945952210245,2105.261267553402,34184100,UNVR.JK
2026-02-24,2189.09912109375,2217.0450673204787,2161.1531748670213,2207.729751911569,24678900,UNVR.JK
2026-02-25,2170.468505859375,2207.72976776254,2161.153190383584,2189.0991368109576,15559900,UNVR.JK
2026-02-26,2151.837890625,2198.414468344156,2142.5225750811687,2189.0991528003246,15417900,UNVR.JK
2026-02-27,2217.045166015625,2244.99111348641,2151.8379552504593,2161.1532710740544,68472600,UNVR.JK
2026-03-02,2095.946044921875,2161.153255208333,2086.6307291666667,2151.837939453125,23912200,UNVR.JK
2026-03-03,1937.5855712890625,2123.891876220703,1937.5855712890625,2105.261245727539,29682000,UNVR.JK
2026-03-04,1802.5135498046875,1946.90094009912,1788.5405765503876,1946.90094009912,31919800,UNVR.JK
2026-03-05,1853.747802734375,1900.3243806925252,1839.7748293469301,1839.7748293469301,14954200,UNVR.JK
2026-03-06,1839.7747802734375,1900.3243300039558,1821.1441495871243,1853.7477532881726,11788500,UNVR.JK
2026-03-09,1751.279296875,1821.144162441822,1718.6756929438166,1821.144162441822,20756600,UNVR.JK
2026-03-10,1811.828857421875,1811.828857421875,1760.594622379097,1779.2252533037436,11695700,UNVR.JK
2026-03-11,1863.0631103515625,1909.6396881103515,1811.8288748168945,1830.45950592041,19351000,UNVR.JK
2026-03-12,1760.5946044921875,1881.6937042720735,1760.5946044921875,1872.37838890439,27876700,UNVR.JK
2026-03-13,1741.9639892578125,1779.2252510601188,1741.9639892578125,1760.5946201589657,12154900,UNVR.JK
2026-03-16,1727.990966796875,1751.279254759097,1695.3873636497642,1741.963939574208,10659400,UNVR.JK
2026-03-17,1863.0631103515625,1937.585634765625,1737.306350402832,1737.306350402832,50594200,UNVR.JK
2026-03-25,1802.5135498046875,1816.4865230589874,1774.5676032960878,1797.8558920532544,34597400,UNVR.JK
2026-03-26,1807.1712646484375,1825.8018962427514,1788.5406330541236,1802.513606749859,20185700,UNVR.JK
2026-03-27,1732.648681640625,1807.1712055821574,1727.9910238942794,1807.1712055821574,20510900,UNVR.JK
2026-03-30,1709.3603515625,1718.6756668298706,1686.0720633940734,1695.387378661444,14256600,UNVR.JK
2026-03-31,1695.387451171875,1737.306371667883,1690.7297933389852,1732.6487138349933,21371200,UNVR.JK
2026-04-01,1779.2252197265625,1835.1171114457215,1718.6756703641402,1718.6756703641402,46209400,UNVR.JK
2026-04-02,1797.8558349609375,1825.801780582092,1779.2252045468347,1779.2252045468347,17567700,UNVR.JK
2026-04-06,1783.8829345703125,1807.1712235333714,1755.9369878146417,1802.5135657407595,5661100,UNVR.JK
2026-04-07,1774.567626953125,1788.5406003937007,1760.594653512549,1783.8829425801755,3248600,UNVR.JK
2026-04-08,1821.1441650390625,1825.8018227501598,1783.8829033502836,1793.1982187724784,11687600,UNVR.JK
2026-04-09,1779.2252197265625,1811.8288232294053,1774.5675620832992,1811.8288232294053,10902500,UNVR.JK
2026-04-10,1788.54052734375,1802.513500213623,1779.225212097168,1788.54052734375,8206300,UNVR.JK
2026-04-13,1779.2252197265625,1783.8828773698258,1755.9369315102463,1779.2252197265625,7397900,UNVR.JK
2026-04-14,1779.2252197265625,1793.1981926563524,1769.9099044400361,1788.540535013089,10440100,UNVR.JK
2026-04-15,1765.2523193359375,1793.1982663438941,1765.2523193359375,1788.5406085092347,11235900,UNVR.JK
2026-04-16,1732.648681640625,1769.909943611391,1727.9910238942794,1765.2522858650455,13626400,UNVR.JK
2026-04-17,1737.306396484375,1765.2523438809064,1732.6487385849532,1732.6487385849532,9601000,UNVR.JK
2026-04-20,1695.387451171875,1755.937002999442,1695.387451171875,1741.9640295007728,14771400,UNVR.JK
2026-04-21,1676.7568359375,1695.3874674479166,1667.4415201822917,1695.3874674479166,13679100,UNVR.JK
2026-04-22,1644.1531982421875,1695.3874338814624,1639.4955404567988,1676.756802739908,20485500,UNVR.JK
2026-04-23,1560.3153076171875,1639.4954874067164,1560.3153076171875,1639.4954874067164,46396500,UNVR.JK
2026-04-24,1467.1622314453125,1569.630704752604,1457.8469156901042,1560.3153889973958,41658200,UNVR.JK
2026-04-27,1415.927978515625,1467.162214580335,1406.6126628674958,1467.162214580335,40053800,UNVR.JK
2026-04-28,1383.3243408203125,1439.216233378709,1383.3243408203125,1420.5856025259102,42672500,UNVR.JK
2026-04-29,1467.1622314453125,1485.792862955729,1392.6397054036458,1392.6397054036458,38824200,UNVR.JK
2026-04-30,1429.90087890625,1504.4234002824714,1425.2432213202362,1504.4234002824714,50188300,UNVR.JK
2026-05-04,1453.189208984375,1490.450470753205,1443.8738935421675,1448.5315512632712,36660100,UNVR.JK
2026-05-05,1527.7117919921875,1569.6307131139245,1434.5586339438835,1448.531607651129,42348300,UNVR.JK
2026-05-06,1681.4144287109375,1686.0720864081977,1541.6846977931311,1541.6846977931311,75977100,UNVR.JK
2026-05-07,1709.3603515625,1727.9909820972412,1667.4414328593323,1686.0720633940734,47653800,UNVR.JK
2026-05-08,1676.7568359375,1714.0180989583332,1672.0991780598958,1709.360441080729,18226100,UNVR.JK
2026-05-11,1662.7838134765625,1690.7297599215467,1639.495524772409,1681.4144444398853,15722700,UNVR.JK
2026-05-12,1676.7568359375,1700.0451253255208,1634.8379150390624,1667.4415201822917,15541900,UNVR.JK
2026-05-13,1662.7838134765625,1676.7567866990546,1648.8108402540704,1676.7567866990546,6834600,UNVR.JK
2026-05-14,1662.7838134765625,1662.7838134765625,1662.7838134765625,1662.7838134765625,0,UNVR.JK
2026-05-15,1662.7838134765625,1662.7838134765625,1662.7838134765625,1662.7838134765625,0,UNVR.JK
2026-05-18,1648.810791015625,1658.1261062191031,1592.9188997947563,1653.468448617364,18683500,UNVR.JK
2026-05-19,1634.837890625,1653.4685218571938,1602.234285968661,1644.153206241097,14016100,UNVR.JK
2026-05-20,1672.09912109375,1690.7297519694464,1630.180201623433,1634.8378593423572,19068500,UNVR.JK
2026-05-21,1630.18017578125,1690.7297251674108,1625.522518136161,1686.0720675223215,17561800,UNVR.JK
2026-05-22,1644.1531982421875,1653.4685138129648,1625.5225671006328,1634.8378826714102,8894800,UNVR.JK
2026-05-25,1648.810791015625,1672.0990790243202,1634.837818210408,1658.1261062191031,9593400,UNVR.JK
2026-05-26,1639.4954833984375,1672.0990867614746,1630.1801681518555,1672.0990867614746,16040300,UNVR.JK
2026-05-27,1639.4954833984375,1639.4954833984375,1639.4954833984375,1639.4954833984375,0,UNVR.JK
2026-05-28,1639.4954833984375,1639.4954833984375,1639.4954833984375,1639.4954833984375,0,UNVR.JK
2026-05-29,1592.9189453125,1681.4144422743057,1471.8198442068715,1518.39642155519,133330600,UNVR.JK
2026-06-02,1551.0,1592.918918918919,1523.0540540540542,1592.918918918919,28441900,UNVR.JK
2026-06-03,1490.450439453125,1616.2071952819824,1462.504493713379,1564.9729614257812,30595500,UNVR.JK
2026-06-04,1504.4234619140625,1523.0540930213574,1425.2432797080594,1490.4504885835913,17974200,UNVR.JK
2026-06-05,1462.5045166015625,1518.3964089557624,1425.243255032096,1509.0810935633956,24377100,UNVR.JK
2026-06-08,1467.1622314453125,1490.4505208333333,1401.9550211588542,1462.5045735677083,16472200,UNVR.JK
2026-06-09,1495.108154296875,1504.4234698999708,1457.8468918844917,1467.1622074875875,14614800,UNVR.JK
2026-06-10,1490.450439453125,1504.423412322998,1471.819808959961,1499.765754699707,33735000,UNVR.JK
2026-06-11,1523.0540771484375,1564.9729967029816,1499.7657885070241,1499.7657885070241,22363100,UNVR.JK
2026-06-12,1551.0,1555.6576576576576,1527.7117117117118,1527.7117117117118,28345900,UNVR.JK
2026-06-15,1660.0,1695.0,1615.0,1620.0,41419400,UNVR.JK
2026-06-17,1650.0,1705.0,1645.0,1660.0,12881200,UNVR.JK
2026-06-18,1665.0,1690.0,1620.0,1645.0,9988800,UNVR.JK
2026-06-19,1685.0,1735.0,1620.0,1665.0,59195200,UNVR.JK
2026-06-22,1700.0,1725.0,1665.0,1725.0,8146100,UNVR.JK
2026-06-23,1655.0,1695.0,1650.0,1695.0,7518300,UNVR.JK
2026-06-24,1685.0,1690.0,1645.0,1660.0,11911100,UNVR.JK
2026-06-25,1735.0,1805.0,1655.0,1675.0,49717400,UNVR.JK
2026-06-26,1730.0,1760.0,1715.0,1740.0,16495000,UNVR.JK
2026-06-29,1770.0,1780.0,1740.0,1750.0,11099300,UNVR.JK
2026-06-30,1805.0,1845.0,1760.0,1770.0,37171400,UNVR.JK
2026-07-01,1775.0,1825.0,1775.0,1815.0,13228800,UNVR.JK
2026-07-02,1760.0,1795.0,1755.0,1775.0,7673700,UNVR.JK
2026-07-03,1800.0,1805.0,1760.0,1760.0,7797200,UNVR.JK
2026-07-06,1770.0,1805.0,1760.0,1800.0,7874100,UNVR.JK
2026-07-07,1765.0,1775.0,1740.0,1775.0,9647400,UNVR.JK
2026-07-08,1735.0,1775.0,1715.0,1770.0,8601900,UNVR.JK
2026-07-09,1715.0,1740.0,1715.0,1735.0,3144000,UNVR.JK
2026-07-10,1730.0,1735.0,1715.0,1715.0,3626900,UNVR.JK
2026-07-13,1680.0,1725.0,1655.0,1720.0,27320400,UNVR.JK
2026-07-14,1675.0,1690.0,1670.0,1680.0,14159900,UNVR.JK
2026-07-15,1670.0,1690.0,1660.0,1685.0,9093900,UNVR.JK
2026-07-16,1685.0,1690.0,1670.0,1670.0,9252900,UNVR.JK
2026-07-17,1700.0,1715.0,1675.0,1685.0,13265800,UNVR.JK
2026-07-20,1735.0,1770.0,1705.0,1710.0,22167900,UNVR.JK
2026-07-21,1710.0,1755.0,1710.0,1740.0,17491600,UNVR.JK
2026-07-22,1705.0,1720.0,1680.0,1710.0,18808800,UNVR.JK
2026-07-23,1680.0,1715.0,1680.0,1710.0,12951900,UNVR.JK
2026-07-24,1685.0,1690.0,1670.0,1680.0,9819500,UNVR.JK
2026-07-27,1680.0,1695.0,1675.0,1690.0,6492500,UNVR.JK
2026-07-28,1705.0,1705.0,1680.0,1685.0,10422500,UNVR.JK
2026-07-29,1695.0,1720.0,1685.0,1705.0,10834900,UNVR.JK
2026-07-30,1715.0,1720.0,1685.0,1695.0,9551500,UNVR.JK
2026-07-31,1755.0,1755.0,1700.0,1720.0,25612000,UNVR.JK
2026-08-03,1740.0,1765.0,1730.0,1760.0,7946900,UNVR.JK
2026-08-04,1820.0,1825.0,1740.0,1740.0,21581300,UNVR.JK
2026-08-05,1845.0,1845.0,1785.0,1820.0,26005100,UNVR.JK
2026-08-06,1805.0,1845.0,1790.0,1845.0,19384100,UNVR.JK
2026-08-07,1820.0,1825.0,1800.0,1805.0,12769600,UNVR.JK
2026-08-10,1800.0,1830.0,1795.0,1820.0,13969800,UNVR.JK
2026-08-11,1745.0,1810.0,1740.0,1795.0,14732400,UNVR.JK
2026-08-12,1760.0,1765.0,1740.0,1750.0,7995300,UNVR.JK
2026-08-13,1730.0,1760.0,1715.0,1760.0,9995800,UNVR.JK
2026-08-14,1775.0,1775.0,1730.0,1730.0,7372300,UNVR.JK
2026-08-18,1800.0,1820.0,1775.0,1785.0,13363200,UNVR.JK
2026-08-19,1780.0,1805.0,1770.0,1800.0,6136400,UNVR.JK
2026-08-20,1835.0,1840.0,1780.0,1785.0,19369300,UNVR.JK
2026-08-21,1795.0,1830.0,1790.0,1830.0,10450200,UNVR.JK
2026-08-24,1800.0,1810.0,1795.0,1800.0,3955100,UNVR.JK
2026-08-25,1800.0,1800.0,1800.0,1800.0,0,UNVR.JK
2026-08-26,1765.0,1800.0,1755.0,1800.0,8457300,UNVR.JK
2026-08-27,1760.0,1775.0,1750.0,1765.0,10229600,UNVR.JK
2026-08-28,1755.0,1785.0,1750.0,1775.0,9388700,UNVR.JK
2026-08-31,1755.0,1775.0,1615.0,1760.0,140113900,UNVR.JK
2026-09-01,1710.0,1735.0,1680.0,1735.0,18693200,UNVR.JK
2026-09-02,1700.0,1715.0,1685.0,1710.0,15880100,UNVR.JK
2026-09-03,1710.0,1715.0,1695.0,1700.0,10622000,UNVR.JK
2026-09-04,1685.0,1715.0,1685.0,1710.0,12529100,UNVR.JK
