Date,Close,High,Low,Open,Volume,Ticker
2021-01-04,4152.19287109375,4168.868344471636,4018.7890840706577,4068.815504204317,34840200,ASII.JK
2021-01-05,4118.84130859375,4168.867721248735,4102.165837708755,4152.19225036374,27318400,ASII.JK
2021-01-06,4102.166015625,4152.192430449695,3968.7622427591464,4118.841487233231,42778200,ASII.JK
2021-01-07,4052.1396484375,4135.517007458848,4052.1396484375,4118.841535654578,33536400,ASII.JK
2021-01-08,4285.59521484375,4318.946150367826,4068.814133937257,4102.165069461333,88590400,ASII.JK
2021-01-11,4352.29833984375,4402.324757543103,4318.947394710848,4335.622867277299,57622400,ASII.JK
2021-01-12,4352.29833984375,4435.675702676006,4268.920977011494,4285.596449577945,38226200,ASII.JK
2021-01-13,4519.052734375,4535.728205719557,4335.622549584871,4402.3244349630995,56171600,ASII.JK
2021-01-14,4519.052734375,4619.105562442343,4519.052734375,4569.079148408672,48209800,ASII.JK
2021-01-15,4385.64892578125,4569.079108988831,4352.297983379872,4535.7281665874525,45722300,ASII.JK
2021-01-18,4452.3505859375,4469.026056296817,4352.297763781601,4385.648704500234,48444700,ASII.JK
2021-01-19,4452.3505859375,4519.052467374766,4385.648704500234,4519.052467374766,37236400,ASII.JK
2021-01-20,4452.3505859375,4519.052467374766,4418.999645218867,4418.999645218867,27403000,ASII.JK
2021-01-21,4535.72802734375,4535.72802734375,4485.701615277459,4535.72802734375,32219700,ASII.JK
2021-01-22,4469.02685546875,4569.079695516558,4402.324962103545,4552.404222175256,34960500,ASII.JK
2021-01-25,4318.947265625,4435.675570101352,4218.894433216698,4435.675570101352,73391700,ASII.JK
2021-01-26,4235.56982421875,4385.649069958785,4202.218880720965,4318.947182963214,39158300,ASII.JK
2021-01-27,4185.54248046875,4235.568884617779,4102.165140220369,4235.568884617779,56444100,ASII.JK
2021-01-28,4185.54248046875,4302.270756816484,4102.165140220369,4102.165140220369,54596400,ASII.JK
2021-01-29,4068.815185546875,4252.245378337922,3968.7623531153945,4202.218962122182,71886200,ASII.JK
2021-02-01,4018.788818359375,4052.139762910075,3835.3586233305236,3902.060512431924,57416200,ASII.JK
2021-02-02,3985.43701171875,4102.165292396705,3918.735137045633,4102.165292396705,42421400,ASII.JK
2021-02-03,4102.166015625,4185.543373666158,3968.7622427591464,4052.139600800305,76420800,ASII.JK
2021-02-04,4135.51708984375,4152.192561980217,4085.49067343435,4152.192561980217,29508100,ASII.JK
2021-02-05,4068.815185546875,4168.868017978355,4035.464241403048,4168.868017978355,34366600,ASII.JK
2021-02-08,4068.815185546875,4135.517073834529,4052.1397134749614,4135.517073834529,28817400,ASII.JK
2021-02-09,3885.384765625,4135.516832081545,3885.384765625,4068.814947693133,113795000,ASII.JK
2021-02-10,3935.4111328125,3985.4375455177437,3885.3847201072567,3902.0601910090045,43492200,ASII.JK
2021-02-11,3902.060302734375,3968.7621882512017,3885.384831355168,3918.7357741135816,37890700,ASII.JK
2021-02-15,3968.761474609375,4168.867095177915,3968.7614746093755,4068.8142848936454,178642200,ASII.JK
2021-02-16,3952.087158203125,4002.1135779272154,3935.4116849617617,3985.438104685852,35796600,ASII.JK
2021-02-17,3868.709716796875,3952.0870813830147,3835.3587709624194,3935.4116084657867,56517500,ASII.JK
2021-02-18,3818.682861328125,3918.735687389124,3818.682861328125,3835.3583323382913,56765900,ASII.JK
2021-02-19,3852.033935546875,3902.060350294237,3818.682992381967,3818.682992381967,42627800,ASII.JK
2021-02-22,3802.007568359375,3902.060399105674,3802.007568359375,3885.3849273146243,55230300,ASII.JK
2021-02-23,3818.682861328125,3885.384745368791,3802.0073903179587,3802.0073903179587,60745000,ASII.JK
2021-02-24,3751.981689453125,3902.06095703125,3735.3062152777775,3852.0345345052083,73050200,ASII.JK
2021-02-25,3718.629150390625,3802.0064856011772,3651.9272822221833,3802.0064856011772,123672200,ASII.JK
2021-02-26,3601.90234375,3685.279712818287,3568.551396122685,3635.253291377315,146271500,ASII.JK
2021-03-01,3735.3056640625,3735.3056640625,3635.252833775112,3668.603777204241,118418900,ASII.JK
2021-03-02,3718.629150390625,3785.3310185590667,3701.9536833485145,3768.655551516956,87061500,ASII.JK
2021-03-03,3785.33203125,3802.007502753304,3685.2792022301765,3751.981088243392,49030200,ASII.JK
2021-03-04,3718.629150390625,3802.0064856011772,3685.278216306404,3785.3310185590667,70766800,ASII.JK
2021-03-05,3668.603759765625,3718.63017467152,3651.9282881303266,3685.279231400923,48034400,ASII.JK
2021-03-08,3701.95458984375,3751.981003220017,3651.9281764674834,3701.95458984375,55652900,ASII.JK
2021-03-09,3685.27978515625,3768.6571558611427,3601.902414451358,3701.9552592972286,66908800,ASII.JK
2021-03-10,3618.5771484375,3685.279031358007,3601.9016777073734,3668.6035606278806,66154200,ASII.JK
2021-03-12,3651.928466796875,3718.630356601384,3635.2529943457475,3701.9548841502565,87065000,ASII.JK
2021-03-15,3685.27978515625,3751.9816817201645,3668.604311015272,3685.2797851562505,48489500,ASII.JK
2021-03-16,3701.95458984375,3818.6828877217063,3701.95458984375,3735.3055320945946,64804400,ASII.JK
2021-03-17,3718.629150390625,3768.655551516956,3701.9536833485145,3751.9800844748456,61881600,ASII.JK
2021-03-18,3818.682861328125,3868.7092743586245,3751.980977287459,3785.331919307792,90338700,ASII.JK
2021-03-19,3852.033935546875,3852.033935546875,3751.981106052151,3818.682992381967,80429800,ASII.JK
2021-03-22,3718.629150390625,3852.0328867275084,3701.9536833485145,3835.357419685398,57320300,ASII.JK
2021-03-23,3718.629150390625,3785.3310185590667,3701.9536833485145,3701.9536833485145,46973100,ASII.JK
2021-03-24,3635.2529296875,3735.3057626146788,3635.2529296875,3718.630290460149,40065300,ASII.JK
2021-03-25,3635.2529296875,3685.2793461510896,3601.9019853784403,3635.2529296875,49497900,ASII.JK
2021-03-26,3735.3056640625,3735.3056640625,3651.9283054896764,3685.279248918806,24880300,ASII.JK
2021-03-29,3685.27978515625,3768.6571558611427,3685.2797851562505,3735.306207579186,25164100,ASII.JK
2021-03-30,3601.90234375,3701.9551866319443,3601.90234375,3651.928765190972,55842300,ASII.JK
2021-03-31,3518.524169921875,3635.252459919283,3485.1732299226155,3635.252459919283,89835200,ASII.JK
2021-04-01,3568.551025390625,3601.9019695531542,3551.8755533093604,3568.551025390625,33323600,ASII.JK
2021-04-05,3568.551025390625,3635.2529137156835,3568.551025390625,3618.577441634419,29142200,ASII.JK
2021-04-06,3568.551025390625,3601.9019695531542,3535.2000812280958,3585.2264974718896,26040800,ASII.JK
2021-04-07,3551.875244140625,3568.5507147703934,3518.5243028810887,3535.199773510857,33361900,ASII.JK
2021-04-08,3535.200439453125,3585.226860766141,3535.200439453125,3585.226860766141,43680100,ASII.JK
2021-04-09,3518.524169921875,3601.9015199200235,3518.524169921875,3535.1996399215045,59348800,ASII.JK
2021-04-12,3385.12060546875,3518.524373171952,3368.4451345058496,3501.8489022090516,68211200,ASII.JK
2021-04-13,3385.12060546875,3451.822489320351,3351.7696635429493,3351.7696635429493,53505400,ASII.JK
2021-04-14,3501.84912109375,3518.524593098958,3401.7962890625,3435.1472330729166,39277800,ASII.JK
2021-04-15,3501.84912109375,3518.524593098958,3451.822705078125,3501.84912109375,34533700,ASII.JK
2021-04-16,3501.84912109375,3551.875537109375,3468.4981770833333,3535.2000651041667,38151200,ASII.JK
2021-04-19,3468.49853515625,3501.8494826096758,3468.4985351562505,3485.174008882963,30832600,ASII.JK
2021-04-20,3535.200439453125,3535.200439453125,3435.147596827093,3435.147596827093,46601200,ASII.JK
2021-04-21,3485.173583984375,3518.524527371785,3468.4981122906697,3485.173583984375,47261000,ASII.JK
2021-04-22,3635.2529296875,3668.6038739965597,3485.1736802967316,3485.1736802967316,86785100,ASII.JK
2021-04-23,3751.981689453125,3768.657163628472,3651.9288444010413,3668.604318576389,95175600,ASII.JK
2021-04-26,3751.981689453125,3785.332637803819,3735.3062152777775,3751.981689453125,65428000,ASII.JK
2021-04-27,3685.27978515625,3768.6571558611427,3651.928836874293,3751.9816817201645,41552600,ASII.JK
2021-04-28,3568.551025390625,3718.6302741220065,3551.8755533093604,3601.9019695531542,72011700,ASII.JK
2021-04-29,3618.5771484375,3651.9280898977536,3568.55073624712,3568.55073624712,43203100,ASII.JK
2021-04-30,3668.603759765625,3701.9547030362214,3585.2264015891333,3635.252816495028,56668600,ASII.JK
2021-05-03,3676.73681640625,3727.5672793058757,3659.7933287730416,3693.680304039459,29451000,ASII.JK
2021-05-04,3727.56640625,3778.396857244318,3676.735955255682,3727.56640625,39860400,ASII.JK
2021-05-05,3744.51025390625,3795.3407098416287,3710.623283282664,3744.51025390625,27270000,ASII.JK
2021-05-06,3676.73681640625,3795.3412298387098,3659.7933287730416,3795.3412298387098,34361400,ASII.JK
2021-05-07,3608.962158203125,3710.6230640680014,3575.075189581499,3693.6795797571885,30771700,ASII.JK
2021-05-10,3642.849609375,3676.7365824854655,3625.9061228197675,3625.9061228197675,25429700,ASII.JK
2021-05-11,3541.188720703125,3676.736614318556,3507.3017472992674,3659.793127616627,49162600,ASII.JK
2021-05-17,3507.302001953125,3608.962929545969,3473.415026088843,3592.0194416138283,47623100,ASII.JK
2021-05-18,3490.358642578125,3524.2456196905337,3456.471665465716,3490.3586425781245,45784300,ASII.JK
2021-05-19,3422.584228515625,3473.4146873549657,3405.6407422358443,3456.4712010751855,47008800,ASII.JK
2021-05-20,3507.302001953125,3524.2454898852657,3405.6410743602805,3422.584562292421,49746900,ASII.JK
2021-05-21,3422.584228515625,3541.188632474087,3422.5842285156245,3507.301659914526,43416900,ASII.JK
2021-05-24,3456.471435546875,3490.358410405178,3405.640973259421,3456.4714355468755,33540000,ASII.JK
2021-05-25,3439.52783203125,3490.35829260314,3422.584345173953,3456.4713188885466,45393500,ASII.JK
2021-05-27,3490.358642578125,3541.189108246738,3439.5281769095113,3456.471665465716,99709500,ASII.JK
2021-05-28,3490.358642578125,3541.189108246738,3473.4151540219204,3507.302131134329,24346700,ASII.JK
2021-05-31,3558.1318359375,3592.018805803571,3490.357896205357,3507.3013811383926,41498000,ASII.JK
2021-06-02,3608.962158203125,3625.9056425139374,3575.075189581499,3625.9056425139374,43217400,ASII.JK
2021-06-03,3625.90625,3625.90625,3575.0757885514017,3625.90625,49012700,ASII.JK
2021-06-04,3541.188720703125,3625.9061542127693,3524.2452340011964,3608.96266751084,35211100,ASII.JK
2021-06-07,3558.1318359375,3592.018805803571,3524.244866071428,3541.188351004464,31693200,ASII.JK
2021-06-08,3575.075439453125,3608.962410443202,3524.2449829680095,3592.0189249481637,35402300,ASII.JK
2021-06-09,3608.962158203125,3625.9056425139374,3541.1882209598734,3575.075189581499,24331300,ASII.JK
2021-06-10,3659.79345703125,3676.7369452582466,3608.9629923502603,3659.79345703125,42924200,ASII.JK
2021-06-11,3575.075439453125,3676.736352423356,3558.1319539580863,3659.7928669283174,44421700,ASII.JK
2021-06-14,3507.302001953125,3625.9064174781097,3490.358514020984,3625.9064174781097,40699500,ASII.JK
2021-06-15,3490.358642578125,3524.2456196905337,3473.4151540219204,3507.302131134329,35915800,ASII.JK
2021-06-16,3490.358642578125,3524.2456196905337,3473.4151540219204,3524.2456196905337,29144900,ASII.JK
2021-06-17,3456.471435546875,3490.358410405178,3439.527948117724,3473.4149229760264,38074600,ASII.JK
2021-06-18,3388.697021484375,3473.414447021484,3320.9230810546874,3439.5274768066406,112157600,ASII.JK
2021-06-21,3334.47802734375,3368.364999166349,3226.039717511433,3334.4780273437505,48183300,ASII.JK
2021-06-22,3334.47802734375,3405.6406681712083,3320.9232386147105,3334.4780273437505,47156200,ASII.JK
2021-06-23,3341.25537109375,3405.6406165813573,3334.4779768318963,3375.1423424030168,46351900,ASII.JK
2021-06-24,3348.032958984375,3375.142537599633,3327.700775022932,3341.2555643305604,24665200,ASII.JK
2021-06-25,3334.47802734375,3375.142393530869,3327.7006329792302,3348.03281607279,33125300,ASII.JK
2021-06-28,3192.15283203125,3341.255512083665,3192.15283203125,3334.478117535828,53083400,ASII.JK
2021-06-29,3280.2587890625,3334.477942600723,3192.1526645628874,3205.707452947443,70425700,ASII.JK
2021-06-30,3348.032958984375,3388.6973269072623,3266.704223138601,3273.4816177924154,34641700,ASII.JK
2021-07-01,3405.640625,3456.471082089552,3354.810167910448,3381.9197450248757,42856900,ASII.JK
2021-07-02,3388.697021484375,3439.5274768066406,3375.1422333984374,3405.6405065917966,22436900,ASII.JK
2021-07-05,3348.032958984375,3439.5277868108715,3334.4781696767463,3422.584300176335,27554100,ASII.JK
2021-07-06,3320.92333984375,3368.365101841518,3314.1459452726403,3368.365101841518,31280100,ASII.JK
2021-07-07,3320.92333984375,3381.9198909837373,3293.8137615593114,3320.92333984375,35907800,ASII.JK
2021-07-08,3307.36865234375,3361.5878105788934,3287.036468005571,3341.2556262407147,40566600,ASII.JK
2021-07-09,3327.700439453125,3334.477833423498,3300.5908635716332,3307.368257542006,21088500,ASII.JK
2021-07-12,3334.47802734375,3354.8102104373097,3307.368449885671,3327.7006329792302,26816600,ASII.JK
2021-07-13,3320.92333984375,3361.5877072704084,3287.0363669882017,3354.8103126992983,28998600,ASII.JK
2021-07-14,3205.707275390625,3334.4777579116017,3205.707275390625,3334.4777579116017,43408700,ASII.JK
2021-07-15,3259.927001953125,3280.2591869964917,3144.7112867073806,3205.707841837481,50750700,ASII.JK
2021-07-16,3307.36865234375,3327.7008366819286,3266.7042836673922,3280.2590732261783,32544000,ASII.JK
2021-07-19,3239.594482421875,3300.591031254086,3239.594482421875,3287.0362426247057,25106100,ASII.JK
2021-07-21,3300.591064453125,3341.2554307502887,3239.5945150073794,3239.5945150073794,41716000,ASII.JK
2021-07-22,3375.14208984375,3405.6403617399287,3320.9229398060997,3341.2551210702186,36287300,ASII.JK
2021-07-23,3354.810302734375,3388.6972754892677,3327.700724530461,3388.6972754892677,26847700,ASII.JK
2021-07-26,3232.8173828125,3368.3652814629195,3232.8173828125,3354.8104915978774,43373400,ASII.JK
2021-07-27,3226.0400390625,3273.4818043428313,3205.7078539423583,3232.8174341025474,42635500,ASII.JK
2021-07-28,3192.15283203125,3246.3719884139464,3192.15283203125,3239.5945938661093,24083000,ASII.JK
2021-07-29,3151.489013671875,3212.4855752268145,3151.489013671875,3198.9307837701613,50238500,ASII.JK
2021-07-30,3198.930419921875,3280.259159411414,3165.0434451345673,3192.1530249644134,65379500,ASII.JK
2021-08-02,3266.70458984375,3266.70458984375,3205.7080311122277,3205.7080311122277,39192600,ASII.JK
2021-08-03,3348.032958984375,3368.3651429458187,3273.4816177924154,3280.25901244623,46414100,ASII.JK
2021-08-04,3320.92333984375,3368.365101841518,3300.591156130421,3368.365101841518,25646900,ASII.JK
2021-08-05,3314.14599609375,3341.2555747939036,3293.8138120686353,3320.9233907687885,31304900,ASII.JK
2021-08-06,3348.032958984375,3375.142537599633,3307.368591061488,3348.032958984375,45454600,ASII.JK
2021-08-09,3293.813720703125,3354.810271086516,3273.4815372419944,3348.0328765994723,31858700,ASII.JK
2021-08-10,3327.700439453125,3341.255227393871,3280.2586816605144,3320.923045482752,41920300,ASII.JK
2021-08-12,3348.032958984375,3361.587748292004,3307.368591061488,3348.032958984375,22191700,ASII.JK
2021-08-13,3405.640625,3439.527596393035,3361.5875621890546,3361.5875621890546,62673300,ASII.JK
2021-08-16,3439.52783203125,3439.5278320312495,3381.9199767164405,3422.584345173953,46949700,ASII.JK
2021-08-18,3541.188720703125,3592.0191808089116,3439.527800491552,3456.4712871934807,102560600,ASII.JK
2021-08-19,3490.358642578125,3575.0760853591473,3439.5281769095113,3541.189108246738,53594900,ASII.JK
2021-08-20,3456.471435546875,3490.358410405178,3388.6974858302697,3490.358410405178,32878200,ASII.JK
2021-08-23,3456.471435546875,3490.358410405178,3422.5844606885726,3456.4714355468755,30921500,ASII.JK
2021-08-24,3439.52783203125,3507.301779460437,3422.584345173953,3507.301779460437,32783500,ASII.JK
2021-08-25,3490.358642578125,3524.2456196905337,3439.5281769095113,3490.3586425781245,26870400,ASII.JK
2021-08-26,3456.471435546875,3524.245385263481,3422.5844606885726,3524.245385263481,28757400,ASII.JK
2021-08-27,3422.584228515625,3456.4712010751855,3422.5842285156245,3456.4712010751855,26966100,ASII.JK
2021-08-30,3575.075439453125,3575.075439453125,3456.4710409878553,3456.4710409878553,51914600,ASII.JK
2021-08-31,3541.188720703125,3592.0191808089116,3524.2452340011964,3575.0756941069826,45649200,ASII.JK
2021-09-01,3507.302001953125,3575.0759536816877,3456.4715381567025,3541.1889778174063,26732500,ASII.JK
2021-09-02,3558.1318359375,3558.1318359374995,3507.3013811383926,3524.244866071428,17335000,ASII.JK
2021-09-03,3625.90625,3625.90625,3524.2453271028035,3558.132301401869,28004500,ASII.JK
2021-09-06,3676.73681640625,3693.680304039459,3608.962865873416,3642.849841139833,28315200,ASII.JK
2021-09-07,3625.90625,3693.6801985981306,3592.0192757009345,3676.7367114485983,23685800,ASII.JK
2021-09-08,3558.1318359375,3642.8492606026784,3558.1318359374995,3642.8492606026784,44076000,ASII.JK
2021-09-09,3693.68017578125,3693.68017578125,3558.132279422305,3558.132279422305,49118000,ASII.JK
2021-09-10,3676.73681640625,3710.6237916726673,3642.849841139833,3693.680304039459,31997100,ASII.JK
2021-09-13,3693.68017578125,3727.567149870986,3625.9062276017776,3676.736688736382,29796400,ASII.JK
2021-09-14,3744.51025390625,3761.4537392180428,3693.679797970871,3727.566768594457,34356900,ASII.JK
2021-09-15,3659.79345703125,3761.4543863932295,3642.8499688042534,3744.510898166233,61522300,ASII.JK
2021-09-16,3642.849609375,3710.6235555959306,3625.9061228197675,3676.7365824854655,27187700,ASII.JK
2021-09-17,3676.73681640625,3676.73681640625,3575.075890606999,3642.849841139833,44004000,ASII.JK
2021-09-20,3592.01953125,3676.7369730247638,3541.189066185141,3676.7369730247638,46896100,ASII.JK
2021-09-21,3541.188720703125,3575.0756941069826,3490.358260597339,3575.0756941069826,23656300,ASII.JK
2021-09-22,3575.075439453125,3625.9058959382405,3524.2449829680095,3541.188468463048,21750800,ASII.JK
2021-09-23,3490.358642578125,3608.963062471556,3490.3586425781245,3575.0760853591473,27178400,ASII.JK
2021-09-24,3490.358642578125,3541.189108246738,3473.4151540219204,3490.3586425781245,29394300,ASII.JK
2021-09-27,3507.302001953125,3541.1889778174063,3473.415026088843,3490.358514020984,25252300,ASII.JK
2021-09-28,3439.52783203125,3524.2452663177337,3439.5278320312495,3507.301779460437,35640900,ASII.JK
2021-09-29,3608.962158203125,3625.9056425139374,3422.583830784184,3439.527315094997,42995900,ASII.JK
2021-09-30,3727.56640625,3727.56640625,3592.018536931818,3642.848987926136,44723000,ASII.JK
2021-10-01,3693.68017578125,3727.567149870986,3659.793201691514,3693.68017578125,27484100,ASII.JK
2021-10-04,3778.397216796875,3812.2841873511074,3710.623275688411,3727.566760965527,52074900,ASII.JK
2021-10-05,3761.454345703125,3829.228297877956,3727.567369615709,3778.3978337468325,27128000,ASII.JK
2021-10-06,4049.49365234375,4134.211092769351,3778.3978429818253,3795.3413310669457,168237500,ASII.JK
2021-10-07,3863.11474609375,4066.436574835526,3863.1147460937495,4049.493089107045,97516000,ASII.JK
2021-10-08,4030.482421875,4081.717367915784,3842.6209530587926,3893.855899099576,91094200,ASII.JK
2021-10-11,3945.091064453125,4064.6392785274625,3945.0910644531255,4047.5609622311285,38994500,ASII.JK
2021-10-12,4013.404296875,4064.6392453457447,3945.0910322473405,3962.1693484042553,68823100,ASII.JK
2021-10-13,4286.6572265625,4303.7355422061755,4047.560807551046,4064.639123194721,143652900,ASII.JK
2021-10-14,4252.50048828125,4406.205325207078,4184.1872274253265,4303.735433923192,104502800,ASII.JK
2021-10-15,4269.5791015625,4303.735734375,4184.18751953125,4286.6574179687495,82896700,ASII.JK
2021-10-18,4252.50048828125,4337.892064351155,4235.422173067269,4286.657118709212,61419000,ASII.JK
2021-10-19,4337.892578125,4354.970895361713,4235.422674704724,4286.6576264148625,52117000,ASII.JK
2021-10-21,4201.26513671875,4337.891645229929,4184.186823154852,4337.891645229929,132905200,ASII.JK
2021-10-22,4218.34375,4252.500379554656,4184.187120445345,4201.265435222672,26886400,ASII.JK
2021-10-25,4132.9521484375,4252.5003510782535,4115.873833774534,4235.422036415289,51872000,ASII.JK
2021-10-26,4201.26513671875,4218.343450282648,4132.9518824631605,4132.9518824631605,25950500,ASII.JK
2021-10-27,4098.7958984375,4184.187479654948,4098.7958984375,4167.109163411458,40588700,ASII.JK
2021-10-28,4098.7958984375,4218.344112141927,4064.639265950521,4098.7958984375,50046900,ASII.JK
2021-10-29,4115.8740234375,4269.578862487034,4115.8740234375,4252.500547037085,82397400,ASII.JK
2021-11-01,4115.8740234375,4201.265600687241,4115.8740234375,4132.952338887449,37254100,ASII.JK
2021-11-02,4030.482421875,4167.108944650424,4030.482421875,4115.87399860964,25293400,ASII.JK
2021-11-03,4081.7177734375,4115.874407524843,3979.2478711754707,4030.4828223064856,90495000,ASII.JK
2021-11-04,4081.7177734375,4150.0310416121865,4064.6394563938284,4150.0310416121865,41774200,ASII.JK
2021-11-05,4047.5615234375,4081.7181607660864,3996.32656744462,4030.4832047732066,80775400,ASII.JK
2021-11-08,4047.5615234375,4098.79647943038,4030.4832047732066,4047.5615234375,23177300,ASII.JK
2021-11-09,3996.32568359375,4064.6389431423613,3996.3256835937505,4030.4823133680557,41112200,ASII.JK
2021-11-10,4218.34375,4269.578694331984,4013.403972672065,4047.5606022267207,104312600,ASII.JK
2021-11-11,4218.34375,4269.578694331984,4201.265435222672,4235.422064777328,51111700,ASII.JK
2021-11-12,4201.26513671875,4252.500077410442,4150.030196027058,4235.421763846544,26920800,ASII.JK
2021-11-15,4184.18701171875,4218.343640385842,4132.952068718112,4201.265326052296,22148900,ASII.JK
2021-11-16,4218.34375,4269.578694331984,4167.108805668016,4184.187120445345,42681000,ASII.JK
2021-11-17,4269.5791015625,4269.5791015625,4218.34415234375,4252.50078515625,49120900,ASII.JK
2021-11-18,4235.421875,4269.578503024193,4218.343560987903,4269.578503024193,29629900,ASII.JK
2021-11-19,4252.50048828125,4269.578803495231,4235.422173067269,4252.50048828125,37505200,ASII.JK
2021-11-22,4235.421875,4354.970073084677,4184.186932963709,4269.578503024193,62612600,ASII.JK
2021-11-23,4269.5791015625,4303.735734375,4218.34415234375,4269.5791015625,31557400,ASII.JK
2021-11-24,4252.50048828125,4286.657118709212,4235.422173067269,4286.657118709212,25645300,ASII.JK
2021-11-25,4252.50048828125,4303.735433923192,4218.343857853289,4269.578803495231,32763500,ASII.JK
2021-11-26,4030.482421875,4252.500521385064,4013.404106528072,4235.422206038135,93634100,ASII.JK
2021-11-29,4081.7177734375,4098.796090481172,3928.012920044456,4030.4828223064856,87367400,ASII.JK
2021-11-30,3945.091064453125,4081.7175948237964,3928.0127481567915,4064.6392785274625,97592700,ASII.JK
2021-12-01,3859.699462890625,3996.3259925504703,3842.6211466831446,3979.24767634299,102412800,ASII.JK
2021-12-02,3996.32568359375,4013.4039984809033,3825.5425347222226,3859.6991644965283,48422300,ASII.JK
2021-12-03,3928.012939453125,4047.5611593495246,3910.934622325068,4030.4828422214678,31882900,ASII.JK
2021-12-06,3859.699462890625,3962.169360135509,3859.6994628906255,3928.012727720548,53112400,ASII.JK
2021-12-07,4047.5615234375,4047.5615234375,3893.8566554588606,3893.8566554588606,39679500,ASII.JK
2021-12-08,3962.16943359375,4064.639332738416,3945.091117069639,4047.5610162143053,44189500,ASII.JK
2021-12-09,4098.7958984375,4098.7958984375,3962.169368489583,4030.482633463542,35386900,ASII.JK
2021-12-10,4047.5615234375,4064.6398421017934,3962.169930116034,4064.6398421017934,55629400,ASII.JK
2021-12-13,4030.482421875,4081.717367915784,4013.404106528072,4047.560737221928,30655800,ASII.JK
2021-12-14,4013.404296875,4047.56092918883,3996.3259807180852,4047.56092918883,17233700,ASII.JK
2021-12-15,4098.7958984375,4132.952530924479,4013.404317220052,4030.482633463542,51113700,ASII.JK
2021-12-16,3962.16943359375,4132.9525988348605,3962.1694335937505,4115.87428231075,56929600,ASII.JK
2021-12-17,3962.16943359375,3979.2477501178614,3910.934484021417,3962.1694335937505,55854900,ASII.JK
2021-12-20,3876.778076171875,3945.091346236578,3876.778076171875,3928.0130287204024,26290000,ASII.JK
2021-12-21,3859.699462890625,3928.012727720548,3859.6994628906255,3876.777779098106,29127800,ASII.JK
2021-12-22,3842.621337890625,3945.091240234375,3842.621337890625,3893.8562890625003,33727100,ASII.JK
2021-12-23,3910.934814453125,3928.0131324201693,3842.6215425849487,3859.6998605519925,21744100,ASII.JK
2021-12-24,3876.778076171875,3928.0130287204024,3859.6997586556995,3910.9347112042265,16203800,ASII.JK
2021-12-27,3876.778076171875,3928.0130287204024,3859.6997586556995,3910.9347112042265,20426700,ASII.JK
2021-12-28,3910.934814453125,3928.0131324201693,3859.6998605519925,3876.778178519037,21833300,ASII.JK
2021-12-29,3928.012939453125,3945.0912565811823,3876.777988068954,3928.012939453125,14260000,ASII.JK
2021-12-30,3893.855712890625,3945.090656481291,3893.855712890625,3945.090656481291,17144000,ASII.JK
2022-01-03,3910.934814453125,3928.0131324201693,3842.6215425849487,3876.778178519037,27052300,ASII.JK
2022-01-04,3945.091064453125,4013.4043296384607,3910.9344318604576,3928.0127481567915,29770700,ASII.JK
2022-01-05,3808.464111328125,3945.090626532721,3791.3857969275505,3910.933997731572,50423900,ASII.JK
2022-01-06,3876.778076171875,3876.778076171875,3808.4648061071725,3825.543123623348,32155800,ASII.JK
2022-01-07,3893.855712890625,3928.0123419510687,3859.699083830181,3910.9340274208466,25014800,ASII.JK
2022-01-10,3859.699462890625,3910.934411513067,3859.6994628906255,3876.777779098106,15379400,ASII.JK
2022-01-11,3893.855712890625,3893.855712890625,3859.699083830181,3893.855712890625,21800300,ASII.JK
2022-01-12,3910.934814453125,3910.9348144531255,3859.6998605519925,3910.9348144531255,21283700,ASII.JK
2022-01-13,3945.091064453125,3945.0910644531255,3876.7777992677898,3910.9344318604576,18618100,ASII.JK
2022-01-14,3910.934814453125,3962.169768354258,3893.856496486081,3945.0914503872136,17719100,ASII.JK
2022-01-17,3876.778076171875,3945.091346236578,3859.6997586556995,3945.091346236578,15859100,ASII.JK
2022-01-18,3859.699462890625,3910.934411513067,3808.4645142681834,3876.777779098106,28165300,ASII.JK
2022-01-19,3825.542724609375,3876.777671813965,3808.4644088745117,3859.6993560791016,38051800,ASII.JK
2022-01-20,3774.307861328125,3842.6211257865525,3757.229545213518,3825.5428096719456,46564600,ASII.JK
2022-01-21,3825.542724609375,3842.6210403442383,3757.229461669922,3774.307777404785,40709600,ASII.JK
2022-01-24,3774.307861328125,3842.6211257865525,3774.307861328125,3825.5428096719456,27127800,ASII.JK
2022-01-25,3723.07275390625,3757.229384676032,3671.8378077515767,3757.229384676032,56709200,ASII.JK
2022-01-26,3723.07275390625,3757.229384676032,3705.994438521359,3757.229384676032,27985700,ASII.JK
2022-01-27,3740.150634765625,3774.3072615671376,3688.9156945633563,3705.9940079641124,34574800,ASII.JK
2022-01-28,3740.150634765625,3774.3072615671376,3723.072321364869,3740.150634765625,27378500,ASII.JK
2022-01-31,3740.150634765625,3791.3855749678937,3723.072321364869,3740.150634765625,32006300,ASII.JK
2022-02-02,3757.228759765625,3774.307072310014,3705.9938221324574,3757.228759765625,33450400,ASII.JK
2022-02-03,3757.228759765625,3791.385384854403,3723.0721346768464,3757.228759765625,38565600,ASII.JK
2022-02-04,3757.228759765625,3774.307072310014,3740.150447221236,3774.307072310014,16052500,ASII.JK
2022-02-07,3740.150634765625,3774.3072615671376,3723.072321364869,3757.228948166381,46685400,ASII.JK
2022-02-08,3791.386474609375,3893.856379328547,3757.229839702984,3774.3081571561797,95691000,ASII.JK
2022-02-09,3791.386474609375,3859.6997444221565,3740.1515222497887,3791.386474609375,80244900,ASII.JK
2022-02-10,3723.07275390625,3842.620961600487,3723.07275390625,3808.464330830705,93265400,ASII.JK
2022-02-11,3723.07275390625,3740.151069291141,3688.916123136468,3723.07275390625,36376700,ASII.JK
2022-02-14,3620.603271484375,3705.9948580759874,3586.4466368477297,3688.9165407576647,74307400,ASII.JK
2022-02-15,3757.228759765625,3774.307072310014,3620.602259410511,3620.602259410511,77964800,ASII.JK
2022-02-16,3740.150634765625,3825.5422017694063,3740.150634765625,3791.3855749678937,46730000,ASII.JK
2022-02-17,3740.150634765625,3774.3072615671376,3705.9940079641124,3757.228948166381,47572000,ASII.JK
2022-02-18,3825.542724609375,3842.6210403442383,3705.994514465332,3723.0728302001953,53981400,ASII.JK
2022-02-21,3808.464111328125,3859.6990545298486,3791.3857969275505,3842.620740129274,27509200,ASII.JK
2022-02-22,3808.464111328125,3808.464111328125,3723.0725393252524,3774.307482526976,49233600,ASII.JK
2022-02-23,3859.699462890625,3859.6994628906255,3774.307881853222,3808.4645142681834,44299100,ASII.JK
2022-02-24,3893.855712890625,3945.090656481291,3774.3075111790704,3842.6207692999587,76492000,ASII.JK
2022-02-25,3962.16943359375,3962.1694335937505,3859.6995344490842,3893.856167497306,97598000,ASII.JK
2022-03-01,3893.855712890625,4064.638858192845,3893.855712890625,3962.168971011513,101227600,ASII.JK
2022-03-02,3774.307861328125,3893.856074130373,3757.229545213518,3859.6994419011594,80565600,ASII.JK
2022-03-04,3842.621337890625,3876.7779720052085,3774.3080696614584,3808.464703776042,50348400,ASII.JK
2022-03-07,3962.16943359375,3979.2477501178614,3791.3862683526404,3825.5429014008623,59978000,ASII.JK
2022-03-08,4269.5791015625,4474.5188984375,4081.71762109375,4098.7959375,256655000,ASII.JK
2022-03-09,4303.73583984375,4440.362374441964,4252.500889369419,4440.362374441964,107853200,ASII.JK
2022-03-10,4269.5791015625,4303.735734375,4201.2658359375,4303.735734375,56584100,ASII.JK
2022-03-11,4286.6572265625,4303.7355422061755,4184.187332700448,4218.343963987799,32940500,ASII.JK
2022-03-14,4354.970703125,4389.127336090686,4303.73575367647,4337.892386642156,61811900,ASII.JK
2022-03-15,4303.73583984375,4406.20574079241,4286.657523018973,4389.127423967634,57193600,ASII.JK
2022-03-16,4372.048828125,4372.048828125,4303.735565185547,4320.81388092041,55776300,ASII.JK
2022-03-17,4389.126953125,4423.2835831104085,4337.892008146887,4372.048638132295,53844700,ASII.JK
2022-03-18,4372.048828125,4406.205459594727,4320.81388092041,4406.205459594727,69493500,ASII.JK
2022-03-21,4508.67578125,4508.67578125,4406.205877130682,4406.205877130682,72452300,ASII.JK
2022-03-22,4491.59716796875,4508.675484196769,4440.362219284696,4508.675484196769,39260600,ASII.JK
2022-03-23,4423.283203125,4491.596457227317,4406.20488959942,4491.596457227317,27348900,ASII.JK
2022-03-24,4491.59716796875,4491.59716796875,4389.127270600642,4389.127270600642,37635100,ASII.JK
2022-03-25,4372.048828125,4491.597038269043,4354.970512390137,4474.51872253418,42984300,ASII.JK
2022-03-28,4576.98876953125,4628.223718443914,4372.048973880597,4372.048973880597,68545500,ASII.JK
2022-03-29,4474.51904296875,4576.988944716126,4474.51904296875,4508.675676884542,24901500,ASII.JK
2022-03-30,4542.83251953125,4542.83251953125,4440.3626130756575,4474.519248560855,34320500,ASII.JK
2022-03-31,4491.59716796875,4559.910432880823,4491.59716796875,4559.910432880823,41346500,ASII.JK
2022-04-01,4576.98876953125,4628.223718443914,4525.753820618587,4628.223718443914,35365600,ASII.JK
2022-04-04,4662.38037109375,4662.38037109375,4559.9104728279535,4628.2237383384845,29374100,ASII.JK
2022-04-05,4713.61572265625,4713.61572265625,4594.0674978062725,4662.380769149117,28581200,ASII.JK
2022-04-06,4781.9287109375,4781.9287109375,4645.302176339285,4662.3804931640625,48854700,ASII.JK
2022-04-07,4713.61572265625,4781.928993999094,4679.459086984828,4747.772358327672,41492600,ASII.JK
2022-04-08,4781.9287109375,4833.16366141183,4713.615443638392,4781.9287109375,55006300,ASII.JK
2022-04-11,4679.458984375,4781.928889142336,4611.145714530109,4764.850571681113,51481700,ASII.JK
2022-04-12,4747.77197265625,4747.77197265625,4662.380390414231,4696.537023311039,41879800,ASII.JK
2022-04-13,4764.8505859375,4781.9289034498215,4696.537315888218,4747.772268425179,52818100,ASII.JK
2022-04-14,4696.53759765625,4816.085827414773,4696.53759765625,4764.8508718039775,23891600,ASII.JK
2022-04-18,4781.9287109375,4816.085344587053,4713.615443638392,4713.615443638392,32962100,ASII.JK
2022-04-19,4713.61572265625,4816.085629670517,4645.302451313406,4816.085629670517,29237600,ASII.JK
2022-04-20,4713.61572265625,4764.8506761633835,4662.380769149117,4713.61572265625,39881900,ASII.JK
2022-04-21,4781.9287109375,4850.241978236607,4713.615443638392,4730.693760463169,51438900,ASII.JK
2022-04-22,4816.0849609375,4850.2415918661345,4696.536752687279,4764.850014544548,39795300,ASII.JK
2022-04-25,4833.16357421875,4884.398523768772,4696.537042085358,4816.085257702076,52305700,ASII.JK
2022-04-26,4918.5546875,4918.5546875,4781.928168402778,4850.24142795139,39223700,ASII.JK
2022-04-27,4867.3203125,4918.555263157895,4816.085361842105,4901.47694627193,34988500,ASII.JK
2022-04-28,5174.72900390625,5260.120571627475,4935.632614286819,4952.7109278310645,118152200,ASII.JK
2022-05-09,4942.66943359375,5205.577382189162,4942.66943359375,5205.577382189162,81089600,ASII.JK
2022-05-10,4907.615234375,4907.615234375,4644.707275390625,4662.23447265625,118477400,ASII.JK
2022-05-11,4837.50634765625,5065.3599075096245,4837.50634765625,4925.14233221524,71287600,ASII.JK
2022-05-12,4802.4521484375,4925.142531791743,4714.8161603273265,4837.506543681569,45587500,ASII.JK
2022-05-13,4995.25146484375,5065.360257332785,4802.452285498904,4837.506681743421,73260300,ASII.JK
2022-05-17,4907.615234375,5117.9416015625,4907.615234375,5082.88720703125,40279200,ASII.JK
2022-05-18,4977.7236328125,5047.8324163732395,4855.033261581206,4890.087653361576,44859900,ASII.JK
2022-05-19,4907.615234375,4995.251220703125,4802.45205078125,4855.033642578125,27558300,ASII.JK
2022-05-20,4995.25146484375,5047.833059210527,4942.669870476973,4942.669870476973,37674800,ASII.JK
2022-05-23,4872.560546875,5030.305312781025,4784.924565816097,4995.250920357465,46368600,ASII.JK
2022-05-24,5012.77783203125,5047.832222465035,4925.1418559467875,4925.1418559467875,52177200,ASII.JK
2022-05-25,4977.7236328125,5030.305220483055,4942.66924103213,4977.7236328125,51200500,ASII.JK
2022-05-27,5065.3603515625,5117.94194690744,5012.778756217561,5047.833153114188,34766600,ASII.JK
2022-05-30,5082.88671875,5100.413914331896,4995.250740840517,5100.413914331896,37147800,ASII.JK
2022-05-31,5152.99560546875,5240.631585153593,5082.886821720876,5082.886821720876,90800300,ASII.JK
2022-06-02,5135.46875,5258.159129692833,5082.887158703072,5117.941552901024,72733400,ASII.JK
2022-06-03,5117.94140625,5240.6317824272255,5117.94140625,5152.995799443493,43947400,ASII.JK
2022-06-06,5065.3603515625,5082.887550010813,4960.197160872622,5047.833153114188,53388400,ASII.JK
2022-06-07,5047.83251953125,5188.050089518229,5047.83251953125,5117.941304524739,54814500,ASII.JK
2022-06-08,5030.3056640625,5152.996046112805,5012.778466626743,5012.778466626743,33478600,ASII.JK
2022-06-09,5047.83251953125,5152.995697021484,5012.778127034505,5012.778127034505,37787500,ASII.JK
2022-06-10,4855.033203125,5030.3051599165165,4855.033203125,4977.723572879061,57621000,ASII.JK
2022-06-13,4925.14306640625,4977.724664979983,4714.816672111321,4837.507068783363,59781700,ASII.JK
2022-06-14,4890.08837890625,4907.615577396953,4819.979584943437,4819.979584943437,38001800,ASII.JK
2022-06-15,4697.28857421875,4890.087732115789,4697.28857421875,4890.087732115789,50804600,ASII.JK
2022-06-16,4802.4521484375,4872.560938925639,4732.343357949361,4802.4521484375,74982600,ASII.JK
2022-06-17,4872.560546875,4872.560546875,4679.761388545414,4679.761388545414,63931400,ASII.JK
2022-06-20,4855.033203125,4890.087594483303,4732.342833370939,4872.560398804152,44263700,ASII.JK
2022-06-21,4802.4521484375,4890.0881365476735,4802.4521484375,4837.506543681569,31247000,ASII.JK
2022-06-22,4767.3974609375,4855.033443675322,4749.870264389936,4802.451854032629,35536800,ASII.JK
2022-06-23,4819.9794921875,4819.9794921875,4732.343501420454,4802.452294034091,30137200,ASII.JK
2022-06-24,4679.76123046875,4837.505991046349,4662.234034849017,4837.505991046349,42386000,ASII.JK
2022-06-27,4662.23486328125,4732.34365821781,4592.12606834469,4697.28926074953,48277300,ASII.JK
2022-06-28,4697.28857421875,4697.28857421875,4627.179789528918,4662.234181873834,36838200,ASII.JK
2022-06-29,4557.07080078125,4697.288363882211,4557.07080078125,4644.706777719351,46682700,ASII.JK
2022-06-30,4644.7080078125,4662.235207841981,4557.072007665094,4574.599207694576,52839200,ASII.JK
2022-07-01,4574.59814453125,4679.7613202676,4557.070948575191,4679.7613202676,52387100,ASII.JK
2022-07-04,4557.07080078125,4609.652386944111,4416.853237680289,4557.07080078125,43087400,ASII.JK
2022-07-05,4434.380859375,4574.598435956028,4434.380859375,4557.071238883399,39700000,ASII.JK
2022-07-06,4259.1083984375,4486.961934156378,4241.581203382201,4416.853153935185,67773900,ASII.JK
2022-07-07,4171.47314453125,4294.16353113511,4136.418748358718,4224.054738790047,62871600,ASII.JK
2022-07-08,4189.00048828125,4259.1092830642,4171.473289585512,4224.054885672725,78131700,ASII.JK
2022-07-11,4241.58154296875,4259.108739427298,4153.945560676007,4188.999953593104,49946600,ASII.JK
2022-07-12,4276.6357421875,4311.690133516906,4241.581350858094,4241.581350858094,22900800,ASII.JK
2022-07-13,4083.836669921875,4276.635826012607,4083.836669921875,4276.635826012607,56747900,ASII.JK
2022-07-14,4276.6357421875,4276.6357421875,4083.8365898757684,4083.8365898757684,59847700,ASII.JK
2022-07-15,4171.47314453125,4259.1091349625785,4153.945946444984,4206.527540703782,32403800,ASII.JK
2022-07-18,4224.0546875,4224.0546875,4171.473093879668,4189.000291753112,27618400,ASII.JK
2022-07-19,4259.1083984375,4311.6899836033945,4224.054008326903,4224.054008326903,50725600,ASII.JK
2022-07-20,4399.326171875,4399.326171875,4276.635800547809,4329.2173882594625,70493600,ASII.JK
2022-07-21,4329.2177734375,4381.799365827429,4241.581786120951,4346.74497090081,55415500,ASII.JK
2022-07-22,4259.1083984375,4329.217178658693,4241.581203382201,4329.217178658693,37583800,ASII.JK
2022-07-25,4259.1083984375,4311.6899836033945,4241.581203382201,4241.581203382201,24674200,ASII.JK
2022-07-26,4276.6357421875,4294.162937852203,4259.108546522797,4276.6357421875,21937400,ASII.JK
2022-07-27,4276.6357421875,4294.162937852203,4206.526959528688,4294.162937852203,35066000,ASII.JK
2022-07-28,4241.58154296875,4311.690328802943,4224.054346510201,4294.163132344395,51909300,ASII.JK
2022-07-29,4434.380859375,4504.489647665514,4294.163282793972,4311.690479866601,150285200,ASII.JK
2022-08-01,4539.54345703125,4592.125041475628,4451.907482957287,4504.489067401665,55511700,ASII.JK
2022-08-02,4539.54345703125,4539.54345703125,4399.3258985129105,4539.54345703125,53235100,ASII.JK
2022-08-03,4627.1806640625,4627.1806640625,4469.4358686967325,4522.017467151988,40666300,ASII.JK
2022-08-04,4627.1806640625,4697.289462002841,4522.017467151988,4697.289462002841,66966300,ASII.JK
2022-08-05,4644.7080078125,4662.235207841981,4539.544807635613,4627.180807783019,46702100,ASII.JK
2022-08-08,4697.28857421875,4697.28857421875,4574.598201011544,4644.706985701376,32971000,ASII.JK
2022-08-09,4732.3427734375,4784.924359809028,4697.288382523148,4714.815577980324,61001700,ASII.JK
2022-08-10,4802.4521484375,4802.4521484375,4627.180172217153,4749.870555571396,37086500,ASII.JK
2022-08-11,4872.560546875,4907.614939298562,4837.506154451439,4890.087743086781,42007400,ASII.JK
2022-08-12,4872.560546875,4907.614939298562,4802.451762027878,4872.560546875,58469000,ASII.JK
2022-08-15,4819.9794921875,4872.561086647727,4767.397897727273,4855.033888494318,35283300,ASII.JK
2022-08-16,4890.08837890625,4942.66997437836,4819.979584943437,4819.979584943437,61907800,ASII.JK
2022-08-18,4890.08837890625,4907.615577396953,4802.452386452733,4890.08837890625,25190000,ASII.JK
2022-08-19,4890.08837890625,4907.615577396953,4837.50678343414,4890.08837890625,32914500,ASII.JK
2022-08-22,4855.033203125,4855.033203125,4767.397224729242,4819.978811766697,48266600,ASII.JK
2022-08-23,4890.08837890625,4925.142775887657,4802.452386452733,4837.50678343414,56381000,ASII.JK
2022-08-24,4942.66943359375,4942.66943359375,4837.506254155585,4855.0334507286125,30605000,ASII.JK
2022-08-25,4890.08837890625,4942.66997437836,4872.561180415547,4942.66997437836,22793800,ASII.JK
2022-08-26,4819.9794921875,4925.142681107955,4802.452294034091,4890.088284801136,31120500,ASII.JK
2022-08-29,4784.92529296875,4837.50688959478,4732.343696342719,4767.398094093406,29722100,ASII.JK
2022-08-30,4837.50634765625,4925.14233221524,4802.451953832654,4802.451953832654,45566100,ASII.JK
2022-08-31,4890.08837890625,4890.08837890625,4749.870790980623,4819.979584943437,55714900,ASII.JK
2022-09-01,4855.033203125,4925.141985841607,4837.506007445849,4890.087594483303,36691900,ASII.JK
2022-09-02,4855.033203125,4907.614790162455,4819.978811766697,4872.560398804152,26077700,ASII.JK
2022-09-05,4819.9794921875,4855.033888494318,4802.452294034091,4837.506690340909,24953800,ASII.JK
2022-09-06,4837.50634765625,4872.560741479846,4802.451953832654,4819.9791507444515,18626800,ASII.JK
2022-09-07,4662.23486328125,4819.9796518885105,4644.70766454711,4767.39805568609,77218400,ASII.JK
2022-09-08,4662.23486328125,4732.34365821781,4644.70766454711,4662.23486328125,39405200,ASII.JK
2022-09-09,4749.87060546875,4749.87060546875,4644.707418631803,4679.761814244119,31904200,ASII.JK
2022-09-12,4890.08837890625,4890.08837890625,4714.816393999216,4749.870790980623,51563200,ASII.JK
2022-09-13,5047.83251953125,5065.359715779622,4872.560557047526,4925.1421457926435,70555900,ASII.JK
2022-09-14,5012.77783203125,5117.941003332605,4942.66905116368,4977.723441597465,56832100,ASII.JK
2022-09-15,4942.66943359375,5065.359809604942,4942.66943359375,4995.251023312832,63346200,ASII.JK
2022-09-16,4837.50634765625,4942.669529127038,4837.50634765625,4907.615135303442,65885100,ASII.JK
2022-09-19,4995.25146484375,5065.360257332785,4855.033879865679,4872.561077987939,52232700,ASII.JK
2022-09-20,5030.3056640625,5082.887256369774,4977.724071755227,5012.778466626743,47337700,ASII.JK
2022-09-21,5012.77783203125,5047.832222465035,4977.723441597465,4995.250636814358,26007500,ASII.JK
2022-09-22,5030.3056640625,5065.360058934016,4907.615282012195,4925.1424794479535,26295200,ASII.JK
2022-09-23,5012.77783203125,5030.305027248142,4942.66905116368,4977.723441597465,22258800,ASII.JK
2022-09-26,4890.08837890625,4925.142775887657,4802.452386452733,4907.615577396953,61422800,ASII.JK
2022-09-27,4872.560546875,4942.6693317221225,4872.560546875,4907.614939298562,42809400,ASII.JK
2022-09-28,4767.3974609375,4907.615033318015,4767.3974609375,4872.560640222886,50825400,ASII.JK
2022-09-29,4749.87060546875,4837.506594499539,4697.289012050277,4802.452198887223,36653400,ASII.JK
2022-09-30,4644.7080078125,4732.344007959906,4627.180807783019,4697.289607900943,71017400,ASII.JK
2022-10-03,4644.7080078125,4697.289607900943,4627.180807783019,4662.235207841981,27280600,ASII.JK
2022-10-04,4714.81591796875,4767.39750813197,4697.288721247677,4714.81591796875,33322400,ASII.JK
2022-10-05,4679.76123046875,4784.924404187149,4679.76123046875,4767.397208567416,31019300,ASII.JK
2022-10-06,4627.1806640625,4732.343860973011,4627.1806640625,4679.7622625177555,37002600,ASII.JK
2022-10-07,4539.54345703125,4609.65223629042,4522.016262216457,4592.125041475628,54850200,ASII.JK
2022-10-10,4557.07080078125,4574.59799616887,4469.434823843149,4504.489214618389,34319700,ASII.JK
2022-10-11,4574.59814453125,4609.652536443366,4486.9621647509575,4486.9621647509575,35320000,ASII.JK
2022-10-12,4512.7705078125,4601.60457292692,4512.7705078125,4583.837759904036,72794100,ASII.JK
2022-10-13,4512.7705078125,4548.304133858268,4459.470068743849,4530.537320835384,44281200,ASII.JK
2022-10-14,4512.7705078125,4619.371385949804,4512.7705078125,4619.371385949804,45496900,ASII.JK
2022-10-17,4566.06982421875,4637.137058836941,4406.168546327822,4495.00258960056,50710300,ASII.JK
2022-10-18,4512.7705078125,4619.371385949804,4512.7705078125,4583.837759904036,42600400,ASII.JK
2022-10-19,4637.13720703125,4637.13720703125,4548.3031609195405,4566.069970141882,25542800,ASII.JK
2022-10-20,4566.06982421875,4637.137058836941,4548.303015564203,4619.370250182394,32226200,ASII.JK
2022-10-21,4672.67138671875,4743.738632144131,4583.837329937025,4601.60414129337,52148500,ASII.JK
2022-10-24,4725.9716796875,4761.505301339285,4672.671247209822,4672.671247209822,37202900,ASII.JK
2022-10-25,4761.5048828125,4761.5048828125,4690.437645755597,4761.5048828125,37836000,ASII.JK
2022-10-26,4672.67138671875,4761.505443500476,4672.67138671875,4761.505443500476,36289700,ASII.JK
2022-10-27,4725.9716796875,4743.738490513393,4637.137625558035,4672.671247209822,30429800,ASII.JK
2022-10-28,4654.90478515625,4725.97203378459,4619.37116084208,4725.97203378459,28492900,ASII.JK
2022-10-31,4725.9716796875,4725.9716796875,4654.904436383928,4654.904436383928,45774000,ASII.JK
2022-11-01,4672.67138671875,4743.738632144131,4601.60414129337,4725.971820787786,59240700,ASII.JK
2022-11-02,4566.06982421875,4654.903867491489,4530.536206909655,4637.137058836941,59695600,ASII.JK
2022-11-03,4530.537109375,4566.070733762255,4512.770297181372,4530.537109375,29905800,ASII.JK
2022-11-04,4566.06982421875,4566.06982421875,4512.769398255107,4512.769398255107,60465200,ASII.JK
2022-11-07,4619.37060546875,4619.37060546875,4566.070175405649,4566.070175405649,41824000,ASII.JK
2022-11-08,4637.13720703125,4637.13720703125,4583.836779364224,4619.370397808908,35241500,ASII.JK
2022-11-09,4654.90478515625,4654.90478515625,4601.604348684996,4637.137972999165,45144800,ASII.JK
2022-11-10,4637.13720703125,4654.904016253592,4583.836779364224,4654.904016253592,33770400,ASII.JK
2022-11-11,4583.83740234375,4708.205083802689,4583.83740234375,4690.4382721656975,50938200,ASII.JK
2022-11-14,4477.23681640625,4601.604505750868,4477.23681640625,4583.837692987351,46011200,ASII.JK
2022-11-15,4423.93603515625,4512.770092087098,4406.16922377008,4477.236469314759,65536000,ASII.JK
2022-11-16,4388.40234375,4406.169154858299,4335.101910425102,4388.40234375,60298900,ASII.JK
2022-11-17,4477.23681640625,4477.23681640625,4299.568688771082,4406.169565352183,35165100,ASII.JK
2022-11-18,4423.93603515625,4477.236469314759,4406.16922377008,4459.469657928589,29302300,ASII.JK
2022-11-21,4495.0029296875,4512.769739686264,4441.702499691205,4459.46930968997,19074900,ASII.JK
2022-11-22,4423.93603515625,4512.770092087098,4423.93603515625,4495.003280700928,33102700,ASII.JK
2022-11-23,4406.1689453125,4477.236186365927,4406.1689453125,4459.469376102571,30863200,ASII.JK
2022-11-24,4406.1689453125,4459.469376102571,4406.1689453125,4406.1689453125,21534300,ASII.JK
2022-11-25,4388.40234375,4406.169154858299,4352.868721533401,4388.40234375,40948100,ASII.JK
2022-11-28,4423.93603515625,4459.469657928589,4370.635600997741,4388.402412383911,37901700,ASII.JK
2022-11-29,4299.568359375,4370.635604984504,4281.801547972625,4352.868793582128,121505900,ASII.JK
2022-11-30,4299.568359375,4406.169227789256,4281.801547972625,4299.568359375,191276100,ASII.JK
2022-12-01,4388.40234375,4406.169154858299,4335.101910425102,4335.101910425102,88307900,ASII.JK
2022-12-02,4352.86865234375,4388.402273995535,4299.568219866072,4388.402273995535,51843800,ASII.JK
2022-12-05,4281.80126953125,4335.101700272303,4264.034459284232,4317.334890025285,64357800,ASII.JK
2022-12-06,4175.20068359375,4281.801552111037,4121.900249335106,4264.03474069149,69873000,ASII.JK
2022-12-07,4068.60009765625,4192.967786230895,4050.833285002729,4121.900535616812,116677600,ASII.JK
2022-12-08,4033.066162109375,4121.900218543502,3944.2321056752476,4015.2993508225495,161238600,ASII.JK
2022-12-09,4033.066162109375,4086.3665959698515,4015.2993508225495,4050.8329733962005,55355700,ASII.JK
2022-12-12,4033.066162109375,4068.599784683026,3997.532539535724,4033.066162109375,92687900,ASII.JK
2022-12-13,4139.66650390625,4192.966930995171,4033.0656497284062,4050.832458758047,113893000,ASII.JK
2022-12-14,4139.66650390625,4228.500549054453,4104.132885846969,4210.733740024812,78775300,ASII.JK
2022-12-15,4121.900390625,4157.434014682112,4086.3667665678877,4139.667202653556,61581800,ASII.JK
2022-12-16,4104.13330078125,4121.900111607143,4050.832868303571,4104.13330078125,95271600,ASII.JK
2022-12-19,4050.83251953125,4157.433375308388,4015.2989009388702,4157.433375308388,57531200,ASII.JK
2022-12-20,4050.83251953125,4086.3661381236293,4033.06571023506,4033.06571023506,25876100,ASII.JK
2022-12-21,4050.83251953125,4068.5993288274394,4015.2989009388702,4050.83251953125,34940600,ASII.JK
2022-12-22,4104.13330078125,4104.13330078125,4033.0660574776784,4050.832868303571,32103400,ASII.JK
2022-12-23,4033.066162109375,4104.133407256677,4015.2993508225495,4086.3665959698515,31969000,ASII.JK
2022-12-26,4015.298828125,4068.5992550470132,3997.5320191509954,4033.0656370990046,13540500,ASII.JK
2022-12-27,4033.066162109375,4086.3665959698515,4015.2993508225495,4050.8329733962005,13680300,ASII.JK
2022-12-28,3997.532470703125,4068.5997146267364,3961.9988487413193,4068.5997146267364,29919100,ASII.JK
2022-12-29,4015.298828125,4033.0656370990046,3944.231592228982,3979.7652101769913,32241500,ASII.JK
2022-12-30,4050.83251953125,4086.3661381236293,4015.2989009388702,4033.06571023506,36384500,ASII.JK
2023-01-02,4050.83251953125,4068.5993288274394,3997.532091642681,4068.5993288274394,12068800,ASII.JK
2023-01-03,4015.298828125,4050.8324460730087,3997.5320191509954,4033.0656370990046,22854400,ASII.JK
2023-01-04,4033.066162109375,4050.8329733962005,3997.532539535724,4015.2993508225495,32578900,ASII.JK
2023-01-05,3819.864501953125,4050.8330532340115,3819.864501953125,4015.2994299600286,106047000,ASII.JK
2023-01-06,3873.1650390625,3926.465475379874,3802.097790639335,3837.6314148509177,59754600,ASII.JK
2023-01-09,3802.09765625,3908.698525116822,3748.7972218165887,3908.698525116822,63437700,ASII.JK
2023-01-10,3784.330322265625,3819.863940315068,3748.7967042161827,3819.863940315068,62964600,ASII.JK
2023-01-11,3713.26318359375,3802.097231048146,3695.496374102871,3784.330421557267,45514800,ASII.JK
2023-01-12,3802.09765625,3819.8644677278035,3695.4967873831774,3695.4967873831774,61374300,ASII.JK
2023-01-13,3873.1650390625,3908.6986632740827,3766.5641664277523,3819.8646027451264,52039800,ASII.JK
2023-01-16,3979.765625,3979.765625,3890.931570870536,3926.465192522321,48458700,ASII.JK
2023-01-17,3944.232421875,4015.2996727195946,3908.698796452703,3979.7660472972975,66999600,ASII.JK
2023-01-18,4015.298828125,4015.298828125,3944.231592228982,3944.231592228982,28120700,ASII.JK
2023-01-19,4157.43359375,4175.200403979701,4015.299111912393,4015.299111912393,95543300,ASII.JK
2023-01-20,4192.966796875,4192.966796875,4104.132754568326,4175.199988413665,54173000,ASII.JK
2023-01-24,4210.734375,4228.5011867088615,4157.433939873418,4192.967563291139,26217800,ASII.JK
2023-01-25,4228.5009765625,4228.5009765625,4157.433733258928,4192.967354910714,18115800,ASII.JK
2023-01-26,4192.966796875,4228.500413797669,4157.433179952331,4210.733605336335,40168400,ASII.JK
2023-01-27,4175.20068359375,4228.501117852394,4175.20068359375,4210.734306432846,31869800,ASII.JK
2023-01-30,4175.20068359375,4192.9674950132985,4104.133437915559,4175.20068359375,34817500,ASII.JK
2023-01-31,4264.03466796875,4281.801479085286,4192.967423502604,4210.734234619141,89064100,ASII.JK
2023-02-01,4264.03466796875,4264.03466796875,4210.734234619141,4264.03466796875,35355300,ASII.JK
2023-02-02,4210.734375,4246.267998417722,4175.200751582279,4228.5011867088615,30039900,ASII.JK
2023-02-03,4175.20068359375,4246.267929271941,4175.20068359375,4246.267929271941,24629700,ASII.JK
2023-02-06,4157.43359375,4192.967214209401,4139.666783520299,4175.200403979701,31033700,ASII.JK
2023-02-07,4175.20068359375,4210.734306432846,4139.667060754655,4139.667060754655,29536700,ASII.JK
2023-02-08,4121.900390625,4192.967638739224,4104.133578596444,4175.200826710668,27235100,ASII.JK
2023-02-09,4033.066162109375,4157.433841117153,4033.066162109375,4139.667029830328,48263600,ASII.JK
2023-02-10,4050.83251953125,4050.83251953125,3944.2316637541117,3979.765282346491,71158200,ASII.JK
2023-02-13,4068.60009765625,4086.3669103097704,4033.066472349208,4050.833285002729,22154800,ASII.JK
2023-02-14,4068.60009765625,4121.900535616812,4050.833285002729,4086.3669103097704,31292000,ASII.JK
2023-02-15,4033.066162109375,4068.599784683026,3961.998916962073,4068.599784683026,38862100,ASII.JK
2023-02-16,4050.83251953125,4050.83251953125,3997.532091642681,4050.83251953125,19014100,ASII.JK
2023-02-17,4033.066162109375,4068.599784683026,3997.532539535724,4050.8329733962005,31273200,ASII.JK
2023-02-20,3979.765625,4050.832868303571,3961.998814174107,4033.0660574776784,29576500,ASII.JK
2023-02-21,3961.998291015625,4015.298716455297,3944.2314825357344,3979.7650994955156,26985200,ASII.JK
2023-02-22,3997.532470703125,4015.299281684028,3944.232037760417,3944.232037760417,24822300,ASII.JK
2023-02-23,4015.298828125,4050.8324460730087,3961.9984012029868,4015.298828125,33406700,ASII.JK
2023-02-24,4086.36669921875,4121.900322690217,4015.299452275815,4033.066264011549,30869400,ASII.JK
2023-02-27,4121.900390625,4121.900390625,4050.833142510776,4068.5999545393315,28650400,ASII.JK
2023-02-28,4335.1015625,4459.46923027664,4335.1015625,4406.168801229508,154669700,ASII.JK
2023-03-01,4370.63525390625,4388.402063881479,4299.5680140053355,4335.101633955793,49851200,ASII.JK
2023-03-02,4370.63525390625,4388.402063881479,4317.334823980565,4370.63525390625,26943600,ASII.JK
2023-03-03,4299.568359375,4370.635604984504,4281.801547972625,4370.635604984504,32818500,ASII.JK
2023-03-06,4317.33447265625,4352.868089715149,4299.5676641268,4335.101281185699,22141000,ASII.JK
2023-03-07,4228.5009765625,4317.335030691964,4192.967354910714,4299.568219866072,41630000,ASII.JK
2023-03-08,4210.734375,4246.267998417722,4175.200751582279,4192.967563291139,40374900,ASII.JK
2023-03-09,4281.80126953125,4299.568079778267,4228.500838790197,4246.267649037214,23104400,ASII.JK
2023-03-10,4246.26806640625,4264.034878399581,4192.967630426256,4246.26806640625,33330500,ASII.JK
2023-03-13,4210.734375,4246.267998417722,4157.433939873418,4192.967563291139,28402600,ASII.JK
2023-03-14,4104.13330078125,4210.734165736607,4086.366489955357,4192.967354910714,56988600,ASII.JK
2023-03-15,4104.13330078125,4175.200544084822,4104.13330078125,4157.433733258928,40170800,ASII.JK
2023-03-16,4157.43359375,4175.200403979701,4033.065922142094,4104.1331630608975,33947700,ASII.JK
2023-03-17,4157.43359375,4210.7340244391025,4157.43359375,4175.200403979701,74811900,ASII.JK
2023-03-20,4175.20068359375,4192.9674950132985,4121.900249335106,4157.433872174202,22146000,ASII.JK
2023-03-21,4175.20068359375,4246.267929271941,4157.433872174202,4157.433872174202,40671600,ASII.JK
2023-03-24,4228.5009765625,4264.034598214285,4192.967354910714,4210.734165736607,60721800,ASII.JK
2023-03-27,4175.20068359375,4246.267929271941,4175.20068359375,4228.501117852394,32493100,ASII.JK
2023-03-28,4157.43359375,4210.7340244391025,4157.43359375,4192.967214209401,42944400,ASII.JK
2023-03-29,4228.5009765625,4299.568219866072,4157.433733258928,4157.433733258928,81945000,ASII.JK
2023-03-30,4192.966796875,4246.2672222590045,4192.966796875,4246.2672222590045,40174400,ASII.JK
2023-03-31,4264.03466796875,4281.801479085286,4210.734234619141,4228.501045735677,40364100,ASII.JK
2023-04-03,4264.03466796875,4335.101912434896,4246.267856852213,4299.5682902018225,44636200,ASII.JK
2023-04-04,4281.80126953125,4299.568079778267,4228.500838790197,4281.80126953125,35612700,ASII.JK
2023-04-05,4264.03466796875,4299.5682902018225,4246.267856852213,4281.801479085286,27556300,ASII.JK
2023-04-06,4210.734375,4264.034810126583,4210.734375,4264.034810126583,32964500,ASII.JK
2023-04-10,4246.26806640625,4246.26806640625,4175.200818432924,4228.501254412919,40039500,ASII.JK
2023-04-11,4317.33447265625,4335.101281185699,4210.733621479552,4228.500430009002,37545800,ASII.JK
2023-04-12,4441.703125,4477.23675,4352.8690625,4370.635875,126817700,ASII.JK
2023-04-13,4441.703125,4459.4699375,4388.4026875,4423.9363125,35138600,ASII.JK
2023-04-14,4406.1689453125,4477.236186365927,4406.1689453125,4459.469376102571,45556300,ASII.JK
2023-04-17,4423.93603515625,4459.469657928589,4406.16922377008,4406.16922377008,33965200,ASII.JK
2023-04-18,4566.06982421875,4601.6034415278455,4459.4689722914645,4459.4689722914645,101792500,ASII.JK
2023-04-26,4761.5048828125,4761.5048828125,4619.3704086986945,4708.2044550198225,182919200,ASII.JK
2023-04-27,4761.5048828125,4779.271692076726,4708.2044550198225,4743.738073548275,45762900,ASII.JK
2023-04-28,4797.03857421875,4797.03857421875,4743.738145616319,4761.504955150463,64976400,ASII.JK
2023-05-02,4743.73779296875,4814.805025822215,4690.437368328652,4814.805025822215,62972600,ASII.JK
2023-05-03,4708.205078125,4779.272324587265,4654.9046432783025,4761.505512971698,106341300,ASII.JK
2023-05-04,4690.43798828125,4708.204798842921,4654.904367157907,4690.43798828125,132167800,ASII.JK
2023-05-05,4769.54248046875,4769.54248046875,4769.54248046875,4769.54248046875,82270600,ASII.JK
2023-05-08,4750.154296875,4788.9310666454085,4691.989142219388,4769.542681760205,95087500,ASII.JK
2023-05-09,4905.26171875,4905.26171875,4711.377856348814,4750.154628829051,96938100,ASII.JK
2023-05-10,4905.26171875,4982.815263710474,4885.873332509881,4924.650104990119,52404700,ASII.JK
2023-05-11,4847.0966796875,4924.6502265625,4788.93151953125,4924.6502265625,39596900,ASII.JK
2023-05-12,4827.7080078125,4866.484778959588,4788.931236665411,4827.7080078125,67576500,ASII.JK
2023-05-15,4924.64990234375,4924.64990234375,4788.931204247662,4866.484746016855,42039400,ASII.JK
2023-05-16,4866.484375,4963.426294820717,4847.095991035857,4924.64952689243,19445400,ASII.JK
2023-05-17,4905.26171875,4924.650104990119,4866.484946269763,4924.650104990119,29480000,ASII.JK
2023-05-19,5021.59130859375,5079.756458886342,4924.6493914394305,4963.4261583011585,75548600,ASII.JK
2023-05-22,5118.53369140625,5157.3104617956915,4982.814995043205,5060.368535822088,63793800,ASII.JK
2023-05-23,5118.53369140625,5157.3104617956915,5079.7569210168085,5118.53369140625,49261900,ASII.JK
2023-05-24,5176.6982421875,5176.6982421875,5040.979561680711,5099.144710469335,54136600,ASII.JK
2023-05-25,5118.53369140625,5196.087232185133,5060.368535822088,5196.087232185133,43564900,ASII.JK
2023-05-26,5118.53369140625,5118.53369140625,5060.368535822088,5118.53369140625,25356200,ASII.JK
2023-05-29,5118.53369140625,5137.922076600971,5021.591765432647,5137.922076600971,27939400,ASII.JK
2023-05-30,5040.97998046875,5118.533518629807,5040.97998046875,5099.145134089543,23340800,ASII.JK
2023-05-31,5002.203125,5118.533430232558,5002.203125,5040.979893410853,154796300,ASII.JK
2023-06-05,5293.02880859375,5428.74749599359,5040.979817708334,5060.368201622597,200252000,ASII.JK
2023-06-06,5273.64013671875,5370.582050996668,5234.863371007583,5273.64013671875,65282100,ASII.JK
2023-06-07,5273.64013671875,5312.416902429917,5176.698222440831,5273.64013671875,81991400,ASII.JK
2023-06-08,5254.251953125,5254.251953125,5196.086802352398,5215.475185943265,32704900,ASII.JK
2023-06-09,5273.64013671875,5273.64013671875,5196.086605296415,5234.863371007583,24893400,ASII.JK
2023-06-12,5254.251953125,5273.640336715867,5176.698418761532,5273.640336715867,37558000,ASII.JK
2023-06-13,5234.86328125,5293.028428819444,5234.86328125,5254.251663773148,23911800,ASII.JK
2023-06-14,5351.19482421875,5351.19482421875,5234.864501953125,5234.864501953125,34146100,ASII.JK
2023-06-15,5331.80615234375,5351.1945383522725,5293.029380326704,5351.1945383522725,16414000,ASII.JK
2023-06-16,5312.4169921875,5331.805375370666,5254.251842638002,5312.4169921875,63892800,ASII.JK
2023-06-19,5331.80615234375,5331.80615234375,5254.252608309659,5273.640994318182,12514200,ASII.JK
2023-06-20,5273.64013671875,5312.416902429917,5254.251753863166,5293.028519574334,24394300,ASII.JK
2023-06-21,5370.58203125,5409.358796818592,5234.863351759928,5254.251734544224,37629300,ASII.JK
2023-06-22,5254.251953125,5351.193871079336,5254.251953125,5331.805487488468,51199300,ASII.JK
2023-06-23,5254.251953125,5293.028720306735,5196.086802352398,5254.251953125,32156800,ASII.JK
2023-06-26,5273.64013671875,5351.193668141084,5254.251753863166,5273.64013671875,31726400,ASII.JK
2023-06-27,5254.251953125,5312.417103897602,5254.251953125,5273.640336715867,36422700,ASII.JK
2023-07-03,5293.02880859375,5293.02880859375,5234.863656850962,5254.252040765225,37348600,ASII.JK
2023-07-04,5254.251953125,5293.028720306735,5196.086802352398,5293.028720306735,20047800,ASII.JK
2023-07-05,5254.251953125,5254.251953125,5196.086802352398,5254.251953125,34751800,ASII.JK
2023-07-06,5273.64013671875,5273.64013671875,5234.863371007583,5254.251753863166,35473800,ASII.JK
2023-07-07,5293.02880859375,5293.02880859375,5234.863656850962,5254.252040765225,28755500,ASII.JK
2023-07-10,5254.251953125,5293.028720306735,5254.251953125,5293.028720306735,15301300,ASII.JK
2023-07-11,5273.64013671875,5273.64013671875,5234.863371007583,5254.251753863166,32949200,ASII.JK
2023-07-12,5254.251953125,5293.028720306735,5234.863569534133,5254.251953125,29210200,ASII.JK
2023-07-13,5273.64013671875,5293.028519574334,5234.863371007583,5254.251753863166,31298400,ASII.JK
2023-07-14,5234.86328125,5293.028428819444,5196.0865162037035,5254.251663773148,56060600,ASII.JK
2023-07-17,5176.6982421875,5254.251773905665,5176.6982421875,5234.863390976124,41698600,ASII.JK
2023-07-18,5099.1455078125,5196.087437618821,5021.591963967443,5176.699051657557,68904700,ASII.JK
2023-07-20,5060.3681640625,5099.1449316032085,5002.203012751436,5099.1449316032085,64069100,ASII.JK
2023-07-21,5002.203125,5060.368277616279,4944.037972383721,5040.979893410853,64037700,ASII.JK
2023-07-24,5079.7568359375,5118.53360567748,4963.426526717557,4963.426526717557,40830500,ASII.JK
2023-07-25,5040.97998046875,5137.921903170072,5040.97998046875,5118.533518629807,23958900,ASII.JK
2023-07-26,5118.53369140625,5137.922076600971,5040.980150627368,5099.14530621153,38599800,ASII.JK
2023-07-27,5060.3681640625,5118.533315373563,5040.979780292146,5118.533315373563,27816700,ASII.JK
2023-07-28,5137.92236328125,5137.92236328125,5021.592045622052,5040.980431898584,28288300,ASII.JK
2023-07-31,5312.4169921875,5389.970524920164,5215.475076271669,5234.863459454836,87828900,ASII.JK
2023-08-01,5331.80615234375,5351.1945383522725,5273.640994318182,5331.80615234375,29425300,ASII.JK
2023-08-02,5312.4169921875,5312.4169921875,5254.251842638002,5293.028609004334,29463700,ASII.JK
2023-08-03,5293.02880859375,5351.193960336539,5254.252040765225,5273.640424679487,29272000,ASII.JK
2023-08-04,5273.64013671875,5312.416902429917,5234.863371007583,5293.028519574334,16646300,ASII.JK
2023-08-07,5331.80615234375,5351.1945383522725,5234.864222301136,5293.029380326704,32608000,ASII.JK
2023-08-08,5312.4169921875,5351.193758553832,5293.028609004334,5312.4169921875,16515100,ASII.JK
2023-08-09,5331.80615234375,5331.80615234375,5293.029380326704,5312.417766335227,13781700,ASII.JK
2023-08-10,5234.86328125,5331.805193865741,5234.86328125,5312.416811342593,32076700,ASII.JK
2023-08-11,5234.86328125,5254.251663773148,5157.309751157408,5234.86328125,42320900,ASII.JK
2023-08-14,5273.64013671875,5273.64013671875,5196.086605296415,5196.086605296415,27616200,ASII.JK
2023-08-15,5215.47509765625,5254.251864181575,5176.698331130925,5215.47509765625,32385400,ASII.JK
2023-08-16,5234.86328125,5234.86328125,5157.309751157408,5176.698133680556,24913200,ASII.JK
2023-08-18,5060.3681640625,5196.086850454981,5040.979780292146,5176.6984666846265,69001300,ASII.JK
2023-08-21,5021.59130859375,5079.756458886342,4982.814541732023,5060.368075455478,34702500,ASII.JK
2023-08-22,5079.7568359375,5118.53360567748,5002.203296457538,5002.203296457538,37704700,ASII.JK
2023-08-23,5079.7568359375,5118.53360567748,5060.368451067509,5079.7568359375,27624900,ASII.JK
2023-08-24,5021.59130859375,5118.5332257480695,5021.59130859375,5079.756458886342,33278500,ASII.JK
2023-08-25,5002.203125,5040.979893410853,4963.426356589147,5021.5915092054265,35673300,ASII.JK
2023-08-28,4982.814453125,5040.979602383269,4963.42607003891,5040.979602383269,14871100,ASII.JK
2023-08-29,4963.42626953125,5002.203037261963,4944.037885665894,5002.203037261963,29937800,ASII.JK
2023-08-30,5002.203125,5060.368277616279,4963.426356589147,5002.203125,41993300,ASII.JK
2023-08-31,5002.203125,5021.5915092054265,4963.426356589147,5002.203125,44502000,ASII.JK
2023-09-01,5079.7568359375,5099.145220807491,5021.591681327529,5021.591681327529,26069500,ASII.JK
2023-09-04,5118.53369140625,5118.53369140625,5060.368535822088,5099.14530621153,17384000,ASII.JK
2023-09-05,5118.53369140625,5157.3104617956915,5079.7569210168085,5118.53369140625,23070700,ASII.JK
2023-09-06,5060.3681640625,5137.921699143918,5060.3681640625,5099.1449316032085,18421300,ASII.JK
2023-09-07,4963.42626953125,5040.979804992676,4924.649501800537,5021.591421127319,49921600,ASII.JK
2023-09-08,4963.42626953125,5002.203037261963,4924.649501800537,5002.203037261963,32416900,ASII.JK
2023-09-11,4944.0380859375,4982.81485523897,4885.872931985294,4963.426470588235,33422100,ASII.JK
2023-09-12,4885.873046875,4944.03820219494,4885.873046875,4944.03820219494,30225600,ASII.JK
2023-09-13,4885.873046875,4905.261431981647,4827.707891555059,4905.261431981647,40040900,ASII.JK
2023-09-14,4905.26171875,4944.038491230237,4847.096560029644,4905.26171875,40259300,ASII.JK
2023-09-15,4885.873046875,4905.261431981647,4808.3195064484125,4847.096276661706,132198700,ASII.JK
2023-09-18,4885.873046875,4905.261431981647,4847.096276661706,4866.484661768353,35517300,ASII.JK
2023-09-19,4924.64990234375,4944.038287786048,4866.484746016855,4885.873131459153,31439200,ASII.JK
2023-09-20,4885.873046875,4963.4265873015875,4885.873046875,4924.649817088293,39764900,ASII.JK
2023-09-21,4808.3193359375,4905.261258033014,4808.3193359375,4885.872873613911,46231100,ASII.JK
2023-09-22,4808.3193359375,4866.484489194809,4788.930951518397,4808.3193359375,30610900,ASII.JK
2023-09-25,4847.0966796875,4866.48506640625,4808.31990625,4827.70829296875,32700500,ASII.JK
2023-09-26,4808.3193359375,4885.872873613911,4808.3193359375,4827.707720356602,43217400,ASII.JK
2023-09-27,4769.54248046875,4847.096016736535,4750.154096401804,4808.319248602642,31688400,ASII.JK
2023-09-29,4827.7080078125,4866.484778959588,4808.319622238955,4847.096393386044,20902300,ASII.JK
2023-10-02,4866.484375,4924.64952689243,4847.095991035857,4866.484375,23884400,ASII.JK
2023-10-03,4808.3193359375,4866.484489194809,4808.3193359375,4866.484489194809,25350100,ASII.JK
2023-10-04,4711.376953125,4808.318865740741,4691.988570601852,4788.930483217593,55496200,ASII.JK
2023-10-05,4672.6005859375,4788.930890981587,4672.6005859375,4750.154122633558,55924900,ASII.JK
2023-10-06,4711.376953125,4769.542100694444,4691.988570601852,4691.988570601852,18104300,ASII.JK
2023-10-09,4750.154296875,4827.707836415817,4730.765911989796,4769.542681760205,43718300,ASII.JK
2023-10-10,4691.9892578125,4788.931184626808,4691.9892578125,4788.931184626808,36797700,ASII.JK
2023-10-11,4691.9892578125,4750.154413901085,4691.9892578125,4711.377643175361,45959600,ASII.JK
2023-10-12,4690.412109375,4749.53495108981,4690.412109375,4729.827337184874,71954600,ASII.JK
2023-10-13,4710.11962890625,4749.534855926386,4690.412015396182,4729.827242416318,32794800,ASII.JK
2023-10-16,4611.58203125,4710.1201088408125,4591.874415731838,4670.704877804487,52414600,ASII.JK
2023-10-17,4611.58203125,4670.704877804487,4611.58203125,4631.289646768163,40295600,ASII.JK
2023-10-18,4591.8740234375,4729.82732027897,4591.8740234375,4611.5816372719955,53751300,ASII.JK
2023-10-19,4513.04345703125,4611.581523778657,4493.335843681768,4591.873910429175,60258300,ASII.JK
2023-10-20,4493.33544921875,4532.750672457511,4453.9202259799895,4473.62783759937,56606100,ASII.JK
2023-10-23,4414.505859375,4532.751552036831,4414.505859375,4513.0439365931925,57516800,ASII.JK
2023-10-24,4572.16650390625,4611.5817323882,4414.505589978448,4414.505589978448,57283100,ASII.JK
2023-10-25,4552.458984375,4670.7046722808445,4552.458984375,4591.874213676948,51542400,ASII.JK
2023-10-26,4513.04345703125,4572.166297079694,4473.628230332287,4552.458683730212,18969800,ASII.JK
2023-10-27,4513.04345703125,4552.458683730212,4513.04345703125,4532.751070380731,35328800,ASII.JK
2023-10-30,4572.16650390625,4591.874118147225,4473.628432701374,4532.7512754243,17820800,ASII.JK
2023-10-31,4552.458984375,4650.99705762987,4552.458984375,4611.581828327922,46118000,ASII.JK
2023-11-01,4572.16650390625,4729.827417834052,4572.16650390625,4650.996960870151,91836500,ASII.JK
2023-11-02,4572.16650390625,4650.996960870151,4572.16650390625,4611.5817323882,46166200,ASII.JK
2023-11-03,4650.99658203125,4670.704194666976,4591.873744124073,4611.581356759799,43395900,ASII.JK
2023-11-06,4670.70458984375,4690.412204146888,4650.996975540612,4670.70458984375,29757300,ASII.JK
2023-11-07,4591.8740234375,4690.412092609979,4552.458795768508,4670.704478775483,30298200,ASII.JK
2023-11-08,4513.04345703125,4591.873910429175,4473.628230332287,4572.166297079694,38367700,ASII.JK
2023-11-09,4532.75146484375,4591.874310037364,4513.043849779212,4552.459079908288,20420100,ASII.JK
2023-11-10,4552.458984375,4552.458984375,4513.043755073052,4513.043755073052,15229800,ASII.JK
2023-11-13,4453.9208984375,4591.874200601494,4453.9208984375,4591.874200601494,24673700,ASII.JK
2023-11-14,4473.62890625,4513.044138904185,4453.921289922908,4473.62890625,12066000,ASII.JK
2023-11-15,4532.75146484375,4611.581925101902,4493.336234714674,4532.75146484375,34814300,ASII.JK
2023-11-16,4591.8740234375,4591.8740234375,4513.043568099517,4532.7511819340125,17422800,ASII.JK
2023-11-17,4493.33544921875,4591.873507315652,4493.33544921875,4572.165895696272,27116700,ASII.JK
2023-11-20,4572.16650390625,4611.5817323882,4493.33604694235,4513.043661183325,22940000,ASII.JK
2023-11-21,4552.458984375,4611.581828327922,4532.751369724026,4572.166599025974,17153300,ASII.JK
2023-11-22,4473.62890625,4552.459371558371,4453.921289922908,4552.459371558371,36329500,ASII.JK
2023-11-23,4493.33544921875,4513.04306083813,4473.62783759937,4473.62783759937,43425400,ASII.JK
2023-11-24,4513.04345703125,4532.751070380731,4493.335843681768,4493.335843681768,9347300,ASII.JK
2023-11-27,4434.212890625,4532.7509548611115,4414.505277777778,4513.043342013889,63360900,ASII.JK
2023-11-28,4375.09033203125,4473.628402572494,4375.09033203125,4473.628402572494,86907600,ASII.JK
2023-11-29,4355.38232421875,4453.920385852658,4355.38232421875,4414.505161199095,75070800,ASII.JK
2023-11-30,4256.84521484375,4394.798531991464,4256.84521484375,4394.798531991464,161684600,ASII.JK
2023-12-01,4532.75146484375,4532.75146484375,4296.260084069293,4296.260084069293,145374400,ASII.JK
2023-12-04,4532.75146484375,4591.874310037364,4513.043849779212,4532.75146484375,57590700,ASII.JK
2023-12-05,4513.04345703125,4572.166297079694,4473.628230332287,4552.458683730212,25787200,ASII.JK
2023-12-06,4513.04345703125,4591.873910429175,4493.335843681768,4493.335843681768,41363700,ASII.JK
2023-12-07,4473.62890625,4532.7517552312775,4414.5060572687225,4532.7517552312775,40599000,ASII.JK
2023-12-08,4473.62890625,4493.336522577092,4434.213673595815,4473.62890625,26972000,ASII.JK
2023-12-11,4414.505859375,4473.628705705915,4355.383013044085,4453.921090262277,39510200,ASII.JK
2023-12-12,4394.7978515625,4473.628306299047,4375.090237878363,4473.628306299047,19272900,ASII.JK
2023-12-13,4355.38232421875,4414.505161199095,4355.38232421875,4375.089936545532,31196600,ASII.JK
2023-12-14,4434.212890625,4453.920503472223,4394.797664930556,4414.505277777778,65510200,ASII.JK
2023-12-15,4453.9208984375,4493.336127627213,4414.505669247788,4434.213283842644,93580400,ASII.JK
2023-12-18,4414.505859375,4453.921090262277,4375.090628487724,4453.921090262277,39134200,ASII.JK
2023-12-19,4434.212890625,4453.920503472223,4414.505277777778,4434.212890625,33668300,ASII.JK
2023-12-20,4434.212890625,4493.335729166667,4434.212890625,4453.920503472223,27178500,ASII.JK
2023-12-21,4375.09033203125,4414.505560247748,4315.967489706503,4414.505560247748,114749900,ASII.JK
2023-12-22,4375.09033203125,4414.505560247748,4335.675103814752,4375.09033203125,38055800,ASII.JK
2023-12-27,4375.09033203125,4394.797946139499,4335.675103814752,4375.09033203125,34332400,ASII.JK
2023-12-28,4414.505859375,4414.505859375,4375.090628487724,4394.798243931362,31643200,ASII.JK
2023-12-29,4453.9208984375,4473.628513032357,4394.798054652932,4414.505669247788,36245000,ASII.JK
2024-01-02,4493.33544921875,4493.33544921875,4394.797391121848,4434.212614360608,36479600,ASII.JK
2024-01-03,4414.505859375,4493.336321149553,4414.505859375,4493.336321149553,37187300,ASII.JK
2024-01-04,4493.33544921875,4532.750672457511,4414.505002741228,4414.505002741228,52008000,ASII.JK
2024-01-05,4434.212890625,4532.7509548611115,4434.212890625,4513.043342013889,39167600,ASII.JK
2024-01-08,4394.7978515625,4473.628306299047,4375.090237878363,4434.213078930774,39614600,ASII.JK
2024-01-09,4394.7978515625,4414.505465246637,4355.382624194226,4414.505465246637,36777600,ASII.JK
2024-01-10,4355.38232421875,4394.797548872313,4296.259487238405,4335.674711891968,75423900,ASII.JK
2024-01-11,4375.09033203125,4434.213174355997,4355.382717923001,4375.09033203125,39941000,ASII.JK
2024-01-12,4414.505859375,4434.213474818638,4375.090628487724,4375.090628487724,28821000,ASII.JK
2024-01-15,4355.38232421875,4414.505161199095,4335.674711891968,4414.505161199095,79502600,ASII.JK
2024-01-16,4335.6748046875,4355.38241743608,4315.96719193892,4355.38241743608,44840900,ASII.JK
2024-01-17,4256.84521484375,4355.383298520688,4217.429981372975,4335.675681785301,114587100,ASII.JK
2024-01-18,4237.13720703125,4256.844821947674,4197.721977198401,4256.844821947674,71517600,ASII.JK
2024-01-19,4217.4296875,4256.844918224299,4178.014456775701,4237.137302862149,52865000,ASII.JK
2024-01-22,4118.8916015625,4276.552524110347,4118.8916015625,4217.429678154905,169967200,ASII.JK
2024-01-23,4040.061279296875,4099.184127286585,4000.6460473037346,4059.768895293445,176612600,ASII.JK
2024-01-24,4000.645751953125,4079.4762101196893,3925.7568166948895,4059.7685955780485,246293300,ASII.JK
2024-01-25,3980.937744140625,4059.7681945196473,3961.2301315458694,4000.6453567353806,81025300,ASII.JK
2024-01-26,4000.645751953125,4000.645751953125,3933.6398625115457,3980.938137411484,71861600,ASII.JK
2024-01-29,3886.341796875,4000.6459673713234,3870.5757043927483,4000.6459673713234,132819200,ASII.JK
2024-01-30,4020.353759765625,4079.476609173943,3862.69282801011,3878.4589211856614,165689300,ASII.JK
2024-01-31,4040.061279296875,4059.768895293445,3980.9384313071646,4040.061279296875,79343600,ASII.JK
2024-02-01,4040.061279296875,4079.476511290015,4000.6460473037346,4020.3536633003046,55358600,ASII.JK
2024-02-02,4197.7216796875,4197.7216796875,4040.060771530223,4059.768385049883,104840200,ASII.JK
2024-02-05,4079.476318359375,4217.429623811141,4059.7687032948365,4197.722008746603,88826000,ASII.JK
2024-02-06,4138.5986328125,4158.306245349702,4059.768182663691,4079.475795200893,46257400,ASII.JK
2024-02-07,4197.7216796875,4197.7216796875,4138.598839128521,4138.598839128521,68376900,ASII.JK
2024-02-12,4178.0146484375,4217.429880969929,4118.891799638856,4178.0146484375,80552600,ASII.JK
2024-02-13,4099.18408203125,4178.014545147235,4059.768850473257,4178.014545147235,63689100,ASII.JK
2024-02-15,4040.061279296875,4197.722207269436,4000.6460473037346,4197.722207269436,124120800,ASII.JK
2024-02-16,4099.18408203125,4099.18408203125,4020.353618915264,4040.0612346942607,75502700,ASII.JK
2024-02-19,4040.061279296875,4138.599359279726,4000.6460473037346,4099.184127286585,89709800,ASII.JK
2024-02-20,4099.18408203125,4138.599313589242,4040.0612346942607,4040.0612346942607,41623800,ASII.JK
2024-02-21,4138.5986328125,4178.013857886905,4079.475795200893,4099.183407738095,68374800,ASII.JK
2024-02-22,4158.306640625,4178.014255035545,4158.306640625,4158.306640625,41938600,ASII.JK
2024-02-23,4040.061279296875,4158.306975276296,4020.3536633003046,4138.599359279726,81214600,ASII.JK
2024-02-26,4040.061279296875,4099.184127286585,4000.6460473037346,4059.768895293445,50291500,ASII.JK
2024-02-27,4079.476318359375,4079.4763183593745,3980.9382430366845,4040.0610882302985,46555200,ASII.JK
2024-02-28,4118.8916015625,4276.552524110347,4099.183986244019,4197.722062836424,216020000,ASII.JK
2024-02-29,4118.8916015625,4178.014447517942,4099.183986244019,4138.599216880981,85412900,ASII.JK
2024-03-01,4118.8916015625,4158.3068321994615,4059.7687556070573,4118.8916015625,64835200,ASII.JK
2024-03-04,4099.18408203125,4158.306929368239,4079.4764662522534,4138.599313589242,57118400,ASII.JK
2024-03-05,4020.353759765625,4118.891842112822,4020.353759765625,4118.891842112822,53172900,ASII.JK
2024-03-06,4079.476318359375,4099.183933423913,4020.3534731657605,4040.0610882302985,29210000,ASII.JK
2024-03-07,4040.061279296875,4099.184127286585,4020.3536633003046,4079.476511290015,55244400,ASII.JK
2024-03-08,4059.768798828125,4079.476414356417,4040.0611832998334,4059.768798828125,39983000,ASII.JK
2024-03-13,4059.768798828125,4099.184029884709,4040.0611832998334,4059.768798828125,63672300,ASII.JK
2024-03-14,4158.306640625,4178.014255035545,4059.768568572275,4079.47618298282,79465800,ASII.JK
2024-03-15,4079.476318359375,4178.014393682065,4079.4763183593745,4178.014393682065,164222200,ASII.JK
2024-03-18,4059.768798828125,4138.599260941292,4059.768798828125,4099.184029884709,50943600,ASII.JK
2024-03-19,4118.8916015625,4138.599216880981,4059.7687556070573,4059.7687556070573,48398600,ASII.JK
2024-03-20,4158.306640625,4158.306640625,4118.89141180391,4118.89141180391,56191300,ASII.JK
2024-03-21,4217.4296875,4256.844918224299,4158.306841413551,4178.014456775701,67351800,ASII.JK
2024-03-22,4237.13720703125,4237.13720703125,4197.721977198401,4237.13720703125,46341000,ASII.JK
2024-03-25,4217.4296875,4276.552533586449,4197.722072137851,4276.552533586449,39759600,ASII.JK
2024-03-26,4178.0146484375,4237.137497236144,4138.599415905071,4237.137497236144,57175300,ASII.JK
2024-03-27,4158.306640625,4197.72186944609,4138.599026214455,4178.014255035545,47174800,ASII.JK
2024-03-28,4059.768798828125,4158.3068764695845,4020.3535677715413,4158.3068764695845,107123600,ASII.JK
2024-04-01,4099.18408203125,4118.891697810246,4059.768850473257,4079.4764662522534,42828200,ASII.JK
2024-04-02,4158.306640625,4158.306640625,4079.47618298282,4118.89141180391,41029100,ASII.JK
2024-04-03,4138.5986328125,4158.306245349702,4099.183407738095,4158.306245349702,39260600,ASII.JK
2024-04-04,4079.476318359375,4138.599163552989,4059.7687032948365,4138.599163552989,48395600,ASII.JK
2024-04-05,4158.306640625,4197.72186944609,4059.768568572275,4059.768568572275,59190300,ASII.JK
2024-04-16,4020.353759765625,4118.891842112822,4020.353759765625,4079.476609173943,137258300,ASII.JK
2024-04-17,4040.061279296875,4079.476511290015,4020.3536633003046,4059.768895293445,47211000,ASII.JK
2024-04-18,4020.353759765625,4059.7689927045035,3980.938526826746,4059.7689927045035,81583700,ASII.JK
2024-04-19,3862.69287109375,4000.6461879185267,3839.0437310666453,3980.938571229273,185008500,ASII.JK
2024-04-22,3902.10791015625,3933.6400952888257,3894.224863873106,3894.224863873106,57689200,ASII.JK
2024-04-23,3961.230712890625,4000.645943864661,3933.6400512088,3933.6400512088,49438000,ASII.JK
2024-04-24,3870.575439453125,3980.938079274599,3870.575439453125,3941.52285076693,65796800,ASII.JK
2024-04-25,3902.10791015625,3925.757049005682,3870.5757250236743,3870.5757250236743,52139300,ASII.JK
2024-04-26,3846.92626953125,3925.7567258741033,3846.92626953125,3925.7567258741033,70877700,ASII.JK
2024-04-29,3961.230712890625,3980.938328377643,3862.692635455535,3878.458727845149,68303100,ASII.JK
2024-04-30,4059.768798828125,4118.891645413,3925.7570132357405,3980.9383367149576,142632100,ASII.JK
2024-05-02,4079.476318359375,4158.306778617527,4079.4763183593745,4118.891548488451,100889100,ASII.JK
2024-05-03,4118.8916015625,4138.599216880981,4099.183986244019,4118.8916015625,44094400,ASII.JK
2024-05-06,4020.353759765625,4138.599458582261,4000.6461432961855,4138.599458582261,70400000,ASII.JK
2024-05-07,3980.937744140625,4040.0605819248917,3961.2301315458694,4020.352969330136,58780600,ASII.JK
2024-05-08,4040.061279296875,4059.768895293445,3941.523199314024,4000.6460473037346,86738900,ASII.JK
2024-05-13,4000.645751953125,4079.4762101196893,4000.645751953125,4059.7685955780485,143316000,ASII.JK
2024-05-14,3937.0341796875,4031.591769155977,3937.0341796875,4022.9956246588426,264535600,ASII.JK
2024-05-15,3894.0537109375,3971.4190164528145,3894.0537109375,3928.4382911665284,109962400,ASII.JK
2024-05-16,4048.784423828125,4057.3805691016455,3902.6499541782778,3945.63068054588,149039700,ASII.JK
2024-05-17,4126.1494140625,4134.74555867513,4031.591823323568,4048.7841125488285,101492400,ASII.JK
2024-05-20,4074.57275390625,4151.938059360166,4065.976608855815,4126.149624208861,58021800,ASII.JK
2024-05-21,4040.188232421875,4100.361248649435,4040.188232421875,4083.1689582987033,57558000,ASII.JK
2024-05-22,4048.784423828125,4065.976714375166,4040.188278554605,4057.3805691016455,25932300,ASII.JK
2024-05-27,3911.245849609375,4057.3803099244506,3911.245849609375,4040.1880204756185,86050000,ASII.JK
2024-05-28,3876.86083984375,3954.226133765244,3876.86083984375,3919.8415586890246,42542400,ASII.JK
2024-05-29,3833.880615234375,4126.149541059417,3756.5153113395113,4126.149541059417,148814900,ASII.JK
2024-05-30,3713.534423828125,3825.2843023229525,3704.9382793285226,3825.2843023229525,112636300,ASII.JK
2024-05-31,3687.74609375,3756.515251675408,3687.74609375,3730.7268174533797,144592700,ASII.JK
2024-06-03,3868.264892578125,3894.0533251953125,3722.1304410807293,3722.1304410807293,77444200,ASII.JK
2024-06-04,3937.0341796875,3980.0149021731713,3851.0727347161574,3876.86116820756,92676800,ASII.JK
2024-06-05,3954.226318359375,3988.6108950407606,3911.2455975076423,3919.841741677989,65856400,ASII.JK
2024-06-06,3919.841796875,3971.418662623355,3894.053364000822,3971.418662623355,43632400,ASII.JK
2024-06-07,3919.841796875,3928.437941166392,3894.053364000822,3911.2456525836074,34027900,ASII.JK
2024-06-10,3876.86083984375,3919.8415586890246,3868.264696074695,3919.8415586890246,19932200,ASII.JK
2024-06-11,3739.322998046875,3868.265170393319,3739.322998046875,3868.265170393319,71234400,ASII.JK
2024-06-12,3747.9189453125,3790.8996671624136,3687.7459347226204,3739.322800942517,65665400,ASII.JK
2024-06-13,3833.880615234375,3851.0729049887896,3782.3037459711322,3790.8998908483395,55824400,ASII.JK
2024-06-14,3799.49609375,3894.0536888433257,3790.899948741516,3851.0729638009047,57967500,ASII.JK
2024-06-19,3825.28466796875,3876.861539896419,3799.496232004916,3825.28466796875,48727600,ASII.JK
2024-06-20,3825.28466796875,3842.476958611306,3747.9193600772473,3816.688522647472,35160300,ASII.JK
2024-06-21,3859.668701171875,3894.0532775742968,3790.8995483670305,3825.284124769453,98313200,ASII.JK
2024-06-24,3808.092041015625,3868.265052950409,3790.899751891401,3851.072763826185,36677200,ASII.JK
2024-06-25,3782.30419921875,3816.6887828480117,3747.919615589489,3816.6887828480117,50385000,ASII.JK
2024-06-26,3799.49609375,3825.2845287754526,3756.515368707579,3782.3038037330316,38397100,ASII.JK
2024-06-27,3808.092041015625,3816.688185577737,3782.3036073292888,3808.092041015625,21784700,ASII.JK
2024-06-28,3833.880615234375,3919.8420640064464,3808.0921806027536,3808.0921806027536,127293900,ASII.JK
2024-07-01,3971.4189453125,3971.4189453125,3859.6690615699404,3859.6690615699404,141627300,ASII.JK
2024-07-02,3894.0537109375,3971.4190164528145,3876.8614208229856,3962.8228713955573,72229800,ASII.JK
2024-07-03,3928.43798828125,3937.0341326757384,3885.4572663088074,3911.2456994922727,30743200,ASII.JK
2024-07-04,3911.245849609375,3962.8227179558726,3911.245849609375,3937.034283782624,44755400,ASII.JK
2024-07-05,3937.0341796875,3962.822613178903,3902.6496016989627,3928.4380351903656,53196500,ASII.JK
2024-07-08,3988.611083984375,3988.611083984375,3919.8419273639547,3954.226505674165,69535000,ASII.JK
2024-07-09,3919.841796875,3971.418662623355,3902.6495082922147,3971.418662623355,84784500,ASII.JK
2024-07-10,3902.649658203125,3937.034236689496,3885.4573689599392,3928.438092067903,44563900,ASII.JK
2024-07-11,3876.86083984375,3954.226133765244,3868.264696074695,3911.2454149199693,71140800,ASII.JK
2024-07-12,3902.649658203125,3928.438092067903,3868.265079716754,3876.8612243383463,54299700,ASII.JK
2024-07-15,3842.47705078125,3911.2462150010488,3833.880905253775,3902.6500694735737,53234000,ASII.JK
2024-07-16,3765.111328125,3859.6689185573628,3765.111328125,3851.0727739726026,83814800,ASII.JK
2024-07-17,3833.880615234375,3842.4767601115823,3782.3037459711322,3799.496035725547,49379700,ASII.JK
2024-07-18,3902.649658203125,3902.649658203125,3833.880501230383,3842.4766458519753,54184300,ASII.JK
2024-07-19,3894.0537109375,3902.649855994757,3851.072985651214,3885.457565880243,40785800,ASII.JK
2024-07-22,3885.45703125,3902.649318998894,3851.0724557522126,3894.053175124447,33128600,ASII.JK
2024-07-23,3825.28466796875,3894.053830538975,3825.28466796875,3876.861539896419,46427300,ASII.JK
2024-07-24,3894.0537109375,3919.842146109271,3833.8806955366995,3842.4768405939567,50741700,ASII.JK
2024-07-25,3859.668701171875,3894.0532775742968,3825.284124769453,3894.0532775742968,40364400,ASII.JK
2024-07-26,3962.82275390625,3971.4188987086495,3868.2651610798534,3868.2651610798534,92236800,ASII.JK
2024-07-29,3962.82275390625,3980.0150435110495,3937.034319499051,3971.4188987086495,42232800,ASII.JK
2024-07-30,3902.649658203125,3962.8226705542743,3885.4573689599392,3962.8226705542743,40995800,ASII.JK
2024-07-31,4057.38037109375,4065.976515947762,3945.6304879915915,3971.418922553628,170406600,ASII.JK
2024-08-01,4074.57275390625,4074.57275390625,4005.803593502769,4040.1881737045096,50775700,ASII.JK
2024-08-02,4031.592041015625,4074.5727663995867,4014.3997508620405,4048.78433116921,47509800,ASII.JK
2024-08-05,3919.841796875,3997.207095497533,3885.4572197094294,3988.6109512061403,93952300,ASII.JK
2024-08-06,3962.82275390625,3971.4188987086495,3902.6497402894524,3954.2266091038505,56748800,ASII.JK
2024-08-07,3980.01513671875,3980.01513671875,3919.8421216927645,3954.2267017076138,72464900,ASII.JK
2024-08-08,4074.57275390625,4083.168898956685,3954.226723200158,3971.4190133010284,116387300,ASII.JK
2024-08-09,4091.764404296875,4117.5528354163935,4065.975973177357,4091.764404296875,44489500,ASII.JK
2024-08-12,4091.764404296875,4108.956691709887,4057.379829470851,4091.764404296875,34027600,ASII.JK
2024-08-13,4091.764404296875,4126.148979122899,4074.5721168838627,4126.148979122899,43904800,ASII.JK
2024-08-14,4203.5146484375,4237.899226338829,4100.360914733513,4126.14934815951,91874600,ASII.JK
2024-08-15,4203.5146484375,4229.303081863497,4160.533926060839,4203.5146484375,46694800,ASII.JK
2024-08-16,4272.283203125,4289.47548965669,4212.110200264085,4212.110200264085,65502100,ASII.JK
2024-08-19,4319.56298828125,4341.053351407028,4246.495753653607,4272.28418940454,54296700,ASII.JK
2024-08-20,4405.5244140625,4427.014777057927,4319.562962080792,4341.053325076219,94493800,ASII.JK
2024-08-21,4362.54345703125,4491.485628175031,4362.54345703125,4427.01454260314,94502800,ASII.JK
2024-08-22,4298.072265625,4341.05298828125,4289.4761210937495,4319.562626953125,63177200,ASII.JK
2024-08-23,4384.0341796875,4448.505270565257,4341.053452435662,4341.053452435662,52275100,ASII.JK
2024-08-26,4427.0146484375,4469.995373179611,4405.524286066444,4405.524286066444,30540900,ASII.JK
2024-08-27,4427.0146484375,4448.505010808555,4362.543561324333,4427.0146484375,30475700,ASII.JK
2024-08-28,4319.56298828125,4427.014803910137,4298.072625155472,4427.014803910137,64090900,ASII.JK
2024-08-29,4362.54345703125,4362.54345703125,4298.07237145936,4341.053095173953,42502100,ASII.JK
2024-08-30,4384.0341796875,4405.524543313419,4319.563088809743,4362.543816061581,74429400,ASII.JK
2024-09-02,4469.99560546875,4491.485968956581,4384.034151517428,4384.034151517428,84858600,ASII.JK
2024-09-03,4405.5244140625,4491.485866044207,4405.5244140625,4491.485866044207,34864300,ASII.JK
2024-09-04,4341.052734375,4384.033454517326,4319.562374303837,4341.052734375,45331200,ASII.JK
2024-09-05,4362.54345703125,4405.524180745843,4341.053095173953,4362.54345703125,34711100,ASII.JK
2024-09-06,4341.052734375,4405.5238145884905,4341.052734375,4341.052734375,32014300,ASII.JK
2024-09-09,4319.56298828125,4384.034077658582,4298.072625155472,4341.053351407028,55466500,ASII.JK
2024-09-10,4319.56298828125,4384.034077658582,4298.072625155472,4362.543714532804,58871700,ASII.JK
2024-09-11,4319.56298828125,4341.053351407028,4298.072625155472,4319.56298828125,27381100,ASII.JK
2024-09-12,4319.56298828125,4362.543714532804,4319.56298828125,4319.56298828125,24718300,ASII.JK
2024-09-13,4362.54345703125,4362.54345703125,4319.562733316656,4319.562733316656,24921900,ASII.JK
2024-09-17,4362.54345703125,4384.033818888546,4319.562733316656,4362.54345703125,35574000,ASII.JK
2024-09-18,4512.9755859375,4534.4659458705355,4362.54306640625,4384.033426339285,123540100,ASII.JK
2024-09-19,4534.46630859375,4534.46630859375,4469.99522363744,4534.46630859375,57254000,ASII.JK
2024-09-20,4491.48583984375,4534.466565583882,4469.995476973684,4534.466565583882,47509500,ASII.JK
2024-09-23,4491.48583984375,4534.466565583882,4491.48583984375,4512.976202713816,23362800,ASII.JK
2024-09-24,4534.46630859375,4534.46630859375,4491.485585289543,4512.975946941647,43482600,ASII.JK
2024-09-25,4491.48583984375,4555.9569284539475,4427.0147512335525,4555.9569284539475,63437200,ASII.JK
2024-09-26,4512.9755859375,4534.4659458705355,4448.504506138393,4512.9755859375,56030300,ASII.JK
2024-09-27,4384.0341796875,4534.466725068934,4341.053452435662,4534.466725068934,57476200,ASII.JK
2024-09-30,4341.052734375,4384.033454517326,4298.072014232674,4384.033454517326,66737800,ASII.JK
2024-10-01,4448.5048828125,4448.5048828125,4362.54343580163,4384.033797554348,39024000,ASII.JK
2024-10-02,4427.0146484375,4427.0146484375,4341.0531989532765,4427.0146484375,39888600,ASII.JK
2024-10-03,4512.9755859375,4512.9755859375,4384.033426339285,4448.504506138393,56763900,ASII.JK
2024-10-04,4427.0146484375,4512.976097921723,4384.033923695388,4512.976097921723,35939300,ASII.JK
2024-10-07,4384.0341796875,4448.505270565257,4362.543816061581,4427.014906939338,27889100,ASII.JK
2024-10-08,4491.48583984375,4491.48583984375,4362.543662623356,4384.034025493422,42347600,ASII.JK
2024-10-09,4362.54345703125,4491.485628175031,4362.54345703125,4491.485628175031,33544900,ASII.JK
2024-10-10,4405.5244140625,4405.5244140625,4362.543688071646,4384.034051067073,27734400,ASII.JK
2024-10-11,4362.54345703125,4427.01454260314,4362.54345703125,4405.524180745843,39320000,ASII.JK
2024-10-14,4321.34619140625,4404.617568319758,4312.580783310092,4404.617568319758,71369100,ASII.JK
2024-10-15,4321.34619140625,4356.407823790885,4295.049967117774,4321.34619140625,61263600,ASII.JK
2024-10-16,4347.642578125,4347.642578125,4295.050127583166,4338.877169701361,80530100,ASII.JK
2024-10-17,4338.876953125,4356.407769097223,4321.346137152777,4338.876953125,54164800,ASII.JK
2024-10-18,4312.58056640625,4347.642197027439,4312.58056640625,4347.642197027439,39805400,ASII.JK
2024-10-21,4470.3583984375,4470.3583984375,4321.346451822917,4338.877269071691,88954300,ASII.JK
2024-10-22,4623.75244140625,4623.75244140625,4470.357810648697,4492.271329328347,132222000,ASII.JK
2024-10-23,4645.66650390625,4645.66650390625,4536.098897682046,4623.752982661409,64519100,ASII.JK
2024-10-24,4623.75244140625,4645.6659600859,4558.011885367298,4645.6659600859,50777100,ASII.JK
2024-10-25,4579.92578125,4623.752822218899,4558.01226076555,4623.752822218899,27247500,ASII.JK
2024-10-28,4601.8388671875,4601.8388671875,4492.271275111607,4601.8388671875,40165900,ASII.JK
2024-10-29,4492.271484375,4601.839081554878,4492.271484375,4601.839081554878,45247600,ASII.JK
2024-10-30,4558.01220703125,4558.01220703125,4426.531085674579,4492.271646352915,33200300,ASII.JK
2024-10-31,4470.3583984375,4645.666570925246,4470.3583984375,4645.666570925246,77263000,ASII.JK
2024-11-01,4448.4443359375,4536.0984115224755,4426.530817041256,4492.271373729987,54219100,ASII.JK
2024-11-04,4492.271484375,4492.271484375,4365.173071646342,4448.444445503049,52362100,ASII.JK
2024-11-05,4536.0986328125,4558.012152777777,4448.444552951389,4492.271592881944,31165800,ASII.JK
2024-11-06,4426.53076171875,4536.0983548306,4404.61724309638,4536.0983548306,32975900,ASII.JK
2024-11-07,4382.70361328125,4448.444167480469,4382.70361328125,4426.530649414063,46053500,ASII.JK
2024-11-08,4347.642578125,4448.444774996849,4338.877169701361,4426.531253937752,32828900,ASII.JK
2024-11-11,4356.4072265625,4373.938040351484,4251.222343828596,4347.641819668008,49885000,ASII.JK
2024-11-12,4356.4072265625,4382.703447245975,4321.345598984532,4382.703447245975,43239600,ASII.JK
2024-11-13,4404.61767578125,4404.61767578125,4338.877113456157,4382.704155006219,24479600,ASII.JK
2024-11-14,4338.876953125,4404.617513020833,4321.346137152777,4404.617513020833,38255700,ASII.JK
2024-11-15,4330.11181640625,4347.64263347672,4312.58099933578,4330.11181640625,14867600,ASII.JK
2024-11-18,4321.34619140625,4356.407823790885,4303.815375213932,4338.877007598568,17408700,ASII.JK
2024-11-19,4356.4072265625,4356.4072265625,4295.049378301056,4321.345598984532,36816800,ASII.JK
2024-11-20,4382.70361328125,4404.617131347656,4338.876577148438,4356.407391601563,18634300,ASII.JK
2024-11-21,4286.2841796875,4373.938252891743,4286.2841796875,4373.938252891743,27662900,ASII.JK
2024-11-22,4303.8154296875,4347.642470723014,4259.988388651986,4295.050021480397,21241800,ASII.JK
2024-11-25,4536.0986328125,4536.0986328125,4330.111545138889,4338.876953125,84518400,ASII.JK
2024-11-26,4514.18505859375,4558.012097997573,4470.358019189927,4514.18505859375,45059300,ASII.JK
2024-11-28,4492.271484375,4579.925562118902,4492.271484375,4558.012042682927,30554200,ASII.JK
2024-11-29,4470.3583984375,4492.271919998469,4404.617833754596,4492.271919998469,48756800,ASII.JK
2024-12-02,4330.11181640625,4514.185395646192,4295.050182265309,4470.358352970015,47373200,ASII.JK
2024-12-03,4492.271484375,4492.271484375,4356.407663871951,4365.173071646342,46752800,ASII.JK
2024-12-04,4579.92578125,4579.92578125,4448.444658343302,4470.3581788277515,51733400,ASII.JK
2024-12-05,4558.01220703125,4579.925727257362,4492.271646352915,4579.925727257362,21948400,ASII.JK
2024-12-06,4514.18505859375,4536.098578295661,4426.530979786105,4514.18505859375,36599600,ASII.JK
2024-12-09,4579.92578125,4579.92578125,4470.3581788277515,4514.185219796651,37208600,ASII.JK
2024-12-10,4579.92578125,4579.92578125,4514.185219796651,4558.01226076555,41536400,ASII.JK
2024-12-11,4601.8388671875,4601.8388671875,4536.098311941964,4536.098311941964,41090000,ASII.JK
2024-12-12,4470.3583984375,4579.926006242341,4426.531355315564,4514.185441559436,37254100,ASII.JK
2024-12-13,4492.271484375,4514.185003810975,4426.530926067073,4470.357964939024,27732300,ASII.JK
2024-12-16,4492.271484375,4514.185003810975,4382.703887195122,4448.444445503049,35937800,ASII.JK
2024-12-17,4365.1728515625,4514.1847762142315,4338.876629565135,4470.357739551958,48682400,ASII.JK
2024-12-18,4382.70361328125,4426.530649414063,4347.641984375,4365.172798828125,27412000,ASII.JK
2024-12-19,4277.51904296875,4338.876898093302,4259.988227218878,4338.876898093302,39151900,ASII.JK
2024-12-20,4268.75390625,4295.050131545175,4251.22308938655,4277.519314681725,44851200,ASII.JK
2024-12-23,4338.876953125,4338.876953125,4268.753689236111,4295.049913194444,29678900,ASII.JK
2024-12-24,4277.51904296875,4365.1731217181095,4277.51904296875,4330.111490218365,22600500,ASII.JK
2024-12-27,4321.34619140625,4330.111599502408,4277.519150925456,4286.284559021615,14456700,ASII.JK
2024-12-30,4295.05029296875,4330.111928013393,4277.519475446428,4321.346519252233,23926400,ASII.JK
2025-01-02,4338.876953125,4356.407769097223,4295.049913194444,4303.815321180556,17924000,ASII.JK
2025-01-03,4338.876953125,4356.407769097223,4312.580729166667,4338.876953125,12711800,ASII.JK
2025-01-06,4259.98828125,4382.703993055556,4259.98828125,4338.876953125,18412500,ASII.JK
2025-01-07,4312.58056640625,4312.58056640625,4251.222712819169,4259.988120474466,20452200,ASII.JK
2025-01-08,4216.1611328125,4303.81521041775,4216.1611328125,4277.5189871361745,23739400,ASII.JK
2025-01-09,4321.34619140625,4338.877007598568,4233.692110444663,4233.692110444663,23802600,ASII.JK
2025-01-10,4295.05029296875,4347.642745535714,4259.988657924107,4330.111928013393,31951800,ASII.JK
2025-01-13,4163.568359375,4312.580279605263,4137.272138157895,4303.814872532895,46247300,ASII.JK
2025-01-14,4163.568359375,4251.222430098684,4163.568359375,4181.099173519737,28096700,ASII.JK
2025-01-15,4330.11181640625,4330.11181640625,4189.865279842485,4198.63068837772,27497200,ASII.JK
2025-01-16,4277.51904296875,4404.617457155321,4277.51904296875,4404.617457155321,30520200,ASII.JK
2025-01-17,4330.11181640625,4356.408042011956,4242.457731053897,4259.988548124367,23691900,ASII.JK
2025-01-20,4303.8154296875,4347.642470723014,4295.050021480397,4330.111654308808,11873200,ASII.JK
2025-01-21,4303.8154296875,4356.4078789301175,4295.050021480397,4321.346246101706,21762200,ASII.JK
2025-01-22,4347.642578125,4365.173394972278,4277.519310735887,4312.580944430443,33116700,ASII.JK
2025-01-23,4295.05029296875,4365.173563058036,4295.05029296875,4347.642745535714,17049700,ASII.JK
2025-01-24,4268.75390625,4347.642582135523,4268.75390625,4295.050131545175,19663900,ASII.JK
2025-01-30,4189.86474609375,4268.753412861205,4189.86474609375,4268.753412861205,28147100,ASII.JK
2025-01-31,4207.3955078125,4242.457137044271,4198.630100504557,4198.630100504557,27064100,ASII.JK
2025-02-03,4172.333984375,4207.395614495798,4154.8031693146,4207.395614495798,33116100,ASII.JK
2025-02-04,4207.3955078125,4242.457137044271,4172.333878580729,4181.099285888672,20631500,ASII.JK
2025-02-05,4154.80322265625,4251.222706726332,4146.037815013516,4251.222706726332,20436200,ASII.JK
2025-02-06,3988.260498046875,4154.803244119162,3961.96427498283,4154.803244119162,61645400,ASII.JK
2025-02-07,4075.9150390625,4093.445856434812,3970.730134828629,4040.8534043178765,33223300,ASII.JK
2025-02-10,4005.79150390625,4075.9147687448717,3961.9644633821117,4040.853136325561,40230000,ASII.JK
2025-02-11,4040.853271484375,4075.9149050764304,4005.7916378923196,4023.3224546883475,32956400,ASII.JK
2025-02-12,4067.149169921875,4102.210800697064,4049.618354534281,4102.210800697064,30762900,ASII.JK
2025-02-13,4084.68017578125,4093.4455838837853,4014.5569109609714,4067.1493595761804,21320200,ASII.JK
2025-02-14,4102.2109375,4146.037977430556,4067.1493055555557,4084.680121527778,31409000,ASII.JK
2025-02-17,4154.80322265625,4189.864853227189,4093.445369157107,4102.210776799842,30270200,ASII.JK
2025-02-18,4207.3955078125,4242.457137044271,4154.803063964844,4154.803063964844,31828200,ASII.JK
2025-02-19,4119.7421875,4242.457912234043,4040.8535073138296,4224.927094414894,47951400,ASII.JK
2025-02-20,4137.2724609375,4154.803276449947,4075.9146066439353,4119.741645425052,23653800,ASII.JK
2025-02-21,4163.568359375,4207.395394736842,4032.0872532894737,4154.802952302632,31937400,ASII.JK
2025-02-24,4119.7421875,4181.100049867021,4084.680551861702,4163.569232047872,22303600,ASII.JK
2025-02-25,3997.025634765625,4163.568369547526,3988.2602276718408,4128.506741172389,42728600,ASII.JK
2025-02-26,4014.556884765625,4032.0877008563048,3961.9644364935866,3997.0260686749457,19351300,ASII.JK
2025-02-27,4023.322021484375,4023.322021484375,3926.9025394880173,3988.2603916675175,37731000,ASII.JK
2025-02-28,3970.729736328125,4075.914630005691,3830.4832114247033,4075.914630005691,70620000,ASII.JK
2025-03-03,4102.2109375,4137.272569444444,3944.43359375,3970.7298177083335,65345600,ASII.JK
2025-03-04,4110.9765625,4119.741970948828,4023.322478011727,4102.211154051172,40873900,ASII.JK
2025-03-05,4295.05029296875,4295.05029296875,4110.976708984375,4119.742117745536,86703900,ASII.JK
2025-03-06,4295.05029296875,4347.642745535714,4259.988657924107,4295.05029296875,51276300,ASII.JK
2025-03-07,4321.34619140625,4356.407823790885,4198.630478060028,4295.049967117774,59830500,ASII.JK
2025-03-10,4181.099609375,4295.049913194444,4163.568793402777,4295.049913194444,53139600,ASII.JK
2025-03-11,4207.3955078125,4207.3955078125,4119.741434733073,4137.272249348958,35571600,ASII.JK
2025-03-12,4216.1611328125,4233.69194833355,4154.8032784888255,4172.334094009875,29264500,ASII.JK
2025-03-13,4146.0380859375,4216.161351661602,4102.211044859936,4198.630535230576,41066600,ASII.JK
2025-03-14,4049.618408203125,4146.037894112723,4040.8530003931614,4146.037894112723,35967600,ASII.JK
2025-03-17,4049.618408203125,4093.4454472529424,4040.8530003931614,4084.680039442979,23856300,ASII.JK
2025-03-18,4075.9150390625,4075.9150390625,3909.372274025538,4058.3842216901885,66583100,ASII.JK
2025-03-19,4110.9765625,4119.741970948828,4040.8532949093815,4075.9149287046907,37556400,ASII.JK
2025-03-20,4128.50732421875,4163.568957545449,4067.1494658970278,4110.9765075554005,23310500,ASII.JK
2025-03-21,4242.45703125,4242.45703125,4058.38348237345,4137.2721461776855,57730500,ASII.JK
2025-03-24,4110.9765625,4189.865238539445,3979.4954357675906,4189.865238539445,29695400,ASII.JK
2025-03-25,4075.9150390625,4119.74208249328,4040.8534043178765,4119.74208249328,26320300,ASII.JK
2025-03-26,4207.3955078125,4242.457137044271,4084.6798055013023,4084.6798055013023,30508200,ASII.JK
2025-03-27,4312.58056640625,4312.58056640625,4198.630266887386,4207.395674542683,44551200,ASII.JK
2025-04-08,3926.90283203125,4207.395891462053,3900.606607709612,4207.395891462053,94752400,ASII.JK
2025-04-09,4049.618408203125,4084.680039442979,3918.1372910536725,3926.902698863636,46086300,ASII.JK
2025-04-10,4128.50732421875,4242.457632530521,4110.9765075554005,4163.568957545449,43115600,ASII.JK
2025-04-11,4128.50732421875,4154.803549213774,4049.6186492336788,4084.6802825603772,31446100,ASII.JK
2025-04-14,4321.34619140625,4321.34619140625,4128.507213290758,4154.803437579234,39843200,ASII.JK
2025-04-15,4268.75390625,4338.877173703799,4207.396047227926,4321.3463568403495,56488100,ASII.JK
2025-04-16,4189.86474609375,4259.988005442599,4110.976079326294,4251.222598023993,44479500,ASII.JK
2025-04-17,4163.568359375,4181.099173519737,4128.506731085527,4181.099173519737,28099700,ASII.JK
2025-04-21,4198.63037109375,4216.161186839444,4154.803331729515,4163.568739602361,14313200,ASII.JK
2025-04-22,4154.80322265625,4189.864853227189,4137.2724073707805,4163.568630298985,29906300,ASII.JK
2025-04-23,4224.9267578125,4242.457574234959,4181.099716756354,4181.099716756354,38609800,ASII.JK
2025-04-24,4181.099609375,4242.457465277777,4181.099609375,4233.692057291667,42307000,ASII.JK
2025-04-25,4259.98828125,4303.815321180556,4198.630425347223,4198.630425347223,45465200,ASII.JK
2025-04-28,4286.2841796875,4321.345808969198,4268.753365046651,4277.518772367076,22380800,ASII.JK
2025-04-29,4207.3955078125,4303.81498819987,4207.3955078125,4303.81498819987,46881000,ASII.JK
2025-04-30,4207.3955078125,4242.457137044271,4189.864693196615,4207.3955078125,46038900,ASII.JK
2025-05-02,4198.63037109375,4259.98822620368,4172.334147475209,4216.161186839444,61301400,ASII.JK
2025-05-05,4189.86474609375,4216.160968349568,4181.099338675143,4207.395560930962,30747900,ASII.JK
2025-05-06,4163.568359375,4207.395394736842,4163.568359375,4189.864580592105,53222000,ASII.JK
2025-05-07,4233.69189453125,4242.457302180383,4181.099448636452,4189.864856285585,47790800,ASII.JK
2025-05-08,4189.86474609375,4321.345857372842,4189.86474609375,4259.988005442599,92459500,ASII.JK
2025-05-09,4189.86474609375,4233.69178318678,4189.86474609375,4198.630153512356,38964000,ASII.JK
2025-05-14,4216.1611328125,4277.5189871361745,4207.395725051975,4259.988171615125,92389200,ASII.JK
2025-05-15,4224.9267578125,4251.222982446187,4216.161349601271,4224.9267578125,69701600,ASII.JK
2025-05-16,4277.51904296875,4277.51904296875,4216.161187844198,4242.457411469006,64271600,ASII.JK
2025-05-19,4330.11181640625,4347.64263347672,4277.519365194838,4286.2847737300735,97782400,ASII.JK
2025-05-20,4259.98828125,4347.642361111111,4259.98828125,4347.642361111111,127610600,ASII.JK
2025-05-21,4370.41845703125,4389.135452564575,4276.833479364628,4304.908972664614,115335300,ASII.JK
2025-05-22,4332.984375,4407.852355561555,4332.984375,4379.776862850972,52032700,ASII.JK
2025-05-23,4435.927734375,4473.36172369462,4426.569237045095,4464.003226364715,42300400,ASII.JK
2025-05-26,4426.5693359375,4473.361823632399,4389.13534578158,4464.00332609342,40971400,ASII.JK
2025-05-27,4398.494140625,4426.569635139627,4361.06014793883,4407.852638796542,38680100,ASII.JK
2025-05-28,4538.87158203125,4538.87158203125,4361.060117992913,4407.852608529317,188036300,ASII.JK
2025-06-02,4473.36181640625,4492.078811453975,4426.569328786938,4473.36181640625,115876200,ASII.JK
2025-06-03,4398.494140625,4454.6451296542555,4351.701649767288,4445.286631482712,51574100,ASII.JK
2025-06-04,4314.267578125,4454.645048129067,4314.267578125,4454.645048129067,55901000,ASII.JK
2025-06-05,4314.267578125,4370.4185661266265,4314.267578125,4342.343072125814,38381400,ASII.JK
2025-06-10,4304.90869140625,4370.418171492866,4304.90869140625,4370.418171492866,60469600,ASII.JK
2025-06-11,4314.267578125,4332.984574125542,4286.192084124186,4314.267578125,50550100,ASII.JK
2025-06-12,4267.474609375,4323.6255910773025,4267.474609375,4314.267094126919,54629900,ASII.JK
2025-06-13,4276.83349609375,4304.908989503556,4267.474998290481,4286.191993897019,38510500,ASII.JK
2025-06-16,4314.267578125,4332.984574125542,4267.475088123644,4276.833586123916,29939400,ASII.JK
2025-06-17,4304.90869140625,4342.342680027174,4295.550194251019,4342.342680027174,29978400,ASII.JK
2025-06-18,4295.55029296875,4323.625785079657,4295.55029296875,4314.267287709355,19386900,ASII.JK
2025-06-19,4239.3994140625,4304.908897282009,4211.323921254139,4295.550399679222,30832700,ASII.JK
2025-06-20,4201.96533203125,4239.399321626183,4192.606834632516,4239.399321626183,50116600,ASII.JK
2025-06-23,4145.814453125,4183.2484436724035,4117.738960214447,4183.2484436724035,28820000,ASII.JK
2025-06-24,4183.24853515625,4211.324028680789,4145.8145437901985,4183.24853515625,37523200,ASII.JK
2025-06-25,4183.24853515625,4239.399522205327,4136.456045948686,4239.399522205327,33217200,ASII.JK
2025-06-26,4164.53173828125,4164.53173828125,4127.097745128161,4155.173239992978,26909800,ASII.JK
2025-06-30,4211.32373046875,4230.040724826389,4164.531244574653,4183.248238932292,41865200,ASII.JK
2025-07-01,4164.53173828125,4220.682728010885,4155.173239992978,4201.96573143434,27410600,ASII.JK
2025-07-02,4248.7578125,4258.116309884362,4155.172838656388,4164.531336040749,34231600,ASII.JK
2025-07-03,4276.83349609375,4295.550491700287,4239.3995048806755,4248.758002683944,24120100,ASII.JK
2025-07-04,4323.6259765625,4351.701469916802,4276.833487638663,4304.908980992966,25298100,ASII.JK
2025-07-07,4379.77685546875,4379.77685546875,4295.550377478967,4323.6258701422275,20181800,ASII.JK
2025-07-08,4361.06005859375,4370.418556573564,4323.62606667449,4370.418556573564,21173700,ASII.JK
2025-07-09,4417.2109375,4417.2109375,4370.418448755297,4379.7769465042375,32577400,ASII.JK
2025-07-10,4379.77685546875,4426.5693432408525,4379.77685546875,4417.210845686432,21464100,ASII.JK
2025-07-11,4407.8525390625,4417.211037022294,4379.777045183121,4417.211037022294,19382400,ASII.JK
2025-07-14,4398.494140625,4445.286631482712,4351.701649767288,4407.852638796542,32985800,ASII.JK
2025-07-15,4398.494140625,4398.494140625,4332.984653424202,4398.494140625,25045900,ASII.JK
2025-07-16,4445.2861328125,4501.437115542763,4389.135150082237,4398.493647203947,53394000,ASII.JK
2025-07-17,4482.72021484375,4510.795706794755,4426.569230941741,4445.286225575744,37859000,ASII.JK
2025-07-18,4445.2861328125,4529.512606907894,4445.2861328125,4501.437115542763,23680400,ASII.JK
2025-07-21,4454.64453125,4501.4370158219535,4417.210543592437,4501.4370158219535,17018900,ASII.JK
2025-07-22,4389.1357421875,4454.645230876866,4379.777243803305,4454.645230876866,47232600,ASII.JK
2025-07-23,4632.45654296875,4632.45654296875,4417.211087436869,4435.928083570076,94669900,ASII.JK
2025-07-24,4726.041015625,4749.437258276609,4660.531536200495,4669.890033261138,72459700,ASII.JK
2025-07-25,4679.24853515625,4726.041020507812,4632.456049804688,4679.24853515625,28079000,ASII.JK
2025-07-28,4772.833984375,4772.833984375,4669.890506280637,4702.645249310662,59414600,ASII.JK
2025-07-29,4772.833984375,4796.230229396446,4702.645249310662,4772.833984375,36861000,ASII.JK
2025-07-30,4819.62646484375,4819.62646484375,4749.437729918841,4772.833974893811,53075600,ASII.JK
2025-07-31,4772.833984375,4843.022719439338,4772.833984375,4819.626474417892,44048400,ASII.JK
2025-08-01,4679.24853515625,4819.625991210938,4641.814546875,4796.229748535156,33392000,ASII.JK
2025-08-04,4702.64501953125,4726.041263409515,4623.097790345149,4679.2487756529845,21561700,ASII.JK
2025-08-05,4702.64501953125,4726.041263409515,4669.890278101679,4726.041263409515,20210600,ASII.JK
2025-08-06,4585.6640625,4702.645288584184,4585.6640625,4702.645288584184,24786300,ASII.JK
2025-08-07,4641.81494140625,4702.64517753355,4604.380949943296,4604.380949943296,25930000,ASII.JK
2025-08-08,4604.380859375,4669.890343146595,4604.380859375,4632.456352419969,20639400,ASII.JK
2025-08-11,4585.6640625,4613.739556760203,4557.588568239796,4604.381058673469,21955000,ASII.JK
2025-08-12,4669.89013671875,4702.6448771566575,4576.305164039016,4585.663661306989,22725500,ASII.JK
2025-08-13,4843.0224609375,4913.211192255435,4702.644998301631,4772.833729619565,103458500,ASII.JK
2025-08-14,4772.833984375,4819.626474417892,4749.437739353553,4796.230229396446,31796500,ASII.JK
2025-08-15,4702.64501953125,4796.229995044309,4702.64501953125,4772.833751166045,16434700,ASII.JK
2025-08-19,5170.56982421875,5217.362311315752,4866.418658088235,4936.607388733739,260942000,ASII.JK
2025-08-20,5170.56982421875,5193.966067767251,5100.381093573246,5170.56982421875,74517000,ASII.JK
2025-08-21,5264.15478515625,5287.551028645833,5147.173567708333,5170.569811197916,76746200,ASII.JK
2025-08-22,5334.34326171875,5404.531988846628,5240.758292214912,5287.550776966831,73126900,ASII.JK
2025-08-25,5381.13623046875,5404.532474949049,5310.947497027853,5381.13623046875,60737900,ASII.JK
2025-08-26,5264.15478515625,5357.739759114583,5123.7773242187495,5357.739759114583,79136200,ASII.JK
2025-08-27,5147.17333984375,5357.739521928267,5147.17333984375,5287.550794566761,33172600,ASII.JK
2025-08-28,5217.3623046875,5287.551035243834,5170.569817649944,5170.569817649944,18032900,ASII.JK
2025-08-29,5147.17333984375,5264.1545521129265,5076.984612482244,5100.38085493608,62869000,ASII.JK
2025-09-01,5100.38134765625,5147.173837084289,4866.418900516055,4866.418900516055,67904000,ASII.JK
2025-09-02,5123.77734375,5193.966074486301,5053.588613013699,5147.173587328767,21623300,ASII.JK
2025-09-03,5147.17333984375,5287.550794566761,5100.38085493608,5170.569582297586,45471600,ASII.JK
2025-09-04,5147.17333984375,5147.17333984375,5053.588370028409,5147.17333984375,26987400,ASII.JK
2025-09-08,5076.9853515625,5240.759072580645,5006.796613983295,5240.759072580645,57081800,ASII.JK
2025-09-09,5170.56982421875,5240.758554864253,5006.796119379242,5053.588606476244,49240100,ASII.JK
2025-09-10,5123.77734375,5170.569830907534,5053.588613013699,5170.569830907534,22964700,ASII.JK
2025-09-11,5193.96630859375,5240.758797860361,5100.381330060529,5123.777574693834,28151500,ASII.JK
2025-09-12,5310.94775390625,5334.343999518172,5240.759017070484,5264.155262682407,30653500,ASII.JK
2025-09-15,5264.15478515625,5334.343515625,5240.758541666666,5310.947272135417,26368000,ASII.JK
2025-09-16,5287.55126953125,5310.947514086698,5240.758780420354,5287.55126953125,15987900,ASII.JK
2025-09-17,5334.34326171875,5334.34326171875,5240.758292214912,5287.550776966831,23879700,ASII.JK
2025-09-18,5217.3623046875,5357.739765800168,5193.966061168721,5334.34352228139,27261300,ASII.JK
2025-09-19,5357.73974609375,5381.135989526474,5217.362285497407,5217.362285497407,52162200,ASII.JK
2025-09-22,5334.34326171875,5357.739504094709,5264.154534590872,5357.739504094709,35106300,ASII.JK
2025-09-23,5521.513671875,5568.306160619703,5287.551228151483,5310.947472523835,41044200,ASII.JK
2025-09-24,5521.513671875,5568.306160619703,5474.721183130297,5568.306160619703,61167600,ASII.JK
2025-09-25,5404.5322265625,5521.513443587663,5381.135983157468,5521.513443587663,35805100,ASII.JK
2025-09-26,5498.11767578125,5615.098902925532,5404.532694065824,5498.11767578125,42677800,ASII.JK
2025-09-29,5404.5322265625,5521.513443587663,5381.135983157468,5498.11720018263,20892700,ASII.JK
2025-09-30,5404.5322265625,5451.324713372565,5334.343496347403,5381.135983157468,41266900,ASII.JK
2025-10-01,5310.94775390625,5474.721473189703,5287.551508294328,5451.325227577781,26508200,ASII.JK
2025-10-02,5334.34326171875,5381.135746470669,5264.154534590872,5381.135746470669,29346300,ASII.JK
2025-10-03,5451.32470703125,5474.720950409066,5381.1359768978,5381.1359768978,27951100,ASII.JK
2025-10-06,5451.32470703125,5544.909680542516,5427.928463653433,5521.513437164699,21809400,ASII.JK
2025-10-07,5381.13623046875,5661.891164232337,5357.739985988452,5544.909941830842,43328700,ASII.JK
2025-10-08,5357.73974609375,5498.117206690093,5287.551015795579,5451.324719824645,30080700,ASII.JK
2025-10-09,5544.91015625,5544.91015625,5381.136438554852,5404.532683939873,27699300,ASII.JK
2025-10-10,5521.513671875,5568.306160619703,5474.721183130297,5544.909916247352,27133800,ASII.JK
2025-10-13,5427.9287109375,5544.909933155981,5404.532466493804,5474.721199824892,29034500,ASII.JK
2025-10-14,5545.0166015625,5735.40343766765,5521.218247049356,5521.218247049356,53096200,ASII.JK
2025-10-15,5497.419921875,5664.00840435606,5473.621567234848,5664.00840435606,96604500,ASII.JK
2025-10-16,5473.62158203125,5568.815000849185,5473.62158203125,5568.815000849185,15044500,ASII.JK
2025-10-17,5354.6298828125,5521.218368055555,5307.033172743056,5449.8233029513885,31793700,ASII.JK
2025-10-20,5640.2099609375,5640.2099609375,5354.629709750791,5354.629709750791,29959700,ASII.JK
2025-10-21,5711.60498046875,5759.201688639323,5616.411564127604,5711.60498046875,46181700,ASII.JK
2025-10-22,5878.193359375,5997.185127783401,5711.604883603239,5759.201590966599,98615300,ASII.JK
2025-10-23,6020.9833984375,6092.378458498024,5782.999864902421,5782.999864902421,60009000,ASII.JK
2025-10-24,6258.96728515625,6354.160703941897,6044.782092888546,6068.580447584957,93344500,ASII.JK
2025-10-27,6282.765625,6401.757398200757,6068.580433238636,6282.765625,64262300,ASII.JK
2025-10-28,6020.9833984375,6282.765285326087,5973.386691730484,6282.765285326087,37953500,ASII.JK
2025-10-29,6163.7734375,6187.571790540541,5925.789907094594,5949.588260135135,39818900,ASII.JK
2025-10-30,5973.38671875,6139.975192978088,5949.588365288844,6116.176839516932,28976800,ASII.JK
2025-10-31,5854.39501953125,5997.185141958841,5830.596665793318,5949.588434482977,64790000,ASII.JK
2025-11-03,6044.78173828125,6139.975151482529,5854.394911878691,5854.394911878691,59085000,ASII.JK
2025-11-04,5997.18505859375,6068.5801188151045,5949.588351779514,5997.18505859375,62249200,ASII.JK
2025-11-05,5949.58837890625,6020.983439453125,5878.193318359376,5949.58837890625,43439100,ASII.JK
2025-11-06,6020.9833984375,6044.781751791008,5901.991631669961,5997.185045083992,48979900,ASII.JK
2025-11-07,6116.1767578125,6139.975110955739,5997.184992096304,6020.983345239543,42960800,ASII.JK
2025-11-10,6116.1767578125,6187.5718172422185,6092.378404669261,6187.5718172422185,45533400,ASII.JK
2025-11-11,6211.37060546875,6282.765669899425,6139.975541038075,6235.168960278975,43529600,ASII.JK
2025-11-12,6139.97509765625,6258.966863114704,6092.378391472868,6235.168510023013,37083400,ASII.JK
2025-11-13,6068.580078125,6116.176784620098,6044.781724877451,6116.176784620098,21200000,ASII.JK
2025-11-14,6092.37841796875,6139.975124359131,6020.983358383179,6068.58006477356,23431700,ASII.JK
2025-11-17,6139.97509765625,6187.571803839632,6068.5800383811775,6092.378391472868,40681500,ASII.JK
2025-11-18,6116.1767578125,6235.168523528697,6092.378404669261,6163.773464098979,27510900,ASII.JK
2025-11-19,6092.37841796875,6163.773477554321,5973.386651992798,6116.17677116394,45476700,ASII.JK
2025-11-20,6116.1767578125,6187.5718172422185,6068.580051526022,6139.975110955739,30547700,ASII.JK
2025-11-21,6116.1767578125,6116.1767578125,6020.983345239543,6092.378404669261,43653200,ASII.JK
2025-11-24,6163.7734375,6211.370143581081,6116.176731418919,6187.571790540541,71721700,ASII.JK
2025-11-25,6139.97509765625,6163.773450747941,6068.5800383811775,6116.176744564559,20954400,ASII.JK
2025-11-26,6282.765625,6282.765625,6116.177142518939,6187.572206439394,29331000,ASII.JK
2025-11-27,6258.96728515625,6282.7656398526615,6139.975511674192,6282.7656398526615,23737100,ASII.JK
2025-11-28,6235.1689453125,6282.765654818702,6187.572235806298,6282.765654818702,38378700,ASII.JK
2025-12-01,6068.580078125,6187.571844362746,6020.983371629902,6068.580078125,38669000,ASII.JK
2025-12-02,6306.56396484375,6306.56396484375,6187.57219192217,6258.9672556751175,53567600,ASII.JK
2025-12-03,6282.765625,6330.362334280303,6235.168915719697,6282.765625,24386200,ASII.JK
2025-12-04,6401.75732421875,6401.75732421875,6235.168843662872,6258.967198027997,38510600,ASII.JK
2025-12-05,6377.958984375,6568.345819729478,6377.958984375,6401.757338794309,67707300,ASII.JK
2025-12-08,6401.75732421875,6496.950741679252,6306.563906758248,6496.950741679252,38776000,ASII.JK
2025-12-09,6282.765625,6449.35410748106,6139.975497159091,6449.35410748106,38482800,ASII.JK
2025-12-10,6306.56396484375,6401.757383181014,6235.168901090801,6377.959028596698,34524000,ASII.JK
2025-12-11,6139.97509765625,6354.160275481468,6044.781685289487,6330.361922389777,42116700,ASII.JK
2025-12-12,6282.765625,6282.765625,6116.177142518939,6235.168915719697,28841900,ASII.JK
2025-12-15,6282.765625,6401.757398200757,6211.370561079545,6401.757398200757,38096700,ASII.JK
2025-12-16,6282.765625,6282.765625,6187.572206439394,6258.967270359848,34723600,ASII.JK
2025-12-17,6282.765625,6282.765625,6187.572206439394,6235.168915719697,32681400,ASII.JK
2025-12-18,6187.572265625,6282.765685096154,6163.7739107572115,6282.765685096154,20454400,ASII.JK
2025-12-19,6211.37060546875,6258.9673150891995,6116.177186227849,6258.9673150891995,61201100,ASII.JK
2025-12-22,6258.96728515625,6282.7656398526615,6139.975511674192,6139.975511674192,30755900,ASII.JK
2025-12-23,6187.572265625,6258.967330228365,6139.975555889423,6187.572265625,13756700,ASII.JK
2025-12-24,6306.56396484375,6354.160674012382,6139.975482753537,6139.975482753537,20273000,ASII.JK
2025-12-29,6354.16064453125,6401.75735347905,6282.765581109551,6306.56393558345,20982300,ASII.JK
2025-12-30,6377.958984375,6401.757338794309,6282.765566697761,6354.16062995569,23486000,ASII.JK
2026-01-02,6473.15234375,6473.15234375,6282.765510110294,6282.765510110294,19569100,ASII.JK
2026-01-05,6544.54736328125,6544.54736328125,6354.1605308948865,6449.353947088069,30633400,ASII.JK
2026-01-06,6568.345703125,6568.345703125,6377.958871150362,6544.54734912817,33964700,ASII.JK
2026-01-07,6687.33740234375,6734.934109833741,6473.15221863879,6473.15221863879,55249800,ASII.JK
2026-01-08,6663.5390625,6758.732477678572,6639.740708705357,6687.337416294643,30845500,ASII.JK
2026-01-09,6544.54736328125,6758.732549715909,6496.95065518466,6663.539133522728,29171000,ASII.JK
2026-01-12,6663.5390625,6663.5390625,6568.345647321428,6592.144001116071,24915100,ASII.JK
2026-01-13,6949.119140625,6949.119140625,6687.337255190497,6734.933961633134,65659900,ASII.JK
2026-01-14,6782.53076171875,6877.724175918311,6687.337347519188,6853.925822368421,40658400,ASII.JK
2026-01-15,6711.1357421875,6853.925864361702,6663.539034796099,6853.925864361702,26410300,ASII.JK
2026-01-19,7044.31298828125,7115.708052351668,6830.127796069996,6853.926150760135,51590900,ASII.JK
2026-01-20,6925.32080078125,7020.514213850408,6877.724094246671,6996.715860583118,21167100,ASII.JK
2026-01-21,6282.765625,6473.152462121212,5997.185369318182,5997.185369318182,269454100,ASII.JK
2026-01-22,6449.35400390625,6520.7490666801195,6306.56387835851,6377.95894113238,70220500,ASII.JK
2026-01-23,6496.95068359375,6568.345746050824,6330.362204527244,6473.152329441392,52227800,ASII.JK
2026-01-26,6544.54736328125,6544.54736328125,6377.958884943182,6520.749009232955,55468700,ASII.JK
2026-01-27,5997.18505859375,6473.152126736111,5925.7899983723955,6449.353773328993,145465800,ASII.JK
2026-01-28,5878.193359375,6163.773603555162,5497.419700468117,5901.99171305668,200262500,ASII.JK
2026-01-29,6163.7734375,6163.7734375,5449.822846283783,5901.991554054054,136295200,ASII.JK
2026-01-30,6044.78173828125,6235.16856468381,5997.18503168061,6211.37021138349,101087200,ASII.JK
2026-02-02,5973.38671875,6092.378486055777,5878.193304905379,6044.7817791334655,71571500,ASII.JK
2026-02-03,6473.15234375,6473.15234375,6020.983613855698,6068.580322265625,63526500,ASII.JK
2026-02-04,6354.16064453125,6496.950771374649,6306.56393558345,6473.152416900749,58211100,ASII.JK
2026-02-05,6615.9423828125,6663.539090602518,6401.757197757419,6401.757197757419,72792600,ASII.JK
2026-02-06,6377.958984375,6473.152402052238,6258.967212278451,6473.152402052238,49547300,ASII.JK
2026-02-09,6330.3623046875,6425.555722803101,6211.370532042998,6425.555722803101,34797900,ASII.JK
2026-02-10,6520.7490234375,6520.7490234375,6330.362190636405,6377.958898836679,45371100,ASII.JK
2026-02-11,6425.5556640625,6496.950726996528,6377.958955439814,6473.152372685186,41050100,ASII.JK
2026-02-12,6449.35400390625,6568.345775196033,6425.555649648293,6449.35400390625,26536900,ASII.JK
2026-02-13,6330.3623046875,6449.354077332002,6258.967241100799,6449.354077332002,31212900,ASII.JK
2026-02-18,6377.958984375,6425.555693213619,6330.36227553638,6425.555693213619,25858200,ASII.JK
2026-02-19,6282.765625,6449.35410748106,6235.168915719697,6377.959043560606,46704000,ASII.JK
2026-02-20,6235.1689453125,6330.362364324905,6235.1689453125,6282.765654818702,28160900,ASII.JK
2026-02-23,6306.56396484375,6330.362319428065,6235.168901090801,6306.56396484375,38075400,ASII.JK
2026-02-24,6235.1689453125,6401.757428584208,6235.1689453125,6330.362364324905,51297100,ASII.JK
2026-02-25,6330.3623046875,6354.1606592164,6258.967241100799,6282.765595629699,45214100,ASII.JK
2026-02-26,6401.75732421875,6401.75732421875,6258.967198027997,6377.958969853625,30901600,ASII.JK
2026-02-27,6354.16064453125,6425.55570795295,6258.967226635651,6401.75735347905,68396400,ASII.JK
2026-03-02,5997.18505859375,6306.563652886285,5973.386705186632,6282.765299479167,60477400,ASII.JK
2026-03-03,5973.38671875,6116.176839516932,5949.588365288844,6092.378486055777,31573300,ASII.JK
2026-03-04,5854.39501953125,6020.983495696773,5711.604897103658,5973.38678822091,49747800,ASII.JK
2026-03-05,6020.9833984375,6044.781751791008,5901.991631669961,5997.185045083992,38471400,ASII.JK
2026-03-06,5830.5966796875,5997.18515625,5759.201618303571,5997.18515625,38071100,ASII.JK
2026-03-09,5568.81494140625,5616.411650307158,5521.218232505342,5616.411650307158,46625500,ASII.JK
2026-03-10,5711.60498046875,5854.395104980468,5616.411564127604,5616.411564127604,33964900,ASII.JK
2026-03-11,5664.00830078125,5759.201717601103,5592.61323816636,5711.605009191177,18403300,ASII.JK
2026-03-12,5664.00830078125,5759.201717601103,5616.411592371323,5687.806654986213,20628100,ASII.JK
2026-03-13,5545.0166015625,5664.008374128219,5497.4198925362125,5616.411665101931,27856000,ASII.JK
2026-03-16,5568.81494140625,5616.411650307158,5402.226460253071,5592.613295856704,37696400,ASII.JK
2026-03-17,5521.21826171875,5640.21003460062,5473.621552566003,5640.21003460062,89895700,ASII.JK
2026-03-25,6282.765625,6282.765625,5806.79853219697,5997.185369318182,134276600,ASII.JK
2026-03-26,5949.58837890625,6258.966974609375,5925.7900253906255,6258.966974609375,45012000,ASII.JK
2026-03-27,5830.5966796875,5925.790094866072,5759.201618303571,5901.991741071429,32993200,ASII.JK
2026-03-30,6044.78173828125,6092.37844488189,5711.604792076771,5806.798205278052,48246100,ASII.JK
2026-03-31,5949.58837890625,6044.78179296875,5878.193318359376,6044.78179296875,31516100,ASII.JK
2026-04-01,5949.58837890625,6044.78179296875,5830.596611328126,5973.386732421875,37708800,ASII.JK
2026-04-02,5783.0,5997.185185185185,5735.403292181069,5854.3950617283945,37842500,ASII.JK
2026-04-06,5806.79833984375,5830.596693695569,5735.403278288294,5782.999985991932,15705000,ASII.JK
2026-04-07,5616.41162109375,5783.000101380429,5592.613266767082,5783.000101380429,22912400,ASII.JK
2026-04-08,5901.99169921875,5949.588406470514,5735.403223837576,5759.201577463457,28419500,ASII.JK
2026-04-09,5878.193359375,5878.193359375,5759.201590966599,5854.39500569332,25785600,ASII.JK
2026-04-10,5997.18505859375,6044.781765407986,5901.991644965278,5925.7899983723955,37451300,ASII.JK
2026-04-13,5878.193359375,5973.386774101721,5854.39500569332,5973.386774101721,35616700,ASII.JK
2026-04-14,5854.39501953125,5973.38678822091,5806.798312055386,5949.588434482977,35499900,ASII.JK
2026-04-15,5997.18505859375,6092.378472222223,5925.7899983723955,5949.588351779514,54204700,ASII.JK
2026-04-16,5901.99169921875,6068.580174599924,5878.193345592868,6044.781820974043,28237100,ASII.JK
2026-04-17,6068.580078125,6163.7734911151965,5949.588311887255,5973.386665134804,25291100,ASII.JK
2026-04-20,6044.78173828125,6139.975151482529,5973.3866783802905,6068.58009158157,18307400,ASII.JK
2026-04-21,6020.9833984375,6139.97516520504,5997.185045083992,6139.97516520504,25696400,ASII.JK
2026-04-22,6282.765625,6306.563979640151,6068.580433238636,6116.177142518939,42250100,ASII.JK
2026-04-23,6020.9833984375,6306.563638679595,6020.9833984375,6282.765285326087,31725300,ASII.JK
2026-04-24,6020.9833984375,6163.773518558548,5973.386691730484,6092.378458498024,27751700,ASII.JK
2026-04-27,5830.5966796875,6068.580217633928,5830.5966796875,6068.580217633928,19496400,ASII.JK
2026-04-28,5735.4033203125,5901.991798495851,5735.4033203125,5854.395090443465,36965000,ASII.JK
2026-04-29,5759.20166015625,5949.588491896952,5735.403306188662,5830.596722059014,26325800,ASII.JK
2026-04-30,5687.806640625,5783.000057204497,5687.806640625,5783.000057204497,47690300,ASII.JK
2026-05-04,5783.0,5830.59670781893,5735.403292181069,5759.201646090535,33999000,ASII.JK
2026-05-05,5875.0,5950.0,5725.0,5825.0,38038400,ASII.JK
2026-05-06,5750.0,5975.0,5750.0,5950.0,27273500,ASII.JK
2026-05-07,5850.0,5900.0,5775.0,5800.0,37017100,ASII.JK
2026-05-08,5825.0,6000.0,5800.0,5875.0,36425000,ASII.JK
2026-05-11,6050.0,6050.0,5825.0,5925.0,26376000,ASII.JK
2026-05-12,5850.0,6100.0,5850.0,6050.0,25658100,ASII.JK
2026-05-13,5750.0,5900.0,5750.0,5850.0,32026500,ASII.JK
2026-05-14,5750.0,5750.0,5750.0,5750.0,0,ASII.JK
2026-05-15,5750.0,5750.0,5750.0,5750.0,0,ASII.JK
2026-05-18,6000.0,6000.0,5775.0,5825.0,54305300,ASII.JK
2026-05-19,5950.0,6050.0,5925.0,6000.0,34901400,ASII.JK
2026-05-20,5975.0,6100.0,5900.0,5950.0,37175000,ASII.JK
2026-05-21,5600.0,6025.0,5600.0,6000.0,57790800,ASII.JK
2026-05-22,5400.0,5650.0,5300.0,5625.0,65064200,ASII.JK
2026-05-25,5600.0,5625.0,5325.0,5425.0,92115700,ASII.JK
2026-05-26,5125.0,5600.0,5125.0,5575.0,82648100,ASII.JK
2026-05-27,5125.0,5125.0,5125.0,5125.0,0,ASII.JK
2026-05-28,5125.0,5125.0,5125.0,5125.0,0,ASII.JK
2026-05-29,5000.0,5200.0,4800.0,4800.0,481573900,ASII.JK
2026-06-02,4900.0,5050.0,4840.0,5000.0,156532600,ASII.JK
2026-06-03,4840.0,4920.0,4670.0,4900.0,101108500,ASII.JK
2026-06-04,4630.0,4840.0,4570.0,4810.0,160423900,ASII.JK
2026-06-05,4570.0,4620.0,4530.0,4600.0,64364700,ASII.JK
2026-06-08,4360.0,4550.0,4350.0,4550.0,85460100,ASII.JK
2026-06-09,4670.0,4680.0,4360.0,4360.0,84193600,ASII.JK
2026-06-10,4700.0,4750.0,4530.0,4650.0,91880000,ASII.JK
2026-06-11,4700.0,4950.0,4680.0,4700.0,85205900,ASII.JK
2026-06-12,4740.0,4810.0,4720.0,4760.0,66162000,ASII.JK
2026-06-15,4890.0,4980.0,4880.0,4900.0,89864300,ASII.JK
2026-06-17,4800.0,4910.0,4790.0,4880.0,72821600,ASII.JK
2026-06-18,4770.0,4830.0,4710.0,4800.0,60565200,ASII.JK
2026-06-19,4810.0,4830.0,4750.0,4770.0,229098200,ASII.JK
2026-06-22,4730.0,4880.0,4710.0,4880.0,46627400,ASII.JK
2026-06-23,4680.0,4780.0,4650.0,4730.0,57376700,ASII.JK
2026-06-24,4640.0,4830.0,4630.0,4830.0,53683100,ASII.JK
2026-06-25,4920.0,4950.0,4640.0,4640.0,88497000,ASII.JK
2026-06-26,4760.0,4930.0,4710.0,4920.0,64841400,ASII.JK
2026-06-29,4710.0,4770.0,4680.0,4770.0,25237300,ASII.JK
2026-06-30,4520.0,4720.0,4470.0,4710.0,81706000,ASII.JK
2026-07-01,4600.0,4650.0,4500.0,4530.0,30899300,ASII.JK
2026-07-02,4580.0,4680.0,4580.0,4620.0,52263400,ASII.JK
2026-07-03,4810.0,4830.0,4600.0,4600.0,24908400,ASII.JK
2026-07-06,4780.0,4810.0,4690.0,4810.0,31139400,ASII.JK
2026-07-07,4930.0,4980.0,4780.0,4790.0,44556600,ASII.JK
2026-07-08,4890.0,4980.0,4870.0,4930.0,44811600,ASII.JK
2026-07-09,4880.0,4900.0,4760.0,4900.0,43391100,ASII.JK
2026-07-10,4810.0,4870.0,4770.0,4850.0,24557100,ASII.JK
2026-07-13,4850.0,4860.0,4730.0,4810.0,43780800,ASII.JK
2026-07-14,4880.0,4910.0,4810.0,4850.0,50811200,ASII.JK
2026-07-15,4850.0,4930.0,4850.0,4880.0,37729500,ASII.JK
2026-07-16,5100.0,5150.0,4840.0,4850.0,72624500,ASII.JK
2026-07-17,5100.0,5200.0,5025.0,5125.0,65960600,ASII.JK
2026-07-20,5050.0,5250.0,5050.0,5125.0,67793400,ASII.JK
2026-07-21,5100.0,5150.0,5050.0,5100.0,40894600,ASII.JK
2026-07-22,5150.0,5300.0,5100.0,5150.0,93334100,ASII.JK
2026-07-23,5000.0,5175.0,5000.0,5150.0,66257200,ASII.JK
2026-07-24,4980.0,4980.0,4900.0,4980.0,73314000,ASII.JK
2026-07-27,4910.0,4950.0,4900.0,4950.0,21049300,ASII.JK
2026-07-28,4970.0,5025.0,4920.0,4920.0,34388400,ASII.JK
2026-07-29,4960.0,5025.0,4950.0,5000.0,23808100,ASII.JK
2026-07-30,4950.0,4950.0,4870.0,4920.0,33910100,ASII.JK
2026-07-31,5100.0,5175.0,5000.0,5000.0,46139800,ASII.JK
2026-08-03,5050.0,5275.0,5000.0,5275.0,30943600,ASII.JK
2026-08-04,5125.0,5125.0,5000.0,5050.0,39489500,ASII.JK
2026-08-05,5025.0,5175.0,5000.0,5150.0,49014700,ASII.JK
2026-08-06,5100.0,5125.0,5025.0,5050.0,53209500,ASII.JK
2026-08-07,5100.0,5175.0,5025.0,5050.0,34507300,ASII.JK
2026-08-10,5000.0,5100.0,4960.0,5100.0,70515600,ASII.JK
2026-08-11,4870.0,5025.0,4860.0,5000.0,49228200,ASII.JK
2026-08-12,4860.0,4920.0,4810.0,4870.0,62946100,ASII.JK
2026-08-13,4800.0,4890.0,4780.0,4880.0,48407300,ASII.JK
2026-08-14,4780.0,4820.0,4760.0,4800.0,31883200,ASII.JK
2026-08-18,4790.0,4820.0,4760.0,4800.0,59420100,ASII.JK
2026-08-19,4730.0,4800.0,4720.0,4790.0,44815500,ASII.JK
2026-08-20,4790.0,4790.0,4730.0,4750.0,40700200,ASII.JK
2026-08-21,4780.0,4850.0,4780.0,4840.0,48756800,ASII.JK
2026-08-24,4790.0,4800.0,4730.0,4800.0,35455200,ASII.JK
2026-08-25,4790.0,4790.0,4790.0,4790.0,0,ASII.JK
2026-08-26,4780.0,4810.0,4740.0,4800.0,47671400,ASII.JK
2026-08-27,4790.0,4810.0,4740.0,4780.0,37802400,ASII.JK
2026-08-28,4800.0,4860.0,4760.0,4790.0,53631000,ASII.JK
2026-08-31,4800.0,4830.0,4770.0,4800.0,79688700,ASII.JK
2026-09-01,4920.0,4930.0,4790.0,4800.0,72626100,ASII.JK
2026-09-02,4840.0,4940.0,4830.0,4930.0,46788800,ASII.JK
2026-09-03,5050.0,5050.0,4850.0,4860.0,84978900,ASII.JK
2026-09-04,4900.0,5050.0,4880.0,5050.0,50573000,ASII.JK
