Date,Close,High,Low,Open,Volume,Ticker
2021-01-04,5753.244140625,5770.078797949433,5656.44486100951,5723.783490307242,47937000,BBCA.JK
2021-01-05,5967.8857421875,5967.8857421875,5765.869863749559,5774.287192017807,104831000,BBCA.JK
2021-01-06,5845.83349609375,5955.258745120703,5791.120871580273,5934.215428000135,89753500,BBCA.JK
2021-01-07,5862.66943359375,5934.21672747106,5816.374125790784,5892.130084013819,71360000,BBCA.JK
2021-01-08,5934.216796875,5959.468783244681,5871.086830950798,5921.590803690159,75033500,BBCA.JK
2021-01-11,6182.52734375,6195.15333560245,6014.180785717324,6018.389449668141,169034500,BBCA.JK
2021-01-12,6026.806640625,6211.987850253143,6026.806640625,6182.527203266847,95235000,BBCA.JK
2021-01-13,5993.1376953125,6123.606282780679,5951.051054193732,6098.354298109419,76581500,BBCA.JK
2021-01-14,5908.96484375,5967.886145610755,5887.921521656874,5934.216830261753,89319500,BBCA.JK
2021-01-15,5854.251953125,5976.3032159867,5757.452675682962,5972.0945517500895,89853500,BBCA.JK
2021-01-18,5993.1376953125,5997.346359424377,5761.661169159278,5854.251779620567,86343000,BBCA.JK
2021-01-19,5972.09423828125,5993.13755835976,5896.338285998612,5993.13755835976,73777000,BBCA.JK
2021-01-20,5972.09423828125,6140.440798909333,5951.050918202739,6031.015534501079,107216000,BBCA.JK
2021-01-21,5955.25927734375,6144.6491483546815,5942.633285943021,6127.81449315371,66428000,BBCA.JK
2021-01-22,5959.4677734375,6026.806392346398,5955.259109755694,5955.259109755694,80829000,BBCA.JK
2021-01-25,5921.58984375,6060.475746268657,5892.1291977611945,6060.475746268657,76836500,BBCA.JK
2021-01-26,5740.61767578125,5892.129579247617,5740.61767578125,5854.251603381025,98658000,BBCA.JK
2021-01-27,5715.36474609375,5833.207318178157,5643.8174701853595,5740.616725826123,97920000,BBCA.JK
2021-01-28,5807.9560546875,5828.999373726223,5715.36545091712,5715.36545091712,104627000,BBCA.JK
2021-01-29,5690.11328125,5892.129137389053,5690.11328125,5807.95586399778,132762500,BBCA.JK
2021-02-01,5740.61767578125,5824.790955484787,5551.227796448291,5690.113707959127,113129000,BBCA.JK
2021-02-02,5723.78271484375,5875.294610236673,5723.78271484375,5862.66861895393,86741000,BBCA.JK
2021-02-03,5744.82666015625,5892.129907852564,5744.82666015625,5892.129907852564,67291000,BBCA.JK
2021-02-04,5770.07861328125,5892.129874977206,5753.2439564956,5824.79124783461,80950500,BBCA.JK
2021-02-05,5820.58203125,5850.042677828995,5770.078065686009,5782.704057077006,51602000,BBCA.JK
2021-02-08,5824.791015625,5938.424944398031,5791.121703395954,5934.2162803694,45604000,BBCA.JK
2021-02-09,5875.29443359375,5917.381069937544,5854.251115421853,5892.129088131268,75574000,BBCA.JK
2021-02-10,5824.791015625,5934.2162803694,5807.956359510476,5934.2162803694,44984500,BBCA.JK
2021-02-11,5791.12109375,5879.503029047057,5757.4517850654065,5879.503029047057,36926000,BBCA.JK
2021-02-15,5723.78271484375,5799.538662540212,5656.4440946691175,5749.034697409237,83922000,BBCA.JK
2021-02-16,5841.625,5845.8336635446685,5749.034402017291,5791.121037463977,47221000,BBCA.JK
2021-02-17,5807.9560546875,5858.460020380435,5765.869416610055,5799.538727072011,66011500,BBCA.JK
2021-02-18,5669.07080078125,5807.956722403953,5669.07080078125,5765.870079487982,91204000,BBCA.JK
2021-02-19,5744.82666015625,5765.869981255723,5690.114025297619,5706.948682177198,70487500,BBCA.JK
2021-02-22,5715.36474609375,5841.624644755614,5715.36474609375,5807.955338445784,68913000,BBCA.JK
2021-02-23,5744.82666015625,5761.661317035829,5702.740017957303,5740.617995936355,58360000,BBCA.JK
2021-02-24,5660.65283203125,5753.243435975255,5660.65283203125,5744.826108343982,71869000,BBCA.JK
2021-02-25,5643.81787109375,5698.530497733735,5622.774553155295,5673.278516207588,78688000,BBCA.JK
2021-02-26,5648.02685546875,5732.200132003307,5593.314225721288,5643.818191642022,173631500,BBCA.JK
2021-03-01,5930.00732421875,5930.00732421875,5723.782796974805,5749.034779902635,205539000,BBCA.JK
2021-03-02,5904.75537109375,6026.806622527619,5892.129379566108,5993.137311787242,81446500,BBCA.JK
2021-03-03,5892.12890625,5963.676185825892,5892.12890625,5946.841531808035,84470000,BBCA.JK
2021-03-04,5656.443359375,5892.128499348959,5656.443359375,5812.163898286366,120802500,BBCA.JK
2021-03-05,5723.78271484375,5828.999308866613,5656.4440946691175,5656.4440946691175,111871500,BBCA.JK
2021-03-08,5656.443359375,5850.041867210752,5656.443359375,5850.041867210752,90883000,BBCA.JK
2021-03-09,5559.64453125,5652.235129045231,5555.4358677138525,5639.60913843679,135582000,BBCA.JK
2021-03-10,5643.81787109375,5656.443861856824,5572.270590103001,5656.443861856824,50302000,BBCA.JK
2021-03-12,5694.32275390625,5791.122032058388,5652.2361112314065,5786.913367790904,74328000,BBCA.JK
2021-03-15,5610.14990234375,5740.618504723837,5610.14990234375,5736.409840130931,57416000,BBCA.JK
2021-03-16,5576.4794921875,5648.026776238207,5572.270828419811,5648.026776238207,70755500,BBCA.JK
2021-03-17,5563.853515625,5610.148817192227,5559.644851846161,5597.522825855711,71474500,BBCA.JK
2021-03-18,5643.81787109375,5656.443861856824,5563.85326292762,5572.270590103001,70067500,BBCA.JK
2021-03-19,5690.11328125,5698.530608589127,5576.479362171783,5698.530608589127,125853000,BBCA.JK
2021-03-22,5572.27099609375,5622.774962825718,5563.853668305089,5589.105651671072,67523500,BBCA.JK
2021-03-23,5525.97607421875,5656.444663937547,5517.558745849796,5656.444663937547,127762500,BBCA.JK
2021-03-24,5420.759765625,5513.350382739713,5403.92510796778,5483.8897318395775,152050000,BBCA.JK
2021-03-25,5361.837890625,5420.759186126374,5328.168578909929,5387.089874411303,119101500,BBCA.JK
2021-03-26,5399.71533203125,5424.967313319003,5302.916070428196,5361.83736009962,134467500,BBCA.JK
2021-03-29,5353.4208984375,5483.889489515773,5353.4208984375,5395.507540720814,113370500,BBCA.JK
2021-03-30,5382.8818359375,5433.385809378666,5361.838513670348,5361.838513670348,83115500,BBCA.JK
2021-03-31,5231.369140625,5382.881038503117,5172.447847005732,5378.6723746731695,223390500,BBCA.JK
2021-04-01,5239.78662109375,5277.664596667922,5180.865325756149,5231.369293188378,112286000,BBCA.JK
2021-04-05,5180.86474609375,5294.498660102306,5180.86474609375,5260.829352247919,73311500,BBCA.JK
2021-04-06,5189.2822265625,5193.490890168796,5117.7349452554745,5164.0302449247265,80215000,BBCA.JK
2021-04-07,5260.82958984375,5281.872908203125,5164.030325390625,5180.864980078125,107908000,BBCA.JK
2021-04-08,5236.41796875,5304.700517649756,5227.882650137531,5291.897539731051,123697500,BBCA.JK
2021-04-09,5291.8984375,5394.322278225806,5244.9541771673385,5390.054618195564,116961000,BBCA.JK
2021-04-12,5176.671875,5372.984246187139,5172.404214756802,5372.984246187139,110411500,BBCA.JK
2021-04-13,5121.19287109375,5172.404799804688,5104.122228190105,5163.8694783528645,119211500,BBCA.JK
2021-04-14,5381.5185546875,5381.5185546875,5172.403242094568,5210.812177060617,135519500,BBCA.JK
2021-04-15,5360.18115234375,5385.78711326259,5274.8279492809515,5381.519453109449,102686500,BBCA.JK
2021-04-16,5355.91259765625,5436.998127023157,5304.700684371887,5436.998127023157,79293500,BBCA.JK
2021-04-19,5351.6455078125,5360.1808276016745,5317.504228655802,5355.913167707087,47095000,BBCA.JK
2021-04-20,5321.77099609375,5334.573973630463,5279.094404304707,5291.89738184142,72721000,BBCA.JK
2021-04-21,5262.0244140625,5313.236330501065,5262.0244140625,5291.898031984996,68397000,BBCA.JK
2021-04-22,5304.701171875,5355.913089865749,5274.827553047064,5291.8981923773135,63758000,BBCA.JK
2021-04-23,5454.0693359375,5458.336995824775,5313.236559657424,5360.18081841745,108498500,BBCA.JK
2021-04-26,5364.44873046875,5462.6049124900555,5360.181070380867,5458.337252402172,108742000,BBCA.JK
2021-04-27,5466.8720703125,5492.478028487266,5424.195473354557,5436.99845244194,132650000,BBCA.JK
2021-04-28,5394.322265625,5466.87248596964,5390.054605604727,5462.604825949367,87660000,BBCA.JK
2021-04-29,5471.13916015625,5513.815752669169,5428.462567643331,5513.815752669169,57355000,BBCA.JK
2021-04-30,5466.8720703125,5505.281007574648,5445.533771833529,5505.281007574648,65829500,BBCA.JK
2021-05-03,5454.0693359375,5530.887213908451,5415.660396952025,5530.887213908451,42065500,BBCA.JK
2021-05-04,5462.60498046875,5488.210941314697,5411.3930587768555,5419.928379058838,50123500,BBCA.JK
2021-05-05,5483.94287109375,5488.210530915612,5462.604571984436,5479.675211271887,51685000,BBCA.JK
2021-05-06,5483.94287109375,5505.281170203064,5462.604571984436,5462.604571984436,38115500,BBCA.JK
2021-05-07,5462.60498046875,5513.8169021606445,5449.802000045776,5513.8169021606445,48864000,BBCA.JK
2021-05-10,5479.6748046875,5479.6748046875,5458.336507161458,5462.604166666667,68180500,BBCA.JK
2021-05-11,5530.8876953125,5530.8876953125,5381.519586256993,5462.60513117284,70680000,BBCA.JK
2021-05-17,5547.95751953125,5547.95751953125,5441.266028771034,5547.95751953125,129058500,BBCA.JK
2021-05-18,5454.0693359375,5509.548914472076,5432.731036501125,5462.60465571205,73563000,BBCA.JK
2021-05-19,5415.66015625,5462.6044129235615,5407.124836854807,5445.533774133176,64912500,BBCA.JK
2021-05-20,5445.53466796875,5492.478932347791,5419.928705580182,5454.069988764939,64950000,BBCA.JK
2021-05-21,5428.4638671875,5505.281752100531,5343.110661728577,5505.281752100531,92620000,BBCA.JK
2021-05-24,5398.58984375,5445.534103260869,5368.716224061265,5424.195803483201,59210000,BBCA.JK
2021-05-25,5424.1962890625,5496.746514801337,5377.252025349135,5377.252025349135,87470000,BBCA.JK
2021-05-27,5351.6455078125,5530.887223385168,5351.6455078125,5496.745944228469,537971500,BBCA.JK
2021-05-28,5411.3935546875,5436.999517880027,5402.858233623324,5402.858233623324,102108500,BBCA.JK
2021-05-31,5441.2666015625,5454.06958180147,5398.590000765931,5428.463621323529,101442000,BBCA.JK
2021-06-02,5518.08447265625,5560.761073372849,5479.675532011311,5547.958093157869,141732500,BBCA.JK
2021-06-03,5633.310546875,5633.310546875,5488.210123697917,5543.689697265625,133810500,BBCA.JK
2021-06-04,5616.24072265625,5650.382003645042,5547.958160678666,5650.382003645042,62108500,BBCA.JK
2021-06-07,5573.56396484375,5607.70524487342,5488.210764769573,5599.1699248660025,62576000,BBCA.JK
2021-06-08,5488.21044921875,5611.972582210464,5488.21044921875,5611.972582210464,64348000,BBCA.JK
2021-06-09,5573.56396484375,5577.831624847458,5428.463524717649,5428.463524717649,77198000,BBCA.JK
2021-06-10,5650.380859375,5650.380859375,5539.421718631987,5594.901289003493,73262500,BBCA.JK
2021-06-11,5522.35302734375,5616.2415641301195,5513.817705817716,5607.706242604087,72780500,BBCA.JK
2021-06-14,5471.13916015625,5565.027663684672,5462.603841653666,5565.027663684672,61478500,BBCA.JK
2021-06-15,5522.35302734375,5522.35302734375,5466.873437424531,5501.014723528666,87799000,BBCA.JK
2021-06-16,5449.802734375,5492.479341535337,5428.464430794832,5479.676359387236,48984000,BBCA.JK
2021-06-17,5402.85693359375,5454.06884765625,5355.912679036458,5454.06884765625,68448500,BBCA.JK
2021-06-18,5398.58984375,5415.660483572135,5360.180904150197,5377.251543972332,118043000,BBCA.JK
2021-06-21,5334.5751953125,5377.251796875,5300.4339140625,5377.251796875,60823500,BBCA.JK
2021-06-22,5411.3935546875,5454.070160008379,5326.040344045741,5334.575665109917,65824000,BBCA.JK
2021-06-23,5317.50341796875,5411.391921335775,5317.50341796875,5372.982988140174,52451000,BBCA.JK
2021-06-24,5300.43359375,5385.786791716989,5291.898273953301,5385.786791716989,56010000,BBCA.JK
2021-06-25,5283.36279296875,5343.1100297228395,5283.36279296875,5317.5040711139445,68939500,BBCA.JK
2021-06-28,5168.13623046875,5249.221770005419,5168.13623046875,5206.545170249277,84420500,BBCA.JK
2021-06-29,5159.6005859375,5198.009523301799,5155.332926230355,5163.868245644644,53704000,BBCA.JK
2021-06-30,5142.53076171875,5180.939705167272,5121.1924598029045,5121.1924598029045,65795000,BBCA.JK
2021-07-01,5142.53076171875,5185.207365550441,5121.1924598029045,5172.404384400934,58153000,BBCA.JK
2021-07-02,5206.544921875,5240.686200051229,5155.333004610656,5180.938963242827,67392500,BBCA.JK
2021-07-05,5215.0810546875,5232.151696437704,5180.939771187091,5206.545733812398,39710500,BBCA.JK
2021-07-06,5168.13623046875,5215.080490200506,5168.13623046875,5215.080490200506,34279500,BBCA.JK
2021-07-07,5176.671875,5274.82806059357,5146.798253297609,5274.82806059357,35595000,BBCA.JK
2021-07-08,5133.99462890625,5155.332927447007,5104.121010949189,5121.191649781796,47297000,BBCA.JK
2021-07-09,5138.2626953125,5138.2626953125,5112.656735036856,5129.727375220618,40707500,BBCA.JK
2021-07-12,5266.29296875,5274.8282896069695,5138.263155895462,5180.939760180308,65981500,BBCA.JK
2021-07-13,5159.6005859375,5270.5597383232525,5133.994627694634,5266.2920786161085,65946500,BBCA.JK
2021-07-14,5112.65673828125,5146.798018670441,5104.121418183952,5138.262698573143,59321000,BBCA.JK
2021-07-15,5219.34765625,5219.34765625,5116.923826528005,5121.191486099755,49724000,BBCA.JK
2021-07-16,5215.0810546875,5266.292979938114,5168.136789874437,5266.292979938114,47998500,BBCA.JK
2021-07-19,5125.4599609375,5215.080826199522,5125.4599609375,5215.080826199522,47119000,BBCA.JK
2021-07-21,5129.72705078125,5223.6155658537855,5129.72705078125,5163.868328989445,55009500,BBCA.JK
2021-07-22,5253.4892578125,5253.4892578125,5163.868401261678,5219.347979126472,60792000,BBCA.JK
2021-07-23,5151.0654296875,5283.362884799606,5142.530110002848,5274.827565114954,79938000,BBCA.JK
2021-07-26,5125.4599609375,5172.404223693797,5125.4599609375,5155.333582691507,48171500,BBCA.JK
2021-07-27,5125.4599609375,5172.404223693797,5121.192300686927,5125.4599609375,53107500,BBCA.JK
2021-07-28,5104.12158203125,5129.727543145119,5095.58626165996,5125.459882959474,74133000,BBCA.JK
2021-07-29,5155.333984375,5193.7429296228265,5104.122057377897,5168.136966124275,84605000,BBCA.JK
2021-07-30,5095.58544921875,5206.544596354167,5087.050130208333,5155.332682291667,105685000,BBCA.JK
2021-08-02,5087.05126953125,5176.672139212589,5040.107004460073,5172.404478751573,119981500,BBCA.JK
2021-08-03,5244.9541015625,5274.827721343572,5108.388982563314,5142.53026231311,110071500,BBCA.JK
2021-08-04,5223.61572265625,5249.221682081035,5172.403803806679,5244.954022176905,41112000,BBCA.JK
2021-08-05,5377.25146484375,5385.7867846292165,5240.68634827629,5266.292307632689,93768000,BBCA.JK
2021-08-06,5257.75732421875,5428.463730849228,5236.41902338994,5428.463730849228,67285000,BBCA.JK
2021-08-09,5291.8984375,5291.8984375,5210.812896925403,5236.418857106854,52858500,BBCA.JK
2021-08-10,5377.25146484375,5377.25146484375,5219.348048812624,5334.574865916418,60446000,BBCA.JK
2021-08-12,5377.25146484375,5394.322104414682,5223.615708705357,5223.615708705357,118325500,BBCA.JK
2021-08-13,5471.13916015625,5492.477456412709,5398.588952884287,5419.927249140746,86929000,BBCA.JK
2021-08-16,5479.6748046875,5479.6748046875,5381.518636067708,5479.6748046875,69282000,BBCA.JK
2021-08-18,5633.310546875,5769.875651041667,5513.816080729167,5565.027994791667,186354500,BBCA.JK
2021-08-19,5633.310546875,5633.310546875,5573.563313802083,5633.310546875,100926000,BBCA.JK
2021-08-20,5633.310546875,5633.310546875,5556.49267578125,5633.310546875,120163500,BBCA.JK
2021-08-23,5624.77490234375,5624.77490234375,5560.760013470339,5560.760013470339,68253000,BBCA.JK
2021-08-24,5633.310546875,5633.310546875,5547.957356770833,5607.70458984375,59561500,BBCA.JK
2021-08-25,5633.310546875,5637.578206380208,5620.507568359375,5633.310546875,80751500,BBCA.JK
2021-08-26,5599.169921875,5616.240561880717,5522.352041849276,5599.169921875,74337000,BBCA.JK
2021-08-27,5556.4931640625,5573.56380358343,5539.422524541571,5539.422524541571,71572500,BBCA.JK
2021-08-30,5603.43798828125,5616.240969214109,5565.029045482674,5573.56436610458,74564500,BBCA.JK
2021-08-31,5590.63427734375,5607.70491635854,5560.760659067868,5565.028318821565,115373500,BBCA.JK
2021-09-01,5603.43798828125,5633.311610457921,5577.832026415533,5590.635007348391,67362500,BBCA.JK
2021-09-02,5582.099609375,5611.97323113771,5509.549385094132,5569.296628619552,53257000,BBCA.JK
2021-09-03,5633.310546875,5633.310546875,5560.760335286458,5599.169270833333,35764500,BBCA.JK
2021-09-06,5611.9736328125,5637.579596156131,5590.635330026141,5633.311935598859,36780000,BBCA.JK
2021-09-07,5607.70556640625,5637.579188145096,5607.70556640625,5629.043867648283,53902000,BBCA.JK
2021-09-08,5496.74609375,5629.043554080939,5479.675453707298,5590.63461398486,77888000,BBCA.JK
2021-09-09,5607.70556640625,5607.70556640625,5471.140438457239,5471.140438457239,110074000,BBCA.JK
2021-09-10,5565.02880859375,5603.437749757357,5543.690507947302,5543.690507947302,41483500,BBCA.JK
2021-09-13,5594.90234375,5599.170003813882,5569.2963833667045,5599.170003813882,29929000,BBCA.JK
2021-09-14,5586.3662109375,5629.042805367885,5543.689616507114,5624.775145924847,51990500,BBCA.JK
2021-09-15,5543.6904296875,5590.634690446978,5535.155109549413,5586.367030377935,44514000,BBCA.JK
2021-09-16,5547.95751953125,5616.240073617789,5530.8868810096155,5616.240073617789,58672500,BBCA.JK
2021-09-17,5565.02880859375,5577.831788981619,5530.887527559432,5539.422847818012,117540000,BBCA.JK
2021-09-20,5620.5087890625,5624.77644949459,5556.4938825811505,5607.7058077662305,73157500,BBCA.JK
2021-09-21,5539.42333984375,5577.832284418938,5522.352697810333,5556.493981877166,57115500,BBCA.JK
2021-09-22,5594.90234375,5616.240644069413,5547.958083047292,5547.958083047292,68722000,BBCA.JK
2021-09-23,5616.24072265625,5624.776042903448,5586.367101791057,5594.902422038255,60998500,BBCA.JK
2021-09-24,5620.5087890625,5620.5087890625,5547.9585617169705,5547.9585617169705,60539500,BBCA.JK
2021-09-27,5616.24072265625,5629.043703027047,5594.902422038255,5620.508382779849,55052500,BBCA.JK
2021-09-28,5565.02880859375,5599.170089628067,5547.958168076591,5582.099449110909,80186000,BBCA.JK
2021-09-29,5616.24072265625,5616.24072265625,5560.761141049464,5565.028801173063,74079000,BBCA.JK
2021-09-30,5974.7236328125,5974.7236328125,5629.04319405692,5633.310853794643,156848000,BBCA.JK
2021-10-01,5769.87646484375,5889.370947843473,5727.199863772421,5889.370947843473,103954500,BBCA.JK
2021-10-04,5940.58203125,5940.58203125,5752.805013020833,5752.805013020833,74719000,BBCA.JK
2021-10-05,5927.77880859375,5927.77880859375,5855.22859999325,5897.905193287662,54986500,BBCA.JK
2021-10-06,6128.35986328125,6128.35986328125,5949.118140260489,5957.6534604043345,174312000,BBCA.JK
2021-10-07,6111.2890625,6124.09204237954,6043.006503142458,6124.09204237954,107263500,BBCA.JK
2021-10-08,6222.24853515625,6230.783855506259,6124.092351131152,6145.430652006174,94643500,BBCA.JK
2021-10-11,6192.37548828125,6222.249112277093,6171.037185427076,6179.572506568746,47201000,BBCA.JK
2021-10-12,6247.85400390625,6247.85400390625,6183.839106325243,6192.374426002711,91067000,BBCA.JK
2021-10-13,6422.828125,7041.638808139534,6316.136627906976,6316.136627906976,210893300,BBCA.JK
2021-10-14,6614.873046875,6742.902847782258,6486.8432459677415,6486.8432459677415,138811900,BBCA.JK
2021-10-15,6529.51953125,6721.564223345588,6358.813138276144,6657.5493259803925,142378200,BBCA.JK
2021-10-18,6422.828125,6550.857921511628,6380.15152616279,6529.519622093023,116644300,BBCA.JK
2021-10-19,6401.4892578125,6422.827555338542,6273.45947265625,6380.150960286458,134601200,BBCA.JK
2021-10-21,6316.13671875,6444.166517103041,6273.460119298987,6401.489917652027,106120100,BBCA.JK
2021-10-22,6422.828125,6444.166424418604,6337.474927325581,6358.813226744186,96730700,BBCA.JK
2021-10-25,6422.828125,6422.828125,6316.136627906976,6316.136627906976,60329800,BBCA.JK
2021-10-26,6422.828125,6486.843023255814,6401.489825581395,6486.843023255814,70103000,BBCA.JK
2021-10-27,6358.8134765625,6465.504977847106,6337.475176305579,6465.504977847106,57067000,BBCA.JK
2021-10-28,6294.798828125,6337.4754303495765,6273.460527012712,6273.460527012712,75271900,BBCA.JK
2021-10-29,6380.15185546875,6380.15185546875,6294.798653388901,6358.813554948788,60639200,BBCA.JK
2021-11-01,6316.13671875,6444.166517103041,6316.13671875,6444.166517103041,38593400,BBCA.JK
2021-11-02,6230.783203125,6337.474696329195,6188.106605843322,6294.798099047517,90535400,BBCA.JK
2021-11-03,6273.4609375,6316.137542517006,6188.1077274659865,6230.784332482993,61621500,BBCA.JK
2021-11-04,6294.798828125,6380.152032574152,6294.798828125,6337.4754303495765,61081400,BBCA.JK
2021-11-05,6358.8134765625,6380.151776819422,6294.798575791737,6380.151776819422,43120400,BBCA.JK
2021-11-08,6465.5048828125,6486.843182755775,6358.8133830961215,6401.489982982673,85441700,BBCA.JK
2021-11-09,6550.8583984375,6550.8583984375,6465.505194549063,6486.843495521172,101785800,BBCA.JK
2021-11-10,6529.51953125,6550.857830371732,6465.504633884804,6550.857830371732,47503900,BBCA.JK
2021-11-11,6550.8583984375,6614.873301353827,6486.843495521172,6572.196699409609,55790000,BBCA.JK
2021-11-12,6422.828125,6614.872819767442,6422.828125,6614.872819767442,52590100,BBCA.JK
2021-11-15,6401.4892578125,6508.180745442708,6401.4892578125,6508.180745442708,67344200,BBCA.JK
2021-11-16,6380.15185546875,6380.15185546875,6252.122052348976,6316.136953908863,98616900,BBCA.JK
2021-11-17,6487.20166015625,6487.20166015625,6358.742221341275,6422.971940748762,61968100,BBCA.JK
2021-11-18,6337.33154296875,6422.971158414274,6337.33154296875,6358.741446830131,78839600,BBCA.JK
2021-11-19,6358.74169921875,6380.151603929925,6315.921889796402,6358.74169921875,68203700,BBCA.JK
2021-11-22,6401.56103515625,6444.380841411476,6337.331325773411,6358.741228901024,66328300,BBCA.JK
2021-11-23,6401.56103515625,6422.970938283863,6337.331325773411,6337.331325773411,43477500,BBCA.JK
2021-11-24,6401.56103515625,6487.200647666701,6358.741228901024,6487.200647666701,35181400,BBCA.JK
2021-11-25,6358.74169921875,6444.381318063447,6358.74169921875,6380.151603929925,40216100,BBCA.JK
2021-11-26,6230.28271484375,6380.152058499785,6208.872808607173,6337.332246026632,113288400,BBCA.JK
2021-11-29,6337.33154296875,6358.741446830131,6144.642408216322,6230.282023661845,87907900,BBCA.JK
2021-11-30,6230.28271484375,6358.7421522632085,6230.28271484375,6273.1025273169025,144923700,BBCA.JK
2021-12-01,6251.69189453125,6380.1513170216185,6230.281990782855,6230.281990782855,76538100,BBCA.JK
2021-12-02,6422.9716796875,6422.9716796875,6251.692434895834,6315.922151692708,66831000,BBCA.JK
2021-12-03,6315.921875,6444.381302966101,6294.511970338983,6444.381302966101,63283700,BBCA.JK
2021-12-06,6294.5126953125,6401.562230947066,6294.5126953125,6380.1523238201535,56944100,BBCA.JK
2021-12-07,6294.5126953125,6401.562230947066,6294.5126953125,6380.1523238201535,51258200,BBCA.JK
2021-12-08,6358.74169921875,6401.561508641099,6337.331794507576,6380.151603929925,74775000,BBCA.JK
2021-12-09,6294.5126953125,6380.1523238201535,6294.5126953125,6337.332509566327,54886400,BBCA.JK
2021-12-10,6315.921875,6315.921875,6230.282256355932,6273.102065677966,91092400,BBCA.JK
2021-12-13,6251.69189453125,6337.331509524829,6251.69189453125,6315.921605776434,59977100,BBCA.JK
2021-12-14,6251.69189453125,6315.921605776434,6230.281990782855,6251.69189453125,49763600,BBCA.JK
2021-12-15,6251.69189453125,6315.921605776434,6230.281990782855,6251.69189453125,52477600,BBCA.JK
2021-12-16,6230.28271484375,6337.332246026632,6230.28271484375,6315.922339790055,95171400,BBCA.JK
2021-12-17,6422.9716796875,6422.9716796875,6251.692434895834,6273.102340494792,107096800,BBCA.JK
2021-12-20,6315.921875,6337.331779661017,6273.102065677966,6294.511970338983,74753000,BBCA.JK
2021-12-21,6315.921875,6337.331779661017,6273.102065677966,6273.102065677966,52386100,BBCA.JK
2021-12-22,6273.1025390625,6358.742164169155,6273.1025390625,6358.742164169155,33232000,BBCA.JK
2021-12-23,6251.69189453125,6294.5117020280395,6251.69189453125,6273.101798279645,37136400,BBCA.JK
2021-12-24,6251.69189453125,6294.5117020280395,6251.69189453125,6251.69189453125,30802100,BBCA.JK
2021-12-27,6294.5126953125,6294.5126953125,6251.692881058674,6251.692881058674,20722100,BBCA.JK
2021-12-28,6294.5126953125,6337.332509566327,6273.102788185587,6315.922602439414,39343800,BBCA.JK
2021-12-29,6251.69189453125,6315.921605776434,6251.69189453125,6294.5117020280395,42079500,BBCA.JK
2021-12-30,6251.69189453125,6294.5117020280395,6251.69189453125,6294.5117020280395,49954700,BBCA.JK
2022-01-03,6273.1025390625,6337.332257892492,6251.692632785836,6273.1025390625,54287400,BBCA.JK
2022-01-04,6337.33154296875,6380.151350691513,6273.101831384608,6273.101831384608,70624000,BBCA.JK
2022-01-05,6380.15234375,6444.382065331376,6315.922622168624,6380.15234375,76164900,BBCA.JK
2022-01-06,6401.56103515625,6444.380841411476,6358.741228901024,6422.970938283863,63657100,BBCA.JK
2022-01-07,6551.4306640625,6594.250472324346,6422.971239276961,6465.791047538807,143433300,BBCA.JK
2022-01-10,6508.61083984375,6551.430648000617,6465.791031686884,6487.200935765317,45351900,BBCA.JK
2022-01-11,6594.2509765625,6594.2509765625,6530.021259258319,6551.43116502638,110334600,BBCA.JK
2022-01-12,6594.2509765625,6594.2509765625,6551.43116502638,6594.2509765625,62606000,BBCA.JK
2022-01-13,6594.2509765625,6637.07078809862,6551.43116502638,6594.2509765625,50025200,BBCA.JK
2022-01-14,6722.71044921875,6722.71044921875,6551.431202104896,6594.2510138833595,65898700,BBCA.JK
2022-01-17,6637.0703125,6765.529737903226,6594.2505040322585,6765.529737903226,63902600,BBCA.JK
2022-01-18,6572.8408203125,6658.480440121131,6465.7912955517095,6658.480440121131,71476300,BBCA.JK
2022-01-19,6572.8408203125,6615.660630216816,6487.201200503868,6551.430915360342,60389700,BBCA.JK
2022-01-20,6658.48095703125,6658.48095703125,6530.021517345759,6615.661143802753,59925500,BBCA.JK
2022-01-21,6808.349609375,6808.349609375,6594.250565055031,6658.480278351021,63370500,BBCA.JK
2022-01-24,6679.8896484375,6722.709453876202,6658.479745718149,6701.2995511568515,40278300,BBCA.JK
2022-01-25,6658.48095703125,6658.48095703125,6530.021517345759,6572.841330574256,106796900,BBCA.JK
2022-01-26,6594.2509765625,6637.07078809862,6551.43116502638,6594.2509765625,53350200,BBCA.JK
2022-01-27,6679.8896484375,6679.8896484375,6530.020329402044,6530.020329402044,71945100,BBCA.JK
2022-01-28,6658.48095703125,6701.300770259747,6594.251237188505,6679.890863645498,70595000,BBCA.JK
2022-01-31,6530.02099609375,6658.480425525103,6530.02099609375,6658.480425525103,68122000,BBCA.JK
2022-02-02,6679.8896484375,6679.8896484375,6572.840134840745,6658.479745718149,65308100,BBCA.JK
2022-02-03,6615.66064453125,6701.300264525182,6594.250739532767,6679.890359526699,35100600,BBCA.JK
2022-02-04,6615.66064453125,6679.890359526699,6594.250739532767,6637.0705495297325,39324700,BBCA.JK
2022-02-07,6679.8896484375,6679.8896484375,6594.250037560097,6658.479745718149,56813200,BBCA.JK
2022-02-08,6615.66064453125,6722.710169523665,6615.66064453125,6637.0705495297325,61883100,BBCA.JK
2022-02-09,6808.349609375,6808.349609375,6679.890182783019,6722.709991647012,108922200,BBCA.JK
2022-02-10,6637.0703125,6808.349546370968,6637.0703125,6808.349546370968,93277000,BBCA.JK
2022-02-11,6701.30029296875,6701.30029296875,6551.430957343251,6572.8408624326075,71968800,BBCA.JK
2022-02-14,6594.2509765625,6658.48069386668,6594.2509765625,6637.07078809862,57710700,BBCA.JK
2022-02-15,6744.12109375,6744.12109375,6615.6616443452385,6637.071552579365,55617000,BBCA.JK
2022-02-16,6829.7587890625,6829.7587890625,6701.299376102076,6722.709278262147,77055100,BBCA.JK
2022-02-17,6765.529296875,6786.939199713212,6679.889685522152,6722.709491198576,48704600,BBCA.JK
2022-02-18,6786.93994140625,6808.349846584188,6722.710225872436,6808.349846584188,56813400,BBCA.JK
2022-02-21,6808.349609375,6829.759513806996,6765.529800511006,6786.939704943003,43821700,BBCA.JK
2022-02-22,6765.529296875,6808.349102551424,6722.709491198576,6765.529296875,80095500,BBCA.JK
2022-02-23,6893.98974609375,6936.8095581812895,6744.120403787365,6765.530309831134,99240300,BBCA.JK
2022-02-24,6851.1689453125,6979.628363037109,6786.9392364501955,6958.218460083008,124947700,BBCA.JK
2022-02-25,6893.98974609375,7001.039276312597,6786.9402158749035,6808.350121918673,135899900,BBCA.JK
2022-03-01,6893.98974609375,7001.039276312597,6851.169934006211,6851.169934006211,136616800,BBCA.JK
2022-03-02,6829.7587890625,7043.857810663205,6829.7587890625,7043.857810663205,100301000,BBCA.JK
2022-03-04,6765.529296875,6872.57881106606,6765.529296875,6829.759005389636,132983400,BBCA.JK
2022-03-07,6594.2509765625,6722.71041117086,6594.2509765625,6679.89059963474,130990900,BBCA.JK
2022-03-08,6551.4306640625,6722.709897109886,6551.4306640625,6594.250472324346,119256500,BBCA.JK
2022-03-09,6722.71044921875,6808.350072775676,6551.431202104896,6594.2510138833595,132814500,BBCA.JK
2022-03-10,6786.93994140625,6829.759751762125,6679.890415516561,6786.93994140625,86484000,BBCA.JK
2022-03-11,6808.349609375,6808.349609375,6615.6604694870275,6615.6604694870275,61053900,BBCA.JK
2022-03-14,6915.3994140625,6936.809319369195,6808.349887529024,6893.989508755804,78432100,BBCA.JK
2022-03-15,6979.62890625,7022.448715490797,6915.399192388803,6979.62890625,111214500,BBCA.JK
2022-03-16,7022.44970703125,7086.679429961414,6915.40016881431,7086.679429961414,149761300,BBCA.JK
2022-03-17,6851.1689453125,7108.087780761719,6851.1689453125,7108.087780761719,132439400,BBCA.JK
2022-03-18,6765.529296875,6936.808519580696,6765.529296875,6851.168908227848,143981700,BBCA.JK
2022-03-21,6765.529296875,6808.349102551424,6679.889685522152,6679.889685522152,85485500,BBCA.JK
2022-03-22,6786.93994140625,6808.349846584188,6744.120131050375,6765.530036228312,60010900,BBCA.JK
2022-03-23,6765.529296875,6808.349102551424,6701.2995883603635,6786.939199713212,82208000,BBCA.JK
2022-03-24,6786.93994140625,6808.349846584188,6679.890415516561,6722.710225872436,95245100,BBCA.JK
2022-03-25,6808.349609375,6808.349609375,6765.529800511006,6765.529800511006,85101200,BBCA.JK
2022-03-28,6869.21630859375,6869.21630859375,6782.264203421677,6804.002229714695,83911500,BBCA.JK
2022-03-29,6825.740234375,6869.216286823249,6804.002208150876,6847.478260599124,62180600,BBCA.JK
2022-03-30,6847.47802734375,6869.216052827381,6804.001976376488,6869.216052827381,71430600,BBCA.JK
2022-03-31,6934.43017578125,6956.168201410659,6847.478073263617,6890.954124522434,112691900,BBCA.JK
2022-04-01,6890.95458984375,7021.382752427543,6825.740508551853,7021.382752427543,105575400,BBCA.JK
2022-04-04,6869.21630859375,6890.954334886768,6804.002229714695,6890.954334886768,57321200,BBCA.JK
2022-04-05,6869.21630859375,6869.21630859375,6825.7402560077135,6869.21630859375,48528300,BBCA.JK
2022-04-06,6738.7880859375,6825.740190272177,6738.7880859375,6804.002164188508,119263000,BBCA.JK
2022-04-07,6738.7880859375,6804.002164188508,6695.312033770161,6717.05005985383,68619400,BBCA.JK
2022-04-08,6825.740234375,6847.478260599124,6760.526155702628,6782.264181926752,69791600,BBCA.JK
2022-04-11,6717.05078125,6847.478951759708,6717.05078125,6804.002894923139,62776200,BBCA.JK
2022-04-12,6782.263671875,6782.263671875,6695.311573517629,6717.049598106972,73471300,BBCA.JK
2022-04-13,6782.263671875,6825.7397210536865,6738.787622696314,6782.263671875,57622100,BBCA.JK
2022-04-14,6695.31201171875,6782.264115767045,6695.31201171875,6782.264115767045,93342900,BBCA.JK
2022-04-18,6695.31201171875,6717.0500377308235,6630.0979336825285,6695.31201171875,68464700,BBCA.JK
2022-04-19,6630.09716796875,6695.31123847336,6630.09716796875,6695.31123847336,98632000,BBCA.JK
2022-04-20,6651.8359375,6717.050015318627,6630.097911560457,6717.050015318627,124388800,BBCA.JK
2022-04-21,6890.95458984375,6890.95458984375,6738.788400162657,6782.264454357255,129323400,BBCA.JK
2022-04-22,6847.47802734375,6890.9540783110115,6782.263950892857,6825.740001860119,85956100,BBCA.JK
2022-04-25,6956.16845703125,6956.16845703125,6804.002272033691,6847.478324890137,91279600,BBCA.JK
2022-04-26,7064.85888671875,7064.85888671875,6890.95466796875,6890.95466796875,128360900,BBCA.JK
2022-04-27,7130.07373046875,7130.07373046875,7021.383582138434,7021.383582138434,89463100,BBCA.JK
2022-04-28,7064.85888671875,7173.5490234375,7021.38283203125,7173.5490234375,133730600,BBCA.JK
2022-05-09,6608.359375,6869.215666118421,6608.359375,6847.4776418585525,456796600,BBCA.JK
2022-05-10,6543.14599609375,6608.360075789036,6304.027703877699,6304.027703877699,268445700,BBCA.JK
2022-05-11,6651.8359375,6695.3119893790845,6477.931729983659,6543.145807802287,156535200,BBCA.JK
2022-05-12,6325.765625,6564.883913230241,6325.765625,6543.145887027492,240529600,BBCA.JK
2022-05-13,6369.2412109375,6499.669358601749,6304.027137105375,6304.027137105375,212968600,BBCA.JK
2022-05-17,6434.455078125,6499.669149862753,6325.7649585620775,6325.7649585620775,159657600,BBCA.JK
2022-05-18,6586.6220703125,6586.6220703125,6412.717857234942,6521.407990408416,153514300,BBCA.JK
2022-05-19,6477.9326171875,6499.670646104237,6412.71853043729,6434.4565593540265,140908900,BBCA.JK
2022-05-20,6434.455078125,6499.669149862753,6434.455078125,6456.193102037584,86520200,BBCA.JK
2022-05-23,6412.71728515625,6499.66938393803,6390.979260460806,6477.931359242585,71603500,BBCA.JK
2022-05-24,6390.97998046875,6499.670116191008,6369.241953324298,6369.241953324298,108710800,BBCA.JK
2022-05-25,6412.71728515625,6477.931359242585,6390.979260460806,6434.455309851695,76747400,BBCA.JK
2022-05-27,6586.6220703125,6586.6220703125,6499.669963773721,6543.14601704311,84336900,BBCA.JK
2022-05-30,6586.6220703125,6608.3600969471945,6499.669963773721,6586.6220703125,105411400,BBCA.JK
2022-05-31,6738.7880859375,6738.7880859375,6543.145851184476,6608.3599294354835,286292700,BBCA.JK
2022-06-02,6586.6220703125,6673.574176851279,6543.14601704311,6630.098123581889,149226300,BBCA.JK
2022-06-03,6608.359375,6673.573447779605,6586.621350740132,6608.359375,80563100,BBCA.JK
2022-06-06,6477.9326171875,6586.622761771183,6456.194588270763,6564.884732854446,81140300,BBCA.JK
2022-06-07,6412.71728515625,6499.66938393803,6347.503211069916,6347.503211069916,129242500,BBCA.JK
2022-06-08,6608.359375,6608.359375,6456.193205180921,6521.407277960527,108910500,BBCA.JK
2022-06-09,6521.4072265625,6586.621298828125,6521.4072265625,6521.4072265625,107828300,BBCA.JK
2022-06-10,6390.97998046875,6477.932089046556,6390.97998046875,6434.456034757653,111768600,BBCA.JK
2022-06-13,6390.97998046875,6434.456034757653,6325.765899035395,6347.5039261798465,85539500,BBCA.JK
2022-06-14,6434.455078125,6434.455078125,6304.026934649493,6347.502982474662,80865100,BBCA.JK
2022-06-15,6369.2412109375,6412.717260158916,6347.503186326791,6347.503186326791,130367100,BBCA.JK
2022-06-16,6586.6220703125,6608.3600969471945,6412.717857234942,6434.455883869637,132666300,BBCA.JK
2022-06-17,6521.4072265625,6564.883274739583,6456.193154296875,6456.193154296875,117839400,BBCA.JK
2022-06-20,6630.09716796875,6651.835191470287,6521.407050461065,6608.359144467213,88138700,BBCA.JK
2022-06-21,6651.8359375,6651.8359375,6564.88383374183,6608.359885620915,44295700,BBCA.JK
2022-06-22,6521.4072265625,6651.83537109375,6521.4072265625,6630.097347005208,53041800,BBCA.JK
2022-06-23,6543.14599609375,6586.622049223941,6477.931916398463,6477.931916398463,60443000,BBCA.JK
2022-06-24,6499.66943359375,6608.359557901337,6499.66943359375,6608.359557901337,57956600,BBCA.JK
2022-06-27,6390.97998046875,6521.408143335459,6390.97998046875,6499.670116191008,76354100,BBCA.JK
2022-06-28,6347.5029296875,6434.455024614726,6347.5029296875,6347.5029296875,146078100,BBCA.JK
2022-06-29,6325.765625,6434.4557560137455,6325.765625,6369.241677405498,98517800,BBCA.JK
2022-06-30,6304.02734375,6434.4554956896545,6304.02734375,6347.503394396552,101343900,BBCA.JK
2022-07-01,6304.02734375,6369.241419719828,6304.02734375,6347.503394396552,68738800,BBCA.JK
2022-07-04,6130.12353515625,6325.76577563996,6086.647481715426,6304.027748919548,102238600,BBCA.JK
2022-07-05,6304.02734375,6369.241419719828,6173.599191810345,6173.599191810345,69172900,BBCA.JK
2022-07-06,6347.5029296875,6369.240953419307,6238.812811028468,6347.5029296875,66801100,BBCA.JK
2022-07-07,6173.599609375,6304.027770136444,6173.599609375,6282.28974334287,86126800,BBCA.JK
2022-07-08,6217.07568359375,6238.8137104594625,6151.861602996612,6195.3376567280375,64312400,BBCA.JK
2022-07-11,6195.3369140625,6260.550986842105,6195.3369140625,6260.550986842105,36830800,BBCA.JK
2022-07-12,6238.8134765625,6304.027554714721,6217.07545051176,6238.8134765625,34269000,BBCA.JK
2022-07-13,6086.646484375,6195.33660016741,6086.646484375,6173.598577008928,71988200,BBCA.JK
2022-07-14,6108.3857421875,6173.599824844306,6086.647714635231,6108.3857421875,83316300,BBCA.JK
2022-07-15,6086.646484375,6173.598577008928,6086.646484375,6173.598577008928,57419900,BBCA.JK
2022-07-18,6217.07568359375,6217.07568359375,6108.385549265187,6108.385549265187,60077700,BBCA.JK
2022-07-19,6238.8134765625,6238.8134765625,6173.599398410279,6173.599398410279,59641000,BBCA.JK
2022-07-20,6434.455078125,6434.455078125,6238.81286291174,6260.550886824324,105792900,BBCA.JK
2022-07-21,6434.455078125,6434.455078125,6304.026934649493,6434.455078125,64337100,BBCA.JK
2022-07-22,6369.2412109375,6434.455284769624,6347.503186326791,6434.455284769624,38956500,BBCA.JK
2022-07-25,6347.5029296875,6412.71700088292,6347.5029296875,6390.978977151113,31247600,BBCA.JK
2022-07-26,6347.5029296875,6412.71700088292,6304.026882223888,6304.026882223888,44379900,BBCA.JK
2022-07-27,6369.2412109375,6390.979235548208,6325.765161716084,6369.2412109375,58465500,BBCA.JK
2022-07-28,6390.97998046875,6477.932089046556,6369.241953324298,6412.718007613202,86909700,BBCA.JK
2022-07-29,6390.97998046875,6499.670116191008,6390.97998046875,6434.456034757653,131553000,BBCA.JK
2022-08-01,6521.4072265625,6521.4072265625,6390.97908203125,6390.97908203125,104841600,BBCA.JK
2022-08-02,6608.359375,6630.097399259868,6521.407277960527,6608.359375,106466900,BBCA.JK
2022-08-03,6630.09716796875,6630.09716796875,6586.621120965676,6630.09716796875,60170600,BBCA.JK
2022-08-04,6782.263671875,6782.263671875,6651.835524338942,6673.573548928285,164221000,BBCA.JK
2022-08-05,6847.47802734375,6847.47802734375,6717.049874441964,6804.001976376488,118734200,BBCA.JK
2022-08-08,6847.47802734375,6890.9540783110115,6738.787899925595,6847.47802734375,84328900,BBCA.JK
2022-08-09,6869.21630859375,6934.430387472804,6847.478282300732,6847.478282300732,92875800,BBCA.JK
2022-08-10,6869.21630859375,6869.21630859375,6717.050124542622,6782.264203421677,104376300,BBCA.JK
2022-08-11,6912.6923828125,6912.6923828125,6804.002251007272,6825.740277368318,73204700,BBCA.JK
2022-08-12,6890.95458984375,6934.430644038348,6825.740508551853,6890.95458984375,59381200,BBCA.JK
2022-08-15,6912.6923828125,6934.430409173546,6869.216330090409,6912.6923828125,81411000,BBCA.JK
2022-08-16,6934.43017578125,6934.43017578125,6825.740047634209,6912.692150151842,83556700,BBCA.JK
2022-08-18,6956.16845703125,6977.906483459473,6847.478324890137,6869.21635131836,86136900,BBCA.JK
2022-08-19,6869.21630859375,6999.644466351859,6869.21630859375,6999.644466351859,58194900,BBCA.JK
2022-08-22,6956.16845703125,6956.16845703125,6804.002272033691,6825.740298461914,97293300,BBCA.JK
2022-08-23,6869.21630859375,6956.168413765822,6869.21630859375,6956.168413765822,71671800,BBCA.JK
2022-08-24,6912.6923828125,6977.906461895637,6869.216330090409,6912.6923828125,108892400,BBCA.JK
2022-08-25,7021.3828125,7043.120839783282,6869.216621517027,6956.168730650154,99503500,BBCA.JK
2022-08-26,6956.16845703125,7064.858589172363,6956.16845703125,6977.906483459473,80472400,BBCA.JK
2022-08-29,7086.5966796875,7086.5966796875,6912.692466689034,6956.16851993865,57762100,BBCA.JK
2022-08-30,7108.33447265625,7195.286576297305,7021.382369015195,7043.120394925459,124467000,BBCA.JK
2022-08-31,7130.07373046875,7151.811760134814,6999.645552472371,7021.383582138434,137659900,BBCA.JK
2022-09-01,7086.5966796875,7173.548786186733,7064.858653062692,7086.5966796875,74960800,BBCA.JK
2022-09-02,7151.810546875,7151.810546875,7086.59646893997,7086.59646893997,71430600,BBCA.JK
2022-09-05,7195.287109375,7217.025136895771,7130.073026812689,7151.811054333459,62906000,BBCA.JK
2022-09-06,7195.287109375,7260.501191937311,7173.549081854229,7217.025136895771,67079900,BBCA.JK
2022-09-07,7282.23876953125,7282.23876953125,7173.548638642724,7173.548638642724,117931700,BBCA.JK
2022-09-08,7260.5009765625,7390.929137818114,7260.5009765625,7303.977030314371,132777400,BBCA.JK
2022-09-09,7282.23876953125,7390.928900419776,7195.286664820429,7390.928900419776,91234600,BBCA.JK
2022-09-12,7282.23876953125,7325.7148218866605,7238.7627171758395,7238.7627171758395,52395300,BBCA.JK
2022-09-13,7412.6669921875,7456.143044927602,7282.238833967192,7282.238833967192,124485200,BBCA.JK
2022-09-14,7390.92919921875,7521.357361557904,7282.239063936121,7282.239063936121,116642400,BBCA.JK
2022-09-15,7608.3095703125,7716.99970703125,7390.929296875,7390.929296875,190404800,BBCA.JK
2022-09-16,7347.45361328125,7586.571926139516,7347.45361328125,7564.833897697855,363127600,BBCA.JK
2022-09-19,7521.3564453125,7608.308542946171,7347.452250045159,7369.190274453576,102530600,BBCA.JK
2022-09-20,7434.404296875,7521.356393914474,7434.404296875,7434.404296875,89238400,BBCA.JK
2022-09-21,7369.18994140625,7477.880058536135,7325.713894554296,7412.665988258204,90933700,BBCA.JK
2022-09-22,7369.18994140625,7412.665988258204,7282.237847702341,7282.237847702341,61908500,BBCA.JK
2022-09-23,7282.23876953125,7369.190874242071,7282.23876953125,7282.23876953125,60567600,BBCA.JK
2022-09-26,7325.71435546875,7390.928429849778,7130.072132325668,7130.072132325668,106228200,BBCA.JK
2022-09-27,7217.02490234375,7347.45306322948,7217.02490234375,7282.2389827866145,89567100,BBCA.JK
2022-09-28,7238.76220703125,7325.714305614208,7173.548133094032,7173.548133094032,89153400,BBCA.JK
2022-09-29,7282.23876953125,7347.452848064366,7238.7627171758395,7238.7627171758395,62643700,BBCA.JK
2022-09-30,7434.404296875,7456.142321134868,7195.2860300164475,7282.238127055921,176524800,BBCA.JK
2022-10-03,7390.92919921875,7412.667226275275,7347.453145105698,7347.453145105698,115079600,BBCA.JK
2022-10-04,7434.404296875,7499.618369654605,7412.666272615132,7412.666272615132,80524500,BBCA.JK
2022-10-05,7347.45361328125,7434.4057270478925,7325.71558483959,7412.667698606232,63788000,BBCA.JK
2022-10-06,7325.71435546875,7390.928429849778,7325.71435546875,7369.190405056102,43967400,BBCA.JK
2022-10-07,7130.07373046875,7282.239938131193,7130.07373046875,7238.763878799066,112043400,BBCA.JK
2022-10-10,7217.02490234375,7282.2389827866145,7064.858714643731,7086.596741458019,80238200,BBCA.JK
2022-10-11,7173.548828125,7217.0248816287885,7086.596721117425,7130.072774621212,64060000,BBCA.JK
2022-10-12,7238.76220703125,7238.76220703125,7108.334059156813,7130.072083802553,47569700,BBCA.JK
2022-10-13,7195.287109375,7282.239219458082,7195.287109375,7195.287109375,62282800,BBCA.JK
2022-10-14,7173.548828125,7260.500935132576,7173.548828125,7217.0248816287885,70642900,BBCA.JK
2022-10-17,7173.548828125,7217.0248816287885,7108.334747869319,7173.548828125,56387500,BBCA.JK
2022-10-18,7217.02490234375,7369.191090043769,7173.548848715172,7195.286875529461,85665300,BBCA.JK
2022-10-19,7195.287109375,7260.501191937311,7151.811054333459,7173.549081854229,66753500,BBCA.JK
2022-10-20,7390.92919921875,7390.92919921875,7173.548928653493,7173.548928653493,91812300,BBCA.JK
2022-10-21,7521.3564453125,7586.570518537753,7347.452250045159,7347.452250045159,122777800,BBCA.JK
2022-10-24,7738.73681640625,7738.73681640625,7586.570643049948,7608.308667815133,89416500,BBCA.JK
2022-10-25,7564.833984375,7717.0001852101295,7564.833984375,7673.524127828664,84696300,BBCA.JK
2022-10-26,7434.404296875,7521.356393914474,7434.404296875,7499.618369654605,98962100,BBCA.JK
2022-10-27,7564.833984375,7564.833984375,7434.405812230603,7434.405812230603,77003400,BBCA.JK
2022-10-28,7608.3095703125,7608.3095703125,7521.3574609375,7521.3574609375,84980600,BBCA.JK
2022-10-31,7651.78466796875,7695.260717218572,7630.046643343839,7695.260717218572,138922800,BBCA.JK
2022-11-01,7651.78466796875,7825.6888649680395,7586.570594094016,7825.6888649680395,118118400,BBCA.JK
2022-11-02,7608.3095703125,7673.52365234375,7586.57154296875,7651.7856249999995,68323600,BBCA.JK
2022-11-03,7651.78466796875,7673.52269259366,7564.832569469105,7564.832569469105,81856300,BBCA.JK
2022-11-04,7630.04736328125,7651.785389957265,7543.09525657719,7630.04736328125,84458300,BBCA.JK
2022-11-07,7695.26123046875,7695.26123046875,7543.095047945357,7586.571100094898,94794000,BBCA.JK
2022-11-08,7608.3095703125,7716.99970703125,7586.57154296875,7695.2616796875,42525500,BBCA.JK
2022-11-09,7716.9990234375,7716.9990234375,7543.0948200924295,7543.0948200924295,96599500,BBCA.JK
2022-11-10,7651.78466796875,7651.784667968749,7586.570594094016,7586.570594094016,89463000,BBCA.JK
2022-11-11,7695.26123046875,7760.475308693061,7673.5232043939795,7738.737282618291,59597900,BBCA.JK
2022-11-14,7608.3095703125,7738.7377343749995,7608.3095703125,7716.99970703125,49208200,BBCA.JK
2022-11-15,7651.78466796875,7695.260717218572,7608.308618718927,7630.046643343839,59092900,BBCA.JK
2022-11-16,7477.88232421875,7543.096414255542,7434.406264194223,7499.620354231014,143424800,BBCA.JK
2022-11-17,7586.57080078125,7673.522901649802,7477.880674695559,7499.618699912697,72679800,BBCA.JK
2022-11-18,7673.5234375,7738.737517705382,7586.57133055949,7586.57133055949,83556900,BBCA.JK
2022-11-21,7586.57080078125,7738.736977301218,7586.57080078125,7716.998952084079,35901000,BBCA.JK
2022-11-22,7738.73681640625,7782.212865936622,7695.260766875877,7738.73681640625,84684200,BBCA.JK
2022-11-23,7716.9990234375,7803.951125110035,7716.9990234375,7738.7370488556335,84642100,BBCA.JK
2022-11-24,7825.689453125,7825.689453125,7782.213400607639,7803.95142686632,53520800,BBCA.JK
2022-11-25,7803.951171875,7825.689197423399,7738.737095229805,7825.689197423399,75048300,BBCA.JK
2022-11-28,7847.42822265625,7912.642307609072,7803.952166021036,7869.166250973857,96209700,BBCA.JK
2022-11-29,7803.951171875,7890.903274068593,7760.475120778204,7803.951171875,91562100,BBCA.JK
2022-11-30,8086.54638671875,8173.498498403897,7695.261884135584,7716.999912056872,644359600,BBCA.JK
2022-12-01,7825.689453125,8130.021820746529,7825.689453125,8064.807741970487,155775400,BBCA.JK
2022-12-02,7768.94921875,7834.417891941714,7768.94921875,7768.94921875,130982100,BBCA.JK
2022-12-05,7659.83544921875,7768.949914307336,7659.83544921875,7681.658342236467,114656300,BBCA.JK
2022-12-06,7572.54345703125,7638.01213245227,7485.251889803224,7616.1892406452625,180553800,BBCA.JK
2022-12-07,7376.13818359375,7485.252653765255,7376.13818359375,7419.783971662352,229308700,BBCA.JK
2022-12-08,7419.7841796875,7485.252863625919,7288.846811810662,7310.669706456802,172590100,BBCA.JK
2022-12-09,7485.25244140625,7507.075334821428,7376.137974330357,7419.783761160714,90851300,BBCA.JK
2022-12-12,7594.36767578125,7594.36767578125,7397.961615200701,7441.607406440823,102851800,BBCA.JK
2022-12-13,7594.36767578125,7594.36767578125,7463.430302060884,7528.898988921067,104580200,BBCA.JK
2022-12-14,7528.8974609375,7594.36613451087,7441.605896173008,7507.074569746377,118164300,BBCA.JK
2022-12-15,7419.7841796875,7507.075758272059,7419.7841796875,7485.252863625919,113255700,BBCA.JK
2022-12-16,7507.076171875,7550.7219635719475,7332.493005087209,7354.315900935683,181516700,BBCA.JK
2022-12-19,7550.720703125,7594.366487536127,7507.074918713874,7550.720703125,67482900,BBCA.JK
2022-12-20,7485.25244140625,7550.721121651785,7463.429547991072,7463.429547991072,41243700,BBCA.JK
2022-12-21,7572.54345703125,7594.366348838256,7485.251889803224,7507.07478161023,33617700,BBCA.JK
2022-12-22,7485.25244140625,7572.544015066964,7485.25244140625,7550.721121651785,59591500,BBCA.JK
2022-12-23,7419.7841796875,7485.252863625919,7419.7841796875,7441.60707433364,47393000,BBCA.JK
2022-12-26,7485.25244140625,7528.898228236607,7419.783761160714,7419.783761160714,20495900,BBCA.JK
2022-12-27,7507.076171875,7550.7219635719475,7485.253276026526,7507.076171875,27193800,BBCA.JK
2022-12-28,7550.720703125,7550.720703125,7463.429134302746,7550.720703125,40420200,BBCA.JK
2022-12-29,7485.25244140625,7507.075334821428,7419.783761160714,7441.606654575892,47020900,BBCA.JK
2022-12-30,7463.4287109375,7550.720274808114,7463.4287109375,7485.251601905153,44681400,BBCA.JK
2023-01-02,7463.4287109375,7507.074492872806,7419.782929002193,7485.251601905153,10653900,BBCA.JK
2023-01-03,7463.4287109375,7507.074492872806,7441.605819969846,7463.4287109375,27399100,BBCA.JK
2023-01-04,7288.84619140625,7485.252226504023,7288.84619140625,7441.606440926741,90918800,BBCA.JK
2023-01-05,7201.55517578125,7310.669648141572,7114.263597892992,7288.846753669508,128838500,BBCA.JK
2023-01-06,7245.20068359375,7267.023577219033,7070.617534591491,7070.617534591491,69286600,BBCA.JK
2023-01-09,7376.13818359375,7376.13818359375,7267.023713422244,7267.023713422244,86916900,BBCA.JK
2023-01-10,7136.0859375,7354.314865252293,7114.26304472477,7332.491972477064,101759100,BBCA.JK
2023-01-11,7092.4404296875,7114.263323317308,6983.325961538462,7026.971748798077,96069100,BBCA.JK
2023-01-12,7136.0859375,7223.377508600917,7092.440151949541,7114.26304472477,103804600,BBCA.JK
2023-01-13,7026.97119140625,7136.085650900136,7005.148299507473,7114.262759001359,119748200,BBCA.JK
2023-01-16,7114.263671875,7157.909461273006,7026.972093078988,7026.972093078988,105710700,BBCA.JK
2023-01-17,7267.02294921875,7310.668732697541,7114.26270704298,7136.085598782376,88695900,BBCA.JK
2023-01-18,7245.20068359375,7267.023577219033,7136.086215467339,7157.90910909262,96814600,BBCA.JK
2023-01-19,7267.02294921875,7288.845840958145,7201.554274000563,7288.845840958145,66391800,BBCA.JK
2023-01-20,7245.20068359375,7267.023577219033,7201.554896343186,7223.377789968468,96859500,BBCA.JK
2023-01-24,7179.7314453125,7288.845904967705,7179.7314453125,7245.200121105623,42474500,BBCA.JK
2023-01-25,7157.90966796875,7245.201249285442,7157.90966796875,7245.201249285442,66124500,BBCA.JK
2023-01-26,7397.9599609375,7397.9599609375,7179.731053535214,7179.731053535214,77582300,BBCA.JK
2023-01-27,7594.36767578125,7725.305049501617,7463.430302060884,7594.36767578125,196804700,BBCA.JK
2023-01-30,7594.36767578125,7659.836362641434,7485.253197680945,7616.190571401311,68544300,BBCA.JK
2023-01-31,7397.9599609375,7572.543086859329,7397.9599609375,7528.897305378872,200589000,BBCA.JK
2023-02-01,7419.7841796875,7485.252863625919,7376.138390395221,7485.252863625919,77396200,BBCA.JK
2023-02-02,7376.13818359375,7441.606865696653,7332.492395525148,7354.3152895594485,99109500,BBCA.JK
2023-02-03,7594.36767578125,7594.36767578125,7419.784510820762,7463.430302060884,71716700,BBCA.JK
2023-02-06,7616.189453125,7638.012345540831,7550.720775877508,7638.012345540831,117757700,BBCA.JK
2023-02-07,7725.30419921875,7725.30419921875,7638.012626346222,7659.8355195643535,116014700,BBCA.JK
2023-02-08,7703.48095703125,7725.3038492608,7681.6580648017,7703.48095703125,54495500,BBCA.JK
2023-02-09,7768.94921875,7768.94921875,7681.657654494383,7703.480545558287,72381700,BBCA.JK
2023-02-10,7703.48095703125,7768.949633719901,7594.366495883499,7747.1267414903505,62060900,BBCA.JK
2023-02-13,7747.12744140625,7768.950335607395,7659.835864601672,7747.12744140625,63775000,BBCA.JK
2023-02-14,7812.59619140625,7812.59619140625,7703.481719459235,7725.304613848638,81678200,BBCA.JK
2023-02-15,7747.12744140625,7768.950335607395,7638.0129704005285,7747.12744140625,38037000,BBCA.JK
2023-02-16,7594.36767578125,7725.305049501617,7594.36767578125,7703.482153881556,66040400,BBCA.JK
2023-02-17,7616.189453125,7725.303915204156,7616.189453125,7659.835237956662,43588900,BBCA.JK
2023-02-20,7638.01318359375,7703.4818680245535,7594.367393973214,7616.190288783482,40077000,BBCA.JK
2023-02-21,7594.36767578125,7681.659258261495,7594.36767578125,7659.836362641434,25390500,BBCA.JK
2023-02-22,7572.54345703125,7638.01213245227,7528.897673417237,7594.366348838256,38671900,BBCA.JK
2023-02-23,7616.189453125,7638.012345540831,7528.897883461676,7528.897883461676,53412300,BBCA.JK
2023-02-24,7572.54345703125,7725.303699680295,7572.54345703125,7659.835024259276,44123400,BBCA.JK
2023-02-27,7659.83544921875,7659.83544921875,7550.720984130164,7572.543877147881,59983900,BBCA.JK
2023-02-28,7638.01318359375,7659.836078404018,7572.5444991629465,7659.836078404018,106349400,BBCA.JK
2023-03-01,7507.076171875,7638.013546965843,7507.076171875,7616.190651117368,67034700,BBCA.JK
2023-03-02,7528.8974609375,7594.36613451087,7507.074569746377,7507.074569746377,56672000,BBCA.JK
2023-03-03,7397.9599609375,7572.543086859329,7397.9599609375,7550.7201961191,95376900,BBCA.JK
2023-03-06,7332.4921875,7463.429547991072,7332.4921875,7463.429547991072,92652000,BBCA.JK
2023-03-07,7354.31494140625,7397.960727408661,7288.846262402633,7288.846262402633,106115600,BBCA.JK
2023-03-08,7485.25244140625,7485.25244140625,7332.4921875,7332.4921875,79350900,BBCA.JK
2023-03-09,7485.25244140625,7550.721121651785,7463.429547991072,7550.721121651785,54201400,BBCA.JK
2023-03-10,7376.13818359375,7463.429759730954,7376.13818359375,7419.783971662352,59580100,BBCA.JK
2023-03-13,7463.4287109375,7528.89738384046,7376.1371470668855,7376.1371470668855,82077700,BBCA.JK
2023-03-14,7267.02294921875,7397.960299655124,7267.02294921875,7354.314516176332,90495300,BBCA.JK
2023-03-15,7267.02294921875,7397.960299655124,7267.02294921875,7376.137407915728,86747400,BBCA.JK
2023-03-16,7245.20068359375,7288.846470844315,7201.554896343186,7245.20068359375,105894000,BBCA.JK
2023-03-17,7310.66943359375,7376.138115088619,7267.023645930503,7310.66943359375,198558600,BBCA.JK
2023-03-20,7332.4921875,7397.960867745535,7310.669294084822,7332.4921875,37277900,BBCA.JK
2023-03-21,7419.7841796875,7419.7841796875,7310.669706456802,7332.492601102941,91617400,BBCA.JK
2023-03-24,7703.48095703125,7703.48095703125,7528.897819194848,7594.366495883499,145603600,BBCA.JK
2023-03-27,7594.36767578125,7703.482153881556,7594.36767578125,7703.482153881556,110692800,BBCA.JK
2023-03-28,7572.54345703125,7681.657916066282,7572.54345703125,7681.657916066282,98296600,BBCA.JK
2023-03-29,7835.20068359375,7835.20068359375,7679.38703363592,7723.905219338158,101068200,BBCA.JK
2023-03-30,7857.46044921875,7924.23773348973,7835.201354461756,7924.23773348973,118912100,BBCA.JK
2023-03-31,7790.68310546875,7879.719483816964,7768.424010881697,7857.460389229911,97146900,BBCA.JK
2023-04-03,7835.20068359375,7857.459776444869,7790.682497891513,7857.459776444869,60288900,BBCA.JK
2023-04-04,7812.94189453125,7857.460081964477,7701.646425948184,7857.460081964477,60975800,BBCA.JK
2023-04-05,7768.42333984375,7835.2006178366755,7768.42333984375,7812.941525172367,36922100,BBCA.JK
2023-04-06,7790.68310546875,7812.942200055803,7746.164916294642,7746.164916294642,45489400,BBCA.JK
2023-04-10,7835.20068359375,7835.20068359375,7746.164312189276,7768.423405040395,32996000,BBCA.JK
2023-04-11,7857.46044921875,7857.46044921875,7790.683164947769,7857.46044921875,44554300,BBCA.JK
2023-04-12,7924.23681640625,7924.23681640625,7857.4595398635,7924.23681640625,91903600,BBCA.JK
2023-04-13,7946.49609375,7968.75518644958,7901.977908350841,7968.75518644958,51726500,BBCA.JK
2023-04-14,8013.27294921875,8013.27294921875,7968.754766167534,8013.27294921875,110354200,BBCA.JK
2023-04-17,8035.53369140625,8057.792787504328,7924.238210915859,8035.53369140625,83946900,BBCA.JK
2023-04-18,8124.5693359375,8169.087524079623,8035.532959653254,8057.792053724315,91178700,BBCA.JK
2023-04-26,8191.345703125,8191.345703125,8013.27297044837,8124.5684283712635,186928200,BBCA.JK
2023-04-27,8146.828125,8169.087218237705,8080.050845286885,8102.3099385245905,54842400,BBCA.JK
2023-04-28,8057.79150390625,8124.568781562932,8057.79150390625,8102.3096890107045,145775300,BBCA.JK
2023-05-02,8057.79150390625,8102.3096890107045,7924.2369485928875,8102.3096890107045,83645900,BBCA.JK
2023-05-03,7946.49609375,8057.7915572479,7901.977908350841,8057.7915572479,83728800,BBCA.JK
2023-05-04,8013.27294921875,8035.532040744358,7901.977491590712,7946.495674641927,67565000,BBCA.JK
2023-05-05,8013.27294921875,8057.791132269965,7968.754766167534,8013.27294921875,64815100,BBCA.JK
2023-05-08,8013.27294921875,8080.0502237955725,7968.754766167534,8013.27294921875,84754500,BBCA.JK
2023-05-09,7946.49609375,7991.01427914916,7924.23700105042,7968.75518644958,40929600,BBCA.JK
2023-05-10,7946.49609375,7968.75518644958,7924.23700105042,7946.49609375,45322600,BBCA.JK
2023-05-11,7857.46044921875,7924.23773348973,7835.201354461756,7924.23773348973,81993900,BBCA.JK
2023-05-12,7835.20068359375,7901.977962147106,7768.423405040395,7790.682497891513,96525600,BBCA.JK
2023-05-15,7812.94189453125,7901.978269397703,7768.423707098023,7901.978269397703,64830300,BBCA.JK
2023-05-16,7746.16552734375,7857.461009058459,7746.16552734375,7835.201912715517,49497000,BBCA.JK
2023-05-17,7812.94189453125,7879.71917568109,7790.682800814637,7812.94189453125,69996100,BBCA.JK
2023-05-19,8013.27294921875,8013.27294921875,7857.459308539496,7924.236583116319,123592500,BBCA.JK
2023-05-22,8013.27294921875,8080.0502237955725,7946.495674641927,8013.27294921875,91000000,BBCA.JK
2023-05-23,8124.5693359375,8146.828430008562,8035.532959653254,8057.792053724315,102980500,BBCA.JK
2023-05-24,8035.53369140625,8191.347364092798,8035.53369140625,8191.347364092798,77392900,BBCA.JK
2023-05-25,8057.79150390625,8146.827874115159,8057.79150390625,8102.3096890107045,76325700,BBCA.JK
2023-05-26,8146.828125,8191.34631147541,8102.3099385245905,8169.087218237705,55675900,BBCA.JK
2023-05-29,8146.828125,8235.86449795082,8080.050845286885,8235.86449795082,79148200,BBCA.JK
2023-05-30,8235.8642578125,8302.641535578548,8146.827887457771,8191.346072635135,97189500,BBCA.JK
2023-05-31,8057.79150390625,8302.64152198075,8057.79150390625,8280.382429428522,722827900,BBCA.JK
2023-06-05,8191.345703125,8302.641161047894,8102.309336786685,8146.827519955843,163535600,BBCA.JK
2023-06-06,8146.828125,8191.34631147541,8057.791752049181,8057.791752049181,74872200,BBCA.JK
2023-06-07,8102.31005859375,8169.087339296446,8080.050965026185,8124.569152161315,87492200,BBCA.JK
2023-06-08,8124.5693359375,8124.5693359375,8080.051147795377,8080.051147795377,53188400,BBCA.JK
2023-06-09,8102.31005859375,8169.087339296446,8102.31005859375,8169.087339296446,44632400,BBCA.JK
2023-06-12,8146.828125,8146.828125,8102.3099385245905,8146.828125,38082300,BBCA.JK
2023-06-13,8146.828125,8169.087218237705,8102.3099385245905,8169.087218237705,45552600,BBCA.JK
2023-06-14,8080.05029296875,8124.568476401085,8057.791201252583,8102.309384684918,72223700,BBCA.JK
2023-06-15,8057.79150390625,8102.3096890107045,8057.79150390625,8102.3096890107045,59073000,BBCA.JK
2023-06-16,8057.79150390625,8102.3096890107045,7991.014226249568,8102.3096890107045,112769400,BBCA.JK
2023-06-19,8013.27294921875,8057.791132269965,8013.27294921875,8013.27294921875,32330600,BBCA.JK
2023-06-20,8057.79150390625,8057.79150390625,7968.755133697341,8035.532411354023,54990100,BBCA.JK
2023-06-21,8124.5693359375,8124.5693359375,8013.273865582192,8057.792053724315,42676300,BBCA.JK
2023-06-22,8057.79150390625,8146.827874115159,8057.79150390625,8124.568781562932,48291100,BBCA.JK
2023-06-23,8057.79150390625,8146.827874115159,8035.532411354023,8035.532411354023,47813500,BBCA.JK
2023-06-26,8080.05029296875,8124.568476401085,8035.532109536415,8035.532109536415,36389900,BBCA.JK
2023-06-27,8146.828125,8146.828125,8057.791752049181,8057.791752049181,36225100,BBCA.JK
2023-07-03,8080.05029296875,8080.05029296875,8035.532109536415,8035.532109536415,108855900,BBCA.JK
2023-07-04,8057.79150390625,8146.827874115159,8057.79150390625,8146.827874115159,35049300,BBCA.JK
2023-07-05,8057.79150390625,8080.050596458477,8035.532411354023,8057.79150390625,44609200,BBCA.JK
2023-07-06,8080.05029296875,8102.309384684918,8035.532109536415,8057.791201252583,52532400,BBCA.JK
2023-07-07,8035.53369140625,8102.3109797004845,8035.53369140625,8035.53369140625,37641300,BBCA.JK
2023-07-10,8057.79150390625,8102.3096890107045,8057.79150390625,8102.3096890107045,28981500,BBCA.JK
2023-07-11,8035.53369140625,8102.3109797004845,8035.53369140625,8102.3109797004845,43703500,BBCA.JK
2023-07-12,8169.08837890625,8169.08837890625,8057.792896904803,8080.051993305092,61566500,BBCA.JK
2023-07-13,8124.5693359375,8213.605712221746,8124.5693359375,8191.346618150685,65230900,BBCA.JK
2023-07-14,8191.345703125,8191.345703125,8124.5684283712635,8169.0866115404215,55554500,BBCA.JK
2023-07-17,8169.08837890625,8235.865668107119,8169.08837890625,8191.34747530654,62550100,BBCA.JK
2023-07-18,8146.828125,8235.86449795082,8102.3099385245905,8191.34631147541,52924600,BBCA.JK
2023-07-20,8146.828125,8213.605404713115,8124.569031762296,8191.34631147541,83476600,BBCA.JK
2023-07-21,8146.828125,8169.087218237705,8124.569031762296,8146.828125,42667800,BBCA.JK
2023-07-24,8102.31005859375,8191.346432864011,8102.31005859375,8191.346432864011,62061200,BBCA.JK
2023-07-25,8146.828125,8280.38268442623,8146.828125,8169.087218237705,122802700,BBCA.JK
2023-07-26,8324.9013671875,8324.9013671875,8124.569516105448,8169.087705234793,113868700,BBCA.JK
2023-07-27,8213.60546875,8369.419122628728,8213.60546875,8369.419122628728,77848400,BBCA.JK
2023-07-28,8124.5693359375,8213.605712221746,8124.5693359375,8191.346618150685,74510200,BBCA.JK
2023-07-31,8124.5693359375,8191.346618150685,8102.310241866438,8169.087524079623,80868000,BBCA.JK
2023-08-01,8124.5693359375,8169.087524079623,8102.310241866438,8169.087524079623,49756400,BBCA.JK
2023-08-02,8191.345703125,8191.345703125,8124.5684283712635,8124.5684283712635,60629900,BBCA.JK
2023-08-03,8235.8642578125,8280.382442989865,8146.827887457771,8146.827887457771,64596100,BBCA.JK
2023-08-04,8146.828125,8258.123591188525,8124.569031762296,8235.86449795082,52675900,BBCA.JK
2023-08-07,8258.1240234375,8258.1240234375,8146.828551423517,8146.828551423517,55589300,BBCA.JK
2023-08-08,8191.345703125,8280.382069463316,8191.345703125,8258.122977878736,43373400,BBCA.JK
2023-08-09,8369.41796875,8369.41796875,8235.863426695478,8258.122517037898,77056800,BBCA.JK
2023-08-10,8369.41796875,8391.67705909242,8324.899788065159,8369.41796875,76738100,BBCA.JK
2023-08-11,8369.41796875,8413.93614943484,8347.15887840758,8391.67705909242,68898600,BBCA.JK
2023-08-14,8324.9013671875,8324.9013671875,8213.605894364138,8302.642272622828,75495400,BBCA.JK
2023-08-15,8280.3828125,8347.160093245968,8280.3828125,8302.64190608199,59303700,BBCA.JK
2023-08-16,8280.3828125,8302.64190608199,8235.864625336022,8258.12371891801,53440000,BBCA.JK
2023-08-18,8235.8642578125,8324.90062816723,8235.8642578125,8235.8642578125,79328900,BBCA.JK
2023-08-21,8169.08837890625,8235.865668107119,8169.08837890625,8213.606571706829,73573000,BBCA.JK
2023-08-22,8280.3828125,8302.64190608199,8146.828251008064,8146.828251008064,65664600,BBCA.JK
2023-08-23,8280.3828125,8302.64190608199,8258.12371891801,8280.3828125,63749800,BBCA.JK
2023-08-24,8191.345703125,8302.641161047894,8191.345703125,8235.863886294157,53725900,BBCA.JK
2023-08-25,8258.1240234375,8258.1240234375,8169.087645826314,8191.34674022911,50379000,BBCA.JK
2023-08-28,8191.345703125,8235.863886294157,8191.345703125,8235.863886294157,44423100,BBCA.JK
2023-08-29,8235.8642578125,8280.382442989865,8191.346072635135,8258.123350401183,45428500,BBCA.JK
2023-08-30,8191.345703125,8280.382069463316,8191.345703125,8280.382069463316,56227000,BBCA.JK
2023-08-31,8169.08837890625,8213.606571706829,8102.311089705382,8191.34747530654,136107200,BBCA.JK
2023-09-01,8213.60546875,8258.123655572494,8169.087281927507,8191.346375338754,42152700,BBCA.JK
2023-09-04,8213.60546875,8258.123655572494,8169.087281927507,8213.60546875,40610600,BBCA.JK
2023-09-05,8213.60546875,8235.864562161247,8191.346375338754,8235.864562161247,42007200,BBCA.JK
2023-09-06,8146.828125,8235.86449795082,8146.828125,8191.34631147541,49318400,BBCA.JK
2023-09-07,8169.08837890625,8169.08837890625,8102.311089705382,8124.570186105671,61405200,BBCA.JK
2023-09-08,8124.5693359375,8146.828430008562,8057.792053724315,8102.310241866438,80732300,BBCA.JK
2023-09-11,8124.5693359375,8124.5693359375,8080.051147795377,8080.051147795377,53155900,BBCA.JK
2023-09-12,8102.31005859375,8124.569152161315,8080.050965026185,8102.31005859375,66479000,BBCA.JK
2023-09-13,8080.05029296875,8080.05029296875,8013.273017820248,8057.791201252583,69490200,BBCA.JK
2023-09-14,8102.31005859375,8124.569152161315,8013.273684323489,8013.273684323489,112757900,BBCA.JK
2023-09-15,8013.27294921875,8102.30931532118,8013.27294921875,8057.791132269965,121005300,BBCA.JK
2023-09-18,8013.27294921875,8080.0502237955725,8013.27294921875,8057.791132269965,34272200,BBCA.JK
2023-09-19,8080.05029296875,8080.05029296875,7991.013926104081,8013.273017820248,33325800,BBCA.JK
2023-09-20,8146.828125,8169.087218237705,8080.050845286885,8124.569031762296,54305500,BBCA.JK
2023-09-21,8124.5693359375,8146.828430008562,8080.051147795377,8124.5693359375,40607000,BBCA.JK
2023-09-22,8080.05029296875,8146.827568117253,8080.05029296875,8124.568476401085,42445300,BBCA.JK
2023-09-25,8013.27294921875,8080.0502237955725,8013.27294921875,8080.0502237955725,56132200,BBCA.JK
2023-09-26,7968.75537109375,8035.532650739788,7968.75537109375,8013.2735575244415,73544700,BBCA.JK
2023-09-27,7901.97802734375,8013.2734925176055,7901.97802734375,7924.2371203785215,84345000,BBCA.JK
2023-09-29,7857.46044921875,7924.23773348973,7857.46044921875,7857.46044921875,118960000,BBCA.JK
2023-10-02,8080.05029296875,8102.309384684918,7901.977559239412,7924.236650955579,93663000,BBCA.JK
2023-10-03,8191.345703125,8191.345703125,8035.5320620329485,8080.050245202106,98380200,BBCA.JK
2023-10-04,8191.345703125,8235.863886294157,8124.5684283712635,8191.345703125,112582800,BBCA.JK
2023-10-05,8080.05029296875,8191.3457515495875,8080.05029296875,8191.3457515495875,72855700,BBCA.JK
2023-10-06,8035.53369140625,8102.3109797004845,8035.53369140625,8102.3109797004845,53344400,BBCA.JK
2023-10-09,8057.79150390625,8124.568781562932,8035.532411354023,8035.532411354023,43774500,BBCA.JK
2023-10-10,7946.49609375,8013.27337184874,7946.49609375,8013.27337184874,71966100,BBCA.JK
2023-10-11,7946.49609375,8035.53246454832,7946.49609375,7946.49609375,84305800,BBCA.JK
2023-10-12,8057.79150390625,8102.3096890107045,8013.2733188017955,8013.2733188017955,71064500,BBCA.JK
2023-10-13,8080.05029296875,8124.568476401085,8035.532109536415,8102.309384684918,62941800,BBCA.JK
2023-10-16,8102.31005859375,8124.569152161315,8057.791871458619,8124.569152161315,29429200,BBCA.JK
2023-10-17,7968.75537109375,8080.050837170478,7968.75537109375,8057.791743955133,59606000,BBCA.JK
2023-10-18,7879.71875,7968.755120056497,7879.71875,7946.496027542373,50919200,BBCA.JK
2023-10-19,7790.68310546875,7879.719483816964,7790.68310546875,7857.460389229911,89509700,BBCA.JK
2023-10-20,7991.01513671875,8035.533326895456,7768.42418583522,7768.42418583522,64554500,BBCA.JK
2023-10-23,7879.71875,7946.496027542373,7879.71875,7901.977842514124,50633500,BBCA.JK
2023-10-24,7812.94189453125,7901.978269397703,7812.94189453125,7812.94189453125,76963200,BBCA.JK
2023-10-25,7901.97802734375,7946.496213413292,7857.459841274208,7857.459841274208,54748400,BBCA.JK
2023-10-26,7768.42333984375,7968.755173822528,7768.42333984375,7946.49608115822,63199400,BBCA.JK
2023-10-27,7746.16552734375,7835.201912715517,7746.16552734375,7768.424623686692,52450700,BBCA.JK
2023-10-30,7879.71875,7879.71875,7746.164194915254,7746.164194915254,51958200,BBCA.JK
2023-10-31,7790.68310546875,7857.460389229911,7768.424010881697,7835.201294642857,64907600,BBCA.JK
2023-11-01,7657.12890625,7812.942575853924,7657.12890625,7790.68348019622,67027600,BBCA.JK
2023-11-02,7879.71875,7924.236935028248,7768.423287429378,7768.423287429378,56050900,BBCA.JK
2023-11-03,7924.23681640625,7968.755000768083,7879.718632044417,7946.495908587166,60414100,BBCA.JK
2023-11-06,8057.79150390625,8057.79150390625,7968.755133697341,7991.014226249568,84994200,BBCA.JK
2023-11-07,7991.01513671875,8035.533326895456,7924.237851453691,8013.274231807103,60648200,BBCA.JK
2023-11-08,8013.27294921875,8013.27294921875,7924.236583116319,7968.754766167534,31829300,BBCA.JK
2023-11-09,8013.27294921875,8057.791132269965,7924.236583116319,7924.236583116319,46076800,BBCA.JK
2023-11-10,7857.46044921875,8013.274112517705,7857.46044921875,7968.755923003718,50754600,BBCA.JK
2023-11-13,7901.97802734375,7946.496213413292,7879.7189343089785,7901.97802734375,20827700,BBCA.JK
2023-11-14,7946.49609375,7968.75518644958,7901.977908350841,7924.23700105042,37195700,BBCA.JK
2023-11-15,8057.79150390625,8057.79150390625,7968.755133697341,7991.014226249568,84977900,BBCA.JK
2023-11-16,8080.05029296875,8080.05029296875,7968.754834387913,8057.791201252583,48714300,BBCA.JK
2023-11-17,8080.05029296875,8080.05029296875,7991.013926104081,8035.532109536415,57050500,BBCA.JK
2023-11-20,7901.97802734375,8035.532585552377,7901.97802734375,7991.014399482835,49216000,BBCA.JK
2023-11-21,7812.94189453125,7924.237363114316,7812.94189453125,7857.460081964477,107614800,BBCA.JK
2023-11-22,7901.97802734375,7901.97802734375,7812.941655204666,7812.941655204666,40364800,BBCA.JK
2023-11-23,7946.49609375,7991.01427914916,7879.718815651261,7879.718815651261,55542100,BBCA.JK
2023-11-24,7946.49609375,7991.01427914916,7924.23700105042,7946.49609375,43631900,BBCA.JK
2023-11-27,7901.97802734375,7968.7553064480635,7901.97802734375,7924.2371203785215,35679000,BBCA.JK
2023-11-28,7901.97802734375,7968.7553064480635,7879.7189343089785,7901.97802734375,69070600,BBCA.JK
2023-11-29,7924.23681640625,7968.755000768083,7924.23681640625,7924.23681640625,54715600,BBCA.JK
2023-11-30,7991.01513671875,7991.01513671875,7924.237851453691,7946.4969465420445,205312100,BBCA.JK
2023-12-01,7968.75537109375,7991.014464309096,7924.2371846630585,7946.496277878405,80566400,BBCA.JK
2023-12-04,7984.4111328125,8073.872321975666,7984.4111328125,8006.776430103291,54747400,BBCA.JK
2023-12-05,7962.04541015625,8006.77600234814,7894.949521868417,8006.77600234814,94363900,BBCA.JK
2023-12-06,7872.58447265625,8006.776253440164,7872.58447265625,7917.315066250888,81852800,BBCA.JK
2023-12-07,7894.9501953125,7894.9501953125,7805.489003297628,7827.854301301346,91322500,BBCA.JK
2023-12-08,7827.8544921875,7917.315686383929,7827.8544921875,7872.585089285714,43891600,BBCA.JK
2023-12-11,7827.8544921875,7850.219790736607,7760.758596540179,7760.758596540179,78642800,BBCA.JK
2023-12-12,7783.1240234375,7827.854621273348,7783.1240234375,7783.1240234375,87589300,BBCA.JK
2023-12-13,7760.7578125,7827.8537013688765,7760.7578125,7783.123108789626,51560500,BBCA.JK
2023-12-14,8096.23681640625,8096.23681640625,7827.853275530905,7850.218570603851,115332800,BBCA.JK
2023-12-15,8252.794921875,8252.794921875,8118.60313452744,8163.33373030996,275013500,BBCA.JK
2023-12-18,8230.4287109375,8252.794006347656,8185.6981201171875,8230.4287109375,111712200,BBCA.JK
2023-12-19,8275.1591796875,8275.1591796875,8163.3327042863175,8163.3327042863175,65174500,BBCA.JK
2023-12-20,8319.8916015625,8319.8916015625,8252.7957015499,8275.1610015541,72938100,BBCA.JK
2023-12-21,8342.2548828125,8342.2548828125,8275.158999036528,8319.889588220509,88116700,BBCA.JK
2023-12-22,8342.2548828125,8364.620177404491,8297.52429362852,8297.52429362852,64449600,BBCA.JK
2023-12-27,8386.986328125,8409.351625,8342.255734375,8386.986328125,64464700,BBCA.JK
2023-12-28,8409.3515625,8431.716859208776,8342.25567237367,8342.25567237367,70184600,BBCA.JK
2023-12-29,8409.3515625,8454.082155917553,8364.620969082447,8431.716859208776,79903400,BBCA.JK
2024-01-02,8431.7177734375,8431.7177734375,8364.62187603614,8409.352474303714,30545200,BBCA.JK
2024-01-03,8364.62109375,8431.716984876337,8342.255796707888,8431.716984876337,34603300,BBCA.JK
2024-01-04,8476.447265625,8476.447265625,8386.986080763523,8409.351376978891,56501800,BBCA.JK
2024-01-05,8565.9091796875,8588.274477806788,8476.447987210346,8498.813285329636,85290100,BBCA.JK
2024-01-08,8565.9091796875,8610.639775926078,8476.447987210346,8588.274477806788,50896000,BBCA.JK
2024-01-09,8610.638671875,8610.638671875,8565.908081371754,8588.273376623376,59848600,BBCA.JK
2024-01-10,8543.5439453125,8633.005138457134,8543.5439453125,8633.005138457134,52774900,BBCA.JK
2024-01-11,8565.9091796875,8633.005074045366,8565.9091796875,8610.639775926078,39381500,BBCA.JK
2024-01-12,8677.736328125,8677.736328125,8588.27512886598,8633.00572849549,68253400,BBCA.JK
2024-01-15,8700.1015625,8722.46686214653,8633.00566356041,8722.46686214653,88399500,BBCA.JK
2024-01-16,8677.736328125,8722.46692775451,8655.371028310245,8677.736328125,44869200,BBCA.JK
2024-01-17,8722.46484375,8722.46484375,8633.003665865384,8722.46484375,107706100,BBCA.JK
2024-01-18,8655.3701171875,8722.4660095688,8610.639522266634,8655.3701171875,71048900,BBCA.JK
2024-01-19,8610.638671875,8744.83044338474,8588.273376623376,8744.83044338474,63176500,BBCA.JK
2024-01-22,8610.638671875,8633.003967126624,8521.177490868506,8588.273376623376,52868300,BBCA.JK
2024-01-23,8588.2744140625,8588.2744140625,8454.082626342773,8454.082626342773,92348600,BBCA.JK
2024-01-24,8521.1787109375,8588.274606299214,8476.448114029692,8588.274606299214,84906000,BBCA.JK
2024-01-25,8498.8134765625,8565.909372430098,8454.082879317435,8454.082879317435,63212700,BBCA.JK
2024-01-26,8364.62109375,8454.08228191845,8319.890499665777,8409.351687834225,78977300,BBCA.JK
2024-01-29,8543.5439453125,8543.5439453125,8386.986857309392,8409.35215559555,73452800,BBCA.JK
2024-01-30,8633.00390625,8633.00390625,8476.446840592616,8498.812135686529,73136400,BBCA.JK
2024-01-31,8543.5439453125,8677.73573502945,8543.5439453125,8677.73573502945,102581200,BBCA.JK
2024-02-01,8677.736328125,8700.101627939755,8565.909829051225,8633.00572849549,104208700,BBCA.JK
2024-02-02,8677.736328125,8767.19752738402,8610.640428680734,8744.832227569266,99324000,BBCA.JK
2024-02-05,8565.9091796875,8655.370372164654,8521.178583448924,8655.370372164654,57983300,BBCA.JK
2024-02-06,8610.638671875,8722.465148133117,8610.638671875,8722.465148133117,87651000,BBCA.JK
2024-02-07,8677.736328125,8700.101627939755,8633.00572849549,8677.736328125,92953500,BBCA.JK
2024-02-12,8767.197265625,8767.197265625,8677.73606903699,8722.466667330995,87949400,BBCA.JK
2024-02-13,8700.1015625,8767.19746143959,8677.73626285347,8722.46686214653,66072400,BBCA.JK
2024-02-15,8811.9267578125,8923.753239510628,8811.9267578125,8901.387943171003,164748900,BBCA.JK
2024-02-16,8901.3876953125,8946.11828674623,8834.291808161903,8923.752991029365,142277200,BBCA.JK
2024-02-19,8834.2919921875,8923.753176918512,8789.561399821994,8856.657288370252,53341300,BBCA.JK
2024-02-20,8968.4833984375,8968.4833984375,8811.926331631857,8811.926331631857,63997700,BBCA.JK
2024-02-21,8923.75390625,8946.119204260653,8811.927416196742,8901.38860823935,75371600,BBCA.JK
2024-02-22,8834.2919921875,8923.753176918512,8834.2919921875,8923.753176918512,66913000,BBCA.JK
2024-02-23,8789.5615234375,8879.022709426687,8767.196226940205,8856.65741292939,55192300,BBCA.JK
2024-02-26,8767.197265625,8834.293163066008,8700.101368183992,8722.466667330995,41356000,BBCA.JK
2024-02-27,8834.2919921875,8856.657288370252,8722.465511273735,8722.465511273735,43735800,BBCA.JK
2024-02-28,8946.1201171875,8946.1201171875,8856.658916015625,8923.754816894532,54043100,BBCA.JK
2024-02-29,8834.2919921875,8946.118473101265,8811.926696004746,8946.118473101265,126671200,BBCA.JK
2024-03-01,8789.5615234375,8879.022709426687,8767.196226940205,8856.65741292939,51520600,BBCA.JK
2024-03-04,8722.46484375,8789.560727163462,8722.46484375,8767.195432692308,43822900,BBCA.JK
2024-03-05,8767.197265625,8856.65846221301,8744.831966477997,8856.65846221301,61952900,BBCA.JK
2024-03-06,8901.3876953125,8946.11828674623,8744.83062529444,8856.657103878768,70242200,BBCA.JK
2024-03-07,9057.9462890625,9102.676888020833,8946.119791666666,8990.850390625,118369300,BBCA.JK
2024-03-08,9080.3115234375,9214.50331935037,9057.946224118688,9169.772720712746,100947200,BBCA.JK
2024-03-13,8946.1201171875,9303.964921875,8946.1201171875,9303.964921875,141622600,BBCA.JK
2024-03-14,9236.8671875,9236.8671875,8968.48363725787,8990.848933111381,110681100,BBCA.JK
2024-03-15,9080.3115234375,9214.50331935037,8990.850326162254,9125.042122075123,154176800,BBCA.JK
2024-03-18,9080.3115234375,9192.138020031558,9080.3115234375,9102.676822756312,62444100,BBCA.JK
2024-03-19,9102.67578125,9169.771671529485,9080.310484490172,9080.310484490172,55004800,BBCA.JK
2024-03-20,9057.9462890625,9080.311588541666,9013.215690104167,9035.580989583334,66269700,BBCA.JK
2024-03-21,9057.9462890625,9147.407486979168,8990.850390625,9102.676888020833,90279400,BBCA.JK
2024-03-22,9035.580078125,9057.945375348083,8901.38829478651,8946.118889232674,91968200,BBCA.JK
2024-03-25,9220.9140625,9220.9140625,9083.629982165012,9220.9140625,66971000,BBCA.JK
2024-03-26,9198.0322265625,9198.0322265625,9106.509517840484,9198.0322265625,65742700,BBCA.JK
2024-03-27,9220.9140625,9220.9140625,9152.272022332507,9175.152702388337,39514100,BBCA.JK
2024-03-28,9220.9140625,9243.79474255583,9129.391342276675,9175.152702388337,79229700,BBCA.JK
2024-04-01,9014.9873046875,9243.794089070432,8992.106626249208,9220.913410632138,79248700,BBCA.JK
2024-04-02,9060.75,9106.511363636364,8969.227272727274,9083.630681818182,76763100,BBCA.JK
2024-04-03,8717.5390625,8969.22654199475,8717.5390625,8923.465182086615,177418400,BBCA.JK
2024-04-04,9014.9873046875,9014.9873046875,8763.299841866276,8763.299841866276,75993500,BBCA.JK
2024-04-05,8992.1064453125,9106.509835201972,8992.1064453125,9106.509835201972,70428600,BBCA.JK
2024-04-16,8671.77734375,8763.300059779023,8465.851232684696,8557.373948713719,283265900,BBCA.JK
2024-04-17,8717.5390625,8854.82314222441,8717.5390625,8740.419742454069,95620700,BBCA.JK
2024-04-18,8671.77734375,8763.300059779023,8648.896664742744,8717.538701764512,127134000,BBCA.JK
2024-04-19,8671.77734375,8694.658022757256,8511.612590699207,8557.373948713719,147784300,BBCA.JK
2024-04-22,8557.3740234375,8626.016061058657,8557.3740234375,8603.135381851605,128908000,BBCA.JK
2024-04-23,8900.5849609375,8946.34632320453,8603.136106201799,8603.136106201799,178833000,BBCA.JK
2024-04-24,9106.5107421875,9106.5107421875,8923.46530013348,8992.107340903736,132832700,BBCA.JK
2024-04-25,8946.345703125,9152.271819053709,8877.703664482098,9152.271819053709,104874100,BBCA.JK
2024-04-26,8809.060546875,8992.10596083604,8809.060546875,8877.70257711039,100932900,BBCA.JK
2024-04-29,8969.2265625,9014.987922512755,8717.539082429847,8717.539082429847,90063500,BBCA.JK
2024-04-30,8969.2265625,9198.033362563776,8969.2265625,9198.033362563776,109623000,BBCA.JK
2024-05-02,8740.419921875,9060.749447807591,8694.658561027487,9060.749447807591,97079400,BBCA.JK
2024-05-03,9014.9873046875,9014.9873046875,8854.822555619448,8923.464590934327,81200400,BBCA.JK
2024-05-06,8969.2265625,9037.868602519133,8946.345882493622,9014.987922512755,53076200,BBCA.JK
2024-05-07,8877.705078125,8923.466444507088,8809.06302855187,8877.705078125,66746800,BBCA.JK
2024-05-08,8580.2548828125,8877.70371875,8580.2548828125,8786.181,112808900,BBCA.JK
2024-05-13,8717.5390625,8717.5390625,8420.090223097113,8420.090223097113,145469900,BBCA.JK
2024-05-14,8740.419921875,8854.823323993782,8717.539241451243,8809.061963146269,95363500,BBCA.JK
2024-05-15,8694.6591796875,8786.181907894737,8626.017133532074,8694.6591796875,54741900,BBCA.JK
2024-05-16,8786.1806640625,8854.822700500488,8717.538627624512,8763.299985249838,61126000,BBCA.JK
2024-05-17,8923.46484375,9014.987560096153,8763.30009014423,8786.180769230768,99848500,BBCA.JK
2024-05-20,8671.77734375,8969.226170844327,8671.77734375,8877.703454815302,87890100,BBCA.JK
2024-05-21,8580.2548828125,8763.300320312499,8580.2548828125,8648.896921874999,75311400,BBCA.JK
2024-05-22,8626.015625,8763.299693302388,8534.492912798409,8671.776981100797,121712700,BBCA.JK
2024-05-27,8511.61328125,8580.255323840725,8488.732600386425,8511.61328125,128578500,BBCA.JK
2024-05-28,8511.61328125,8603.136004704302,8511.61328125,8511.61328125,73945700,BBCA.JK
2024-05-29,8374.3291015625,8534.493865800034,8374.3291015625,8488.73250458931,117351600,BBCA.JK
2024-05-30,8237.0439453125,8465.850721571182,8031.117846679688,8237.0439453125,207115100,BBCA.JK
2024-05-31,8465.8515625,8465.8515625,8259.925443412161,8328.567483108109,756431600,BBCA.JK
2024-06-03,8488.732421875,8557.374463022237,8442.971061110175,8557.374463022237,72197700,BBCA.JK
2024-06-04,8557.3740234375,8717.538777886866,8557.3740234375,8717.538777886866,75353100,BBCA.JK
2024-06-05,8648.896484375,8694.657841435186,8511.612413194445,8694.657841435186,82087300,BBCA.JK
2024-06-06,8671.77734375,8717.538701764512,8648.896664742744,8717.538701764512,44991300,BBCA.JK
2024-06-07,8534.4931640625,8694.657915130698,8534.4931640625,8694.657915130698,51599800,BBCA.JK
2024-06-10,8717.5390625,8717.5390625,8648.897022637795,8694.658382545931,45584700,BBCA.JK
2024-06-11,8511.61328125,8740.420089885753,8511.61328125,8740.420089885753,68690900,BBCA.JK
2024-06-12,8465.8515625,8534.493602195946,8465.8515625,8511.612922297298,49785700,BBCA.JK
2024-06-13,8420.0888671875,8671.776306152344,8420.0888671875,8671.776306152344,84652200,BBCA.JK
2024-06-14,8420.0888671875,8465.850219726562,8328.566162109375,8420.0888671875,52986300,BBCA.JK
2024-06-19,8282.8056640625,8465.851093102556,8282.8056640625,8465.851093102556,100051000,BBCA.JK
2024-06-20,8626.015625,8626.015625,8328.566810344828,8374.328166445624,81474800,BBCA.JK
2024-06-21,8786.1806640625,8854.822700500488,8603.135233561197,8671.777269999186,166841200,BBCA.JK
2024-06-24,8786.1806640625,8923.464736938477,8763.299985249838,8786.1806640625,79592300,BBCA.JK
2024-06-25,8786.1806640625,8786.1806640625,8648.896591186523,8786.1806640625,80029000,BBCA.JK
2024-06-26,8694.6591796875,8831.943271998356,8648.897815583881,8717.53986173931,77913200,BBCA.JK
2024-06-27,8923.46484375,8923.46484375,8740.419411057692,8763.30009014423,89150700,BBCA.JK
2024-06-28,9083.6298828125,9129.391242423646,8946.345803979062,8969.226483784634,166172300,BBCA.JK
2024-07-01,9037.8681640625,9060.748842958861,8992.106806269778,9014.987485166139,68634600,BBCA.JK
2024-07-02,9060.75,9152.272727272728,9014.988636363636,9152.272727272728,78848500,BBCA.JK
2024-07-03,9152.2724609375,9152.2724609375,9083.630417480468,9129.391779785155,55860200,BBCA.JK
2024-07-04,8992.1064453125,9152.27119115776,8992.1064453125,9129.390513179866,67054000,BBCA.JK
2024-07-05,9106.5107421875,9129.391422444252,9037.868701417243,9083.630061930748,36946900,BBCA.JK
2024-07-08,9198.0322265625,9198.0322265625,9106.509517840484,9152.270872201492,72903600,BBCA.JK
2024-07-09,9220.9140625,9289.556102667493,9220.9140625,9243.79474255583,61853200,BBCA.JK
2024-07-10,9243.7939453125,9358.197335724783,9198.032589147586,9312.43597955987,62325900,BBCA.JK
2024-07-11,9220.9140625,9266.675422611663,9152.272022332507,9152.272022332507,55908400,BBCA.JK
2024-07-12,9220.9140625,9243.79474255583,9175.152702388337,9198.033382444168,62646500,BBCA.JK
2024-07-15,9198.0322265625,9220.912903743003,9106.509517840484,9198.0322265625,36682600,BBCA.JK
2024-07-16,9106.5107421875,9175.152782957757,9106.5107421875,9129.391422444252,37192700,BBCA.JK
2024-07-17,8969.2265625,9106.510642538266,8969.2265625,9060.74928252551,90666000,BBCA.JK
2024-07-18,9243.7939453125,9243.7939453125,8969.225808323019,8969.225808323019,65383200,BBCA.JK
2024-07-19,9266.67578125,9266.67578125,9129.391695601853,9198.033738425926,53880300,BBCA.JK
2024-07-22,9243.7939453125,9289.555301477412,9243.7939453125,9266.674623394956,31285300,BBCA.JK
2024-07-23,9312.4365234375,9335.317202856266,9266.67516459997,9335.317202856266,39321100,BBCA.JK
2024-07-24,9220.9140625,9312.436782723325,9220.9140625,9266.675422611663,24658000,BBCA.JK
2024-07-25,9426.8388671875,9426.8388671875,9335.316159739077,9358.196836601182,98088100,BBCA.JK
2024-07-26,9449.720703125,9518.36274213075,9426.840023456416,9495.482062462166,75565800,BBCA.JK
2024-07-29,9381.078125,9541.24287347561,9312.436089939025,9518.362195121952,69092500,BBCA.JK
2024-07-30,9312.4365234375,9426.839920531327,9312.4365234375,9426.839920531327,32122900,BBCA.JK
2024-07-31,9403.9599609375,9472.602004447992,9358.198598597171,9472.602004447992,82519900,BBCA.JK
2024-08-01,9495.482421875,9495.482421875,9335.31765813253,9335.31765813253,61176200,BBCA.JK
2024-08-02,9335.3173828125,9472.601461971508,9335.3173828125,9403.959422392005,55699900,BBCA.JK
2024-08-05,9037.8681640625,9289.555631922469,9037.8681640625,9152.271558544304,126328300,BBCA.JK
2024-08-06,9152.2724609375,9220.91450439453,9106.511098632813,9220.91450439453,78473900,BBCA.JK
2024-08-07,9243.7939453125,9243.7939453125,9152.271232982674,9152.271232982674,52327400,BBCA.JK
2024-08-08,9358.197265625,9358.197265625,9220.913198158618,9289.555231891809,54162100,BBCA.JK
2024-08-09,9289.556640625,9381.079366148399,9243.7952778633,9358.198684767549,47062400,BBCA.JK
2024-08-12,9335.3173828125,9335.3173828125,9220.913983513328,9243.794663373163,40364100,BBCA.JK
2024-08-13,9426.8388671875,9426.8388671875,9312.435482876972,9381.077513463288,55207100,BBCA.JK
2024-08-14,9335.3173828125,9426.84010225184,9335.3173828125,9426.84010225184,47999100,BBCA.JK
2024-08-15,9358.197265625,9426.83929935819,9312.435909802873,9335.316587713936,33396600,BBCA.JK
2024-08-16,9449.720703125,9449.720703125,9381.078664119248,9426.840023456416,40731400,BBCA.JK
2024-08-19,9495.482421875,9541.243782944277,9403.959699736446,9449.721060805723,51054400,BBCA.JK
2024-08-20,9541.2431640625,9564.12384311301,9426.839768809952,9449.720447860462,60304400,BBCA.JK
2024-08-21,9541.2431640625,9609.885201214029,9541.2431640625,9609.885201214029,84848800,BBCA.JK
2024-08-22,9449.720703125,9518.36274213075,9358.197984450666,9472.601382793582,56611600,BBCA.JK
2024-08-23,9449.720703125,9495.482062462166,9426.840023456416,9449.720703125,46651600,BBCA.JK
2024-08-26,9449.720703125,9495.482062462166,9381.078664119248,9403.959343787832,35145600,BBCA.JK
2024-08-27,9335.3173828125,9426.84010225184,9312.436702952666,9403.959422392005,60448400,BBCA.JK
2024-08-28,9472.6015625,9472.6015625,9381.078842089371,9426.840202294687,38489900,BBCA.JK
2024-08-29,9358.197265625,9609.884722646699,9358.197265625,9609.884722646699,53004700,BBCA.JK
2024-08-30,9449.720703125,9449.720703125,9335.317304782082,9449.720703125,158403700,BBCA.JK
2024-09-02,9403.9599609375,9495.482685618157,9335.317917427006,9495.482685618157,72008600,BBCA.JK
2024-09-03,9312.4365234375,9449.720599950093,9289.555844018734,9449.720599950093,50950200,BBCA.JK
2024-09-04,9426.8388671875,9426.8388671875,9266.67412915276,9289.554806014867,44817000,BBCA.JK
2024-09-05,9381.078125,9472.600838414635,9381.078125,9472.600838414635,39332900,BBCA.JK
2024-09-06,9426.8388671875,9426.8388671875,9358.196836601182,9358.196836601182,31541800,BBCA.JK
2024-09-09,9403.9599609375,9472.602004447992,9335.317917427006,9426.840642107663,36185100,BBCA.JK
2024-09-10,9472.6015625,9472.6015625,9403.95952219203,9472.6015625,55093100,BBCA.JK
2024-09-11,9541.2431640625,9541.2431640625,9472.601126910971,9541.2431640625,64621300,BBCA.JK
2024-09-12,9587.0048828125,9609.885562723748,9495.482163167513,9564.124202901254,70759100,BBCA.JK
2024-09-13,9541.2431640625,9541.2431640625,9449.720447860462,9518.36248501199,70057100,BBCA.JK
2024-09-17,9609.884765625,9609.884765625,9472.600697544643,9564.123409598214,89745000,BBCA.JK
2024-09-18,9724.2880859375,9724.2880859375,9564.123340992646,9609.884696691177,65420200,BBCA.JK
2024-09-19,9975.9755859375,9975.9755859375,9747.16880644352,9792.930162342316,140886600,BBCA.JK
2024-09-20,9861.572265625,9975.975656177494,9861.572265625,9975.975656177494,142194600,BBCA.JK
2024-09-23,10021.7373046875,10021.7373046875,9815.81119568707,9815.81119568707,72553800,BBCA.JK
2024-09-24,9884.4541015625,10021.738186306424,9861.573420771845,9861.573420771845,105191100,BBCA.JK
2024-09-25,9930.2158203125,9930.2158203125,9632.766959335397,9770.051049017136,158369100,BBCA.JK
2024-09-26,9792.9306640625,9953.09541791399,9770.049984940859,9953.09541791399,84960100,BBCA.JK
2024-09-27,9747.169921875,9838.692644146126,9518.363116197183,9609.88583846831,93027400,BBCA.JK
2024-09-30,9449.720703125,9655.646820142252,9449.720703125,9587.0047811365,144692100,BBCA.JK
2024-10-01,9655.6474609375,9655.6474609375,9495.482692628111,9518.363373815166,59797700,BBCA.JK
2024-10-02,9609.884765625,9655.646121651786,9449.72001953125,9449.72001953125,86746200,BBCA.JK
2024-10-03,9564.123046875,9632.765078311902,9518.361692583732,9564.123046875,60887000,BBCA.JK
2024-10-04,9587.0048828125,9587.0048828125,9472.601483256265,9518.36284307876,58500400,BBCA.JK
2024-10-07,9426.8388671875,9495.480897773816,9381.077513463288,9472.60022091171,91867900,BBCA.JK
2024-10-08,9518.36328125,9609.886005108172,9289.556471604566,9335.317833533652,99622900,BBCA.JK
2024-10-09,9541.2431640625,9632.765880264538,9518.36248501199,9518.36248501199,56835200,BBCA.JK
2024-10-10,9609.884765625,9609.884765625,9518.362053571429,9541.242731584822,51080000,BBCA.JK
2024-10-11,9495.482421875,9678.527866152108,9495.482421875,9678.527866152108,44632100,BBCA.JK
2024-10-14,9609.884765625,9609.884765625,9495.481375558036,9495.481375558036,31738600,BBCA.JK
2024-10-15,9724.2880859375,9724.2880859375,9564.123340992646,9655.646052389706,66635200,BBCA.JK
2024-10-16,9587.0048828125,9815.81168192497,9587.0048828125,9792.931002013724,63255900,BBCA.JK
2024-10-17,9815.8115234375,9884.453562062938,9609.885407561189,9655.646766644813,66993300,BBCA.JK
2024-10-18,9838.69140625,9953.094794694767,9815.810728561046,9953.094794694767,56299600,BBCA.JK
2024-10-21,9770.05078125,9930.215548155738,9770.05078125,9930.215548155738,36472500,BBCA.JK
2024-10-22,9609.884765625,9701.407477678571,9587.004087611607,9587.004087611607,94799500,BBCA.JK
2024-10-23,9747.169921875,9747.169921875,9587.005157900529,9587.005157900529,48903000,BBCA.JK
2024-10-24,9792.9306640625,9930.214738792349,9792.9306640625,9815.811343184141,85341200,BBCA.JK
2024-10-25,9838.69140625,9838.69140625,9724.288017805233,9747.168695494185,34847500,BBCA.JK
2024-10-28,9701.408203125,9907.334320644162,9701.408203125,9907.334320644162,39061500,BBCA.JK
2024-10-29,9609.884765625,9678.526799665178,9609.884765625,9632.765443638393,49680100,BBCA.JK
2024-10-30,9472.6015625,9518.362922705315,9403.95952219203,9403.95952219203,114484100,BBCA.JK
2024-10-31,9381.078125,9587.004230182927,9381.078125,9449.720160060975,97553400,BBCA.JK
2024-11-01,9541.2431640625,9541.2431640625,9403.959089759443,9403.959089759443,47710000,BBCA.JK
2024-11-04,9495.482421875,9609.885824548192,9426.840380271084,9541.243782944277,49275700,BBCA.JK
2024-11-05,9609.884765625,9678.526799665178,9426.839341517858,9426.839341517858,50296500,BBCA.JK
2024-11-06,9564.123046875,9609.884401166268,9495.481015438098,9587.003724020633,50324900,BBCA.JK
2024-11-07,9312.4365234375,9564.123997043918,9312.4365234375,9449.720599950093,131579100,BBCA.JK
2024-11-08,9220.9140625,9358.198142834988,9198.033382444168,9335.317462779156,92166100,BBCA.JK
2024-11-11,9198.0322265625,9198.0322265625,8969.225454757463,8969.225454757463,128707600,BBCA.JK
2024-11-12,9289.556640625,9358.198684767549,9152.272552339902,9243.7952778633,80378500,BBCA.JK
2024-11-13,9289.556640625,9381.079366148399,9289.556640625,9358.198684767549,62933100,BBCA.JK
2024-11-14,9243.7939453125,9312.43597955987,9198.032589147586,9266.674623394956,56381400,BBCA.JK
2024-11-15,9312.4365234375,9403.959241112561,9198.033126343673,9198.033126343673,63598200,BBCA.JK
2024-11-18,9152.2724609375,9266.67586669922,9152.2724609375,9220.91450439453,65716200,BBCA.JK
2024-11-19,9083.6298828125,9175.152602034792,9060.749203006928,9060.749203006928,85295300,BBCA.JK
2024-11-20,9220.9140625,9289.556102667493,9152.272022332507,9175.152702388337,58584400,BBCA.JK
2024-11-21,9059.9501953125,9197.91898001269,9059.9501953125,9197.91898001269,93181200,BBCA.JK
2024-11-22,9059.9501953125,9151.929385112628,9059.9501953125,9128.934587662596,58396100,BBCA.JK
2024-11-25,9358.8818359375,9381.876631603194,9105.939083614865,9151.928674946254,165369400,BBCA.JK
2024-11-26,9197.919921875,9427.867919921875,9197.919921875,9427.867919921875,62310100,BBCA.JK
2024-11-28,9197.919921875,9266.904321289063,9128.935522460937,9174.925122070312,57443500,BBCA.JK
2024-11-29,9197.919921875,9289.89912109375,9151.930322265625,9197.919921875,76886000,BBCA.JK
2024-12-02,8967.9716796875,9243.90926983173,8967.9716796875,9197.91967147436,87879600,BBCA.JK
2024-12-03,9381.8779296875,9404.872728534774,9105.94034352022,9220.914337756587,126087100,BBCA.JK
2024-12-04,9381.8779296875,9427.867527382046,9243.909136603861,9358.883130840226,97876300,BBCA.JK
2024-12-05,9427.8662109375,9519.845393483232,9404.871415301068,9427.8662109375,96904400,BBCA.JK
2024-12-06,9266.904296875,9358.883495851427,9243.909497130893,9289.899096619107,68247200,BBCA.JK
2024-12-09,9519.8466796875,9519.8466796875,9197.919497282608,9220.914296025814,64458400,BBCA.JK
2024-12-10,9519.8466796875,9519.8466796875,9450.86228345788,9496.851880944294,61230400,BBCA.JK
2024-12-11,9588.8310546875,9588.8310546875,9404.87266514913,9404.87266514913,37934300,BBCA.JK
2024-12-12,9358.8818359375,9542.840201263052,9358.8818359375,9473.855814265971,44780100,BBCA.JK
2024-12-13,9243.908203125,9404.871778801305,9220.913406599813,9312.89259270056,75126400,BBCA.JK
2024-12-16,9289.8984375,9312.893235612624,9197.919245049505,9197.919245049505,57746100,BBCA.JK
2024-12-17,9105.9404296875,9243.909224076704,9105.9404296875,9151.930027817234,99845900,BBCA.JK
2024-12-18,9013.9609375,9220.914122289541,9013.9609375,9105.940130739797,84868500,BBCA.JK
2024-12-19,8898.9873046875,8990.966501635174,8784.013308502907,8921.982103924418,104254100,BBCA.JK
2024-12-20,8875.9912109375,8967.97039447053,8852.996415054242,8875.9912109375,91576900,BBCA.JK
2024-12-23,8990.9658203125,9059.950212795715,8921.981427829283,8921.981427829283,43292100,BBCA.JK
2024-12-24,8967.9716796875,9105.940474759616,8967.9716796875,9059.950876402245,32415700,BBCA.JK
2024-12-27,9013.9609375,9036.955735809948,8944.976542570153,9013.9609375,24016700,BBCA.JK
2024-12-30,8898.9873046875,9036.956100109011,8898.9873046875,9013.961300872092,56350100,BBCA.JK
2025-01-02,9105.9404296875,9105.9404296875,8875.992439038826,8875.992439038826,38124800,BBCA.JK
2025-01-03,9059.9501953125,9128.934587662596,9036.955397862468,9059.9501953125,41916000,BBCA.JK
2025-01-06,8898.9873046875,9082.945698582847,8875.99250545058,9059.95089934593,41593900,BBCA.JK
2025-01-07,8761.0185546875,8944.976949536582,8761.0185546875,8898.98735082431,71318600,BBCA.JK
2025-01-08,8898.9873046875,8990.966501635174,8807.008107739824,8898.9873046875,55943100,BBCA.JK
2025-01-09,9059.9501953125,9082.944992762532,8944.976208062342,8967.971005512372,42733800,BBCA.JK
2025-01-10,8944.9765625,9128.93494938946,8944.9765625,9013.960957583547,72531300,BBCA.JK
2025-01-13,8898.9873046875,8944.976903161336,8852.997706213662,8852.997706213662,88270100,BBCA.JK
2025-01-14,8761.0185546875,8944.976949536582,8761.0185546875,8830.002952755905,70942600,BBCA.JK
2025-01-15,9013.9609375,9013.9609375,8784.01295440051,8807.007752710459,77098000,BBCA.JK
2025-01-16,8967.9716796875,9128.935273938301,8967.9716796875,9059.950876402245,76979000,BBCA.JK
2025-01-17,9105.9404296875,9105.9404296875,8875.992439038826,8967.971635298296,71033100,BBCA.JK
2025-01-20,8852.9970703125,9082.945046164772,8852.9970703125,9059.950248579546,112111200,BBCA.JK
2025-01-21,8807.0078125,8898.98700636423,8784.013014033942,8830.002610966058,124547900,BBCA.JK
2025-01-22,8830.0029296875,8898.987327575684,8807.008130391438,8875.992528279621,90154800,BBCA.JK
2025-01-23,8830.0029296875,8967.971725463867,8830.0029296875,8830.0029296875,120515400,BBCA.JK
2025-01-24,8600.0546875,8875.99227105615,8600.0546875,8852.99747242647,152057000,BBCA.JK
2025-01-30,8416.0966796875,8531.070678043887,8416.0966796875,8416.0966796875,154645800,BBCA.JK
2025-01-31,8692.033203125,8738.022796792327,8485.080031622025,8508.074828455688,112982800,BBCA.JK
2025-02-03,8600.0546875,8646.044284759359,8485.080694351604,8646.044284759359,90439900,BBCA.JK
2025-02-04,8439.091796875,8646.045001702996,8439.091796875,8600.055400630108,94607700,BBCA.JK
2025-02-05,8393.1015625,8439.09116010274,8370.10676369863,8370.10676369863,98229900,BBCA.JK
2025-02-06,8232.138671875,8370.107476431565,8140.159468837291,8347.112675672137,171477800,BBCA.JK
2025-02-07,8600.0546875,8600.0546875,8117.163916276738,8232.137909425133,131162200,BBCA.JK
2025-02-10,8416.0966796875,8508.075878372609,8301.122681331113,8301.122681331113,76209100,BBCA.JK
2025-02-11,8347.111328125,8370.106125172177,8278.12693698347,8301.121734030647,71188300,BBCA.JK
2025-02-12,8416.0966796875,8416.0966796875,8232.13828231728,8232.13828231728,121172600,BBCA.JK
2025-02-13,8278.126953125,8416.095735677083,8278.126953125,8370.106141493055,90439700,BBCA.JK
2025-02-14,8255.1328125,8347.112008182452,8232.138013579388,8278.127611420612,116274500,BBCA.JK
2025-02-17,8577.0595703125,8577.0595703125,8255.132401453586,8255.132401453586,89096400,BBCA.JK
2025-02-18,8554.064453125,8807.00721921203,8508.074859290995,8577.059250042003,107318300,BBCA.JK
2025-02-19,8232.138671875,8508.076280988129,8232.138671875,8485.081480228702,154438200,BBCA.JK
2025-02-20,8278.126953125,8301.121750217013,8232.137358940972,8255.132156032985,119260800,BBCA.JK
2025-02-21,8278.126953125,8278.126953125,8209.142561848957,8232.137358940972,106054700,BBCA.JK
2025-02-24,8209.142578125,8255.13217240021,8163.15298384979,8209.142578125,108530300,BBCA.JK
2025-02-25,8117.1640625,8278.127655807366,8117.1640625,8186.148459631728,101592700,BBCA.JK
2025-02-26,8071.173828125,8186.147814280626,8025.184233662749,8094.168625356125,117843500,BBCA.JK
2025-02-27,7841.22607421875,8094.168850806452,7818.231276347141,8094.168850806452,199991600,BBCA.JK
2025-02-28,7749.2470703125,7979.19505459477,7749.2470703125,7841.226264025408,293095000,BBCA.JK
2025-03-03,8094.1689453125,8186.1481378728695,7864.220963911576,7910.210560191761,192944300,BBCA.JK
2025-03-04,8140.15869140625,8209.143087096134,7979.195101463189,8186.148288532839,125418500,BBCA.JK
2025-03-05,8278.126953125,8439.090532769096,8117.163373480903,8117.163373480903,155207900,BBCA.JK
2025-03-06,8255.1328125,8462.086002785516,8255.1328125,8462.086002785516,96270100,BBCA.JK
2025-03-07,8209.142578125,8278.126969537814,8209.142578125,8278.126969537814,82295300,BBCA.JK
2025-03-10,8209.142578125,8255.13217240021,8025.18420102416,8048.178998161765,97652100,BBCA.JK
2025-03-11,8209.142578125,8324.116563813024,8163.15298384979,8232.137375262604,109295600,BBCA.JK
2025-03-12,8393.1015625,8393.1015625,8255.13276969178,8301.12236729452,87968900,BBCA.JK
2025-03-13,8255.1328125,8439.091203864902,8255.1328125,8416.09640494429,83030700,BBCA.JK
2025-03-14,8048.1796875,8209.14328125,8048.1796875,8094.169285714286,111397800,BBCA.JK
2025-03-17,7910.21142578125,8071.175030375636,7864.221824468569,8048.180229719295,151365700,BBCA.JK
2025-03-18,7634.27294921875,7864.220929616905,7427.319766860411,7818.231333537274,417305700,BBCA.JK
2025-03-19,7657.267578125,7726.251970720721,7565.288387997372,7634.272780593094,214108200,BBCA.JK
2025-03-20,7703.2568359375,7795.236022038246,7680.262039412313,7772.241225513059,152917300,BBCA.JK
2025-03-21,7489.9365234375,7845.471484993077,7489.9365234375,7845.471484993077,377916400,BBCA.JK
2025-03-24,7537.3408203125,7679.554798054245,7229.210535205385,7418.829172194379,331836800,BBCA.JK
2025-03-25,7632.150390625,7726.959712247671,7584.745729813664,7655.852721030667,136341700,BBCA.JK
2025-03-26,8082.494140625,8201.00578491569,7845.470852043622,7869.17318090176,283104600,BBCA.JK
2025-03-27,8058.7919921875,8129.89898035386,7940.2803452435655,7987.685004021139,122943900,BBCA.JK
2025-04-08,7371.4248046875,7584.745779742765,6897.378193453577,7015.889846262058,533073600,BBCA.JK
2025-04-09,7513.638671875,7537.3410020701895,7276.615369923107,7300.317700118297,136753900,BBCA.JK
2025-04-10,7798.06689453125,8201.006521300342,7750.662232558415,8058.792535381838,144148600,BBCA.JK
2025-04-11,7845.47119140625,7892.875851173055,7632.150222455627,7774.364201756042,82603000,BBCA.JK
2025-04-14,7963.98291015625,7963.98291015625,7821.768929617746,7821.768929617746,83319300,BBCA.JK
2025-04-15,8129.89892578125,8153.601255010933,8011.387279632835,8129.89892578125,83431800,BBCA.JK
2025-04-16,8035.08984375,8106.1968335177,7987.685183904868,8058.792173672567,76874900,BBCA.JK
2025-04-17,8058.7919921875,8058.7919921875,7916.578015854779,8011.387333409926,83540600,BBCA.JK
2025-04-21,7869.17333984375,8058.791974538781,7869.17333984375,8058.791974538781,40683800,BBCA.JK
2025-04-22,8058.7919921875,8058.7919921875,7892.875686465993,7892.875686465993,56537100,BBCA.JK
2025-04-23,8272.11328125,8272.11328125,8106.196969018625,8106.196969018625,92329600,BBCA.JK
2025-04-24,8035.08984375,8390.624792588496,8035.089843750001,8390.624792588496,143675300,BBCA.JK
2025-04-25,8153.60107421875,8201.005731626998,8129.898745514625,8201.005731626998,58297000,BBCA.JK
2025-04-28,8319.517578125,8319.517578125,8201.005931712964,8295.815248842593,73235400,BBCA.JK
2025-04-29,8272.11328125,8366.922602525072,8248.410950931233,8343.220272206303,60315700,BBCA.JK
2025-04-30,8366.921875,8461.73118803116,8224.707905453257,8343.21954674221,164597500,BBCA.JK
2025-05-02,8509.13671875,8532.839049442897,8390.625065285516,8532.839049442897,92219000,BBCA.JK
2025-05-05,8509.13671875,8580.24371082869,8509.13671875,8532.839049442897,86385600,BBCA.JK
2025-05-06,8556.5419921875,8580.244324575831,8509.137327410837,8580.244324575831,48860500,BBCA.JK
2025-05-07,8603.9453125,8627.647641184574,8532.838326446281,8603.9453125,77382000,BBCA.JK
2025-05-08,8509.13671875,8722.457694986073,8461.732057364206,8603.946041521587,99614500,BBCA.JK
2025-05-09,8532.837890625,8580.242545572917,8509.135563151041,8580.242545572917,47167500,BBCA.JK
2025-05-14,8793.564453125,8817.266783187331,8675.052802813343,8769.862123062669,149002900,BBCA.JK
2025-05-15,8793.564453125,8912.076103436657,8769.862123062669,8793.564453125,101401300,BBCA.JK
2025-05-16,8817.2666015625,8840.968931136593,8746.159612840222,8817.2666015625,63007500,BBCA.JK
2025-05-19,9006.884765625,9006.884765625,8769.861482319078,8793.56381064967,111597200,BBCA.JK
2025-05-20,8983.18359375,9172.802244805409,8983.18359375,9006.885925131926,160614800,BBCA.JK
2025-05-21,9196.5048828125,9220.207214984697,9054.290889779317,9196.5048828125,169739200,BBCA.JK
2025-05-22,9149.0986328125,9291.312601198188,9149.0986328125,9291.312601198188,103113000,BBCA.JK
2025-05-23,9172.80078125,9196.50310885013,9125.396126049742,9172.80078125,48521800,BBCA.JK
2025-05-26,9125.3974609375,9149.09979200487,9006.88580560065,9101.69512987013,56625300,BBCA.JK
2025-05-27,8959.48046875,9101.694444444445,8959.48046875,9054.28978587963,93212000,BBCA.JK
2025-05-28,8912.076171875,9054.290153341091,8912.076171875,8959.480832363697,236950800,BBCA.JK
2025-06-02,8627.6484375,8698.755430116758,8556.541444883242,8556.541444883242,264428700,BBCA.JK
2025-06-03,8580.2431640625,8651.350151609979,8485.433847332528,8580.2431640625,128318100,BBCA.JK
2025-06-04,8509.13671875,8651.350702907383,8485.434388057103,8627.648372214484,93357200,BBCA.JK
2025-06-05,8461.73046875,8580.242099964986,8438.028142507002,8532.83744747899,95529000,BBCA.JK
2025-06-10,8627.6484375,8627.6484375,8485.434452266483,8509.136783138736,80406400,BBCA.JK
2025-06-11,8580.2431640625,8651.350151609979,8580.2431640625,8627.647822427485,56632600,BBCA.JK
2025-06-12,8651.3505859375,8651.3505859375,8532.838934075342,8532.838934075342,41337300,BBCA.JK
2025-06-13,8556.5419921875,8651.351321740824,8509.137327410837,8627.648989352492,83318000,BBCA.JK
2025-06-16,8461.73046875,8532.83744747899,8438.028142507002,8461.73046875,57825000,BBCA.JK
2025-06-17,8603.9453125,8627.647641184574,8509.135997761708,8509.135997761708,54927900,BBCA.JK
2025-06-18,8438.029296875,8556.54094430302,8438.029296875,8485.433955846207,86270200,BBCA.JK
2025-06-19,8319.517578125,8461.731553819445,8295.815248842593,8438.029224537036,78879500,BBCA.JK
2025-06-20,8248.4111328125,8414.327448702406,8177.3041402882545,8248.4111328125,445915100,BBCA.JK
2025-06-23,8177.3046875,8248.411684782608,8058.793025362319,8129.900022644928,87324500,BBCA.JK
2025-06-24,8319.517578125,8390.624565972223,8248.410590277777,8272.112919560186,110158900,BBCA.JK
2025-06-25,8153.60107421875,8319.51737514762,8035.089430698128,8272.112717739372,117561000,BBCA.JK
2025-06-26,8201.005859375,8201.005859375,8082.4942140083085,8082.4942140083085,117281700,BBCA.JK
2025-06-30,8224.7080078125,8366.921979129142,8106.1963650486305,8129.898693601404,185441800,BBCA.JK
2025-07-01,8248.4111328125,8319.518125336746,8153.601809446839,8295.815794495331,82364500,BBCA.JK
2025-07-02,8224.7080078125,8224.7080078125,8129.898693601404,8129.898693601404,68545100,BBCA.JK
2025-07-03,8153.60107421875,8295.815046443495,8153.60107421875,8248.410389035247,50370800,BBCA.JK
2025-07-04,8201.005859375,8248.410517521676,8106.196543081647,8201.005859375,43593300,BBCA.JK
2025-07-07,8177.3046875,8201.007019927536,8106.197690217391,8177.3046875,49936900,BBCA.JK
2025-07-08,8058.7919921875,8153.601309742647,7987.685004021139,8106.196650965073,215611000,BBCA.JK
2025-07-09,8058.7919921875,8106.196650965073,8011.387333409926,8058.7919921875,94459300,BBCA.JK
2025-07-10,8153.60107421875,8201.005731626998,8058.791759402253,8082.494088106377,111769400,BBCA.JK
2025-07-11,8177.3046875,8224.709352355072,8129.900022644928,8129.900022644928,135986500,BBCA.JK
2025-07-14,8082.494140625,8224.708113773828,8011.387154050587,8201.00578491569,125196000,BBCA.JK
2025-07-15,8106.19677734375,8153.60143686038,8035.089788068804,8153.60143686038,77219300,BBCA.JK
2025-07-16,8082.494140625,8153.601127199414,8058.791811766862,8106.196469483138,97475300,BBCA.JK
2025-07-17,8082.494140625,8106.196469483138,8058.791811766862,8058.791811766862,86016400,BBCA.JK
2025-07-18,7987.685546875,8129.899532872774,7987.685546874999,8106.197201873145,80432200,BBCA.JK
2025-07-21,8011.38720703125,8058.79186506102,7940.280219986594,8011.38720703125,95383500,BBCA.JK
2025-07-22,7963.98291015625,8035.0899004255025,7963.98291015625,8011.387570335752,77981700,BBCA.JK
2025-07-23,7987.685546875,8058.792539873887,7963.983215875371,8011.387877874628,70969500,BBCA.JK
2025-07-24,8058.7919921875,8106.196650965073,8011.387333409926,8035.089662798713,138256800,BBCA.JK
2025-07-25,8011.38720703125,8082.494194075905,8011.38720703125,8058.79186506102,58682800,BBCA.JK
2025-07-28,8058.7919921875,8177.303639131434,8035.089662798713,8177.303639131434,99484300,BBCA.JK
2025-07-29,7963.98291015625,8058.792230515253,7940.280580066499,8058.792230515253,104240300,BBCA.JK
2025-07-30,7940.2802734375,8035.0895901352615,7892.875615088619,8035.0895901352615,98098100,BBCA.JK
2025-07-31,7845.47119140625,7940.2805109398605,7821.768861522847,7916.578181056458,206006300,BBCA.JK
2025-08-01,7869.17333984375,7987.684986528145,7869.17333984375,7963.982657191265,86196100,BBCA.JK
2025-08-04,7845.47119140625,7916.578181056458,7845.47119140625,7892.875851173055,49054500,BBCA.JK
2025-08-05,7987.685546875,8011.387877874628,7892.876222876484,7916.578553876112,69475900,BBCA.JK
2025-08-06,7869.17333984375,7987.684986528145,7869.17333984375,7987.684986528145,56325400,BBCA.JK
2025-08-07,7869.17333984375,7916.577998517508,7869.17333984375,7892.875669180629,43621300,BBCA.JK
2025-08-08,7869.17333984375,7963.982657191265,7869.17333984375,7892.875669180629,68378700,BBCA.JK
2025-08-11,8106.19677734375,8106.19677734375,7987.685128552174,8058.79211782712,128561300,BBCA.JK
2025-08-12,8390.6240234375,8414.326351187323,8129.898418189442,8177.303073689089,171015700,BBCA.JK
2025-08-13,8461.73046875,8509.135121235995,8272.111858806022,8509.135121235995,129083900,BBCA.JK
2025-08-14,8319.517578125,8485.433883101852,8295.815248842593,8461.731553819445,122930900,BBCA.JK
2025-08-15,8248.4111328125,8390.625117860991,8248.4111328125,8366.922787019577,68754200,BBCA.JK
2025-08-19,8058.7919921875,8153.601309742647,8011.387333409926,8153.601309742647,128591700,BBCA.JK
2025-08-20,8082.494140625,8153.601127199414,7916.5778386180355,7940.280167476173,202260200,BBCA.JK
2025-08-21,8106.19677734375,8129.899107102065,8058.79211782712,8106.19677734375,69470200,BBCA.JK
2025-08-22,8011.38720703125,8129.898852105676,8011.38720703125,8129.898852105676,66394100,BBCA.JK
2025-08-25,8035.08984375,8106.1968335177,8035.089843750001,8082.494503595133,64052700,BBCA.JK
2025-08-26,7821.7685546875,8035.089515269886,7821.7685546875,8011.387186316288,326794200,BBCA.JK
2025-08-27,7869.17333984375,7916.577998517508,7774.3640224962355,7821.768681169993,111915700,BBCA.JK
2025-08-28,7892.87548828125,7940.280145868524,7845.470830693975,7916.577817074887,81281400,BBCA.JK
2025-08-29,7655.8525390625,7845.47117780089,7655.8525390625,7821.768847958591,236499300,BBCA.JK
2025-09-01,7584.74560546875,7632.150265502929,7205.508325195312,7252.912985229492,421127500,BBCA.JK
2025-09-02,7584.74560546875,7750.661915588378,7584.74560546875,7584.74560546875,155531500,BBCA.JK
2025-09-03,7561.04345703125,7584.745787617555,7489.936465272335,7489.936465272335,212372700,BBCA.JK
2025-09-04,7584.74560546875,7584.74560546875,7513.63861541748,7561.04327545166,103534800,BBCA.JK
2025-09-08,7300.31787109375,7608.448170847707,7300.31787109375,7608.448170847707,321191900,BBCA.JK
2025-09-09,7134.4013671875,7324.020008175872,7086.9967069404065,7229.210687681686,595368700,BBCA.JK
2025-09-10,7395.12646484375,7395.12646484375,7158.103180714143,7158.103180714143,246849600,BBCA.JK
2025-09-11,7442.53173828125,7561.043390164709,7442.53173828125,7489.936399034634,235173400,BBCA.JK
2025-09-12,7513.638671875,7561.043332265379,7442.5316812894325,7561.043332265379,156084700,BBCA.JK
2025-09-15,7608.44775390625,7679.554742260514,7561.043095003407,7584.745424454828,142567700,BBCA.JK
2025-09-16,7513.638671875,7655.852653046136,7489.9363416798105,7632.150322850946,129312900,BBCA.JK
2025-09-17,7442.53173828125,7489.936399034634,7395.127077527866,7442.53173828125,183725900,BBCA.JK
2025-09-18,7300.31787109375,7489.936517096185,7252.913209593141,7442.5318555955755,275378700,BBCA.JK
2025-09-19,7395.12646484375,7418.828793256711,7252.912494365986,7252.912494365986,149025300,BBCA.JK
2025-09-22,7324.02001953125,7418.829340172431,7324.02001953125,7395.1270100121355,92588800,BBCA.JK
2025-09-23,7466.2333984375,7489.935726686508,7347.72175719246,7347.72175719246,102606200,BBCA.JK
2025-09-24,7371.4248046875,7537.341118619373,7324.0201435641075,7537.341118619373,150428400,BBCA.JK
2025-09-25,7300.31787109375,7371.424863344662,7300.31787109375,7324.020201844054,147986600,BBCA.JK
2025-09-26,7229.21044921875,7300.3174372438525,7181.805790535349,7181.805790535349,121657700,BBCA.JK
2025-09-29,7371.4248046875,7395.127135249196,7300.317813002412,7347.722474125804,116454700,BBCA.JK
2025-09-30,7229.21044921875,7371.424425268955,7229.21044921875,7300.3174372438525,170666700,BBCA.JK
2025-10-01,7110.69873046875,7276.615034179687,7110.69873046875,7205.508046875,202433400,BBCA.JK
2025-10-02,7110.69873046875,7205.508046875,7110.69873046875,7110.69873046875,126952400,BBCA.JK
2025-10-03,7134.4013671875,7158.103697311047,7110.699037063953,7134.4013671875,76787500,BBCA.JK
2025-10-06,7110.69873046875,7158.103388671875,7063.294072265625,7110.69873046875,104032400,BBCA.JK
2025-10-07,7181.8056640625,7205.507992986799,7110.698677289603,7158.103335138201,74282600,BBCA.JK
2025-10-08,6992.18701171875,7134.400984838454,6992.18701171875,7110.69865598517,168080800,BBCA.JK
2025-10-09,7158.103515625,7300.317492756622,6921.080220405629,6992.18720897144,293567400,BBCA.JK
2025-10-10,7015.8896484375,7063.29430822424,6968.48498865076,7063.29430822424,107426000,BBCA.JK
2025-10-13,6944.78271484375,6992.187375013333,6921.08038475896,6921.08038475896,101847900,BBCA.JK
2025-10-14,6873.67578125,6968.48510237069,6873.67578125,6897.378111530173,151862300,BBCA.JK
2025-10-15,6873.67578125,6968.48510237069,6849.973450969828,6873.67578125,133206400,BBCA.JK
2025-10-16,6921.080078125,6944.782407159674,6849.973091020976,6873.675420055651,120611200,BBCA.JK
2025-10-17,7110.69873046875,7134.401059570312,6897.3777685546875,6921.08009765625,157334400,BBCA.JK
2025-10-20,7466.2333984375,7584.74503968254,7229.2101159474205,7300.317100694445,393421800,BBCA.JK
2025-10-21,8035.08984375,8035.089843750001,7679.554894911505,7679.554894911505,529802600,BBCA.JK
2025-10-22,7774.3642578125,8248.41085889863,7774.3642578125,8248.41085889863,392957200,BBCA.JK
2025-10-23,7892.87548828125,7916.577817074887,7726.959186725788,7774.363844313063,187003900,BBCA.JK
2025-10-24,7845.47119140625,7940.2805109398605,7845.47119140625,7869.173521289653,133355100,BBCA.JK
2025-10-27,7916.578125,7987.685114146707,7774.364146706587,7892.875795284431,182275600,BBCA.JK
2025-10-28,7845.47119140625,7963.982840823262,7821.768861522847,7916.578181056458,180270000,BBCA.JK
2025-10-29,8153.60107421875,8153.60107421875,7845.470801065135,7869.173129769259,239156800,BBCA.JK
2025-10-30,8082.494140625,8295.81510034824,8035.089482908725,8129.898798341276,259009800,BBCA.JK
2025-10-31,8082.494140625,8201.00578491569,8082.494140625,8106.196469483138,177088000,BBCA.JK
2025-11-03,8201.005859375,8201.005859375,8082.4942140083085,8201.005859375,115007100,BBCA.JK
2025-11-04,8201.005859375,8248.410517521676,8177.303530301661,8201.005859375,155231500,BBCA.JK
2025-11-05,8248.4111328125,8248.4111328125,8153.601809446839,8177.3041402882545,125731500,BBCA.JK
2025-11-06,8106.19677734375,8224.708426135325,8106.19677734375,8177.303766618695,89756900,BBCA.JK
2025-11-07,8224.7080078125,8224.7080078125,8106.1963650486305,8106.1963650486305,75241900,BBCA.JK
2025-11-10,8129.89892578125,8224.708242699982,8129.89892578125,8224.708242699982,79897700,BBCA.JK
2025-11-11,7963.98291015625,8153.601550874257,7963.98291015625,8129.899220784506,130897600,BBCA.JK
2025-11-12,8058.7919921875,8106.196650965073,7963.982674632352,7987.685004021139,85415600,BBCA.JK
2025-11-13,7940.2802734375,8035.0895901352615,7940.2802734375,7963.98260261194,104113800,BBCA.JK
2025-11-14,7987.685546875,8058.792539873887,7940.280884875741,7940.280884875741,89815300,BBCA.JK
2025-11-17,8129.89892578125,8129.89892578125,8035.089608862519,8058.791938092201,129411100,BBCA.JK
2025-11-18,7963.98291015625,8129.899220784506,7963.98291015625,8106.196890694755,119377900,BBCA.JK
2025-11-19,8035.08984375,8058.792173672567,7892.875864214602,7916.578194137169,114209700,BBCA.JK
2025-11-20,7987.685546875,8153.601863872403,7963.983215875371,8035.090208874258,124087400,BBCA.JK
2025-11-21,7963.98291015625,7987.685240246001,7916.578249976749,7940.280580066499,103917100,BBCA.JK
2025-11-24,8035.08984375,8035.089843750001,7916.578194137169,7963.982853982301,279590600,BBCA.JK
2025-11-25,8058.7919921875,8058.7919921875,7940.2803452435655,8035.089662798713,98807700,BBCA.JK
2025-11-26,7987.685546875,8011.387877874628,7940.280884875741,7963.983215875371,77094400,BBCA.JK
2025-11-27,7892.87548828125,8011.387132249437,7892.87548828125,7987.6848034558,71051300,BBCA.JK
2025-11-28,7845.47119140625,7916.578181056458,7845.47119140625,7892.875851173055,67559300,BBCA.JK
2025-12-01,7963.98291015625,8011.387570335752,7916.578249976749,8011.387570335752,76359200,BBCA.JK
2025-12-02,7940.2802734375,7987.684931786381,7916.577944263059,7916.577944263059,97044000,BBCA.JK
2025-12-03,7921.193359375,8016.629423945783,7921.193359375,7968.911391660391,103550900,BBCA.JK
2025-12-04,7849.61669921875,7968.911785833016,7849.61669921875,7945.052768510163,71410400,BBCA.JK
2025-12-05,7921.193359375,7921.193359375,7825.757294804217,7825.757294804217,71162300,BBCA.JK
2025-12-08,7921.193359375,7968.911391660391,7873.475327089608,7968.911391660391,61745200,BBCA.JK
2025-12-09,7730.3212890625,7921.193419656635,7730.3212890625,7921.193419656635,113057200,BBCA.JK
2025-12-10,7706.46240234375,7801.898469245839,7658.744368892705,7730.321419069272,143418300,BBCA.JK
2025-12-11,7634.88525390625,7825.757385253906,7539.449188232422,7801.898368835449,140766000,BBCA.JK
2025-12-12,7634.88525390625,7634.88525390625,7491.731155395508,7539.449188232422,100006800,BBCA.JK
2025-12-15,7921.193359375,7921.193359375,7563.308117234563,7563.308117234563,143105700,BBCA.JK
2025-12-16,7706.46240234375,7992.7706030500185,7658.744368892705,7992.7706030500185,122332000,BBCA.JK
2025-12-17,7658.744140625,7754.180204682632,7611.026108596184,7634.885124610591,89802700,BBCA.JK
2025-12-18,7801.8984375,7873.475487385321,7658.7443377293575,7658.7443377293575,88497200,BBCA.JK
2025-12-19,7682.603515625,7849.616635529891,7682.603515625,7825.757618400621,131069800,BBCA.JK
2025-12-22,7801.8984375,7801.8984375,7658.7443377293575,7682.603354357798,72424200,BBCA.JK
2025-12-23,7658.744140625,7754.180204682632,7611.026108596184,7730.321188668224,85044100,BBCA.JK
2025-12-24,7658.744140625,7706.462172653816,7634.885124610591,7658.744140625,71260500,BBCA.JK
2025-12-29,7658.744140625,7658.744140625,7587.167092581775,7658.744140625,78399400,BBCA.JK
2025-12-30,7706.46240234375,7801.898469245839,7587.167318716138,7587.167318716138,101995600,BBCA.JK
2026-01-02,7658.744140625,7706.462172653816,7634.885124610591,7706.462172653816,68612400,BBCA.JK
2026-01-05,7706.46240234375,7730.321419069272,7634.885352167183,7634.885352167183,73408800,BBCA.JK
2026-01-06,7801.8984375,7801.8984375,7706.462370986238,7801.8984375,97624300,BBCA.JK
2026-01-07,7778.03955078125,7801.898567808186,7658.744465646568,7754.180533754314,93152500,BBCA.JK
2026-01-08,7682.603515625,7778.0395841420805,7682.603515625,7730.32154988354,79823700,BBCA.JK
2026-01-09,7754.18017578125,7801.898207632212,7682.603128004808,7754.18017578125,79484700,BBCA.JK
2026-01-12,7658.744140625,7730.321188668224,7634.885124610591,7706.462172653816,82935700,BBCA.JK
2026-01-13,7706.46240234375,7706.46240234375,7634.885352167183,7658.744368892705,80536300,BBCA.JK
2026-01-14,7634.88525390625,7682.603286743164,7587.167221069336,7658.744270324707,105724300,BBCA.JK
2026-01-15,7706.46240234375,7801.898469245839,7611.02633544166,7634.885352167183,151753100,BBCA.JK
2026-01-19,7754.18017578125,7754.18017578125,7611.026080228366,7706.462143930288,172100000,BBCA.JK
2026-01-20,7634.88525390625,7754.180335998535,7634.88525390625,7682.603286743164,82672500,BBCA.JK
2026-01-21,7348.5771484375,7587.167315594562,7348.5771484375,7563.308298878856,301825600,BBCA.JK
2026-01-22,7300.85888671875,7420.153966567095,7253.140854779412,7348.576918658088,268025900,BBCA.JK
2026-01-23,7300.85888671875,7324.717902688419,7205.422822840073,7253.140854779412,202878600,BBCA.JK
2026-01-26,7300.85888671875,7324.717902688419,7181.563806870405,7205.422822840073,213044100,BBCA.JK
2026-01-27,7157.70458984375,7276.999666341146,7157.70458984375,7229.281635742187,259830900,BBCA.JK
2026-01-28,6704.3837890625,7062.269044706406,6608.947720890792,6728.242806105427,1027287500,BBCA.JK
2026-01-29,6871.39697265625,6942.974024454753,6084.049402872722,6370.3576100667315,1432993400,BBCA.JK
2026-01-30,7062.26904296875,7253.1411792652025,6871.3969066722975,6871.3969066722975,528434900,BBCA.JK
2026-02-02,7253.14111328125,7253.14111328125,6990.691928261204,7253.14111328125,326948700,BBCA.JK
2026-02-03,7300.85888671875,7300.85888671875,7038.40971105239,7253.140854779412,206015400,BBCA.JK
2026-02-04,7444.0126953125,7467.871710361578,7253.140574919871,7300.858605018028,193370800,BBCA.JK
2026-02-05,7444.0126953125,7563.307770557893,7444.0126953125,7444.0126953125,142332400,BBCA.JK
2026-02-06,7324.7177734375,7420.153835632125,7253.140726791531,7348.576788986156,176352600,BBCA.JK
2026-02-09,7157.70458984375,7372.435727539062,7109.986559244791,7324.717696940104,174758300,BBCA.JK
2026-02-10,7133.84619140625,7205.423243493939,7109.987174043687,7157.705208768813,127704200,BBCA.JK
2026-02-11,7109.98681640625,7181.563864893561,7062.268784081376,7133.845832568687,213505000,BBCA.JK
2026-02-12,6990.69189453125,7133.845994760559,6966.832877826365,7109.986978055674,237465300,BBCA.JK
2026-02-13,6871.39697265625,6990.692058987088,6871.39697265625,6990.692058987088,356015300,BBCA.JK
2026-02-18,6942.97412109375,7038.4101914867915,6895.256085897229,6895.256085897229,125301200,BBCA.JK
2026-02-19,6847.53759765625,6990.691693774499,6847.53759765625,6990.691693774499,133463400,BBCA.JK
2026-02-20,6895.25537109375,6919.114386218642,6823.678325719075,6847.537340843966,122959500,BBCA.JK
2026-02-23,6966.83251953125,7014.550550486943,6942.973504053403,6966.83251953125,100443800,BBCA.JK
2026-02-24,6895.25537109375,6990.691431593317,6895.25537109375,6942.973401343534,159225400,BBCA.JK
2026-02-25,6990.69189453125,7038.409927941019,6919.114844416596,6942.97386112148,133278000,BBCA.JK
2026-02-26,6966.83251953125,7038.40956596479,6871.396457619862,7014.550550486943,127811900,BBCA.JK
2026-02-27,6847.53759765625,6942.973661735083,6847.53759765625,6871.396613675958,193104700,BBCA.JK
2026-03-02,6704.3837890625,6823.678874277135,6656.665754976646,6752.101823148354,156182700,BBCA.JK
2026-03-03,6752.1015625,6799.819594743816,6704.383530256184,6752.1015625,103031100,BBCA.JK
2026-03-04,6561.2294921875,6752.101622869318,6513.511459517045,6752.101622869318,216518700,BBCA.JK
2026-03-05,6775.96044921875,6799.819464885013,6632.806355221171,6656.665370887434,110256300,BBCA.JK
2026-03-06,6680.5244140625,6775.960477120536,6680.5244140625,6752.101461356026,102725700,BBCA.JK
2026-03-09,6561.2294921875,6632.806541193182,6513.511459517045,6585.088508522727,150426400,BBCA.JK
2026-03-10,6656.66552734375,6728.242576024865,6608.947494889672,6632.806511116711,129977900,BBCA.JK
2026-03-11,6513.51171875,6680.52483974359,6513.51171875,6656.665822458791,91723400,BBCA.JK
2026-03-12,6585.0888671875,6704.383955361187,6513.511814283288,6513.511814283288,98787400,BBCA.JK
2026-03-13,6561.2294921875,6704.383590198864,6537.370475852273,6537.370475852273,107940600,BBCA.JK
2026-03-16,6441.9345703125,6561.229654947917,6394.216536458333,6537.370638020834,127757500,BBCA.JK
2026-03-17,6465.79345703125,6513.51148992447,6441.9344405846405,6441.9344405846405,160903900,BBCA.JK
2026-03-25,6585.0888671875,6608.947884822238,6370.357708474864,6370.357708474864,314281100,BBCA.JK
2026-03-26,6561.2294921875,6656.665557528409,6537.370475852273,6585.088508522727,145934900,BBCA.JK
2026-03-27,6394.21630859375,6537.370405054804,6394.21630859375,6465.793356824277,283556500,BBCA.JK
2026-03-30,6425.0966796875,6474.903630692829,6325.482777676842,6375.289728682171,242278100,BBCA.JK
2026-03-31,6425.0966796875,6524.710581698159,6425.0966796875,6425.0966796875,150657800,BBCA.JK
2026-04-01,6474.9033203125,6624.324166165865,6474.9033203125,6524.710268930288,132798100,BBCA.JK
2026-04-02,6549.61376953125,6574.517243940114,6474.903346304658,6524.710295122386,72725400,BBCA.JK
2026-04-06,6474.9033203125,6599.420691856971,6425.096371694712,6574.517217548077,57914600,BBCA.JK
2026-04-07,6474.9033203125,6499.806794621394,6425.096371694712,6474.9033203125,65168700,BBCA.JK
2026-04-08,6723.93798828125,6823.551884403935,6599.420618127893,6624.324092158565,163594000,BBCA.JK
2026-04-09,6450.0,6773.745173745174,6425.0965250965255,6748.841698841699,182409800,BBCA.JK
2026-04-10,6674.13134765625,6674.13134765625,6450.000071055853,6499.807021411498,167336100,BBCA.JK
2026-04-13,6549.61376953125,6674.13114157557,6549.61376953125,6624.324192757842,81955300,BBCA.JK
2026-04-14,6723.93798828125,6773.744936342593,6649.227566189236,6649.227566189236,105010900,BBCA.JK
2026-04-15,6524.71044921875,6773.745199188931,6524.71044921875,6748.841724191913,104880600,BBCA.JK
2026-04-16,6499.80712890625,6624.324506854646,6474.903653316571,6549.614080085608,122416100,BBCA.JK
2026-04-17,6400.19287109375,6524.710242126703,6400.19287109375,6474.903293713522,156827000,BBCA.JK
2026-04-20,6450.0,6549.6138996139,6400.19305019305,6425.0965250965255,137435700,BBCA.JK
2026-04-21,6474.9033203125,6499.806794621394,6400.192897385818,6449.999846003606,112151900,BBCA.JK
2026-04-22,6425.0966796875,6499.807106195494,6425.0966796875,6450.000155190165,95673700,BBCA.JK
2026-04-23,6400.19287109375,6524.710242126703,6400.19287109375,6425.0963453003405,95913400,BBCA.JK
2026-04-24,6026.64111328125,6400.193248401988,6026.64111328125,6375.289772727272,435004800,BBCA.JK
2026-04-27,5951.9306640625,6026.641090808054,5927.027188480649,6001.737615226203,273263100,BBCA.JK
2026-04-28,5976.833984375,6051.544409179687,5927.027034505209,6001.737459309896,174091200,BBCA.JK
2026-04-29,5951.9306640625,6026.641090808054,5927.027188480649,5976.834139644351,176050900,BBCA.JK
2026-04-30,5827.4130859375,5951.9304595686435,5777.606136485043,5927.026984842415,303405400,BBCA.JK
2026-05-04,5877.22021484375,5927.027165817002,5777.6063128972455,5777.6063128972455,207566700,BBCA.JK
2026-05-05,5927.02685546875,6051.54422638196,5852.316432920825,5877.2199071034665,179928300,BBCA.JK
2026-05-06,5927.02685546875,5976.8338038340335,5877.2199071034665,5927.02685546875,90843100,BBCA.JK
2026-05-07,6200.96533203125,6300.579232947414,5976.83405496988,5976.83405496988,238690900,BBCA.JK
2026-05-08,6151.158203125,6400.19294819079,6151.158203125,6200.965152138158,201784700,BBCA.JK
2026-05-11,6126.2548828125,6250.77225847942,6076.447932545731,6200.965308212652,126301300,BBCA.JK
2026-05-12,6101.35107421875,6126.254547991071,6026.640652901785,6101.35107421875,107394400,BBCA.JK
2026-05-13,6076.44775390625,6176.061651511271,6001.7373307024845,6101.351228307505,147339600,BBCA.JK
2026-05-14,6076.44775390625,6076.44775390625,6076.44775390625,6076.44775390625,0,BBCA.JK
2026-05-15,6076.44775390625,6076.44775390625,6076.44775390625,6076.44775390625,0,BBCA.JK
2026-05-18,6101.35107421875,6101.35107421875,5877.219810267857,5927.026757812499,208748400,BBCA.JK
2026-05-19,5927.02685546875,6176.061597295168,5927.02685546875,6026.640752199318,184830100,BBCA.JK
2026-05-20,5951.9306640625,6076.448041971757,5852.316761735094,5951.9306640625,195107100,BBCA.JK
2026-05-21,5927.02685546875,6126.254648929885,5902.123381286108,5976.8338038340335,210976100,BBCA.JK
2026-05-22,5877.22021484375,5951.930641303628,5802.509788383872,5877.22021484375,288919700,BBCA.JK
2026-05-25,6076.44775390625,6151.1581771100155,5902.123433097465,5927.026907498719,263179200,BBCA.JK
2026-05-26,5951.9306640625,6076.448041971757,5927.027188480649,6026.641090808054,225158700,BBCA.JK
2026-05-27,5951.9306640625,5951.9306640625,5951.9306640625,5951.9306640625,0,BBCA.JK
2026-05-28,5951.9306640625,5951.9306640625,5951.9306640625,5951.9306640625,0,BBCA.JK
2026-05-29,5677.9921875,5852.3165090460525,5677.9921875,5727.799136513158,1014028000,BBCA.JK
2026-06-02,5802.509765625,5852.316716402897,5677.992388680258,5727.7993394581545,346305200,BBCA.JK
2026-06-03,5503.66796875,5802.509668410634,5503.66796875,5752.702718467195,353332300,BBCA.JK
2026-06-04,5404.05419921875,5578.378528225807,5279.536821356567,5453.861150363624,550059500,BBCA.JK
2026-06-05,5055.4052734375,5354.24696447814,5055.4052734375,5304.440015971367,572612000,BBCA.JK
2026-06-08,4831.27392578125,5030.501716535116,4831.27392578125,4930.887821158183,705093300,BBCA.JK
2026-06-09,5130.11572265625,5130.11572265625,4801.389860816141,4831.274030074333,772898000,BBCA.JK
2026-06-10,5628.18505859375,5677.992006014933,5155.0190580925055,5155.0190580925055,747366000,BBCA.JK
2026-06-11,5802.509765625,5852.316716402897,5528.571536346567,5628.185437902361,543032300,BBCA.JK
2026-06-12,5902.12353515625,6076.44785897943,5877.220060324366,5976.833959651898,415872300,BBCA.JK
2026-06-15,6250.77197265625,6400.192816624129,6076.447654693725,6076.447654693725,480395000,BBCA.JK
2026-06-17,6250.77197265625,6524.71018659736,6250.77197265625,6375.289342629482,467494300,BBCA.JK
2026-06-18,6051.54443359375,6250.772233876672,6051.54443359375,6225.868758841307,232489300,BBCA.JK
2026-06-19,6275.67578125,6275.67578125,6026.641028025793,6026.641028025793,366595500,BBCA.JK
2026-06-22,6200.96533203125,6375.289658634538,6101.351431115085,6375.289658634538,193401600,BBCA.JK
2026-06-23,6101.35107421875,6176.061495535714,6051.544126674107,6126.254547991071,144561900,BBCA.JK
2026-06-24,5902.12353515625,6176.061758306962,5902.12353515625,6101.351333811313,144928800,BBCA.JK
2026-06-25,6001.7373046875,6151.158150447354,5877.219933220954,5877.219933220954,197935000,BBCA.JK
2026-06-26,6151.158203125,6151.158203125,6001.737356085527,6026.640830592106,163378700,BBCA.JK
2026-06-29,5902.12353515625,6176.061758306962,5902.12353515625,6151.158283475079,189886600,BBCA.JK
2026-06-30,5528.5712890625,5802.509506088119,5528.5712890625,5752.702557538007,440738300,BBCA.JK
2026-07-01,5578.37841796875,5727.799268450056,5528.571467808315,5528.571467808315,124123800,BBCA.JK
2026-07-02,5777.60595703125,5852.316378889413,5603.281639362204,5628.185113314925,145119400,BBCA.JK
2026-07-03,6026.64111328125,6126.255015980113,5877.220259232954,5902.12373490767,200465200,BBCA.JK
2026-07-06,6101.35107421875,6151.158021763393,5951.930231584821,6026.640652901785,148684900,BBCA.JK
2026-07-07,6275.67578125,6275.67578125,6126.254929315476,6176.061879960317,183472100,BBCA.JK
2026-07-08,6151.158203125,6300.579050164474,6151.158203125,6275.675575657895,181123400,BBCA.JK
2026-07-09,6176.0615234375,6176.0615234375,6026.640680128528,6076.447627898186,181155800,BBCA.JK
2026-07-10,6151.158203125,6275.675575657895,6101.3512541118425,6275.675575657895,138050500,BBCA.JK
2026-07-13,6200.96533203125,6225.868807260291,6051.544480657003,6126.2549063441265,180061600,BBCA.JK
2026-07-14,6101.35107421875,6225.868443080357,6051.544126674107,6200.9649693080355,159868800,BBCA.JK
2026-07-15,6101.35107421875,6176.061495535714,6051.544126674107,6101.35107421875,140824900,BBCA.JK
2026-07-16,6200.96533203125,6200.96533203125,6076.447955886044,6101.351431115085,94235100,BBCA.JK
2026-07-17,6450.0,6474.903474903475,6176.061776061776,6200.965250965251,314564200,BBCA.JK
2026-07-20,6450.0,6599.42084942085,6450.0,6499.80694980695,298183300,BBCA.JK
2026-07-21,6499.80712890625,6524.710604495929,6400.193226547533,6524.710604495929,146064700,BBCA.JK
2026-07-22,6474.9033203125,6524.710268930288,6375.2894230769225,6499.806794621394,112178900,BBCA.JK
2026-07-23,6250.77197265625,6449.999764613421,6225.868498661604,6425.096290618774,207037900,BBCA.JK
2026-07-24,6250.77197265625,6275.675446650896,6101.351128688371,6176.061550672311,191428900,BBCA.JK
2026-07-27,6275.67578125,6300.5792565724205,6101.351453993056,6200.965355282738,125142500,BBCA.JK
2026-07-28,6200.96533203125,6275.6757577183735,6176.061856802208,6225.868807260291,122920300,BBCA.JK
2026-07-29,6250.77197265625,6275.675446650896,6151.158076677664,6151.158076677664,122379600,BBCA.JK
2026-07-30,6425.0966796875,6425.0966796875,6225.868875666182,6300.5793021741765,152663200,BBCA.JK
2026-07-31,6300.5791015625,6425.096475111166,6300.5791015625,6400.193000401432,153174800,BBCA.JK
2026-08-03,6275.67578125,6300.5792565724205,6250.7723059275795,6275.67578125,68143700,BBCA.JK
2026-08-04,6474.9033203125,6474.9033203125,6325.482474459134,6350.385948768028,138953100,BBCA.JK
2026-08-05,6425.0966796875,6474.903630692829,6400.193204184836,6474.903630692829,101666100,BBCA.JK
2026-08-06,6325.482421875,6449.99979238435,6325.482421875,6425.096318282481,80734000,BBCA.JK
2026-08-07,6350.38623046875,6425.096656709558,6300.579279641544,6350.38623046875,111930800,BBCA.JK
2026-08-10,6350.38623046875,6425.096656709558,6325.482755055147,6375.289705882353,88666100,BBCA.JK
2026-08-11,6275.67578125,6375.289682539683,6176.061879960317,6350.3862072172615,112490800,BBCA.JK
2026-08-12,6325.482421875,6325.482421875,6200.96505136565,6275.67547367126,87177100,BBCA.JK
2026-08-13,6350.38623046875,6350.38623046875,6225.868853400735,6325.482755055147,83208000,BBCA.JK
2026-08-14,6325.482421875,6325.482421875,6250.77199956939,6275.67547367126,56953500,BBCA.JK
2026-08-18,6275.67578125,6425.096633184524,6275.67578125,6350.3862072172615,114945500,BBCA.JK
2026-08-19,6275.67578125,6400.193157862103,6275.67578125,6275.67578125,68105000,BBCA.JK
2026-08-20,6375.28955078125,6375.28955078125,6275.675651550293,6325.4826011657715,67749800,BBCA.JK
2026-08-21,6425.0966796875,6450.000155190165,6375.289728682171,6375.289728682171,100684300,BBCA.JK
2026-08-24,6375.28955078125,6425.0965003967285,6325.4826011657715,6425.0965003967285,81295600,BBCA.JK
2026-08-26,6325.482421875,6425.096318282481,6325.482421875,6425.096318282481,86115900,BBCA.JK
2026-08-27,6375.28955078125,6400.193025588989,6300.579126358032,6325.4826011657715,60556000,BBCA.JK
2026-08-28,6450.0,6499.80694980695,6375.289575289576,6400.19305019305,156445200,BBCA.JK
2026-08-31,6475.0,6525.0,6400.0,6450.0,230904500,BBCA.JK
2026-09-01,6600.0,6600.0,6425.0,6450.0,117969900,BBCA.JK
2026-09-02,6675.0,6725.0,6600.0,6650.0,100935400,BBCA.JK
2026-09-03,6775.0,6800.0,6625.0,6700.0,112324100,BBCA.JK
2026-09-04,6700.0,6850.0,6675.0,6800.0,93923500,BBCA.JK
