Date,Close,High,Low,Open,Volume,Ticker
2021-01-04,2721.571044921875,2727.8854725426877,2620.5381679913826,2620.5381679913826,106226854,BBRI.JK
2021-01-05,2696.3125,2715.256119740475,2677.368710676422,2715.256119740475,106964857,BBRI.JK
2021-01-06,2652.111083984375,2715.2565496447605,2626.8528638035946,2702.627354762805,128299616,BBRI.JK
2021-01-07,2702.627197265625,2708.9417943386156,2658.42535692093,2689.9981727027634,141798389,BBRI.JK
2021-01-08,2772.0869140625,2772.0869140625,2715.2560561715854,2734.199675468557,205011531,BBRI.JK
2021-01-11,2936.265380859375,2942.5799774758557,2784.7162491456,2791.0306761789725,422093240,BBRI.JK
2021-01-12,2980.467041015625,3012.0396830568925,2948.8943989743575,2955.2089952158503,260390447,BBRI.JK
2021-01-13,3024.66943359375,3056.242081460196,2999.4113831338454,3012.0402387806685,231181533,BBRI.JK
2021-01-14,3012.03955078125,3049.926787400168,2980.4669101265154,3043.612530602166,146980798,BBRI.JK
2021-01-15,2892.0634765625,3012.039791991379,2873.1196871528937,3012.039791991379,225189839,BBRI.JK
2021-01-18,2917.321533203125,2936.265322677195,2866.805439604692,2892.0634864039084,182568723,BBRI.JK
2021-01-19,2917.321533203125,2967.8379659677685,2911.0072758779784,2967.8379659677685,152430182,BBRI.JK
2021-01-20,3087.814697265625,3106.7581480415447,2936.265395227177,2948.894588521936,277723446,BBRI.JK
2021-01-21,3024.66943359375,3125.702313765887,3012.0402387806685,3106.758521546264,177275431,BBRI.JK
2021-01-22,2980.467041015625,3068.870710064131,2955.2089952158503,3068.870710064131,183332136,BBRI.JK
2021-01-25,3018.354736328125,3024.669333525754,2911.007601467173,3024.669333525754,165278734,BBRI.JK
2021-01-26,2936.265380859375,3024.66905515767,2917.321591009934,3018.354458541189,163850580,BBRI.JK
2021-01-27,2917.321533203125,2980.4671589504815,2841.5470536392654,2936.265322677195,198692361,BBRI.JK
2021-01-28,2822.603759765625,2936.265661822735,2791.0309432452127,2892.0638204440324,176270344,BBRI.JK
2021-01-29,2639.48193359375,2911.0077627182186,2639.48193359375,2885.7493725285503,308226863,BBRI.JK
2021-02-01,2778.401611328125,2803.659827836384,2500.5613993203806,2639.481505324253,355113743,BBRI.JK
2021-02-02,2753.1435546875,2835.232635918705,2689.9980945417183,2835.232635918705,167527833,BBRI.JK
2021-02-03,2765.772705078125,2828.9181642333047,2753.1435114972214,2828.9181642333047,124241205,BBRI.JK
2021-02-04,2835.232666015625,2892.0636994582896,2759.4581808695625,2809.9746173556823,162519997,BBRI.JK
2021-02-05,2822.603759765625,2866.805770727452,2791.0309432452127,2866.805770727452,99005120,BBRI.JK
2021-02-08,2816.289306640625,2860.491319864052,2809.9748786799637,2860.491319864052,120218986,BBRI.JK
2021-02-09,2917.321533203125,3012.039802241055,2841.5470536392654,2841.5470536392654,464366860,BBRI.JK
2021-02-10,2936.265380859375,2974.152621392042,2904.692736943189,2923.636187626414,202155881,BBRI.JK
2021-02-11,2955.209228515625,2974.152679569403,2923.6362448156237,2967.8380828294025,99681961,BBRI.JK
2021-02-15,2974.15283203125,3018.354672310916,2967.8382349675494,2974.15283203125,93158189,BBRI.JK
2021-02-16,2948.894775390625,2993.096615557091,2942.5801783430957,2993.096615557091,71623667,BBRI.JK
2021-02-17,2923.63623046875,2986.7818583926614,2917.321633759737,2974.1526649746347,101529553,BBRI.JK
2021-02-18,2948.894775390625,3012.0400675334395,2936.2655812955663,2967.8382273669736,152089286,BBRI.JK
2021-02-19,3024.66943359375,3024.66943359375,2904.6931003682494,2904.6931003682494,109884637,BBRI.JK
2021-02-22,3024.66943359375,3075.1858736798185,3005.7256413741275,3062.5566788667365,157619632,BBRI.JK
2021-02-23,3024.66943359375,3049.927484053655,2993.0967857273045,3037.298628406832,107810772,BBRI.JK
2021-02-24,2986.781982421875,3043.61301599674,2974.152788479408,3024.66922508304,105582023,BBRI.JK
2021-02-25,2986.781982421875,3012.0400311405733,2948.89473976071,3012.0400311405733,131635423,BBRI.JK
2021-02-26,2974.15283203125,2999.411220286054,2967.8382349675494,2986.782026158652,161796404,BBRI.JK
2021-03-01,3049.927001953125,3049.927001953125,2980.467119793184,3030.9835518941436,127020403,BBRI.JK
2021-03-02,3030.98388671875,3081.5003244001246,3030.9838867187505,3075.1857272941725,75195758,BBRI.JK
2021-03-03,3062.556396484375,3062.556396484375,2993.0965097494773,3030.9837515290787,85026738,BBRI.JK
2021-03-04,3005.72509765625,3062.556124868463,2986.781648029644,3062.556124868463,117897176,BBRI.JK
2021-03-05,3012.03955078125,3012.03955078125,2967.8377181981487,2993.0961020548816,71188389,BBRI.JK
2021-03-08,2986.781982421875,3043.61301599674,2986.781982421875,3030.9838220542733,69917647,BBRI.JK
2021-03-09,2892.0634765625,2999.41093821785,2879.4342836227625,2999.41093821785,165527119,BBRI.JK
2021-03-10,2923.63623046875,2942.58002059579,2898.3781827989183,2936.2654238867767,77405916,BBRI.JK
2021-03-12,2892.0634765625,2961.523359398638,2866.805429849234,2961.523359398638,152360111,BBRI.JK
2021-03-15,2885.74951171875,2923.636759664426,2879.434913866757,2892.0641095707433,95483079,BBRI.JK
2021-03-16,2980.467041015625,3012.0396830568925,2911.007160691597,2942.5798027328647,151028868,BBRI.JK
2021-03-17,2948.894775390625,2967.8382273669736,2904.6929352241596,2955.2093724381543,116245827,BBRI.JK
2021-03-18,3005.72509765625,3012.039693920518,2961.523262972573,2974.1524555011088,95635541,BBRI.JK
2021-03-19,2948.894775390625,2999.4112126046202,2948.894775390625,2999.4112126046202,166398004,BBRI.JK
2021-03-22,2923.63623046875,2967.8380682656216,2917.321633759737,2967.8380682656216,67100278,BBRI.JK
2021-03-23,2948.894775390625,2980.4674214620322,2936.2655812955663,2980.4674214620322,115036356,BBRI.JK
2021-03-24,2948.894775390625,2986.7820185095616,2936.2655812955663,2986.7820185095616,120514341,BBRI.JK
2021-03-25,2917.321533203125,2967.8379659677685,2892.0634864039084,2967.8379659677685,95145043,BBRI.JK
2021-03-26,2980.467041015625,2980.467041015625,2917.321417766894,2923.636014008386,106978057,BBRI.JK
2021-03-29,2980.467041015625,3018.3542792983853,2980.467041015625,3018.3542792983853,106807554,BBRI.JK
2021-03-30,2841.547119140625,2967.8380343802983,2828.918095449901,2967.8380343802983,214898061,BBRI.JK
2021-03-31,2778.401611328125,2828.918044344643,2689.997938340771,2809.974424359225,323139711,BBRI.JK
2021-04-01,2708.941650390625,2759.458085123964,2658.425215657286,2746.8288916490737,340183845,BBRI.JK
2021-04-05,2652.111083984375,2734.2001723845633,2626.8528638035946,2727.8855749435857,345533898,BBRI.JK
2021-04-06,2716.07177734375,2735.4722615070777,2683.7375212895704,2696.6711195074727,167319270,BBRI.JK
2021-04-07,2716.07177734375,2741.938973779554,2690.2044072349963,2735.4722615070777,116953800,BBRI.JK
2021-04-08,2813.07373046875,2819.5406153390145,2735.471806717258,2748.4054027848665,158572578,BBRI.JK
2021-04-09,2813.07373046875,2845.4079811471515,2813.07373046875,2832.4743850795435,125277643,BBRI.JK
2021-04-12,2722.5380859375,2838.941147330993,2716.0713746238616,2838.941147330993,115119078,BBRI.JK
2021-04-13,2690.2041015625,2754.8724326500173,2664.336734392907,2722.5381802697934,120186645,BBRI.JK
2021-04-14,2813.07373046875,2813.07373046875,2729.0049218469935,2767.8058837227395,113531640,BBRI.JK
2021-04-15,2851.875,2851.875,2767.806013755718,2838.941229651836,86272180,BBRI.JK
2021-04-16,2806.60693359375,2884.208854976278,2787.206453248118,2877.7421439763443,74495706,BBRI.JK
2021-04-19,2832.474609375,2832.474609375,2787.20675904436,2819.540838610283,62185614,BBRI.JK
2021-04-20,2787.206787109375,2800.1403843313888,2729.0051654279728,2774.2730162144253,98216076,BBRI.JK
2021-04-21,2735.471923828125,2774.272887365016,2735.471923828125,2741.9386353023215,51954007,BBRI.JK
2021-04-22,2716.07177734375,2754.872745670406,2716.07177734375,2735.4722615070777,118813822,BBRI.JK
2021-04-23,2748.40576171875,2767.8062451902706,2709.6047947757097,2716.071680490531,120513461,BBRI.JK
2021-04-26,2677.2705078125,2748.405728804813,2670.803795848065,2741.9388431674365,157367288,BBRI.JK
2021-04-27,2696.670654296875,2716.0713087862882,2683.7370583101856,2716.0713087862882,146082083,BBRI.JK
2021-04-28,2670.8037109375,2729.005158804712,2670.8037109375,2696.6709053187483,126586116,BBRI.JK
2021-04-29,2690.2041015625,2716.071468732093,2677.270331141239,2709.6045835214622,124711354,BBRI.JK
2021-04-30,2619.069091796875,2690.2043137045493,2619.069091796875,2683.737427983958,257497837,BBRI.JK
2021-05-03,2593.201416015625,2632.002378406183,2586.734531059558,2625.535667123039,124235705,BBRI.JK
2021-05-04,2625.53564453125,2632.002355758751,2593.201393702061,2599.668278602483,84287635,BBRI.JK
2021-05-05,2644.936279296875,2670.8036467291863,2638.4693940205643,2657.869876176565,117321536,BBRI.JK
2021-05-06,2657.86962890625,2670.8033982556003,2632.0022638804644,2670.8033982556003,86226199,BBRI.JK
2021-05-07,2619.069091796875,2677.2705422633667,2612.602206076284,2677.2705422633667,83358229,BBRI.JK
2021-05-10,2619.069091796875,2644.9364610062967,2619.069091796875,2619.069091796875,81377755,BBRI.JK
2021-05-11,2580.267822265625,2612.602075580589,2573.80111054098,2606.1351901830094,167031505,BBRI.JK
2021-05-17,2522.06640625,2586.734740015808,2522.06640625,2560.8673717748975,214824800,BBRI.JK
2021-05-18,2522.06640625,2560.8673717748975,2515.599520771538,2560.8673717748975,127276708,BBRI.JK
2021-05-19,2502.66552734375,2547.933371181719,2489.7317584340967,2489.7317584340967,135307947,BBRI.JK
2021-05-20,2509.132568359375,2541.4666453052196,2470.331432882273,2483.2652025989473,164832677,BBRI.JK
2021-05-21,2515.599609375,2554.400749939473,2496.1991259292354,2535.000092820765,121124632,BBRI.JK
2021-05-24,2612.601806640625,2625.535576104389,2528.53299981783,2567.3339608632864,147190132,BBRI.JK
2021-05-25,2625.53564453125,2677.2702027158625,2612.601874730406,2632.002355758751,168676803,BBRI.JK
2021-05-27,2554.400634765625,2709.6046690067847,2554.400634765625,2677.270415606448,622692705,BBRI.JK
2021-05-28,2632.002685546875,2696.67102163523,2599.668604339169,2612.602202087663,274099434,BBRI.JK
2021-05-31,2754.87255859375,2767.8061559333632,2657.8699706913694,2670.8037417039204,326538660,BBRI.JK
2021-06-02,2754.87255859375,2832.4746636502423,2735.4720757478617,2813.0740071314162,312257333,BBRI.JK
2021-06-03,2819.540771484375,2819.540771484375,2729.005072978513,2761.339325447577,173444725,BBRI.JK
2021-06-04,2806.60693359375,2838.941009612165,2774.27268390242,2832.474298612231,138144236,BBRI.JK
2021-06-07,2748.40576171875,2813.074097848132,2722.5383925324086,2806.607385806254,152755788,BBRI.JK
2021-06-08,2716.07177734375,2767.806343888308,2709.604891398324,2767.806343888308,108888570,BBRI.JK
2021-06-09,2729.0048828125,2761.3391330284066,2651.402786498074,2651.402786498074,107433795,BBRI.JK
2021-06-10,2780.739501953125,2793.6730973160393,2754.8721375543855,2767.8057329173,106984877,BBRI.JK
2021-06-11,2767.80615234375,2813.074003483094,2767.80615234375,2813.074003483094,57809408,BBRI.JK
2021-06-14,2813.07373046875,2813.07373046875,2767.8058837227395,2800.1401344011415,133363443,BBRI.JK
2021-06-15,2735.471923828125,2813.073850901906,2722.538153533876,2813.073850901906,200713646,BBRI.JK
2021-06-16,2593.201416015625,2696.6707069480876,2593.201416015625,2683.7371107088757,481002668,BBRI.JK
2021-06-17,2606.135009765625,2632.002375892265,2541.466681285488,2573.8009323620176,336253477,BBRI.JK
2021-06-18,2528.533203125,2625.5357872110694,2528.533203125,2625.5357872110694,325605954,BBRI.JK
2021-06-21,2547.933837890625,2567.3343211358115,2496.1991001214988,2509.132871400251,159544775,BBRI.JK
2021-06-22,2612.601806640625,2632.0022871633537,2534.999710876795,2547.933480340558,132832794,BBRI.JK
2021-06-23,2547.933837890625,2632.0026565107482,2547.933837890625,2619.0690589049377,178751767,BBRI.JK
2021-06-24,2580.267822265625,2593.2015930607845,2560.8673397458206,2586.734707663205,55421157,BBRI.JK
2021-06-25,2580.267822265625,2612.602075580589,2580.267822265625,2606.1351901830094,83150216,BBRI.JK
2021-06-28,2541.466796875,2580.2677609932207,2541.466796875,2573.8010494221376,155357663,BBRI.JK
2021-06-29,2522.06640625,2528.533291728462,2496.1990380090892,2496.1990380090892,133952393,BBRI.JK
2021-06-30,2547.933837890625,2567.3343211358115,2515.5995833666857,2522.0664690060617,124133954,BBRI.JK
2021-07-01,2547.933837890625,2567.3343211358115,2528.533354645438,2547.933837890625,105240907,BBRI.JK
2021-07-02,2580.267822265625,2606.1351901830094,2567.3342251434005,2586.734707663205,93832940,BBRI.JK
2021-07-05,2522.06640625,2560.8673717748975,2509.1328089660133,2541.4668890124485,93466744,BBRI.JK
2021-07-06,2515.599609375,2554.400749939473,2515.599609375,2554.400749939473,60849751,BBRI.JK
2021-07-07,2470.331787109375,2547.9338955182207,2463.864901323735,2535.00012394694,163599005,BBRI.JK
2021-07-08,2502.66552734375,2522.066007035321,2470.3312787425257,2515.599122580494,162349164,BBRI.JK
2021-07-09,2457.397705078125,2502.6655493134786,2444.4639360549318,2496.1986648018824,140611578,BBRI.JK
2021-07-12,2431.53076171875,2470.331728160808,2425.0638760874267,2457.3981305711022,131702194,BBRI.JK
2021-07-13,2444.46435546875,2457.3981267110807,2431.53075789936,2457.3981267110807,175683484,BBRI.JK
2021-07-14,2399.1962890625,2457.397907105923,2392.729577692173,2444.464137019418,115704508,BBRI.JK
2021-07-15,2463.86474609375,2483.2654022283778,2412.1301840868787,2425.063781170363,139855425,BBRI.JK
2021-07-16,2483.265380859375,2496.198977831563,2463.8647248916936,2489.7320925090025,108336691,BBRI.JK
2021-07-19,2444.46435546875,2489.7322074710255,2444.46435546875,2489.7322074710255,69326497,BBRI.JK
2021-07-21,2470.331787109375,2509.1329281502703,2463.864901323735,2489.7322707933504,111008747,BBRI.JK
2021-07-22,2522.06640625,2528.533291728462,2483.2654407251025,2502.6659234875515,93842180,BBRI.JK
2021-07-23,2502.66552734375,2554.4002556365454,2476.7981631973526,2547.933371181719,95960267,BBRI.JK
2021-07-26,2476.79833984375,2522.0661869102423,2470.331454927702,2522.0661869102423,90198037,BBRI.JK
2021-07-27,2457.397705078125,2496.1986648018824,2437.997225216246,2496.1986648018824,99741692,BBRI.JK
2021-07-28,2412.130126953125,2463.8646877346105,2405.6632417280907,2457.397976182506,77777283,BBRI.JK
2021-07-29,2437.99755859375,2483.265409019136,2425.063787801963,2431.5306731978567,102817895,BBRI.JK
2021-07-30,2399.1962890625,2476.798388562756,2399.1962890625,2476.798388562756,113633172,BBRI.JK
2021-08-02,2418.596435546875,2437.9970879896678,2392.729246302287,2437.9970879896678,105807637,BBRI.JK
2021-08-03,2425.063720703125,2444.464202681081,2405.6632387251684,2418.596835486163,87862477,BBRI.JK
2021-08-04,2489.73193359375,2489.73193359375,2437.9973753341924,2450.9309714808514,91847406,BBRI.JK
2021-08-05,2619.069091796875,2644.9364610062967,2522.066500679779,2522.066500679779,294149590,BBRI.JK
2021-08-06,2541.466796875,2625.5357840283855,2522.0663148158897,2619.068898784372,152456913,BBRI.JK
2021-08-09,2489.73193359375,2554.4004353458104,2470.3314525373007,2547.93355043602,102404178,BBRI.JK
2021-08-10,2470.331787109375,2515.5996402629653,2463.864901323735,2515.5996402629653,94349949,BBRI.JK
2021-08-12,2463.86474609375,2489.7321139336527,2457.398034388475,2489.7321139336527,94464021,BBRI.JK
2021-08-13,2502.66552734375,2509.132411798577,2470.3312787425257,2470.3312787425257,104829940,BBRI.JK
2021-08-16,2541.466796875,2541.466796875,2483.265350697669,2502.6658327567793,70083530,BBRI.JK
2021-08-18,2632.002685546875,2644.936456968312,2541.4669802885896,2580.267947207014,247351372,BBRI.JK
2021-08-19,2509.132568359375,2599.6682616844123,2496.198798642701,2586.734491967738,218214729,BBRI.JK
2021-08-20,2541.466796875,2547.9336821190136,2476.7984654536554,2509.132718000793,88330535,BBRI.JK
2021-08-23,2560.8671875,2580.2676688664287,2541.4667061335713,2573.8009575262354,68133856,BBRI.JK
2021-08-24,2515.599609375,2560.867461972766,2476.7986424834703,2554.400749939473,150882016,BBRI.JK
2021-08-25,2515.599609375,2522.066495081236,2489.7322402229993,2489.7322402229993,86571495,BBRI.JK
2021-08-26,2502.66552734375,2522.066007035321,2483.265047652179,2515.599122580494,69144334,BBRI.JK
2021-08-27,2483.265380859375,2515.5994601263114,2476.7984955368147,2515.5994601263114,79498923,BBRI.JK
2021-08-30,2547.933837890625,2547.933837890625,2483.2655025156882,2489.732214482123,128539860,BBRI.JK
2021-08-31,2541.466796875,2554.400567363027,2502.6658327567793,2547.9336821190136,134879489,BBRI.JK
2021-09-01,2515.599609375,2541.4669785270007,2509.132897341707,2541.4669785270007,97691477,BBRI.JK
2021-09-02,2502.66552734375,2515.599122580494,2483.265047652179,2496.198642888923,81242343,BBRI.JK
2021-09-03,2541.466796875,2541.466796875,2463.8646949656277,2489.732062268752,165056860,BBRI.JK
2021-09-06,2489.73193359375,2573.8009164022596,2489.73193359375,2554.4004353458104,188929693,BBRI.JK
2021-09-07,2528.533203125,2534.999914703922,2502.6658357905194,2515.5994326212945,140380354,BBRI.JK
2021-09-08,2653.38916015625,2760.0938180713806,2646.2755162952412,2717.4119549053285,228087900,BBRI.JK
2021-09-09,2653.38916015625,2681.8437356002846,2596.4800092681803,2632.0482285732237,306319600,BBRI.JK
2021-09-10,2688.956787109375,2696.0704294033153,2610.7067218760335,2639.161291051794,177033000,BBRI.JK
2021-09-13,2632.0478515625,2667.616065772804,2603.5932801942567,2639.161494404561,169825000,BBRI.JK
2021-09-14,2632.0478515625,2653.3887800886823,2603.5932801942567,2646.275137246622,216363400,BBRI.JK
2021-09-15,2603.593505859375,2610.707149318007,2575.1389320248463,2610.707149318007,263544000,BBRI.JK
2021-09-16,2589.3662109375,2603.593497810783,2568.0252806275757,2596.4798543741417,194782800,BBRI.JK
2021-09-17,2568.025390625,2589.3663218490306,2539.570815659626,2582.252678107687,346529100,BBRI.JK
2021-09-20,2553.798095703125,2553.798095703125,2496.888945938153,2553.798095703125,357971300,BBRI.JK
2021-09-21,2539.5703125,2546.683954831933,2489.7748161764707,2496.8884585084033,410533900,BBRI.JK
2021-09-22,2568.025390625,2596.479965590374,2504.002596952909,2504.002596952909,416087300,BBRI.JK
2021-09-23,2681.843505859375,2681.843505859375,2553.7979273302803,2560.9115705818967,432390800,BBRI.JK
2021-09-24,2717.41162109375,2745.8661930423755,2681.843406157968,2696.070692132281,634549600,BBRI.JK
2021-09-27,2667.6162109375,2703.184427083333,2653.3889244791667,2681.8434973958333,380151200,BBRI.JK
2021-09-28,2646.275634765625,2681.843855663012,2624.9347022271922,2681.843855663012,306827400,BBRI.JK
2021-09-29,2660.502685546875,2667.616329091118,2624.9344678256602,2646.275398458389,143081800,BBRI.JK
2021-09-30,2738.752685546875,2752.9799722250405,2667.6162521560473,2674.7298954951298,416099000,BBRI.JK
2021-10-01,2774.321044921875,2788.5483323317308,2724.5255389873796,2738.7528263972354,359864700,BBRI.JK
2021-10-04,2824.116455078125,2852.5710289328163,2767.207307368742,2774.320950832415,335762600,BBRI.JK
2021-10-05,2795.661865234375,2831.230082349316,2781.4345783883987,2809.8891520803513,236562700,BBRI.JK
2021-10-06,2930.821044921875,2952.1619748606267,2788.548178663532,2788.548178663532,446708800,BBRI.JK
2021-10-07,2930.821044921875,2966.3892614864612,2895.252828357289,2952.1619748606267,264905400,BBRI.JK
2021-10-08,2959.275634765625,3016.1847815880406,2937.9347047072188,2980.616564824031,196631600,BBRI.JK
2021-10-11,2973.502685546875,2987.7299711236547,2937.934471604927,2959.275399970096,146720100,BBRI.JK
2021-10-12,3001.957275390625,3016.184561055983,2973.502704059908,2973.502704059908,241196000,BBRI.JK
2021-10-13,3044.6396484375,3058.8669365143105,3001.9577842070676,3009.071428245473,264629400,BBRI.JK
2021-10-14,3023.29833984375,3094.434771369485,3009.071053538603,3044.6392693014704,196989500,BBRI.JK
2021-10-15,3073.09375,3080.207392939815,3001.9573206018517,3023.2982494212965,318189600,BBRI.JK
2021-10-18,3137.11669921875,3137.11669921875,3087.3211960565473,3094.4348393654336,286829000,BBRI.JK
2021-10-19,3130.0029296875,3165.571144797585,3101.5483575994317,3165.571144797585,161256300,BBRI.JK
2021-10-21,3101.54833984375,3172.68476965668,3073.093767918578,3165.571126675387,319230200,BBRI.JK
2021-10-22,3130.0029296875,3130.0029296875,3073.0937855113634,3087.321071555398,160459300,BBRI.JK
2021-10-25,3058.8662109375,3108.661707394622,3058.8662109375,3080.2071379905524,128240100,BBRI.JK
2021-10-26,3094.434814453125,3108.662100956358,3037.525668440194,3044.6393116918102,108782400,BBRI.JK
2021-10-27,3051.752685546875,3087.320898665137,3030.411757675918,3080.207256041485,258038300,BBRI.JK
2021-10-28,3016.184814453125,3058.866675035009,2987.730240731869,2994.8438841621833,159645200,BBRI.JK
2021-10-29,3023.29833984375,3058.8665556066176,3001.957410386029,3058.8665556066176,155011100,BBRI.JK
2021-11-01,3009.071044921875,3080.207476243905,3001.957401789672,3080.207476243905,102079300,BBRI.JK
2021-11-02,2994.843994140625,3037.5258562898975,2994.843994140625,3037.5258562898975,124799700,BBRI.JK
2021-11-03,3051.752685546875,3058.8663281705276,2994.843544557656,3023.2981150522655,100486300,BBRI.JK
2021-11-04,3023.29833984375,3087.3211282169113,3023.2983398437495,3080.207485064338,119591100,BBRI.JK
2021-11-05,3016.184814453125,3037.5257447440667,2994.8438841621833,3037.5257447440667,74347000,BBRI.JK
2021-11-08,3009.071044921875,3030.411974318484,3001.957401789672,3023.2983311862813,79465600,BBRI.JK
2021-11-09,3023.29833984375,3023.2983398437495,3001.957410386029,3009.071053538603,92453200,BBRI.JK
2021-11-10,3023.29833984375,3030.4119829963233,2994.8437672334558,3009.071053538603,69475400,BBRI.JK
2021-11-11,3023.29833984375,3058.8665556066176,3009.071053538603,3051.752912454044,149637700,BBRI.JK
2021-11-12,3001.957275390625,3051.752775219379,2994.8436325579455,3037.5254895540206,80234400,BBRI.JK
2021-11-15,2959.275634765625,3001.9574948824365,2945.048348060021,3001.9574948824365,220142300,BBRI.JK
2021-11-16,2937.934814453125,2966.389388927247,2930.8211708345943,2930.8211708345943,163555000,BBRI.JK
2021-11-17,2987.730224609375,2987.730224609375,2959.2756510416666,2966.389294433594,126523700,BBRI.JK
2021-11-18,2973.502685546875,2980.616328335265,2945.0481143933166,2952.1617571817064,114881200,BBRI.JK
2021-11-19,3044.6396484375,3051.7532924759053,3001.9577842070676,3001.9577842070676,182167700,BBRI.JK
2021-11-22,3044.6396484375,3065.9805805527158,3023.298716322284,3065.9805805527158,151514000,BBRI.JK
2021-11-23,2994.843994140625,3044.639499981443,2987.730350449079,3044.639499981443,104294200,BBRI.JK
2021-11-24,2994.843994140625,3009.0712815237157,2980.616706757534,2987.730350449079,111072800,BBRI.JK
2021-11-25,3001.957275390625,3023.2982038886626,2973.502704059908,2973.502704059908,123609400,BBRI.JK
2021-11-26,2959.275634765625,3001.9574948824365,2952.1619914128228,2980.616564824031,148652500,BBRI.JK
2021-11-29,2966.38916015625,2980.616446296088,2902.3663725269785,2952.1618740164117,164312800,BBRI.JK
2021-11-30,2909.479736328125,3001.9570873605594,2909.479736328125,2952.1615906507873,316653200,BBRI.JK
2021-12-01,2902.366455078125,2973.502887800628,2895.2528118058744,2909.480098350375,163457900,BBRI.JK
2021-12-02,2987.730224609375,3001.957511393229,2888.139217122396,2888.139217122396,139281800,BBRI.JK
2021-12-03,2966.38916015625,3001.957375505845,2966.38916015625,2994.843732435926,93227100,BBRI.JK
2021-12-06,2923.707275390625,3001.9573484546077,2923.707275390625,2987.7300624429745,106610000,BBRI.JK
2021-12-07,3009.071044921875,3009.071044921875,2959.275542996454,2980.6164723930633,182048000,BBRI.JK
2021-12-08,2994.843994140625,3023.2985689068064,2966.389419374443,3023.2985689068064,143230200,BBRI.JK
2021-12-09,2980.61669921875,3001.9576302394094,2959.2757681980906,3001.9576302394094,90471500,BBRI.JK
2021-12-10,2937.934814453125,2959.2757453087165,2937.934814453125,2937.934814453125,122999200,BBRI.JK
2021-12-13,2959.275634765625,2987.7302081768325,2959.275634765625,2966.389278118427,86848900,BBRI.JK
2021-12-14,2937.934814453125,2959.2757453087165,2937.934814453125,2952.162101690186,100110000,BBRI.JK
2021-12-15,2987.730224609375,3009.0711547851565,2945.0483642578124,2952.1620076497397,124522800,BBRI.JK
2021-12-16,2945.048095703125,3001.9572376490787,2930.8208102166363,3001.9572376490787,136646600,BBRI.JK
2021-12-17,2923.707275390625,2945.0482044080745,2909.479989378992,2909.479989378992,153165400,BBRI.JK
2021-12-20,2930.821044921875,2937.9346882347922,2888.139185044372,2895.252828357289,89198900,BBRI.JK
2021-12-21,2902.366455078125,2930.8210281671263,2902.366455078125,2916.5937416226257,109561800,BBRI.JK
2021-12-22,2881.025146484375,2923.7070005063656,2881.025146484375,2916.5933581693675,104738000,BBRI.JK
2021-12-23,2916.59375,2923.707393292683,2888.139176829268,2909.4801067073167,72736800,BBRI.JK
2021-12-24,2895.252685546875,2930.820900357033,2881.025399622812,2916.5936144329703,59795000,BBRI.JK
2021-12-27,2888.13916015625,2923.707376414332,2888.13916015625,2895.2528034078664,65491200,BBRI.JK
2021-12-28,2909.479736328125,2923.7070211023456,2895.2524515539044,2909.479736328125,52952500,BBRI.JK
2021-12-29,2902.366455078125,2916.5937416226257,2895.2528118058744,2909.480098350375,27676500,BBRI.JK
2021-12-30,2923.707275390625,2945.0482044080745,2888.139060361542,2902.366346373175,146989400,BBRI.JK
2022-01-03,2973.502685546875,2980.616328335265,2909.4799004513684,2930.8208288165374,90842500,BBRI.JK
2022-01-04,2959.275634765625,2994.843851529635,2959.275634765625,2987.7302081768325,93950000,BBRI.JK
2022-01-05,2994.843994140625,3009.0712815237157,2937.9348446082613,2973.5030630659885,174376400,BBRI.JK
2022-01-06,2959.275634765625,3016.1847815880406,2945.048348060021,3016.1847815880406,137280000,BBRI.JK
2022-01-07,2980.61669921875,2987.7303428923033,2952.162124524538,2966.389411871644,101275000,BBRI.JK
2022-01-10,2973.502685546875,2994.843613912044,2973.502685546875,2980.616328335265,70722600,BBRI.JK
2022-01-11,2952.16162109375,2973.502548475151,2937.9343361728165,2973.502548475151,99404900,BBRI.JK
2022-01-12,2959.275634765625,2973.5029214712285,2937.9347047072188,2966.389278118427,65907000,BBRI.JK
2022-01-13,2980.61669921875,2980.61669921875,2966.389411871644,2973.503055545197,103522400,BBRI.JK
2022-01-14,2973.502685546875,2994.843613912044,2959.275399970096,2980.616328335265,110213800,BBRI.JK
2022-01-17,2994.843994140625,2994.843994140625,2973.5030630659885,2987.730350449079,102957100,BBRI.JK
2022-01-18,2980.61669921875,3016.1849175865154,2945.0484808509846,3016.1849175865154,120275000,BBRI.JK
2022-01-19,2937.934814453125,2994.8439634013694,2937.934814453125,2994.8439634013694,109954700,BBRI.JK
2022-01-20,2937.934814453125,2959.2757453087165,2923.7075272160637,2937.934814453125,86394600,BBRI.JK
2022-01-21,2966.38916015625,2966.38916015625,2923.7073017367356,2937.9345878765735,84972500,BBRI.JK
2022-01-24,2930.821044921875,2959.275618173544,2916.593758296041,2945.0483315477095,76709900,BBRI.JK
2022-01-25,2895.252685546875,2923.7072573950018,2845.457184812654,2916.5936144329703,185007800,BBRI.JK
2022-01-26,2909.479736328125,2916.5933787152353,2866.797882005463,2866.797882005463,97589500,BBRI.JK
2022-01-27,2945.048095703125,2945.048095703125,2888.138953757171,2895.252596500415,80682900,BBRI.JK
2022-01-28,2945.048095703125,2966.3890239328575,2909.4798819869034,2966.3890239328575,84812100,BBRI.JK
2022-01-31,2895.252685546875,2966.3891151671914,2895.252685546875,2966.3891151671914,78498500,BBRI.JK
2022-02-02,2895.252685546875,2930.820900357033,2888.1390425848435,2930.820900357033,81546300,BBRI.JK
2022-02-03,2937.934814453125,2973.503032545778,2937.934814453125,2973.503032545778,157898800,BBRI.JK
2022-02-04,2994.843994140625,2994.843994140625,2952.1621319913525,2966.389419374443,236602900,BBRI.JK
2022-02-07,3130.0029296875,3137.116572709517,3001.9573552911934,3016.1846413352273,468016600,BBRI.JK
2022-02-08,3158.45751953125,3236.7075932133307,3130.0029472832207,3165.571162593257,310878100,BBRI.JK
2022-02-09,3165.571044921875,3201.1392589097613,3115.7755453388345,3130.002830933989,149000100,BBRI.JK
2022-02-10,3179.798583984375,3201.1395140782297,3165.5712972551382,3201.1395140782297,112521600,BBRI.JK
2022-02-11,3165.571044921875,3165.571044921875,3115.7755453388345,3144.2301165291433,103418200,BBRI.JK
2022-02-14,3137.11669921875,3165.571272454294,3115.775769292092,3165.571272454294,105260000,BBRI.JK
2022-02-15,3151.343994140625,3165.571280795887,3122.8894208301,3158.457637468256,96658500,BBRI.JK
2022-02-16,3144.230224609375,3179.7984398198882,3137.1165815672725,3179.7984398198882,89636300,BBRI.JK
2022-02-17,3130.0029296875,3137.116572709517,3087.321071555398,3122.889286665483,118305100,BBRI.JK
2022-02-18,3151.343994140625,3158.457637468256,3108.662134174838,3130.0030641577314,127058000,BBRI.JK
2022-02-21,3194.025634765625,3194.025634765625,3158.4574205700164,3172.6847062482598,133717300,BBRI.JK
2022-02-22,3151.343994140625,3179.7985674511497,3144.2303508129935,3158.457637468256,109060900,BBRI.JK
2022-02-23,3186.912353515625,3215.366928100586,3172.6850662231445,3215.366928100586,160827800,BBRI.JK
2022-02-24,3122.889404296875,3179.798550616636,3108.662117716935,3179.798550616636,217523600,BBRI.JK
2022-02-25,3236.707763671875,3236.707763671875,3137.116755558894,3165.57132930546,301346400,BBRI.JK
2022-03-01,3293.616455078125,3457.2302314642952,3293.616455078125,3450.1165890127227,494657800,BBRI.JK
2022-03-02,3243.821044921875,3336.298399272718,3236.7074022795023,3329.1847566303454,186635200,BBRI.JK
2022-03-04,3322.0712890625,3364.753147166087,3279.389430958913,3357.639504148822,292022600,BBRI.JK
2022-03-07,3215.36669921875,3293.6167737572596,3215.3666992187505,3258.048558057937,224515800,BBRI.JK
2022-03-08,3151.343994140625,3243.8213573998305,3151.343994140625,3201.1394974340433,214870200,BBRI.JK
2022-03-09,3250.93505859375,3265.1623455022564,3201.139554413977,3222.480484776737,191967100,BBRI.JK
2022-03-10,3250.93505859375,3300.730562773523,3208.2531978682305,3300.730562773523,225575800,BBRI.JK
2022-03-11,3254.0791015625,3283.6616388494317,3231.892198597301,3254.0791015625,275965300,BBRI.JK
2022-03-14,3342.826904296875,3357.6181737849142,3261.474922112659,3283.6618263447176,212052100,BBRI.JK
2022-03-15,3409.387451171875,3431.5743543248377,3350.2223760973093,3365.0136448659505,357755700,BBRI.JK
2022-03-16,3438.969970703125,3446.3656050487234,3409.3874333207327,3438.9699707031255,226817000,BBRI.JK
2022-03-17,3438.969970703125,3475.9481424311157,3409.3874333207327,3468.5525080855177,224068000,BBRI.JK
2022-03-18,3387.20068359375,3475.9482997577784,3387.20068359375,3475.9482997577784,257863400,BBRI.JK
2022-03-21,3394.596435546875,3424.1789752902027,3372.409530739379,3401.992070482707,118791900,BBRI.JK
2022-03-22,3431.574462890625,3483.3439052187164,3431.574462890625,3468.5526359821188,177758500,BBRI.JK
2022-03-23,3438.969970703125,3468.5525080855177,3416.7830676663307,3461.15687373992,146545100,BBRI.JK
2022-03-24,3498.134765625,3498.134765625,3416.7827943313955,3431.5740618393233,206271600,BBRI.JK
2022-03-25,3483.343994140625,3520.3221681760883,3438.9701852980693,3520.3221681760883,137104800,BBRI.JK
2022-03-28,3498.134765625,3505.530399378964,3453.7609631012156,3498.134765625,106801800,BBRI.JK
2022-03-29,3468.552490234375,3512.926296079591,3453.761221619303,3512.926296079591,93155100,BBRI.JK
2022-03-30,3483.343994140625,3505.530898561903,3468.5527245264398,3505.530898561903,83364400,BBRI.JK
2022-03-31,3446.365478515625,3512.9261851822357,3446.365478515625,3475.9480148118964,158650000,BBRI.JK
2022-04-01,3498.134765625,3498.134765625,3424.1784280853594,3468.552230609144,145105000,BBRI.JK
2022-04-04,3475.948486328125,3498.1353915600066,3446.365946018949,3498.1353915600066,103902000,BBRI.JK
2022-04-05,3475.948486328125,3505.5310266373003,3453.7615810962434,3498.1353915600066,76154300,BBRI.JK
2022-04-06,3401.99169921875,3468.552406377378,3401.9916992187505,3468.552406377378,111009800,BBRI.JK
2022-04-07,3424.1787109375,3453.761248397003,3416.783076572624,3453.761248397003,91942500,BBRI.JK
2022-04-08,3409.387451171875,3438.9699887091583,3401.9918167875544,3424.1787199405167,125657900,BBRI.JK
2022-04-11,3379.804931640625,3416.7831037592314,3379.804931640625,3401.991834911789,109861100,BBRI.JK
2022-04-12,3409.387451171875,3409.3874511718755,3365.0136448659505,3365.0136448659505,96961200,BBRI.JK
2022-04-13,3409.387451171875,3431.5743543248377,3394.596182403234,3431.5743543248377,112327600,BBRI.JK
2022-04-14,3357.6181640625,3409.3876071207324,3350.2225293398956,3401.991972398128,150659600,BBRI.JK
2022-04-18,3365.013916015625,3387.2008209563874,3357.6182810353707,3365.013916015625,82795100,BBRI.JK
2022-04-19,3379.804931640625,3401.991834911789,3357.618028369461,3365.0136627931824,148475600,BBRI.JK
2022-04-20,3586.882568359375,3601.6738366825066,3401.991714320232,3409.3873484817977,404383100,BBRI.JK
2022-04-21,3549.904296875,3586.8824666341143,3520.3217610677084,3586.8824666341143,208253300,BBRI.JK
2022-04-22,3512.927001953125,3586.8833598889805,3490.7400945723684,3512.927001953125,174349500,BBRI.JK
2022-04-25,3579.48681640625,3586.882450324445,3453.7610397969397,3475.947941551524,235752400,BBRI.JK
2022-04-26,3653.443359375,3683.0258966978745,3572.091381737095,3579.487016067814,262734300,BBRI.JK
2022-04-27,3586.882568359375,3646.047641651901,3586.882568359375,3623.8607391672035,191955100,BBRI.JK
2022-04-28,3601.674072265625,3646.0478801374807,3594.278437620316,3601.674072265625,193821200,BBRI.JK
2022-05-09,3350.22216796875,3520.3217482408936,3350.22216796875,3512.926114316018,561600400,BBRI.JK
2022-05-10,3350.22216796875,3350.22216796875,3150.5400519971026,3150.5400519971026,435782800,BBRI.JK
2022-05-11,3320.64013671875,3387.2008521540924,3313.2445016703787,3365.013947008978,205233800,BBRI.JK
2022-05-12,3194.914306640625,3320.6401011149087,3180.123036702474,3320.6401011149087,207373600,BBRI.JK
2022-05-13,3143.14501953125,3224.497008272059,3143.14501953125,3143.14501953125,336711300,BBRI.JK
2022-05-17,3291.0576171875,3342.8270628511236,3157.9361854810395,3157.9361854810395,272650400,BBRI.JK
2022-05-18,3291.0576171875,3350.222697945927,3276.2663469978934,3328.035792661517,129716500,BBRI.JK
2022-05-19,3283.661376953125,3298.452644416878,3180.122504706855,3217.1006733662375,132614900,BBRI.JK
2022-05-20,3276.26611328125,3320.6399206846077,3261.4748441467973,3283.6617478484764,122101000,BBRI.JK
2022-05-23,3202.3095703125,3283.6615455398382,3194.9139362009237,3261.4746432051097,175709000,BBRI.JK
2022-05-24,3298.453369140625,3328.0359105678954,3194.914474145179,3194.914474145179,165758600,BBRI.JK
2022-05-25,3217.101318359375,3291.0576705055673,3217.101318359375,3276.266400076329,138961700,BBRI.JK
2022-05-27,3357.6181640625,3357.6181640625,3283.661816836454,3328.035625172082,209962100,BBRI.JK
2022-05-30,3276.26611328125,3357.6180935207394,3246.6835750123446,3357.6180935207394,193724500,BBRI.JK
2022-05-31,3424.1787109375,3424.1787109374995,3291.057292369735,3305.8485610994867,379626500,BBRI.JK
2022-06-02,3313.24462890625,3401.9922528948105,3313.24462890625,3357.6184409005305,225697500,BBRI.JK
2022-06-03,3342.826904296875,3379.805078016973,3335.431269552855,3350.2225390408944,117643300,BBRI.JK
2022-06-06,3276.26611328125,3335.4311898190604,3254.079209579571,3305.8486515501554,157277700,BBRI.JK
2022-06-07,3254.0791015625,3298.452907492898,3254.0791015625,3298.452907492898,133318000,BBRI.JK
2022-06-08,3305.8486328125,3305.8486328125,3239.2879220847317,3254.0791911353467,150604000,BBRI.JK
2022-06-09,3320.64013671875,3342.827041863864,3313.2445016703787,3328.0357717671213,161768800,BBRI.JK
2022-06-10,3254.0791015625,3305.8485418146306,3224.4965642755683,3305.8485418146306,222410400,BBRI.JK
2022-06-13,3209.705322265625,3217.1009566487255,3150.540247200821,3150.540247200821,164017200,BBRI.JK
2022-06-14,3224.49658203125,3261.474753843535,3180.122775856508,3180.122775856508,150381800,BBRI.JK
2022-06-15,3291.0576171875,3291.0576171875,3224.4969013342698,3224.4969013342698,160729900,BBRI.JK
2022-06-16,3276.26611328125,3350.222458953513,3261.4748441467973,3268.8704787140236,240023000,BBRI.JK
2022-06-17,3231.89208984375,3254.078992062357,3217.1008216980117,3231.89208984375,185763100,BBRI.JK
2022-06-20,3254.0791015625,3261.474735884233,3209.705295632102,3254.0791015625,95058800,BBRI.JK
2022-06-21,3239.2880859375,3276.2662604345032,3239.2880859375,3276.2662604345032,103964600,BBRI.JK
2022-06-22,3194.914306640625,3261.4750213623047,3187.5186716715493,3261.4750213623047,106208500,BBRI.JK
2022-06-23,3187.518310546875,3224.496481202871,3180.122676415676,3180.122676415676,127600700,BBRI.JK
2022-06-24,3209.705322265625,3217.1009566487255,3187.5184191163235,3194.914053499424,66083900,BBRI.JK
2022-06-27,3165.331787109375,3202.3099621924284,3157.936152092764,3187.5186921592067,152306100,BBRI.JK
2022-06-28,3180.12255859375,3202.3094601653343,3165.3312908793605,3194.9138263081395,178535800,BBRI.JK
2022-06-29,3091.37548828125,3187.5187450938247,3091.37548828125,3165.3318396755385,228536100,BBRI.JK
2022-06-30,3069.1884765625,3120.9579207454817,3047.0015719126504,3047.0015719126504,239939100,BBRI.JK
2022-07-01,3061.79248046875,3106.1662845335145,3039.6055784363675,3069.188114479544,154659500,BBRI.JK
2022-07-04,2987.836181640625,3047.0012545443997,2928.6711087368503,3024.8143522054843,246853600,BBRI.JK
2022-07-05,3024.814453125,3076.583893643032,2987.836281326406,2987.836281326406,180648400,BBRI.JK
2022-07-06,3017.419189453125,3032.2104599896597,2973.0453778435203,2995.2322836483227,125309100,BBRI.JK
2022-07-07,2995.232177734375,3039.6059877748844,2987.8365427276235,2987.8365427276235,172127500,BBRI.JK
2022-07-08,3106.16650390625,3106.16650390625,2995.2319859095983,3024.8145240420386,112914000,BBRI.JK
2022-07-11,3047.00146484375,3083.9796379607856,3032.2101955969356,3069.1883687139716,80867700,BBRI.JK
2022-07-12,3039.605712890625,3061.7926159044255,3032.210078552692,3047.0013472285586,56085200,BBRI.JK
2022-07-13,3002.627685546875,3054.3971284011313,2980.4407814664796,3039.605859014201,165745200,BBRI.JK
2022-07-14,3010.02294921875,3024.8142167824785,2965.6491465275644,2965.6491465275644,188729700,BBRI.JK
2022-07-15,3039.605712890625,3047.0013472285586,2995.231906863025,3002.627541200958,91362800,BBRI.JK
2022-07-18,3061.79248046875,3061.79248046875,3017.4186764039855,3039.6055784363675,135284500,BBRI.JK
2022-07-19,3039.605712890625,3069.1882502423587,3039.605712890625,3069.1882502423587,122905900,BBRI.JK
2022-07-20,3180.12255859375,3180.12255859375,3076.5836845930235,3091.374952307413,220223600,BBRI.JK
2022-07-21,3187.518310546875,3187.518310546875,3128.353237497281,3180.122676415676,130405400,BBRI.JK
2022-07-22,3157.93603515625,3202.3098436127784,3157.93603515625,3202.3098436127784,86561100,BBRI.JK
2022-07-25,3143.14501953125,3180.123196231618,3143.14501953125,3143.14501953125,60952800,BBRI.JK
2022-07-26,3202.3095703125,3217.1008385356527,3150.5401315314666,3157.935765643043,97709800,BBRI.JK
2022-07-27,3194.914306640625,3239.288116455078,3180.123036702474,3239.288116455078,88570800,BBRI.JK
2022-07-28,3224.49658203125,3254.079119481078,3209.705313306336,3209.705313306336,136421400,BBRI.JK
2022-07-29,3224.49658203125,3276.266022568449,3209.705313306336,3246.683485118621,228669400,BBRI.JK
2022-08-01,3224.49658203125,3261.474753843535,3202.309678943879,3246.683485118621,200791700,BBRI.JK
2022-08-02,3254.0791015625,3254.0791015625,3180.1227583451705,3224.4965642755683,173931000,BBRI.JK
2022-08-03,3239.2880859375,3268.8706255351026,3217.101181239298,3261.474990635702,103412300,BBRI.JK
2022-08-04,3224.49658203125,3246.683485118621,3217.100947668793,3239.287850756164,120175700,BBRI.JK
2022-08-05,3224.49658203125,3254.079119481078,3194.914044581422,3224.49658203125,168879400,BBRI.JK
2022-08-08,3231.89208984375,3254.078992062357,3209.705187625143,3224.496455770881,107242600,BBRI.JK
2022-08-09,3261.474609375,3305.848413584184,3246.6833413052723,3254.0789753401364,181747100,BBRI.JK
2022-08-10,3187.518310546875,3231.8921153340702,3180.122676415676,3217.100847071672,205341100,BBRI.JK
2022-08-11,3217.101318359375,3261.4751296470904,3209.7056831447558,3239.2882240032327,193329000,BBRI.JK
2022-08-12,3194.914306640625,3217.1012115478516,3194.914306640625,3209.705576578776,103916700,BBRI.JK
2022-08-15,3180.12255859375,3217.1007278797238,3180.12255859375,3202.3094601653343,135099400,BBRI.JK
2022-08-16,3165.331787109375,3217.1012322256497,3157.936152092764,3217.1012322256497,205432400,BBRI.JK
2022-08-18,3202.3095703125,3209.7052044240763,3187.518302089348,3202.3095703125,138795300,BBRI.JK
2022-08-19,3180.12255859375,3209.705094022529,3180.12255859375,3209.705094022529,84552100,BBRI.JK
2022-08-22,3157.93603515625,3202.3098436127784,3157.93603515625,3194.9142088700237,121124400,BBRI.JK
2022-08-23,3180.12255859375,3187.5181924509448,3150.540023164971,3150.540023164971,107799500,BBRI.JK
2022-08-24,3172.727294921875,3202.309833802265,3165.331660201777,3180.1229296419724,75055900,BBRI.JK
2022-08-25,3157.93603515625,3180.122939384514,3157.93603515625,3165.3316698990047,117653800,BBRI.JK
2022-08-26,3157.93603515625,3172.7273046417595,3157.93603515625,3165.3316698990047,87375200,BBRI.JK
2022-08-29,3143.14501953125,3157.936290211397,3120.9581135110298,3143.14501953125,88409800,BBRI.JK
2022-08-30,3150.54052734375,3180.1230675066017,3143.1448923030366,3143.1448923030366,157219500,BBRI.JK
2022-08-31,3209.705322265625,3217.1009566487255,3135.74897843462,3143.1446128177204,191475700,BBRI.JK
2022-09-01,3246.683837890625,3246.683837890625,3187.5187565623223,3194.91439172836,139929300,BBRI.JK
2022-09-02,3291.0576171875,3291.0576171875,3239.2881715238764,3261.4750768082868,220616600,BBRI.JK
2022-09-05,3394.596435546875,3401.992070482707,3268.8706416377313,3276.2662765735636,261126600,BBRI.JK
2022-09-06,3372.409423828125,3468.552674946032,3365.0137891267477,3453.7614055432773,188042700,BBRI.JK
2022-09-07,3298.453369140625,3365.014087351983,3298.453369140625,3335.4315459247127,231936700,BBRI.JK
2022-09-08,3401.99169921875,3416.782967476223,3313.244089673913,3313.244089673913,250373200,BBRI.JK
2022-09-09,3409.387451171875,3431.5743543248377,3379.804913634592,3431.5743543248377,119286700,BBRI.JK
2022-09-12,3372.409423828125,3424.1788667377673,3372.409423828125,3409.3875973350123,97988000,BBRI.JK
2022-09-13,3387.20068359375,3431.5744916757644,3372.4094142330787,3372.4094142330787,141828800,BBRI.JK
2022-09-14,3387.20068359375,3409.387587634757,3335.4312408314,3342.826875511736,149960600,BBRI.JK
2022-09-15,3409.387451171875,3475.9481606307622,3394.596182403234,3401.9918167875544,295664100,BBRI.JK
2022-09-16,3328.03564453125,3416.78326171875,3328.03564453125,3409.387626953125,282492200,BBRI.JK
2022-09-19,3379.804931640625,3401.991834911789,3328.035490674576,3342.8267595220186,134432000,BBRI.JK
2022-09-20,3320.64013671875,3401.992122250835,3320.64013671875,3379.805217105721,138695500,BBRI.JK
2022-09-21,3365.013916015625,3365.013916015625,3305.848836173592,3320.6401061341003,159976900,BBRI.JK
2022-09-22,3372.409423828125,3387.20069323088,3328.03561561986,3328.03561561986,100425300,BBRI.JK
2022-09-23,3313.24462890625,3372.4097115652903,3313.24462890625,3357.6184409005305,139074000,BBRI.JK
2022-09-26,3357.6181640625,3357.6181640625,3261.47491266864,3313.2443557268725,280747500,BBRI.JK
2022-09-27,3350.22216796875,3365.0134358185014,3313.2439983443705,3328.0352661941224,213704600,BBRI.JK
2022-09-28,3342.826904296875,3372.4094432729535,3313.2443653207965,3335.431269552855,161815300,BBRI.JK
2022-09-29,3313.24462890625,3357.6184409005305,3298.45335824149,3342.82717023577,169368600,BBRI.JK
2022-09-30,3320.64013671875,3335.4314068154927,3261.475056331779,3291.057596525264,224229200,BBRI.JK
2022-10-03,3350.22216796875,3365.0134358185014,3313.2439983443705,3328.0352661941224,159559600,BBRI.JK
2022-10-04,3431.574462890625,3438.970097508924,3372.409385944235,3372.409385944235,256367100,BBRI.JK
2022-10-05,3357.6181640625,3446.365780733756,3357.6181640625,3446.365780733756,182246200,BBRI.JK
2022-10-06,3335.43115234375,3379.804959248545,3335.4311523437505,3357.6180557961475,123346200,BBRI.JK
2022-10-07,3283.661376953125,3320.639545612507,3276.2657432212486,3313.2439118806305,133678600,BBRI.JK
2022-10-10,3231.89208984375,3276.265894280964,3209.705187625143,3268.870260208095,193923600,BBRI.JK
2022-10-11,3276.26611328125,3276.26611328125,3231.8923058778923,3246.6835750123446,133742200,BBRI.JK
2022-10-12,3254.0791015625,3305.8485418146306,3254.0791015625,3305.8485418146306,128741800,BBRI.JK
2022-10-13,3217.101318359375,3268.8707648617096,3217.101318359375,3246.683859217852,104269900,BBRI.JK
2022-10-14,3157.93603515625,3246.6836520693064,3157.93603515625,3239.2880173265517,180841100,BBRI.JK
2022-10-17,3180.12255859375,3194.9138263081395,3150.540023164971,3157.9356570221657,145506000,BBRI.JK
2022-10-18,3172.727294921875,3209.705468522363,3165.331660201777,3165.331660201777,161444100,BBRI.JK
2022-10-19,3180.12255859375,3209.705094022529,3165.3312908793605,3165.3312908793605,81682300,BBRI.JK
2022-10-20,3246.683837890625,3254.079473056663,3165.3318510642084,3165.3318510642084,149521700,BBRI.JK
2022-10-21,3276.26611328125,3298.453016982929,3224.496671310666,3224.496671310666,165052200,BBRI.JK
2022-10-24,3328.03564453125,3357.61818359375,3276.266201171875,3276.266201171875,186997700,BBRI.JK
2022-10-25,3394.596435546875,3409.387705418539,3365.0138958035473,3372.409530739379,233948800,BBRI.JK
2022-10-26,3350.22216796875,3409.3872393677566,3328.0352661941224,3401.9916054428804,178298500,BBRI.JK
2022-10-27,3401.99169921875,3401.9916992187505,3350.2222603175956,3365.013528575068,131385300,BBRI.JK
2022-10-28,3424.1787109375,3424.1787109374995,3372.409270383369,3401.9918078428723,227256400,BBRI.JK
2022-10-31,3438.969970703125,3461.15687373992,3424.178702011929,3424.178702011929,275184000,BBRI.JK
2022-11-01,3446.365478515625,3475.9480148118964,3424.1785762934214,3468.5523807378286,230590200,BBRI.JK
2022-11-02,3409.387451171875,3461.1568918621206,3379.804913634592,3461.1568918621206,163816900,BBRI.JK
2022-11-03,3438.969970703125,3446.3656050487234,3394.5961646295364,3424.178702011929,174423000,BBRI.JK
2022-11-04,3438.969970703125,3446.3656050487234,3409.3874333207327,3438.9699707031255,85292300,BBRI.JK
2022-11-07,3468.552490234375,3468.552490234375,3409.387415774087,3438.9699530042312,112070500,BBRI.JK
2022-11-08,3416.783447265625,3468.552893436316,3409.387812098383,3468.552893436316,80916300,BBRI.JK
2022-11-09,3438.969970703125,3438.9699707031255,3401.9917989751348,3401.9917989751348,126493900,BBRI.JK
2022-11-10,3350.22216796875,3387.200337593129,3342.826534043874,3372.409069743377,196277400,BBRI.JK
2022-11-11,3438.969970703125,3438.9699707031255,3394.5961646295364,3416.7830676663307,153238500,BBRI.JK
2022-11-14,3387.20068359375,3431.5744916757644,3365.013779552743,3416.7832223150926,140187600,BBRI.JK
2022-11-15,3387.20068359375,3409.387587634757,3372.4094142330787,3387.20068359375,87986300,BBRI.JK
2022-11-16,3342.826904296875,3409.387616993052,3320.640000064816,3394.596347505012,245789200,BBRI.JK
2022-11-17,3453.761474609375,3453.761474609375,3328.0356821717746,3342.826951870316,214514600,BBRI.JK
2022-11-18,3409.387451171875,3461.1568918621206,3409.3874511718755,3453.7612574778,105313200,BBRI.JK
2022-11-21,3394.596435546875,3424.1789752902027,3372.409530739379,3416.783340354371,82279300,BBRI.JK
2022-11-22,3394.596435546875,3453.761515033531,3379.805165675211,3379.805165675211,154866000,BBRI.JK
2022-11-23,3453.761474609375,3453.761474609375,3424.178935212293,3431.574570061563,147280600,BBRI.JK
2022-11-24,3490.739990234375,3505.531261379436,3453.761812371723,3475.948719089314,156735700,BBRI.JK
2022-11-25,3512.927001953125,3512.927001953125,3468.553187191612,3475.9488229851977,177861100,BBRI.JK
2022-11-28,3564.6962890625,3572.0919245169866,3498.135569972121,3498.135569972121,214611600,BBRI.JK
2022-11-29,3586.882568359375,3594.278202520941,3542.5087633899807,3564.695665874678,184916300,BBRI.JK
2022-11-30,3683.02587890625,3683.02587890625,3549.9044615963858,3557.300095891378,560639800,BBRI.JK
2022-12-01,3653.443359375,3716.306251186108,3623.8608220521255,3697.8171653593117,267382600,BBRI.JK
2022-12-02,3616.465576171875,3646.0481166722584,3594.2786707965874,3623.861211296971,199981400,BBRI.JK
2022-12-05,3616.465576171875,3646.0481166722584,3594.2786707965874,3631.2568464220667,88463000,BBRI.JK
2022-12-06,3594.2783203125,3616.4652235243057,3549.9045138888887,3594.2783203125,151325300,BBRI.JK
2022-12-07,3520.321533203125,3579.4866009880516,3505.5302662568934,3579.4866009880516,253330100,BBRI.JK
2022-12-08,3579.48681640625,3579.48681640625,3483.3435754697184,3520.321745060692,154313900,BBRI.JK
2022-12-09,3549.904296875,3579.4868326822916,3520.3217610677084,3572.0911987304685,203573100,BBRI.JK
2022-12-12,3586.882568359375,3586.882568359375,3520.3218609052838,3549.9043975515465,139582400,BBRI.JK
2022-12-13,3675.63037109375,3683.0260056432344,3579.487121950453,3601.674025598906,194233200,BBRI.JK
2022-12-14,3683.02587890625,3697.817147496235,3601.673901661333,3697.817147496235,201275800,BBRI.JK
2022-12-15,3631.256591796875,3653.4434956164077,3609.0696879773423,3623.860957190364,170702300,BBRI.JK
2022-12-16,3683.02587890625,3683.02587890625,3564.695730186371,3564.695730186371,594601900,BBRI.JK
2022-12-19,3675.63037109375,3683.0260056432344,3638.652198346328,3675.63037109375,82959800,BBRI.JK
2022-12-20,3631.256591796875,3675.6303994359405,3616.465322583853,3646.0478610098967,78671600,BBRI.JK
2022-12-21,3616.465576171875,3653.4437517973543,3601.6743059216833,3631.2568464220667,71277800,BBRI.JK
2022-12-22,3668.235107421875,3675.6307427190964,3623.861295638546,3631.2569309357673,87321400,BBRI.JK
2022-12-23,3609.06982421875,3653.443633532915,3609.06982421875,3638.652363761527,53350600,BBRI.JK
2022-12-26,3646.0478515625,3646.0478515625,3616.4653132131084,3623.8609478004564,43581100,BBRI.JK
2022-12-27,3601.674072265625,3660.839149428099,3594.278437620316,3646.0478801374807,74123800,BBRI.JK
2022-12-28,3564.6962890625,3609.070101789419,3557.3006536080134,3601.6744663349327,117912500,BBRI.JK
2022-12-29,3601.674072265625,3601.674072265625,3549.9046297484597,3564.6958990390785,106690700,BBRI.JK
2022-12-30,3653.443359375,3660.8389937057186,3601.6739190599696,3601.6739190599696,182091500,BBRI.JK
2023-01-02,3601.674072265625,3638.6522454921715,3564.6958990390785,3631.2566108468623,100200100,BBRI.JK
2023-01-03,3586.882568359375,3623.8607391672035,3572.0913000362434,3572.0913000362434,95136500,BBRI.JK
2023-01-04,3527.7177734375,3586.8828513987164,3527.7177734375005,3586.8828513987164,188071000,BBRI.JK
2023-01-05,3431.574462890625,3520.32207831021,3379.8050205625336,3512.9264436919116,292142000,BBRI.JK
2023-01-06,3416.783447265625,3431.574717600108,3365.0140010949335,3365.0140010949335,175932000,BBRI.JK
2023-01-09,3394.596435546875,3431.574610226035,3365.0138958035473,3387.200800611043,166164900,BBRI.JK
2023-01-10,3317.463623046875,3422.3044598926003,3302.4863606403433,3407.327197486068,282510000,BBRI.JK
2023-01-11,3280.020263671875,3317.4634173667596,3265.0430021939214,3302.4861558888056,211610100,BBRI.JK
2023-01-12,3369.8837890625,3384.8610503472223,3302.4861132812503,3354.906527777778,210887800,BBRI.JK
2023-01-13,3354.90625,3392.3494001116073,3309.9744698660716,3377.372140066964,134592100,BBRI.JK
2023-01-16,3384.861083984375,3392.3497147011544,3309.974776816579,3317.463407533359,172170900,BBRI.JK
2023-01-17,3414.8154296875,3429.7926903440243,3377.37227804619,3384.860908374452,150577400,BBRI.JK
2023-01-18,3444.770263671875,3459.7475256878397,3414.8157396399456,3414.8157396399456,178026000,BBRI.JK
2023-01-19,3452.259033203125,3467.2362958200583,3429.793139277725,3437.2817705861917,117204100,BBRI.JK
2023-01-20,3482.212890625,3497.190150369624,3459.7470010080647,3467.2356308803764,116038300,BBRI.JK
2023-01-24,3459.7470703125,3504.6788504464284,3437.281180245536,3489.701590401786,81964700,BBRI.JK
2023-01-25,3414.8154296875,3459.7472116570725,3407.326799359238,3459.7472116570725,84009300,BBRI.JK
2023-01-26,3437.28173828125,3459.7476319955067,3407.3272133289083,3414.8158445669937,113840400,BBRI.JK
2023-01-27,3474.724853515625,3504.679378114897,3444.7703289163524,3444.7703289163524,178282600,BBRI.JK
2023-01-30,3452.259033203125,3504.6794523623917,3422.3045079692583,3482.2135584369917,185972400,BBRI.JK
2023-01-31,3429.792724609375,3459.747246221684,3422.3040942062976,3452.2586158186064,280039200,BBRI.JK
2023-02-01,3504.67919921875,3512.1678299863115,3459.7474146133814,3467.236045380943,181849300,BBRI.JK
2023-02-02,3444.770263671875,3504.679311735734,3444.770263671875,3482.2134187117867,145413400,BBRI.JK
2023-02-03,3557.099853515625,3579.5657473273027,3467.2362782689147,3482.213540810033,198479900,BBRI.JK
2023-02-06,3549.61083984375,3602.031253090388,3504.679057060918,3579.5653616989716,141366300,BBRI.JK
2023-02-07,3557.099853515625,3587.054378597862,3534.6339597039473,3549.6112222450656,140923100,BBRI.JK
2023-02-08,3587.0546875,3587.0546875000005,3527.1456321764094,3527.1456321764094,168599500,BBRI.JK
2023-02-09,3602.03125,3624.4971413721414,3572.076728170478,3587.053989085239,177400700,BBRI.JK
2023-02-10,3639.47509765625,3654.452361432613,3572.0774106626154,3624.4978338798865,181146600,BBRI.JK
2023-02-13,3594.54296875,3669.429280598958,3594.54296875,3669.429280598958,144569400,BBRI.JK
2023-02-14,3646.963134765625,3646.963134765625,3602.031350764406,3609.5199814312755,120995200,BBRI.JK
2023-02-15,3646.963134765625,3661.9403960993645,3602.031350764406,3661.9403960993645,84568100,BBRI.JK
2023-02-16,3646.963134765625,3661.9403960993645,3631.9858734318855,3661.9403960993645,69966200,BBRI.JK
2023-02-17,3654.451416015625,3661.9400459664766,3617.0082662613668,3661.9400459664766,104019300,BBRI.JK
2023-02-20,3654.451416015625,3669.4286759173283,3624.4968962122184,3669.4286759173283,88432500,BBRI.JK
2023-02-21,3609.519775390625,3654.451556827023,3609.519775390625,3654.451556827023,59319100,BBRI.JK
2023-02-22,3564.588134765625,3602.0312874417345,3542.1222431599595,3587.054026371291,107327900,BBRI.JK
2023-02-23,3594.54296875,3602.031599934896,3542.122550455729,3602.031599934896,139144500,BBRI.JK
2023-02-24,3564.588134765625,3624.4971790474006,3564.5881347656255,3594.542656906513,46409300,BBRI.JK
2023-02-27,3602.03125,3602.03125,3564.588097713098,3579.5653586278586,89918800,BBRI.JK
2023-02-28,3497.190673828125,3587.054245746621,3497.190673828125,3564.5883527669966,273125500,BBRI.JK
2023-03-01,3534.6337890625,3557.099681789592,3519.6565272444386,3542.1224199715307,115578600,BBRI.JK
2023-03-02,3579.5654296875,3579.5654296875,3534.6336460512553,3557.0995378693774,59377900,BBRI.JK
2023-03-03,3564.588134765625,3594.542656906513,3542.1222431599595,3594.542656906513,84777000,BBRI.JK
2023-03-06,3587.0546875,3594.5433194154493,3579.5660555845516,3587.0546875000005,78292000,BBRI.JK
2023-03-07,3624.49755859375,3631.9861899131583,3572.07713935789,3572.07713935789,111953700,BBRI.JK
2023-03-08,3624.49755859375,3631.9861899131583,3609.520295954933,3631.9861899131583,125766100,BBRI.JK
2023-03-09,3602.03125,3646.963032744283,3602.03125,3639.474402286902,79549800,BBRI.JK
2023-03-10,3609.519775390625,3617.0084056300248,3594.542514911826,3609.519775390625,125140500,BBRI.JK
2023-03-13,3617.0087890625,3646.963313195523,3572.077002862966,3602.0315269959888,106769300,BBRI.JK
2023-03-14,3527.145263671875,3587.0543127363653,3512.1680014057524,3572.0770504702427,192444400,BBRI.JK
2023-03-15,3519.65673828125,3572.077157787566,3519.65673828125,3564.588526429521,107761200,BBRI.JK
2023-03-16,3542.12255859375,3557.099820997952,3474.7248777748414,3519.656664987447,155984500,BBRI.JK
2023-03-17,3669.429443359375,3669.429443359375,3557.099970603476,3572.077233637596,267753300,BBRI.JK
2023-03-20,3654.451416015625,3654.451416015625,3609.519636310515,3624.4968962122184,113829400,BBRI.JK
2023-03-21,3669.429443359375,3684.406706393495,3624.4976542570153,3646.9635488081954,214639300,BBRI.JK
2023-03-24,3748.984375,3788.2819051362685,3709.6868448637315,3733.2653629454926,266103900,BBRI.JK
2023-03-27,3725.406005859375,3764.7035375667524,3709.686993176424,3733.2655122008505,144925200,BBRI.JK
2023-03-28,3748.984375,3756.8438810272537,3725.405856918239,3725.405856918239,105217100,BBRI.JK
2023-03-29,3780.422119140625,3788.281624585824,3748.98409735983,3772.562613695426,141800500,BBRI.JK
2023-03-30,3733.265380859375,3780.4224172491777,3725.405874794408,3780.4224172491777,98847200,BBRI.JK
2023-03-31,3717.54638671875,3733.265398924749,3701.8273745127512,3717.54638671875,161561800,BBRI.JK
2023-04-03,3772.56298828125,3772.56298828125,3741.124963378906,3748.984469604492,133511700,BBRI.JK
2023-04-04,3788.281494140625,3788.281494140625,3741.1244630932315,3772.562483791494,88097800,BBRI.JK
2023-04-05,3796.14111328125,3835.4386403338513,3772.5625970496894,3780.4221024602098,119316500,BBRI.JK
2023-04-06,3804.00048828125,3819.7194985634037,3788.281477999096,3819.7194985634037,88012300,BBRI.JK
2023-04-10,3819.719970703125,3819.719970703125,3788.2819462528932,3819.719970703125,58886800,BBRI.JK
2023-04-11,3835.438232421875,3843.29773699651,3796.1407095487,3819.719223272605,67275600,BBRI.JK
2023-04-12,3874.73583984375,3890.4548493360167,3843.2978208592162,3890.4548493360167,194839900,BBRI.JK
2023-04-13,3914.033935546875,3929.7529473362197,3874.7364060735126,3890.4554178628573,141279800,BBRI.JK
2023-04-14,3988.698974609375,4008.3477380310965,3929.752684344212,3969.0502111876544,190097200,BBRI.JK
2023-04-17,3921.89306640625,3988.698860122589,3898.314550976954,3988.698860122589,121231300,BBRI.JK
2023-04-18,3890.455078125,3949.4013671875005,3890.4550781250005,3921.8930989583337,95747700,BBRI.JK
2023-04-26,3949.4013671875,4047.645182291667,3874.7360677083334,4047.645182291667,273336000,BBRI.JK
2023-04-27,4047.645263671875,4047.645263671875,3921.8931778102246,3921.8931778102246,125947200,BBRI.JK
2023-04-28,4008.347900390625,4145.889249913833,4008.347900390625,4067.294193043428,251912000,BBRI.JK
2023-05-02,4047.645263671875,4067.294027087758,3969.0502100083436,4067.294027087758,84246100,BBRI.JK
2023-05-03,4008.347900390625,4106.5917214786305,3969.0503719554226,4106.5917214786305,183524700,BBRI.JK
2023-05-04,4047.645263671875,4067.294027087758,3988.6989734242266,4047.645263671875,140482000,BBRI.JK
2023-05-05,4106.59130859375,4126.2400708358255,4027.9962596254486,4106.59130859375,182599600,BBRI.JK
2023-05-08,4008.347900390625,4126.240485696231,3969.0503719554226,4126.240485696231,107804200,BBRI.JK
2023-05-09,4027.996826171875,4027.9968261718755,3949.4017661490093,3969.050531154726,102987300,BBRI.JK
2023-05-10,4047.645263671875,4047.645263671875,3969.0502100083436,3988.6989734242266,108369600,BBRI.JK
2023-05-11,4047.645263671875,4067.294027087758,4008.3477368401095,4067.294027087758,85618800,BBRI.JK
2023-05-12,4047.645263671875,4067.294027087758,4008.3477368401095,4008.3477368401095,92625800,BBRI.JK
2023-05-15,4047.645263671875,4067.294027087758,3949.4014465924606,4047.645263671875,163732600,BBRI.JK
2023-05-16,4086.94287109375,4086.94287109375,4008.3478158804087,4067.2941072904146,73611200,BBRI.JK
2023-05-17,4086.94287109375,4126.240398700421,4067.2941072904146,4126.240398700421,115834500,BBRI.JK
2023-05-19,4244.1337890625,4283.431324146412,4086.943648726852,4106.592416268808,185672200,BBRI.JK
2023-05-22,4263.78173828125,4322.728029593894,4165.5379194268435,4165.5379194268435,162655900,BBRI.JK
2023-05-23,4322.72802734375,4401.323082386363,4303.079263583097,4303.079263583097,255251600,BBRI.JK
2023-05-24,4401.32275390625,4401.32275390625,4283.430180140904,4342.376467023577,187436100,BBRI.JK
2023-05-25,4303.07958984375,4381.674650845463,4283.430824593322,4322.728355094178,224391900,BBRI.JK
2023-05-26,4401.32275390625,4401.32275390625,4263.78141784668,4263.78141784668,154003100,BBRI.JK
2023-05-29,4362.025390625,4420.9716796875,4303.0791015625,4401.322916666667,125049100,BBRI.JK
2023-05-30,4322.72802734375,4401.323082386363,4322.72802734375,4322.72802734375,67363200,BBRI.JK
2023-05-31,4381.67431640625,4381.67431640625,4224.484206400645,4381.67431640625,898453700,BBRI.JK
2023-06-05,4263.78173828125,4401.3230846774195,4263.78173828125,4401.3230846774195,255472600,BBRI.JK
2023-06-06,4283.4306640625,4322.7281930905965,4204.835606006307,4244.1331350344035,92019300,BBRI.JK
2023-06-07,4244.1337890625,4303.080091688368,4204.8362539785885,4303.080091688368,150377000,BBRI.JK
2023-06-08,4303.07958984375,4303.07958984375,4204.83576359161,4224.484528842037,92794100,BBRI.JK
2023-06-09,4263.78173828125,4283.4305020521315,4224.484210739487,4263.78173828125,77251000,BBRI.JK
2023-06-12,4244.1337890625,4244.1337890625,4224.485021520544,4244.1337890625,92314200,BBRI.JK
2023-06-13,4362.025390625,4362.025390625,4244.1328125,4244.1328125,108831400,BBRI.JK
2023-06-14,4362.025390625,4381.674153645834,4303.0791015625,4381.674153645834,79137600,BBRI.JK
2023-06-15,4342.376953125,4342.376953125,4283.430659643665,4303.079424137443,74388400,BBRI.JK
2023-06-16,4362.025390625,4362.025390625,4244.1328125,4303.0791015625,189062600,BBRI.JK
2023-06-19,4342.376953125,4342.376953125,4283.430659643665,4322.728188631222,55144200,BBRI.JK
2023-06-20,4362.025390625,4362.025390625,4303.0791015625,4303.0791015625,102926800,BBRI.JK
2023-06-21,4381.67431640625,4381.67431640625,4322.728025154148,4322.728025154148,84605400,BBRI.JK
2023-06-22,4303.07958984375,4401.32341609589,4303.07958984375,4362.025885595034,94143200,BBRI.JK
2023-06-23,4244.1337890625,4303.080091688368,4244.1337890625,4263.782556604456,123350300,BBRI.JK
2023-06-26,4283.4306640625,4303.079428576548,4224.484370520356,4263.781899548451,85472100,BBRI.JK
2023-06-27,4263.78173828125,4322.728029593894,4263.78173828125,4283.4305020521315,110716500,BBRI.JK
2023-07-03,4303.07958984375,4362.025885595034,4283.430824593322,4322.728355094178,168559800,BBRI.JK
2023-07-04,4283.4306640625,4322.7281930905965,4263.781899548451,4322.7281930905965,94462600,BBRI.JK
2023-07-05,4283.4306640625,4283.4306640625,4244.1331350344035,4244.1331350344035,109632800,BBRI.JK
2023-07-06,4263.78173828125,4303.079265823013,4244.1329745103685,4283.4305020521315,109446200,BBRI.JK
2023-07-07,4224.48388671875,4263.781411246367,4224.48388671875,4244.132648982558,114043800,BBRI.JK
2023-07-10,4244.1337890625,4322.728859230324,4244.1337890625,4263.782556604456,78972100,BBRI.JK
2023-07-11,4263.78173828125,4283.4305020521315,4224.484210739487,4224.484210739487,122094700,BBRI.JK
2023-07-12,4283.4306640625,4303.079428576548,4263.781899548451,4283.4306640625,104993700,BBRI.JK
2023-07-13,4283.4306640625,4303.079428576548,4263.781899548451,4263.781899548451,134905700,BBRI.JK
2023-07-14,4342.376953125,4342.376953125,4263.781895149887,4283.430659643665,127814200,BBRI.JK
2023-07-17,4381.67431640625,4420.971843907651,4342.376788904849,4362.025552655549,166951300,BBRI.JK
2023-07-18,4420.9716796875,4479.91796875,4401.322916666667,4420.9716796875,120810300,BBRI.JK
2023-07-20,4420.9716796875,4440.620442708334,4362.025390625,4381.674153645834,111117300,BBRI.JK
2023-07-21,4420.9716796875,4420.9716796875,4381.674153645834,4401.322916666667,63094600,BBRI.JK
2023-07-24,4401.32275390625,4440.620278494699,4401.32275390625,4401.32275390625,62962500,BBRI.JK
2023-07-25,4440.62060546875,4479.918132950775,4420.971841727738,4420.971841727738,111248100,BBRI.JK
2023-07-26,4460.26953125,4479.918295704846,4440.620766795154,4479.918295704846,76200300,BBRI.JK
2023-07-27,4440.62060546875,4519.215660432798,4440.62060546875,4460.269369209762,109859200,BBRI.JK
2023-07-28,4479.9189453125,4479.9189453125,4420.972643400493,4420.972643400493,74036700,BBRI.JK
2023-07-31,4440.62060546875,4479.918132950775,4440.62060546875,4479.918132950775,186727400,BBRI.JK
2023-08-01,4479.9189453125,4519.216479920505,4440.621410704495,4440.621410704495,100137500,BBRI.JK
2023-08-02,4479.9189453125,4499.567712616502,4440.621410704495,4440.621410704495,90611300,BBRI.JK
2023-08-03,4479.9189453125,4519.216479920505,4440.621410704495,4460.270178008498,82775000,BBRI.JK
2023-08-04,4381.67431640625,4499.566898910454,4381.67431640625,4479.918135159754,150738500,BBRI.JK
2023-08-07,4479.9189453125,4499.567712616502,4381.6751087924895,4401.323876096491,88104900,BBRI.JK
2023-08-08,4420.9716796875,4519.215494791667,4401.322916666667,4479.91796875,89189600,BBRI.JK
2023-08-09,4479.9189453125,4499.567712616502,4420.972643400493,4440.621410704495,91930000,BBRI.JK
2023-08-10,4479.9189453125,4499.567712616502,4460.270178008498,4460.270178008498,85474200,BBRI.JK
2023-08-11,4440.62060546875,4479.918132950775,4440.62060546875,4460.269369209762,74321000,BBRI.JK
2023-08-14,4440.62060546875,4460.269369209762,4381.6743142457135,4440.62060546875,127358400,BBRI.JK
2023-08-15,4381.67431640625,4460.269371409053,4381.67431640625,4440.620607658352,89597300,BBRI.JK
2023-08-16,4342.376953125,4381.674482112557,4283.430659643665,4362.025717618779,188191900,BBRI.JK
2023-08-18,4381.67431640625,4401.323080156951,4322.728025154148,4322.728025154148,121561200,BBRI.JK
2023-08-21,4322.72802734375,4381.67431862571,4322.72802734375,4362.025554865057,91640000,BBRI.JK
2023-08-22,4381.67431640625,4420.971843907651,4322.728025154148,4322.728025154148,101221500,BBRI.JK
2023-08-23,4401.32275390625,4420.971516200474,4381.673991612026,4401.32275390625,78686900,BBRI.JK
2023-08-24,4362.025390625,4420.9716796875,4362.025390625,4420.9716796875,74407500,BBRI.JK
2023-08-25,4401.32275390625,4401.32275390625,4342.376467023577,4362.025229317802,65096500,BBRI.JK
2023-08-28,4362.025390625,4420.9716796875,4362.025390625,4401.322916666667,37126600,BBRI.JK
2023-08-29,4401.32275390625,4401.32275390625,4342.376467023577,4342.376467023577,57547200,BBRI.JK
2023-08-30,4342.376953125,4401.323246606335,4322.728188631222,4401.323246606335,171282700,BBRI.JK
2023-08-31,4362.025390625,4362.025390625,4303.0791015625,4342.376627604167,175088200,BBRI.JK
2023-09-01,4381.67431640625,4401.323080156951,4342.376788904849,4401.323080156951,87366100,BBRI.JK
2023-09-04,4420.9716796875,4420.9716796875,4381.674153645834,4401.322916666667,43898200,BBRI.JK
2023-09-05,4420.9716796875,4440.620442708334,4401.322916666667,4420.9716796875,72464300,BBRI.JK
2023-09-06,4381.67431640625,4440.620607658352,4381.67431640625,4420.971843907651,106367800,BBRI.JK
2023-09-07,4283.4306640625,4362.025722118692,4283.4306640625,4342.376957604644,157998600,BBRI.JK
2023-09-08,4204.8349609375,4283.430006936332,4165.537437938085,4263.781245436624,243324500,BBRI.JK
2023-09-11,4263.78173828125,4263.78173828125,4165.5379194268435,4204.8354469686055,80474100,BBRI.JK
2023-09-12,4224.48388671875,4303.078935773982,4224.48388671875,4283.430173510174,121654400,BBRI.JK
2023-09-13,4244.1337890625,4263.782556604456,4204.8362539785885,4204.8362539785885,59408000,BBRI.JK
2023-09-14,4263.78173828125,4263.78173828125,4185.186683197725,4185.186683197725,76831700,BBRI.JK
2023-09-15,4224.48388671875,4283.430173510174,4224.48388671875,4244.132648982558,141455400,BBRI.JK
2023-09-18,4185.1865234375,4244.1328125,4165.537760416667,4204.835286458334,61329000,BBRI.JK
2023-09-19,4224.48388671875,4224.48388671875,4165.537599927326,4185.186362191133,50612700,BBRI.JK
2023-09-20,4224.48388671875,4283.430173510174,4204.835124454942,4204.835124454942,98710100,BBRI.JK
2023-09-21,4204.8349609375,4263.781245436624,4204.8349609375,4263.781245436624,68584900,BBRI.JK
2023-09-22,4204.8349609375,4263.781245436624,4204.8349609375,4204.8349609375,83184100,BBRI.JK
2023-09-25,4165.53759765625,4204.835122162442,4086.942548643868,4185.186359909346,120196700,BBRI.JK
2023-09-26,4086.94287109375,4145.889162503756,4086.94287109375,4126.240398700421,180280600,BBRI.JK
2023-09-27,4106.59130859375,4165.537595319976,4067.2937841095995,4067.2937841095995,119774700,BBRI.JK
2023-09-29,4106.59130859375,4185.186357562052,4106.59130859375,4165.537595319976,140331100,BBRI.JK
2023-10-02,4126.24072265625,4165.538253348214,4126.24072265625,4126.24072265625,81674600,BBRI.JK
2023-10-03,4145.888671875,4165.53743335308,4126.239910396919,4126.239910396919,54462700,BBRI.JK
2023-10-04,4126.24072265625,4145.889488002232,4086.9431919642852,4126.24072265625,121445000,BBRI.JK
2023-10-05,4067.29443359375,4145.88949511247,4067.29443359375,4126.24072973279,116814800,BBRI.JK
2023-10-06,4067.29443359375,4126.24072973279,4067.29443359375,4086.9431989734303,70202300,BBRI.JK
2023-10-09,4027.996826171875,4106.591886194741,4027.9968261718755,4086.9431211890246,144477000,BBRI.JK
2023-10-10,4067.29443359375,4126.24072973279,4027.9969028343903,4027.9969028343903,98457000,BBRI.JK
2023-10-11,4126.24072265625,4145.889488002232,4047.6456612723214,4047.6456612723214,100394800,BBRI.JK
2023-10-12,4165.53759765625,4224.4838844155365,4145.888835403155,4165.53759765625,174022400,BBRI.JK
2023-10-13,4145.888671875,4185.186194831161,4126.239910396919,4145.888671875,84648800,BBRI.JK
2023-10-16,4126.24072265625,4185.187018694196,4126.24072265625,4185.187018694196,45782300,BBRI.JK
2023-10-17,4047.645263671875,4145.88908075129,4047.645263671875,4126.240317335407,127287200,BBRI.JK
2023-10-18,4047.645263671875,4106.591553919524,4027.996500255992,4027.996500255992,77217600,BBRI.JK
2023-10-19,3929.752685546875,4047.645266113281,3929.752685546875,4008.3477392578125,195831400,BBRI.JK
2023-10-20,3969.050048828125,4008.3475740640474,3898.3145034034656,3914.0335134978345,173353600,BBRI.JK
2023-10-23,3929.752685546875,3988.6989758300783,3921.8931801757813,3929.752685546875,82756100,BBRI.JK
2023-10-24,4008.347900390625,4008.347900390625,3890.4553150850184,3929.7528435202207,104021500,BBRI.JK
2023-10-25,4067.29443359375,4086.9431989734303,4008.3481374547105,4008.3481374547105,142215000,BBRI.JK
2023-10-26,3866.876708984375,4067.294099389053,3866.876708984375,4067.294099389053,330618800,BBRI.JK
2023-10-27,3929.752685546875,3969.0502124023437,3882.5956533203125,3890.4551586914063,129599800,BBRI.JK
2023-10-30,3929.752685546875,3949.4014489746096,3906.1741694335938,3914.0336748046875,108523700,BBRI.JK
2023-10-31,3898.314697265625,3929.752719017767,3898.314697265625,3914.033708141696,106760300,BBRI.JK
2023-11-01,3796.14111328125,3898.3146836180126,3796.14111328125,3866.8766619759317,191567200,BBRI.JK
2023-11-02,3929.752685546875,3988.6989758300783,3859.0171372070313,3882.5956533203125,208075400,BBRI.JK
2023-11-03,4008.347900390625,4067.294193043428,3949.401607737822,3949.401607737822,125504000,BBRI.JK
2023-11-06,4086.94287109375,4086.94287109375,4008.3478158804087,4008.3478158804087,122333800,BBRI.JK
2023-11-07,4126.24072265625,4145.889488002232,4067.294426618303,4106.591957310267,137039400,BBRI.JK
2023-11-08,4106.59130859375,4126.2400708358255,4067.2937841095995,4086.942546351675,86713700,BBRI.JK
2023-11-09,4086.94287109375,4145.889162503756,4086.94287109375,4106.591634897085,66236400,BBRI.JK
2023-11-10,3988.698974609375,4047.6452648745385,3969.0502111876544,4047.6452648745385,113811900,BBRI.JK
2023-11-13,3949.4013671875,4027.9964192708335,3949.4013671875005,3988.698893229167,63126900,BBRI.JK
2023-11-14,3988.698974609375,4027.9965014528175,3969.0502111876544,3988.6989746093755,85419500,BBRI.JK
2023-11-15,4126.24072265625,4165.538253348214,4067.294426618303,4086.9431919642852,193790400,BBRI.JK
2023-11-16,4126.24072265625,4145.889488002232,4067.294426618303,4145.889488002232,99488800,BBRI.JK
2023-11-17,4106.59130859375,4126.2400708358255,4067.2937841095995,4067.2937841095995,70727500,BBRI.JK
2023-11-20,4126.24072265625,4145.889488002232,4067.294426618303,4067.294426618303,54123600,BBRI.JK
2023-11-21,4086.94287109375,4126.240398700421,4067.2941072904146,4106.591634897085,104110500,BBRI.JK
2023-11-22,4145.888671875,4165.53743335308,4067.2936259626777,4067.2936259626777,103585500,BBRI.JK
2023-11-23,4204.8349609375,4244.132483936916,4165.537437938085,4185.186199437792,174572400,BBRI.JK
2023-11-24,4244.1337890625,4283.431324146412,4224.485021520544,4244.1337890625,92571400,BBRI.JK
2023-11-27,4204.8349609375,4283.430006936332,4204.8349609375,4263.781245436624,76019100,BBRI.JK
2023-11-28,4204.8349609375,4263.781245436624,4185.186199437792,4185.186199437792,147993400,BBRI.JK
2023-11-29,4165.53759765625,4224.4838844155365,4165.53759765625,4204.835122162442,106197800,BBRI.JK
2023-11-30,4145.888671875,4224.483717787322,4145.888671875,4224.483717787322,224426400,BBRI.JK
2023-12-01,4204.8349609375,4224.483722437209,4145.888676438376,4145.888676438376,99499500,BBRI.JK
2023-12-04,4322.72802734375,4381.67431862571,4283.430499822443,4283.430499822443,235595700,BBRI.JK
2023-12-05,4283.4306640625,4322.7281930905965,4263.781899548451,4263.781899548451,114689900,BBRI.JK
2023-12-06,4263.78173828125,4283.4305020521315,4244.1329745103685,4263.78173828125,119716700,BBRI.JK
2023-12-07,4303.07958984375,4303.07958984375,4244.133294092466,4244.133294092466,102126600,BBRI.JK
2023-12-08,4224.48388671875,4283.430173510174,4224.48388671875,4263.781411246367,130542600,BBRI.JK
2023-12-11,4165.53759765625,4224.4838844155365,4165.53759765625,4185.186359909346,124468600,BBRI.JK
2023-12-12,4185.1865234375,4244.1328125,4185.1865234375,4224.484049479167,134501600,BBRI.JK
2023-12-13,4165.53759765625,4204.835122162442,4145.888835403155,4165.53759765625,98881600,BBRI.JK
2023-12-14,4362.025390625,4362.025390625,4263.781575520834,4283.430338541667,239261700,BBRI.JK
2023-12-15,4362.025390625,4401.322916666667,4362.025390625,4381.674153645834,252448800,BBRI.JK
2023-12-18,4322.72802734375,4381.67431862571,4322.72802734375,4381.67431862571,102780900,BBRI.JK
2023-12-19,4362.025390625,4362.025390625,4283.430338541667,4283.430338541667,135207300,BBRI.JK
2023-12-20,4362.025390625,4479.91796875,4362.025390625,4479.91796875,138470900,BBRI.JK
2023-12-21,4381.67431640625,4401.323080156951,4342.376788904849,4362.025552655549,99049600,BBRI.JK
2023-12-22,4460.26953125,4479.918295704846,4401.323237885463,4440.620766795154,109411300,BBRI.JK
2023-12-27,4420.9716796875,4499.566731770834,4420.9716796875,4479.91796875,122236700,BBRI.JK
2023-12-28,4499.5673828125,4519.21614867631,4460.26985108488,4479.91861694869,121434600,BBRI.JK
2023-12-29,4499.5673828125,4519.21614867631,4460.26985108488,4519.21614867631,93126000,BBRI.JK
2024-01-02,4526.68701171875,4526.68701171875,4486.804306769686,4506.745659244218,91143100,BBRI.JK
2024-01-03,4466.86328125,4506.745989118303,4466.86328125,4486.804635184152,83659700,BBRI.JK
2024-01-04,4546.62890625,4546.62890625,4446.922131990132,4466.863486842105,92683500,BBRI.JK
2024-01-05,4586.51123046875,4666.276643172555,4546.628524116848,4566.569877292799,134929600,BBRI.JK
2024-01-08,4486.80419921875,4626.393663194444,4486.80419921875,4586.510959201389,152015000,BBRI.JK
2024-01-09,4546.62890625,4546.62890625,4486.804841694079,4486.804841694079,105666200,BBRI.JK
2024-01-10,4546.62890625,4546.62890625,4486.804841694079,4486.804841694079,82626400,BBRI.JK
2024-01-11,4586.51123046875,4626.393936820652,4546.628524116848,4586.51123046875,116804400,BBRI.JK
2024-01-12,4666.2763671875,4666.2763671875,4606.452311197917,4626.393663194444,109715700,BBRI.JK
2024-01-15,4646.33544921875,4706.159510796674,4606.452741500134,4666.276803078058,115126700,BBRI.JK
2024-01-16,4646.33544921875,4686.218156937366,4606.452741500134,4646.33544921875,97074300,BBRI.JK
2024-01-17,4606.453125,4646.335836038961,4586.511769480519,4646.335836038961,107941600,BBRI.JK
2024-01-18,4586.51123046875,4626.393936820652,4546.628524116848,4626.393936820652,87259100,BBRI.JK
2024-01-19,4626.39404296875,4626.39404296875,4546.628628434806,4586.511335701778,75370700,BBRI.JK
2024-01-22,4606.453125,4626.394480519481,4546.629058441558,4606.453125,97545600,BBRI.JK
2024-01-23,4546.62890625,4586.5116159539475,4506.7461965460525,4546.62890625,122999700,BBRI.JK
2024-01-24,4506.74560546875,4546.628309941925,4446.921548758988,4526.686957705338,104225000,BBRI.JK
2024-01-25,4407.0390625,4506.74582861991,4407.0390625,4446.921768947964,120478800,BBRI.JK
2024-01-26,4327.27392578125,4367.156634774626,4307.332571284563,4347.215280277937,185244400,BBRI.JK
2024-01-29,4446.921875,4446.921875,4307.332399103139,4307.332399103139,145629600,BBRI.JK
2024-01-30,4486.80419921875,4506.745551215278,4367.156087239584,4407.038791232639,150513700,BBRI.JK
2024-01-31,4546.62890625,4606.452970805921,4526.687551398026,4566.570261101973,245117200,BBRI.JK
2024-02-01,4586.51123046875,4626.393936820652,4566.569877292799,4606.452583644701,156633900,BBRI.JK
2024-02-02,4666.2763671875,4666.2763671875,4586.510959201389,4626.393663194444,177209700,BBRI.JK
2024-02-05,4606.453125,4646.335836038961,4586.511769480519,4626.394480519481,113760000,BBRI.JK
2024-02-06,4646.33544921875,4706.159510796674,4626.394095359442,4706.159510796674,126704300,BBRI.JK
2024-02-07,4666.2763671875,4706.159071180556,4646.335015190973,4666.2763671875,147005300,BBRI.JK
2024-02-12,4805.8662109375,4805.8662109375,4666.276735931016,4686.218089503372,171514600,BBRI.JK
2024-02-13,4785.9248046875,4825.807511393229,4746.042097981771,4825.807511393229,145852200,BBRI.JK
2024-02-15,4885.63134765625,5005.2794622927295,4865.689995216837,5005.2794622927295,308685100,BBRI.JK
2024-02-16,4905.57275390625,4945.45545922256,4885.631401248094,4905.57275390625,130814400,BBRI.JK
2024-02-19,4865.6904296875,4925.514492347593,4845.749075467469,4885.631783907531,111382900,BBRI.JK
2024-02-20,5025.22119140625,5025.22119140625,4925.514421735492,4925.514421735492,160872600,BBRI.JK
2024-02-21,5025.22119140625,5085.045253208706,4965.397129603795,5045.162545340402,168423000,BBRI.JK
2024-02-22,4985.33837890625,5025.2210859375,4965.397025390625,4985.33837890625,100256000,BBRI.JK
2024-02-23,4885.63134765625,4925.514052535076,4825.80729033801,4885.63134765625,148643000,BBRI.JK
2024-02-26,4925.5146484375,4945.456003289473,4845.749229029605,4865.690583881578,98920800,BBRI.JK
2024-02-27,4885.63134765625,4945.45540497449,4885.63134765625,4885.63134765625,99187500,BBRI.JK
2024-02-28,4965.39697265625,4965.39697265625,4865.690206137048,4865.690206137048,97236700,BBRI.JK
2024-02-29,4885.63134765625,4945.45540497449,4885.63134765625,4905.572700095663,173774600,BBRI.JK
2024-03-01,4885.63134765625,4925.514052535076,4845.748642777424,4925.514052535076,76286400,BBRI.JK
2024-03-04,4825.80712890625,4885.63118422327,4825.80712890625,4885.63118422327,70354900,BBRI.JK
2024-03-05,4885.63134765625,4925.514052535076,4845.748642777424,4865.689995216837,115084600,BBRI.JK
2024-03-06,4945.45556640625,4945.45556640625,4865.690154044859,4865.690154044859,84108800,BBRI.JK
2024-03-07,4965.39697265625,5005.279679263931,4945.4556193524095,4945.4556193524095,117724700,BBRI.JK
2024-03-08,5065.10400390625,5104.986712598425,4985.3385865219,5005.279940867987,163060000,BBRI.JK
2024-03-13,5104.98681640625,5144.869525909424,5065.104106903076,5065.104106903076,195173100,BBRI.JK
2024-03-14,5092.5654296875,5133.9684006605685,5009.759487741361,5113.266915174034,271254000,BBRI.JK
2024-03-15,4947.6552734375,5030.4612194364545,4926.953786937762,4968.356759937239,305995800,BBRI.JK
2024-03-18,4968.3564453125,5051.162386067708,4947.6549601236975,4968.3564453125,110564700,BBRI.JK
2024-03-19,4968.3564453125,5009.759415690104,4947.6549601236975,4968.3564453125,114338600,BBRI.JK
2024-03-20,5051.16259765625,5051.16259765625,4968.356653432377,4968.356653432377,120885400,BBRI.JK
2024-03-21,5051.16259765625,5133.968541880123,5051.16259765625,5113.267055824154,136020000,BBRI.JK
2024-03-22,5071.86376953125,5071.86376953125,5009.759315210459,5009.759315210459,46529200,BBRI.JK
2024-03-25,5175.37158203125,5175.37158203125,5071.864150390625,5175.37158203125,115729600,BBRI.JK
2024-03-26,5216.7744140625,5216.7744140625,5133.968470982143,5216.7744140625,120748400,BBRI.JK
2024-03-27,5175.37158203125,5237.476041015625,5154.670095703124,5216.774554687499,73308900,BBRI.JK
2024-03-28,5009.75927734375,5133.968185046488,4989.057792726627,5051.162246577996,288926900,BBRI.JK
2024-04-01,4906.251953125,4989.057893262131,4823.44601298787,4968.356408227848,217207800,BBRI.JK
2024-04-02,4699.23681640625,4926.953137906112,4657.833848860821,4844.147202815253,412180900,BBRI.JK
2024-04-03,4657.833984375,4699.236953125001,4575.028046875001,4616.431015625,333518700,BBRI.JK
2024-04-04,4719.93896484375,4761.3419382195725,4678.5359914679275,4678.5359914679275,131936100,BBRI.JK
2024-04-05,4678.53564453125,4719.938614836837,4657.834159378457,4657.834159378457,178817800,BBRI.JK
2024-04-16,4430.11767578125,4616.431035977657,4430.11767578125,4450.819160247517,600717500,BBRI.JK
2024-04-17,4388.71435546875,4554.326217939269,4388.71435546875,4533.624735130454,244002000,BBRI.JK
2024-04-18,4533.625,4554.326484018265,4388.714611872146,4388.714611872146,247410700,BBRI.JK
2024-04-19,4368.01318359375,4450.8191207234895,4347.311699311315,4430.117636441055,258211500,BBRI.JK
2024-04-22,4388.71435546875,4409.415838277565,4264.505458615861,4305.90842423349,342282800,BBRI.JK
2024-04-23,4388.71435546875,4471.52028670401,4326.609907042305,4430.11732108638,281403100,BBRI.JK
2024-04-24,4326.6103515625,4430.117776241029,4264.505896755382,4347.311836498206,471241400,BBRI.JK
2024-04-25,4264.50634765625,4305.90932190534,4181.7003991580705,4243.804860531705,479170900,BBRI.JK
2024-04-26,3999.52685546875,4223.102890867624,3999.52685546875,4181.699921349314,782589900,BBRI.JK
2024-04-29,3949.84326171875,4049.210387799725,3875.317917158019,3891.8791048381813,700644800,BBRI.JK
2024-04-30,4090.613037109375,4181.699562227195,3991.2459187990257,4016.087698376613,565609200,BBRI.JK
2024-05-02,3941.562744140625,4074.0522481453518,3891.8791801388525,4065.7716541450563,636922100,BBRI.JK
2024-05-03,3933.2822265625,3999.5269798519735,3900.159849917763,3941.562820723684,321697200,BBRI.JK
2024-05-06,3966.405029296875,4007.808004550496,3916.72145899253,3974.6856243475995,262707400,BBRI.JK
2024-05-07,3867.03759765625,3958.124136359074,3867.03759765625,3949.843541931544,304013600,BBRI.JK
2024-05-08,3875.318603515625,3925.002175355569,3784.232055142394,3850.476817595653,572275800,BBRI.JK
2024-05-13,3875.318603515625,3891.8797941289395,3833.9156269823384,3850.476817595653,320067100,BBRI.JK
2024-05-14,3916.72119140625,3982.965947286271,3891.879407951242,3908.440596921247,341458900,BBRI.JK
2024-05-15,3991.24658203125,4032.649554873898,3941.563014620073,3958.124203757132,298990300,BBRI.JK
2024-05-16,4007.8076171875,4107.174748192148,4007.8076171875,4082.3329654409863,371295000,BBRI.JK
2024-05-17,4074.052734375,4107.175114329268,3991.246784489329,4007.8079744664633,208991800,BBRI.JK
2024-05-20,3991.24658203125,4181.70025710743,3991.24658203125,4132.016689696253,335150700,BBRI.JK
2024-05-21,3875.318603515625,4032.649914342114,3875.318603515625,3982.96634250217,271568800,BBRI.JK
2024-05-22,3908.440673828125,3949.84364706783,3850.4765112925384,3850.4765112925384,215066000,BBRI.JK
2024-05-27,3767.67041015625,3908.440513392857,3767.67041015625,3891.879324776786,363719300,BBRI.JK
2024-05-28,3751.109375,3833.915321467991,3742.8287803532007,3792.5123482339955,258070200,BBRI.JK
2024-05-29,3651.741943359375,3726.2672891422194,3643.461349383503,3709.706101190476,465008500,BBRI.JK
2024-05-30,3626.900390625,3709.706335616438,3568.936229130993,3643.4615796232874,502927800,BBRI.JK
2024-05-31,3593.778076171875,3701.42580656412,3585.4974815263176,3668.3034279818908,655144100,BBRI.JK
2024-06-03,3751.109375,3775.951158940397,3643.4616445916113,3668.3034285320086,345770100,BBRI.JK
2024-06-04,3684.864501953125,3800.7928233628863,3684.864501953125,3775.9510402036517,332902200,BBRI.JK
2024-06-05,3643.46142578125,3726.2673672762785,3643.46142578125,3726.2673672762785,240788500,BBRI.JK
2024-06-06,3726.267578125,3726.267578125,3635.181037326389,3684.8646050347224,281534200,BBRI.JK
2024-06-07,3602.05859375,3726.2675107758623,3602.05859375,3717.9869163074713,375439600,BBRI.JK
2024-06-10,3643.46142578125,3668.3032082297586,3577.2166725852276,3602.0584550337358,181387000,BBRI.JK
2024-06-11,3593.778076171875,3676.584022627448,3593.778076171875,3626.900454754104,197854400,BBRI.JK
2024-06-12,3602.05859375,3610.339188218391,3568.936215876437,3593.7779992816095,187332500,BBRI.JK
2024-06-13,3568.936279296875,3660.022820067793,3560.655684681337,3643.4616308367167,238349600,BBRI.JK
2024-06-14,3461.288330078125,3577.216647353469,3453.0077359870293,3560.655459171277,358893200,BBRI.JK
2024-06-19,3395.0439453125,3510.9722751524387,3386.7633503239326,3395.0439453125,410338400,BBRI.JK
2024-06-20,3535.81396484375,3535.81396484375,3419.8856381275614,3419.8856381275614,387133400,BBRI.JK
2024-06-21,3676.583740234375,3717.986710282059,3527.533048062711,3544.094236081785,532713300,BBRI.JK
2024-06-24,3643.46142578125,3734.5479614257815,3643.46142578125,3676.5838023792617,303830800,BBRI.JK
2024-06-25,3626.900390625,3643.4615796232874,3544.0944456335615,3577.216823630137,383572500,BBRI.JK
2024-06-26,3618.619873046875,3668.3034410978617,3602.058683696546,3635.1810623972037,150303400,BBRI.JK
2024-06-27,3693.145263671875,3726.2676427182596,3626.9005055791063,3651.7422898638947,299430600,BBRI.JK
2024-06-28,3809.073486328125,3842.195864470109,3792.5122972571335,3800.7928917926292,581319300,BBRI.JK
2024-07-01,3833.9150390625,3867.037415209908,3775.9508808045352,3833.9150390625,261421200,BBRI.JK
2024-07-02,3784.2314453125,3833.9150091459246,3784.2314453125,3817.3538212014496,234403100,BBRI.JK
2024-07-03,3809.073486328125,3842.195864470109,3775.9511081861415,3833.9152699346128,176310400,BBRI.JK
2024-07-04,3966.405029296875,3999.5274094997717,3858.7572936374613,3875.3184837389094,422261500,BBRI.JK
2024-07-05,3974.685302734375,4032.649463399251,3966.4047083536784,4016.088274637858,218278000,BBRI.JK
2024-07-08,3933.2822265625,3999.5269798519735,3925.001632401316,3974.685197368421,222042100,BBRI.JK
2024-07-09,4032.64892578125,4082.3324854417992,3933.2818064601515,3958.123586290426,291320400,BBRI.JK
2024-07-10,4016.088623046875,4074.052788740335,4007.8080279478095,4032.6498132450065,167619700,BBRI.JK
2024-07-11,4007.8076171875,4074.052371190599,4007.8076171875,4065.7717769402116,170461300,BBRI.JK
2024-07-12,4057.491455078125,4123.73621352838,4040.930265465561,4115.455618722099,301125400,BBRI.JK
2024-07-15,3991.24658203125,4082.333122285075,3982.9659874627205,4074.0525277165457,188713000,BBRI.JK
2024-07-16,3916.72119140625,4007.807730741279,3916.72119140625,3991.2465417712738,189271400,BBRI.JK
2024-07-17,3941.562744140625,3982.965714142102,3908.4403681394433,3933.2821501403296,263325400,BBRI.JK
2024-07-18,4049.210693359375,4049.210693359375,3933.2823708501087,3941.5629653150563,296614900,BBRI.JK
2024-07-19,4057.491455078125,4065.772049884407,4016.0884810467155,4032.6496706592793,135104800,BBRI.JK
2024-07-22,4065.771728515625,4090.613510970914,4040.929946060336,4074.0523226673877,140128300,BBRI.JK
2024-07-23,3966.405029296875,4065.772169905565,3958.124434246151,4057.491574854841,170919500,BBRI.JK
2024-07-24,3958.124267578125,3974.6854569822176,3941.5630781740324,3949.843672876079,116037600,BBRI.JK
2024-07-25,3891.879150390625,3941.5627140126326,3858.7567746426193,3941.5627140126326,274397700,BBRI.JK
2024-07-26,3941.562744140625,3982.965714142102,3925.001556140034,3941.562744140625,192267300,BBRI.JK
2024-07-29,3958.124267578125,3974.6854569822176,3941.5630781740324,3974.6854569822176,126109900,BBRI.JK
2024-07-30,3867.03759765625,3925.001758648956,3867.03759765625,3908.440569793897,201835700,BBRI.JK
2024-07-31,3867.03759765625,3900.1599753663677,3850.476408801191,3850.476408801191,168490300,BBRI.JK
2024-08-01,3933.2822265625,3933.2822265625,3883.598661595395,3900.159849917763,169636700,BBRI.JK
2024-08-02,3900.16015625,3933.2825354962843,3883.5989666268574,3916.721345873142,113328400,BBRI.JK
2024-08-05,3751.109375,3867.0377000551875,3734.5481857064015,3858.7571054083883,329430900,BBRI.JK
2024-08-06,3809.073486328125,3850.4764590056047,3742.828730044158,3767.6705136506457,238051800,BBRI.JK
2024-08-07,3825.634521484375,3842.1957098890693,3800.7927388773337,3842.1957098890693,125937500,BBRI.JK
2024-08-08,3858.757080078125,3883.5988638554522,3800.792917931029,3809.073512523471,131343400,BBRI.JK
2024-08-09,3867.03759765625,3916.7211642214265,3867.03759765625,3891.879380938838,98730900,BBRI.JK
2024-08-12,3875.318603515625,3908.440984742254,3850.476817595653,3908.440984742254,83552800,BBRI.JK
2024-08-13,3908.440673828125,3933.282457771948,3883.5988898843025,3891.879484532243,109533400,BBRI.JK
2024-08-14,3991.24658203125,4007.807771168309,3941.563014620073,3949.8436091886024,262716500,BBRI.JK
2024-08-15,3999.52685546875,4032.649231083398,3966.4044798541017,4016.0880432760737,214394900,BBRI.JK
2024-08-16,3999.52685546875,4032.649231083398,3999.52685546875,4016.0880432760737,149701700,BBRI.JK
2024-08-19,3991.24658203125,3991.24658203125,3933.2824200515433,3991.24658203125,196203200,BBRI.JK
2024-08-20,4098.89453125,4098.89453125,4007.8079861111114,4024.369176136364,310085500,BBRI.JK
2024-08-21,4223.10302734375,4223.10302734375,4123.735897288602,4132.016491459865,390307000,BBRI.JK
2024-08-22,4181.69970703125,4264.505641823948,4160.998223333076,4243.804158125774,474043100,BBRI.JK
2024-08-23,4264.50634765625,4305.90932190534,4243.804860531705,4264.50634765625,217759300,BBRI.JK
2024-08-26,4388.71435546875,4409.415838277565,4305.90842423349,4305.90842423349,361169800,BBRI.JK
2024-08-27,4285.20751953125,4368.013461937651,4223.103062726449,4347.311976336051,271088700,BBRI.JK
2024-08-28,4264.50634765625,4285.207834780796,4160.998912033526,4223.103373407161,277561700,BBRI.JK
2024-08-29,4243.8046875,4285.207660060975,4223.103201219512,4243.8046875,160041900,BBRI.JK
2024-08-30,4264.50634765625,4285.207834780796,4243.804860531705,4285.207834780796,275298000,BBRI.JK
2024-09-02,4285.20751953125,4326.610490734451,4264.50603392965,4264.50603392965,136717200,BBRI.JK
2024-09-03,4285.20751953125,4347.311976336051,4264.50603392965,4326.610490734451,166033900,BBRI.JK
2024-09-04,4223.10302734375,4285.207483628216,4223.10302734375,4223.10302734375,141890400,BBRI.JK
2024-09-05,4264.50634765625,4264.50634765625,4202.401886282615,4243.804860531705,166436800,BBRI.JK
2024-09-06,4326.6103515625,4347.311836498206,4264.505896755382,4305.908866626794,170520700,BBRI.JK
2024-09-09,4285.20751953125,4388.714947539252,4264.50603392965,4368.013461937651,201448700,BBRI.JK
2024-09-10,4347.31201171875,4347.31201171875,4243.804582868303,4305.909040178572,202326400,BBRI.JK
2024-09-11,4285.20751953125,4347.311976336051,4243.804548328049,4326.610490734451,165284900,BBRI.JK
2024-09-12,4285.20751953125,4326.610490734451,4264.50603392965,4285.20751953125,138542100,BBRI.JK
2024-09-13,4388.71435546875,4388.71435546875,4285.206941424675,4305.90842423349,259722600,BBRI.JK
2024-09-17,4388.71435546875,4430.11732108638,4347.31138985112,4430.11732108638,201331600,BBRI.JK
2024-09-18,4430.11767578125,4450.819160247517,4409.416191314982,4430.11767578125,186877300,BBRI.JK
2024-09-19,4471.52099609375,4554.326940465856,4471.52099609375,4492.222482186777,332941100,BBRI.JK
2024-09-20,4450.81884765625,4512.923296693314,4450.81884765625,4471.520330668604,260437400,BBRI.JK
2024-09-23,4554.3271484375,4554.3271484375,4430.118226207386,4430.118226207386,245292000,BBRI.JK
2024-09-24,4575.0283203125,4616.431291537047,4575.0283203125,4595.729805924774,195415700,BBRI.JK
2024-09-25,4409.41650390625,4492.222447641579,4305.909074237089,4471.520961707746,607065900,BBRI.JK
2024-09-26,4181.69970703125,4305.908609220297,4160.998223333076,4264.505641823948,855266800,BBRI.JK
2024-09-27,4223.10302734375,4264.505998200061,4140.297085631128,4181.700056487439,304694300,BBRI.JK
2024-09-30,4098.89453125,4181.700481376262,4098.89453125,4181.700481376262,539169900,BBRI.JK
2024-10-01,4202.4013671875,4202.4013671875,4115.45513200431,4115.45513200431,197069300,BBRI.JK
2024-10-02,4090.613037109375,4202.401045208518,4057.4906643392583,4140.296596264549,307487600,BBRI.JK
2024-10-03,4074.052734375,4107.175114329268,4024.369164443597,4057.4915443978657,354814800,BBRI.JK
2024-10-04,4024.369384765625,4074.0529574170523,4016.0887893237204,4032.6499802075296,289960700,BBRI.JK
2024-10-07,3991.24658203125,4082.333122285075,3982.9659874627205,4024.3689603053685,308452200,BBRI.JK
2024-10-08,4140.296875,4181.699843750001,3941.562625,3974.6850000000004,527474400,BBRI.JK
2024-10-09,4082.3330078125,4202.401625689338,4082.3330078124995,4140.297168166835,309336600,BBRI.JK
2024-10-10,4024.369384765625,4115.455934626575,4024.369384765625,4074.0529574170523,226564700,BBRI.JK
2024-10-11,4057.491455078125,4090.6138343032526,4049.210860271843,4065.772049884407,104875300,BBRI.JK
2024-10-14,4057.491455078125,4082.3332394969707,4032.6496706592793,4057.491455078125,125414400,BBRI.JK
2024-10-15,4074.052734375,4132.016899294969,4074.0527343749995,4082.333329363567,142372200,BBRI.JK
2024-10-16,4098.89453125,4115.4557212752525,4074.0527462121213,4098.89453125,118014300,BBRI.JK
2024-10-17,4123.736328125,4181.700493379769,4090.613947979418,4107.175138052209,188127700,BBRI.JK
2024-10-18,4115.45556640625,4181.7003240143995,4107.174971705232,4160.998837261853,157113000,BBRI.JK
2024-10-21,4132.0166015625,4160.998681934181,4115.455412778682,4123.736007170592,110708200,BBRI.JK
2024-10-22,4057.491455078125,4115.455618722099,4057.491455078125,4107.175023915816,199707500,BBRI.JK
2024-10-23,4024.369384765625,4049.2111710913387,3982.966407556102,3999.5275984399113,222147300,BBRI.JK
2024-10-24,3991.24658203125,4057.4913385794866,3982.9659874627205,3991.24658203125,218162100,BBRI.JK
2024-10-25,3949.84326171875,4024.3686062794814,3949.84326171875,3991.2462309191565,195647800,BBRI.JK
2024-10-28,3941.562744140625,3974.6851201418067,3900.159774139148,3949.8433381409204,191211000,BBRI.JK
2024-10-29,3891.879150390625,3958.1239018866354,3891.8791503906245,3916.720932201629,203658600,BBRI.JK
2024-10-30,3900.16015625,3933.2825354962843,3833.9153977574306,3833.9153977574306,296314500,BBRI.JK
2024-10-31,3974.685302734375,4032.649463399251,3900.1599533081053,3900.1599533081053,307110400,BBRI.JK
2024-11-01,3891.879150390625,3991.2462776346406,3891.8791503906245,3949.843307949634,235656400,BBRI.JK
2024-11-04,3908.440673828125,3949.84364706783,3850.4765112925384,3900.1600791801843,209831500,BBRI.JK
2024-11-05,3900.16015625,3925.001940684713,3875.3183718152864,3883.5989666268574,199499300,BBRI.JK
2024-11-06,3809.073486328125,3916.7212152895722,3809.073486328125,3900.1600262185802,249059500,BBRI.JK
2024-11-07,3767.67041015625,3842.1957589285716,3767.67041015625,3817.3539760044646,296218600,BBRI.JK
2024-11-08,3742.82861328125,3842.195744607301,3742.82861328125,3809.0733674986172,198589900,BBRI.JK
2024-11-11,3693.145263671875,3759.390021764644,3618.61991081751,3701.4258584334716,507192300,BBRI.JK
2024-11-12,3726.267578125,3742.828767361111,3668.3034157986112,3668.3034157986112,252380100,BBRI.JK
2024-11-13,3792.511962890625,3817.353744306939,3693.1448372253685,3701.4254310308065,209627200,BBRI.JK
2024-11-14,3726.267578125,3800.7929296875,3726.267578125,3784.2317404513888,159871800,BBRI.JK
2024-11-15,3701.425537109375,3734.547913280376,3684.8643490238746,3684.8643490238746,106365600,BBRI.JK
2024-11-18,3602.05859375,3693.145132902299,3602.05859375,3676.5839439655174,253272300,BBRI.JK
2024-11-19,3610.339111328125,3651.7420827883097,3602.058517036088,3602.058517036088,294838700,BBRI.JK
2024-11-20,3585.497314453125,3676.5838513099015,3585.497314453125,3643.4614742710737,298734600,BBRI.JK
2024-11-21,3519.252685546875,3577.216847426471,3519.252685546875,3544.094469209559,376788400,BBRI.JK
2024-11-22,3643.46142578125,3660.0226140802556,3519.2525135387077,3519.2525135387077,280188100,BBRI.JK
2024-11-25,3701.425537109375,3751.109101365877,3660.0225668956236,3660.0225668956236,401446400,BBRI.JK
2024-11-26,3643.46142578125,3701.42558482777,3626.9002374822444,3684.8643965287642,266677500,BBRI.JK
2024-11-28,3585.497314453125,3635.1808800113668,3585.497314453125,3602.058502972539,277081800,BBRI.JK
2024-11-29,3519.252685546875,3560.655658318015,3519.252685546875,3544.094469209559,412519800,BBRI.JK
2024-12-02,3453.008056640625,3544.094600101169,3444.7274617805756,3535.8140052411195,337188900,BBRI.JK
2024-12-03,3510.97216796875,3519.2527627045256,3486.130383761424,3510.97216796875,384146700,BBRI.JK
2024-12-04,3602.05859375,3618.619782686782,3494.4108656609196,3510.972054597701,345762200,BBRI.JK
2024-12-05,3527.533203125,3593.7779581132627,3519.252608751467,3568.9361749926643,183249300,BBRI.JK
2024-12-06,3568.936279296875,3568.936279296875,3494.410927757033,3519.2527116036467,151433000,BBRI.JK
2024-12-09,3635.18115234375,3635.18115234375,3560.655798423263,3568.9363933033173,158897200,BBRI.JK
2024-12-10,3610.339111328125,3626.900299912199,3552.374951283866,3610.339111328125,196160900,BBRI.JK
2024-12-11,3626.900390625,3668.303363120719,3593.7780126284247,3593.7780126284247,203980300,BBRI.JK
2024-12-12,3527.533203125,3610.3391468603286,3527.533203125,3593.7779581132627,226698900,BBRI.JK
2024-12-13,3453.008056640625,3544.094600101169,3453.008056640625,3502.691625800922,287838100,BBRI.JK
2024-12-16,3519.252685546875,3544.094469209559,3436.4467400045955,3436.4467400045955,325441900,BBRI.JK
2024-12-17,3436.44677734375,3552.3751023625755,3436.44677734375,3519.252723785768,327919000,BBRI.JK
2024-12-18,3436.44677734375,3486.130345208961,3419.8855880553465,3453.0079666321535,205055500,BBRI.JK
2024-12-19,3386.76318359375,3403.3243727555773,3353.6408052700945,3386.76318359375,381986300,BBRI.JK
2024-12-20,3361.92138671875,3411.60495401016,3353.6407921701816,3370.2019812673184,252689600,BBRI.JK
2024-12-23,3486.130126953125,3486.130126953125,3403.3241856953314,3419.88537394689,167689800,BBRI.JK
2024-12-24,3477.849365234375,3519.2523338681176,3453.0075840541294,3494.410552687872,199536100,BBRI.JK
2024-12-27,3507.79443359375,3524.9056259527442,3490.683241234756,3507.79443359375,143104400,BBRI.JK
2024-12-30,3490.68310546875,3524.9054888556984,3482.1275096220124,3490.68310546875,153934700,BBRI.JK
2025-01-02,3601.90576171875,3610.4613573522865,3499.2386141163156,3507.7942097498517,181361700,BBRI.JK
2025-01-03,3550.572265625,3627.5726280120484,3550.572265625,3610.4614363704823,134632300,BBRI.JK
2025-01-06,3507.79443359375,3576.2392030297256,3507.79443359375,3576.2392030297256,153048700,BBRI.JK
2025-01-07,3447.905029296875,3499.238602934049,3447.905029296875,3490.6830073278534,171997400,BBRI.JK
2025-01-08,3490.68310546875,3507.794297162224,3447.905126235064,3447.905126235064,133655700,BBRI.JK
2025-01-09,3447.905029296875,3507.794198540245,3447.905029296875,3482.1274117216576,99300400,BBRI.JK
2025-01-10,3430.794189453125,3473.572171865259,3430.794189453125,3447.9053824179787,132774300,BBRI.JK
2025-01-13,3293.904541015625,3413.682887961648,3293.904541015625,3413.682887961648,413408100,BBRI.JK
2025-01-14,3251.12646484375,3353.7936163651316,3251.12646484375,3268.2376567639803,293621700,BBRI.JK
2025-01-15,3499.23876953125,3499.23876953125,3285.348869193154,3285.348869193154,407813500,BBRI.JK
2025-01-16,3559.1279296875,3627.572697566106,3533.461141733023,3601.9059096116284,349387500,BBRI.JK
2025-01-17,3499.23876953125,3584.7947296664884,3490.683173517726,3550.572345612393,268758600,BBRI.JK
2025-01-20,3610.461669921875,3610.461669921875,3533.461302553873,3533.461302553873,167348600,BBRI.JK
2025-01-21,3644.683837890625,3747.350988253741,3636.128242027032,3653.2394337542178,345223800,BBRI.JK
2025-01-22,3644.683837890625,3696.017413072183,3619.017050299846,3687.46181720859,193218900,BBRI.JK
2025-01-23,3678.90625,3713.1286337209303,3644.6838662790697,3644.6838662790697,216018100,BBRI.JK
2025-01-24,3584.794921875,3721.684465431086,3584.794921875,3721.684465431086,276421900,BBRI.JK
2025-01-30,3524.905517578125,3567.6834971603835,3499.2387298287695,3533.4611134945767,220222400,BBRI.JK
2025-01-31,3610.461669921875,3661.7952481672096,3550.5724953023177,3567.6836880507626,192622700,BBRI.JK
2025-02-03,3636.12841796875,3653.239610523897,3550.572455193015,3593.350436580882,220285800,BBRI.JK
2025-02-04,3644.683837890625,3678.906221344997,3593.350262709067,3644.683837890625,231917500,BBRI.JK
2025-02-05,3542.0166015625,3636.1281537779287,3542.0166015625,3636.1281537779287,209834400,BBRI.JK
2025-02-06,3396.571533203125,3559.12785343199,3370.9047457985675,3524.905470225913,378545500,BBRI.JK
2025-02-07,3447.905029296875,3447.905029296875,3370.9046688411136,3396.5714556597004,259636200,BBRI.JK
2025-02-10,3396.571533203125,3465.016299615279,3379.460341600087,3422.238320607683,201999400,BBRI.JK
2025-02-11,3430.794189453125,3456.4609789004053,3336.682628146431,3396.571803523418,276382800,BBRI.JK
2025-02-12,3447.905029296875,3473.5718161154623,3379.4602644473093,3388.015860053505,362571900,BBRI.JK
2025-02-13,3413.682861328125,3447.905245902843,3388.0160728970864,3422.2384574718044,341640600,BBRI.JK
2025-02-14,3302.460205078125,3430.7941508713166,3293.9046086919125,3422.2385544851036,524909600,BBRI.JK
2025-02-17,3447.905029296875,3447.905029296875,3311.0154995977437,3311.0154995977437,265737100,BBRI.JK
2025-02-18,3550.572265625,3576.2390530873495,3447.9051157756026,3447.9051157756026,374350700,BBRI.JK
2025-02-19,3439.349365234375,3576.2388922088776,3430.7937697984685,3559.127701337065,348358600,BBRI.JK
2025-02-20,3345.238037109375,3439.349593140585,3345.238037109375,3396.5716131263985,312753300,BBRI.JK
2025-02-21,3328.126708984375,3362.3490915960397,3311.015517678543,3345.2379002902076,205268800,BBRI.JK
2025-02-24,3353.793701171875,3370.904893524793,3311.0157202895807,3336.6825088189576,138610800,BBRI.JK
2025-02-25,3251.12646484375,3353.7936163651316,3251.12646484375,3319.5712325246714,404555100,BBRI.JK
2025-02-26,3268.237548828125,3302.459931538367,3216.9039747627617,3251.126357473004,242834100,BBRI.JK
2025-02-27,3105.681396484375,3251.1265307549934,3088.5702042172434,3242.5709346214276,410928000,BBRI.JK
2025-02-28,2874.68017578125,3028.680899483817,2874.68017578125,2994.4585164388022,1000597600,BBRI.JK
2025-03-03,3139.90380859375,3199.7929820546665,2968.791884419704,3011.569865463215,744626800,BBRI.JK
2025-03-04,3139.90380859375,3182.6817896372618,3080.014635132834,3148.4594048024524,338434700,BBRI.JK
2025-03-05,3285.3486328125,3336.6822052001953,3174.12589263916,3174.12589263916,441151000,BBRI.JK
2025-03-06,3379.46044921875,3413.682833514636,3311.015680626978,3311.015680626978,434485100,BBRI.JK
2025-03-07,3259.68212890625,3362.3492825725884,3259.68212890625,3362.3492825725884,243793600,BBRI.JK
2025-03-10,3216.904052734375,3259.682032159034,3191.237265079579,3242.5708403891704,232192200,BBRI.JK
2025-03-11,3242.57080078125,3242.57080078125,3131.348055635719,3165.5704387574206,273961800,BBRI.JK
2025-03-12,3328.126708984375,3353.7934959431236,3259.681943761046,3259.681943761046,271631200,BBRI.JK
2025-03-13,3251.12646484375,3396.5715961657074,3251.12646484375,3388.0160002055923,209225700,BBRI.JK
2025-03-14,3208.348388671875,3285.3487499999997,3208.348388671875,3208.348388671875,156131900,BBRI.JK
2025-03-17,3276.79345703125,3285.3490535248043,3191.237492095708,3234.015474563479,162467700,BBRI.JK
2025-03-18,3148.45947265625,3302.4602077318273,2994.4587375806723,3285.349014945652,416894600,BBRI.JK
2025-03-19,3174.1259765625,3234.015145931604,3148.459189690027,3174.1259765625,352217700,BBRI.JK
2025-03-20,3131.347900390625,3216.9038539532103,3114.236709678108,3191.237067884435,313033000,BBRI.JK
2025-03-21,3165.570556640625,3165.570556640625,3037.236615155194,3080.014595650338,627645600,BBRI.JK
2025-03-24,3088.570068359375,3199.7928132033417,3011.5697065443214,3122.792451388288,342883200,BBRI.JK
2025-03-25,3251.12646484375,3285.3488486842107,3131.3481214021385,3131.3481214021385,331285900,BBRI.JK
2025-03-26,3422.23828125,3439.34947265625,3302.45994140625,3311.0155371093747,540888800,BBRI.JK
2025-03-27,3465.01611328125,3465.01611328125,3362.3489691840277,3422.238136574074,322553200,BBRI.JK
2025-04-08,3114.23681640625,3208.3483685503948,2951.680499066363,2960.236094715831,734807100,BBRI.JK
2025-04-09,3105.681396484375,3174.126165552901,3080.0146080836776,3088.5702042172434,366649900,BBRI.JK
2025-04-10,3251.12646484375,3362.3492123252468,3225.459676963405,3353.7936163651316,417562900,BBRI.JK
2025-04-11,3285.88623046875,3303.990286834969,3249.678117736312,3258.7301459194214,301200600,BBRI.JK
2025-04-14,3340.1982421875,3340.1982421875,3276.83404789126,3285.8860756478657,169458300,BBRI.JK
2025-04-15,3340.1982421875,3421.666491996951,3331.1462144308944,3376.4063532139226,254224400,BBRI.JK
2025-04-16,3303.990478515625,3349.250622056935,3258.730334974315,3340.198593348673,233772400,BBRI.JK
2025-04-17,3294.938232421875,3322.0943167550226,3267.782148088728,3322.0943167550226,121059300,BBRI.JK
2025-04-21,3276.834228515625,3313.0423415378973,3231.574087237785,3276.834228515625,107470200,BBRI.JK
2025-04-22,3285.88623046875,3303.990286834969,3258.7301459194214,3258.7301459194214,147116900,BBRI.JK
2025-04-23,3403.562744140625,3430.7188298651513,3294.9384012425203,3313.042458392204,432999900,BBRI.JK
2025-04-24,3376.406494140625,3475.978803619303,3367.3544660062,3430.7186629471767,272537300,BBRI.JK
2025-04-25,3385.458740234375,3430.718883820396,3376.4067115171706,3412.6148263859877,136517100,BBRI.JK
2025-04-28,3475.978759765625,3485.030787785848,3421.666591644287,3430.7186196645102,212945800,BBRI.JK
2025-04-29,3485.031005859375,3503.13506303267,3457.8749200994316,3494.0830344460223,160631400,BBRI.JK
2025-04-30,3485.031005859375,3485.031005859375,3412.614777166193,3448.822891512784,226832200,BBRI.JK
2025-05-02,3512.18701171875,3548.3951252416236,3485.0309265765945,3548.3951252416236,205628100,BBRI.JK
2025-05-05,3494.0830078125,3548.395178918394,3494.0830078125,3530.291121883096,196917100,BBRI.JK
2025-05-06,3512.18701171875,3530.291068480187,3475.9788981958764,3475.9788981958764,111333800,BBRI.JK
2025-05-07,3539.343017578125,3539.343017578125,3503.1349048663283,3530.290989400176,119763100,BBRI.JK
2025-05-08,3430.71875,3584.6032321899734,3421.6667216358837,3539.343090369393,224121900,BBRI.JK
2025-05-09,3475.978759765625,3475.978759765625,3403.5625356038413,3448.822675704956,147638100,BBRI.JK
2025-05-14,3702.279541015625,3702.279541015625,3584.6031741862776,3620.811287056846,461642400,BBRI.JK
2025-05-15,3865.216064453125,3901.4241774690795,3738.487668897285,3747.5396971512737,537151700,BBRI.JK
2025-05-16,3847.112060546875,3919.5282875689336,3765.6438051470586,3901.424230813419,289337600,BBRI.JK
2025-05-19,3829.0078125,3856.1638962765956,3801.851728723404,3829.0078125,145935500,BBRI.JK
2025-05-20,3810.90380859375,3874.268004936164,3774.6956963980847,3829.0078646915827,209576900,BBRI.JK
2025-05-21,3856.1640625,3901.4242040786385,3810.9039209213615,3810.9039209213615,256020200,BBRI.JK
2025-05-22,3892.3720703125,3901.424098382994,3838.0599018895346,3874.2680141715114,208291800,BBRI.JK
2025-05-23,3937.63232421875,3955.7363808818245,3919.528267555675,3937.63232421875,108182800,BBRI.JK
2025-05-26,3910.47607421875,3937.632158067491,3856.1639065212676,3937.632158067491,149418600,BBRI.JK
2025-05-27,3955.736328125,3955.736328125,3874.268074227689,3910.4761870709385,180028000,BBRI.JK
2025-05-28,4028.152587890625,4028.152587890625,3910.4762201544945,3946.6843333040733,466133500,BBRI.JK
2025-06-02,3801.851806640625,3973.840340750558,3801.851806640625,3946.684256417411,389541100,BBRI.JK
2025-06-03,3801.851806640625,3829.0078909737726,3729.4355817522323,3810.9038347516744,277902300,BBRI.JK
2025-06-04,3693.2275390625,3829.007963292739,3693.2275390625,3829.007963292739,279755300,BBRI.JK
2025-06-05,3711.331787109375,3747.539902105564,3666.0716433641387,3720.383815858422,230129500,BBRI.JK
2025-06-10,3756.591796875,3765.6438253012047,3711.331654743976,3711.331654743976,179827500,BBRI.JK
2025-06-11,3684.175537109375,3747.5397355363175,3675.123508762669,3738.4877071896117,196558700,BBRI.JK
2025-06-12,3684.175537109375,3711.3316221494933,3675.123508762669,3684.175537109375,113850500,BBRI.JK
2025-06-13,3620.811279296875,3666.0714202880863,3602.7072229003907,3638.9153356933593,283826000,BBRI.JK
2025-06-16,3611.75927734375,3629.863333871789,3584.603192551692,3602.707249079731,155450700,BBRI.JK
2025-06-17,3584.60302734375,3647.9672222715435,3584.60302734375,3629.8631665778885,125769400,BBRI.JK
2025-06-18,3566.4990234375,3584.6030793940354,3530.290911524429,3575.5510514157677,140882100,BBRI.JK
2025-06-19,3439.770751953125,3548.3950914884867,3439.770751953125,3530.29103489926,355413000,BBRI.JK
2025-06-20,3430.71875,3475.9788918205804,3385.4586081794196,3385.4586081794196,516177900,BBRI.JK
2025-06-23,3367.3544921875,3394.5105768019152,3313.042322958669,3376.406520392305,222067700,BBRI.JK
2025-06-24,3421.66650390625,3530.2908373635914,3412.6144761181386,3457.874615058697,281594300,BBRI.JK
2025-06-25,3403.562744140625,3466.9269441645197,3376.4066584160987,3466.9269441645197,164257700,BBRI.JK
2025-06-26,3466.927001953125,3466.927001953125,3394.5107721473155,3421.666858324494,171427000,BBRI.JK
2025-06-30,3385.458740234375,3475.979027406417,3376.4067115171706,3475.979027406417,271933200,BBRI.JK
2025-07-01,3349.25048828125,3430.718743401605,3322.0944032411317,3421.6667150548988,212288800,BBRI.JK
2025-07-02,3331.146484375,3349.250541355299,3294.938370414402,3303.9903989045515,220273500,BBRI.JK
2025-07-03,3331.146484375,3376.406626825747,3331.146484375,3358.3025698454485,119674300,BBRI.JK
2025-07-04,3322.094482421875,3358.3025966717046,3303.99042529696,3331.1465109843325,91141200,BBRI.JK
2025-07-07,3349.25048828125,3349.25048828125,3303.9903465477196,3322.0944032411317,78783800,BBRI.JK
2025-07-08,3322.094482421875,3349.250568109247,3303.99042529696,3340.1985395467896,115551200,BBRI.JK
2025-07-09,3331.146484375,3349.250541355299,3303.9903989045515,3303.9903989045515,92437900,BBRI.JK
2025-07-10,3503.134765625,3512.1867934431525,3331.146237080103,3340.1982648982557,290117200,BBRI.JK
2025-07-11,3512.18701171875,3548.3951252416236,3503.1349833380314,3548.3951252416236,255634700,BBRI.JK
2025-07-14,3421.66650390625,3521.2388095754795,3394.5104205419148,3512.1867817873676,167151400,BBRI.JK
2025-07-15,3512.18701171875,3512.18701171875,3421.6667279115654,3439.7707846730027,183209300,BBRI.JK
2025-07-16,3512.18701171875,3584.6032387644973,3512.18701171875,3575.551210383779,241966800,BBRI.JK
2025-07-17,3521.239013671875,3557.447126923,3512.186985359094,3557.447126923,111359500,BBRI.JK
2025-07-18,3494.0830078125,3566.4992359536914,3494.0830078125,3539.343150400745,111030000,BBRI.JK
2025-07-21,3466.927001953125,3530.291203033208,3466.927001953125,3521.239174307482,89765800,BBRI.JK
2025-07-22,3475.978759765625,3512.186871846517,3466.926731745402,3494.082815806071,84902800,BBRI.JK
2025-07-23,3439.770751953125,3494.0829217208056,3430.7187236585114,3475.978865131579,132305000,BBRI.JK
2025-07-24,3575.55126953125,3575.55126953125,3457.874898635285,3466.9269271657436,206654200,BBRI.JK
2025-07-25,3512.18701171875,3575.551210383779,3503.1349833380314,3575.551210383779,86263700,BBRI.JK
2025-07-28,3566.4990234375,3575.5510514157677,3548.394967480964,3566.4990234375,94898300,BBRI.JK
2025-07-29,3548.395263671875,3557.447292405732,3530.2912062041614,3557.447292405732,98887100,BBRI.JK
2025-07-30,3421.66650390625,3539.3428651517033,3412.6144761181386,3539.3428651517033,206358500,BBRI.JK
2025-07-31,3358.302490234375,3430.7187164388897,3349.250461958811,3421.6666881633255,163371700,BBRI.JK
2025-08-01,3385.458740234375,3439.7709125376005,3385.458740234375,3439.7709125376005,134100500,BBRI.JK
2025-08-04,3358.302490234375,3385.458575061068,3340.1984336832465,3367.354518509939,104446300,BBRI.JK
2025-08-05,3385.458740234375,3430.718883820396,3349.2506253655583,3349.2506253655583,184822600,BBRI.JK
2025-08-06,3358.302490234375,3421.6666881633255,3358.302490234375,3412.6146598877613,100168200,BBRI.JK
2025-08-07,3358.302490234375,3394.5106033366324,3349.250461958811,3376.406546785504,92746000,BBRI.JK
2025-08-08,3349.25048828125,3376.4065733213683,3349.25048828125,3358.3025166279563,133180100,BBRI.JK
2025-08-11,3448.82275390625,3448.82275390625,3367.3544998769685,3367.3544998769685,143167900,BBRI.JK
2025-08-12,3666.0712890625,3666.0712890625,3466.9266758294757,3494.0827594521606,404797800,BBRI.JK
2025-08-13,3693.2275390625,3711.331595626532,3611.7592845243566,3675.123482498468,292104000,BBRI.JK
2025-08-14,3675.12353515625,3711.3316488031096,3657.01947833282,3693.22759197968,164408100,BBRI.JK
2025-08-15,3729.435546875,3756.5916309541867,3684.175406743022,3711.3314908222087,269255400,BBRI.JK
2025-08-19,3657.01953125,3711.331702506188,3629.863445621906,3702.27967396349,208409700,BBRI.JK
2025-08-20,3756.591796875,3756.591796875,3666.0715126129517,3666.0715126129517,173260400,BBRI.JK
2025-08-21,3756.591796875,3774.6958537274095,3702.279626317771,3765.6438253012047,112477700,BBRI.JK
2025-08-22,3711.331787109375,3774.6959883527056,3711.331787109375,3774.6959883527056,71971500,BBRI.JK
2025-08-25,3810.90380859375,3865.2159768872475,3774.6956963980847,3783.747724447001,195322200,BBRI.JK
2025-08-26,3774.69580078125,3819.955942277428,3774.69580078125,3819.955942277428,267465600,BBRI.JK
2025-08-27,3738.48779296875,3756.5918500775574,3684.1756216423273,3738.48779296875,123874000,BBRI.JK
2025-08-28,3747.53955078125,3756.591578681688,3720.383467079937,3738.4875228808123,60838200,BBRI.JK
2025-08-29,3666.0712890625,3729.435484182099,3638.915205439815,3711.331428433642,217276600,BBRI.JK
2025-09-01,3602.707275390625,3629.8633603810067,3494.0829354290986,3557.447133739989,234206100,BBRI.JK
2025-09-02,3584.60302734375,3666.071277965199,3584.60302734375,3602.7070830374055,111856000,BBRI.JK
2025-09-03,3647.96728515625,3647.96728515625,3575.551061133297,3638.915257153381,112507500,BBRI.JK
2025-09-04,3620.811279296875,3629.863307495117,3584.6031665039063,3602.7072229003907,87402700,BBRI.JK
2025-09-08,3530.291015625,3684.175495793269,3521.2389873798074,3684.175495793269,143993900,BBRI.JK
2025-09-09,3430.71875,3521.239033641161,3394.5106365435354,3503.134976912929,327167200,BBRI.JK
2025-09-10,3512.18701171875,3521.239040099468,3457.8748414344395,3457.8748414344395,117680500,BBRI.JK
2025-09-11,3693.2275390625,3729.435652190564,3602.707256242341,3620.8113128063724,281910400,BBRI.JK
2025-09-12,3783.747802734375,3792.7998309705813,3720.383605080928,3783.747802734375,235383800,BBRI.JK
2025-09-15,3747.53955078125,3819.955773984753,3729.4354949803746,3801.851718183877,157482000,BBRI.JK
2025-09-16,3738.48779296875,3774.695907186365,3693.2276501967312,3765.643878631961,167511900,BBRI.JK
2025-09-17,3819.9560546875,3819.9560546875,3729.435769031398,3765.643883293839,245154800,BBRI.JK
2025-09-18,3847.112060546875,3865.2161173023896,3810.9039470358457,3865.2161173023896,332670300,BBRI.JK
2025-09-19,3847.112060546875,3847.112060546875,3783.7478619025737,3829.0080037913604,211373200,BBRI.JK
2025-09-22,3765.643798828125,3847.1120540912334,3720.3836570152866,3847.1120540912334,157592800,BBRI.JK
2025-09-23,3747.53955078125,3774.6956344825635,3720.383467079937,3729.4354949803746,110771700,BBRI.JK
2025-09-24,3774.69580078125,3774.69580078125,3711.331602686601,3747.539715883543,124591600,BBRI.JK
2025-09-25,3684.175537109375,3774.695820576436,3666.071480415963,3774.695820576436,129656800,BBRI.JK
2025-09-26,3657.01953125,3693.227645420792,3620.811417079208,3666.071559792698,146229200,BBRI.JK
2025-09-29,3602.707275390625,3657.0194453713884,3584.603218730371,3657.0194453713884,126611800,BBRI.JK
2025-09-30,3530.291015625,3602.707241586538,3530.291015625,3602.707241586538,217357100,BBRI.JK
2025-10-01,3448.82275390625,3566.4991208374345,3439.7707256807744,3494.0828950336286,223133600,BBRI.JK
2025-10-02,3358.302490234375,3430.7187164388897,3358.302490234375,3403.562631612197,379620000,BBRI.JK
2025-10-03,3340.1982421875,3394.510408727134,3331.1462144308944,3358.3022977007113,214737100,BBRI.JK
2025-10-06,3313.042236328125,3385.4584600730022,3294.938180391906,3349.2503482005636,190283900,BBRI.JK
2025-10-07,3358.302490234375,3367.354518509939,3322.0943771321176,3340.1984336832465,155933000,BBRI.JK
2025-10-08,3367.3544921875,3385.45854859711,3322.094351163474,3376.406520392305,148263700,BBRI.JK
2025-10-09,3494.0830078125,3557.447207436043,3294.9383804242225,3340.1985230124674,479239500,BBRI.JK
2025-10-10,3376.406494140625,3430.7186629471767,3340.198381602924,3430.7186629471767,277252300,BBRI.JK
2025-10-13,3313.042236328125,3358.302376168673,3313.042236328125,3331.1462922643445,181694400,BBRI.JK
2025-10-14,3213.469970703125,3340.198363913952,3213.469970703125,3294.938223481514,278639100,BBRI.JK
2025-10-15,3168.2099609375,3249.678217075893,3122.949818638393,3231.57416015625,468733500,BBRI.JK
2025-10-16,3195.365966796875,3240.6261079696355,3150.105825624115,3168.2098820932188,227629500,BBRI.JK
2025-10-17,3168.2099609375,3231.57416015625,3159.1579324776785,3195.3660463169645,244442400,BBRI.JK
2025-10-20,3331.146484375,3376.406626825747,3204.4180855129075,3213.470114003057,391510300,BBRI.JK
2025-10-21,3403.562744140625,3430.7188298651513,3358.3026012664145,3421.666801290309,293000200,BBRI.JK
2025-10-22,3349.25048828125,3457.874828441723,3331.146431587838,3430.718743401605,329470700,BBRI.JK
2025-10-23,3457.874755859375,3457.874755859375,3349.2504179789757,3367.354474292376,225902700,BBRI.JK
2025-10-24,3485.031005859375,3539.3431773792613,3457.8749200994316,3457.8749200994316,313903600,BBRI.JK
2025-10-27,3494.0830078125,3557.447207436043,3394.5106941183612,3512.187064847798,332539600,BBRI.JK
2025-10-28,3485.031005859375,3494.0830344460223,3421.666805752841,3485.031005859375,239026800,BBRI.JK
2025-10-29,3521.239013671875,3521.239013671875,3430.7187305440634,3466.926843795188,215008600,BBRI.JK
2025-10-30,3539.343017578125,3611.759243001718,3503.1349048663283,3530.290989400176,287905300,BBRI.JK
2025-10-31,3602.707275390625,3638.915388711134,3548.395105409862,3557.447133739989,348755700,BBRI.JK
2025-11-03,3657.01953125,3666.071559792698,3629.863445621906,3666.071559792698,163770500,BBRI.JK
2025-11-04,3593.6552734375,3666.071500610044,3593.6552734375,3647.967443816908,241154700,BBRI.JK
2025-11-05,3602.707275390625,3611.759303720752,3539.3430770797345,3566.499162070116,139859100,BBRI.JK
2025-11-06,3620.811279296875,3629.863307495117,3575.551138305664,3602.7072229003907,130808100,BBRI.JK
2025-11-07,3602.707275390625,3629.8633603810067,3602.707275390625,3620.8113320508796,87287600,BBRI.JK
2025-11-10,3557.447021484375,3638.9152738847806,3557.447021484375,3629.8632458402913,148552900,BBRI.JK
2025-11-11,3521.239013671875,3584.603211861343,3494.0829287335314,3566.499155235781,179000200,BBRI.JK
2025-11-12,3530.291015625,3575.5511568509614,3521.2389873798074,3521.2389873798074,111115400,BBRI.JK
2025-11-13,3503.134765625,3539.34287689761,3503.134765625,3530.2908490794575,99373200,BBRI.JK
2025-11-14,3530.291015625,3557.4471003605768,3494.0829026442307,3494.0829026442307,100717300,BBRI.JK
2025-11-17,3566.4990234375,3575.5510514157677,3512.186855567893,3512.186855567893,140868100,BBRI.JK
2025-11-18,3593.6552734375,3611.7593302306364,3557.447159851228,3575.551216644364,205257700,BBRI.JK
2025-11-19,3620.811279296875,3620.811279296875,3593.6551947021485,3611.759251098633,107451000,BBRI.JK
2025-11-20,3611.75927734375,3666.071446927867,3611.75927734375,3638.915362135808,183008400,BBRI.JK
2025-11-21,3584.60302734375,3620.8111387310605,3566.4989716500945,3602.7070830374055,112666100,BBRI.JK
2025-11-24,3602.707275390625,3620.8113320508796,3566.499162070116,3620.8113320508796,262302000,BBRI.JK
2025-11-25,3466.927001953125,3602.7074328390177,3466.927001953125,3602.7074328390177,396959100,BBRI.JK
2025-11-26,3430.71875,3466.926863456464,3421.6667216358837,3439.770778364116,288419400,BBRI.JK
2025-11-27,3385.458740234375,3448.8229412548044,3367.3546827999667,3439.7709125376005,283451800,BBRI.JK
2025-11-28,3331.146484375,3394.510683806046,3331.146484375,3358.3025698454485,353872800,BBRI.JK
2025-12-01,3322.094482421875,3376.4066537966196,3313.0424538594175,3331.1465109843325,299669500,BBRI.JK
2025-12-02,3358.302490234375,3376.406546785504,3322.0943771321176,3340.1984336832465,277714300,BBRI.JK
2025-12-03,3313.042236328125,3349.2503482005636,3313.042236328125,3340.198320232454,225357100,BBRI.JK
2025-12-04,3340.1982421875,3340.1982421875,3303.990131161077,3313.0421589176826,221121100,BBRI.JK
2025-12-05,3303.990478515625,3349.250622056935,3303.990478515625,3349.250622056935,156161100,BBRI.JK
2025-12-08,3322.094482421875,3340.1985395467896,3313.0424538594175,3331.1465109843325,124094700,BBRI.JK
2025-12-09,3331.146484375,3349.250541355299,3303.9903989045515,3349.250541355299,201089800,BBRI.JK
2025-12-10,3313.042236328125,3331.1462922643445,3303.9902083600155,3331.1462922643445,172677700,BBRI.JK
2025-12-11,3276.834228515625,3349.2504545601696,3240.626115493353,3331.1463980490335,327591200,BBRI.JK
2025-12-12,3285.88623046875,3294.9382586518595,3240.6260895532023,3294.9382586518595,169747600,BBRI.JK
2025-12-15,3421.66650390625,3448.8225872705852,3285.8860870845733,3303.990142660797,312694100,BBRI.JK
2025-12-16,3340.1982421875,3448.822575266768,3331.1462144308944,3439.7705475101625,237949900,BBRI.JK
2025-12-17,3394.510498046875,3421.66658203125,3331.1463020833335,3340.1983300781253,273544100,BBRI.JK
2025-12-18,3421.66650390625,3457.874615058697,3394.5104205419148,3394.5104205419148,262527300,BBRI.JK
2025-12-19,3412.61474609375,3448.82286011066,3403.562717589523,3439.7708316064327,228583500,BBRI.JK
2025-12-22,3403.562744140625,3421.666801290309,3394.510715565783,3412.614772715467,161680300,BBRI.JK
2025-12-23,3412.61474609375,3421.6667745979776,3376.40663207684,3403.562717589523,138427000,BBRI.JK
2025-12-24,3412.61474609375,3430.718803102205,3394.5106890852953,3412.61474609375,121073600,BBRI.JK
2025-12-29,3421.66650390625,3430.718531694362,3403.5624483300267,3421.66650390625,238061500,BBRI.JK
2025-12-30,3437.6337890625,3465.8111152023566,3428.2413470158813,3465.8111152023566,274402200,BBRI.JK
2026-01-02,3418.848876953125,3447.0262028620796,3400.0639930138223,3437.633760892428,191985100,BBRI.JK
2026-01-05,3409.45654296875,3437.6338697701444,3371.8867739002235,3409.45654296875,230544800,BBRI.JK
2026-01-06,3456.418701171875,3465.811143294625,3409.4564905581265,3409.4564905581265,175820800,BBRI.JK
2026-01-07,3475.20361328125,3484.5960554793073,3437.6338444890202,3456.4187288851354,195024700,BBRI.JK
2026-01-08,3484.595947265625,3531.558156797507,3475.2035053592485,3484.595947265625,182019700,BBRI.JK
2026-01-09,3456.418701171875,3512.773353908373,3447.026259049125,3503.380911785623,143474700,BBRI.JK
2026-01-12,3475.20361328125,3512.7733820734798,3437.6338444890202,3456.4187288851354,215159700,BBRI.JK
2026-01-13,3493.988525390625,3503.3809676631804,3447.0263140278475,3475.203640845514,227620800,BBRI.JK
2026-01-14,3493.988525390625,3522.165852208291,3475.203640845514,3512.773409935736,170097000,BBRI.JK
2026-01-15,3587.912841796875,3616.090167779573,3503.3808638487812,3503.3808638487812,407151300,BBRI.JK
2026-01-19,3606.69775390625,3663.052406311035,3578.5204277038574,3616.0901959737143,359652500,BBRI.JK
2026-01-20,3616.09033203125,3644.267659293831,3587.913004768669,3606.6978896103897,170245800,BBRI.JK
2026-01-21,3587.912841796875,3616.090167779573,3569.12795780841,3616.090167779573,273678200,BBRI.JK
2026-01-22,3578.5205078125,3616.0902769233926,3559.735623257054,3616.0902769233926,153742700,BBRI.JK
2026-01-23,3616.09033203125,3616.09033203125,3531.5583502435065,3578.5205623478087,164603900,BBRI.JK
2026-01-26,3616.09033203125,3616.09033203125,3569.128119926948,3606.6978896103897,120002700,BBRI.JK
2026-01-27,3587.912841796875,3616.090167779573,3550.3430738199445,3616.090167779573,157633200,BBRI.JK
2026-01-28,3371.88671875,3550.343118906685,3324.924508182451,3409.456487204039,726740400,BBRI.JK
2026-01-29,3550.343017578125,3550.343017578125,3090.113367151331,3334.3168551328954,781321200,BBRI.JK
2026-01-30,3578.5205078125,3653.660046034285,3512.7734118684384,3550.343180979331,532329000,BBRI.JK
2026-02-02,3597.305419921875,3644.2676316702023,3522.165881124551,3625.482746970871,334659200,BBRI.JK
2026-02-03,3569.1279296875,3634.875023129112,3531.558162006579,3625.4825812088816,201224300,BBRI.JK
2026-02-04,3634.875,3644.267441860465,3569.1279069767443,3587.912790697674,251005600,BBRI.JK
2026-02-05,3616.09033203125,3700.6223138189935,3606.6978896103897,3616.09033203125,342757200,BBRI.JK
2026-02-06,3550.343017578125,3616.0901104962386,3540.9505757326806,3569.1279012690147,279127200,BBRI.JK
2026-02-09,3540.95068359375,3569.128009988395,3484.5960308044596,3559.735567856847,215606400,BBRI.JK
2026-02-10,3550.343017578125,3559.73545942357,3503.380808350901,3522.165692041791,181835800,BBRI.JK
2026-02-11,3569.1279296875,3569.1279296875,3512.7732781661184,3559.7354877672697,147378100,BBRI.JK
2026-02-12,3559.735595703125,3559.735595703125,3531.558269088061,3550.3431534981037,185678800,BBRI.JK
2026-02-13,3550.343017578125,3569.1279012690147,3522.165692041791,3550.343017578125,144473700,BBRI.JK
2026-02-18,3597.305419921875,3606.6978622715405,3531.5583234742166,3550.3432081735477,135223700,BBRI.JK
2026-02-19,3540.95068359375,3616.0902206461374,3540.95068359375,3616.0902206461374,154562300,BBRI.JK
2026-02-20,3606.69775390625,3634.8750801086426,3550.343101501465,3559.735543568929,191533500,BBRI.JK
2026-02-23,3663.052490234375,3672.444932517027,3625.482721103766,3644.2676056690707,189611200,BBRI.JK
2026-02-24,3634.875,3653.6598837209303,3625.482558139535,3644.267441860465,191295900,BBRI.JK
2026-02-25,3728.799560546875,3738.192002764877,3644.2675805848553,3644.2675805848553,263027700,BBRI.JK
2026-02-26,3710.0146484375,3728.799532733386,3681.8373219936707,3728.799532733386,146158100,BBRI.JK
2026-02-27,3672.44482421875,3710.0145922414486,3644.2674982017265,3710.0145922414486,263179300,BBRI.JK
2026-03-02,3587.912841796875,3606.6977257853405,3569.12795780841,3606.6977257853405,204655700,BBRI.JK
2026-03-03,3540.95068359375,3606.697778514589,3540.95068359375,3587.912894251492,113600400,BBRI.JK
2026-03-04,3465.81103515625,3540.950569793784,3437.633709667175,3540.950569793784,215656600,BBRI.JK
2026-03-05,3522.165771484375,3550.34309765625,3493.9884453125,3493.9884453125,96625300,BBRI.JK
2026-03-06,3447.0263671875,3522.1659065267368,3447.0263671875,3522.1659065267368,136987800,BBRI.JK
2026-03-09,3353.101806640625,3409.4564588530725,3343.709364605217,3371.8866907114407,215587500,BBRI.JK
2026-03-10,3343.70947265625,3390.6716843508602,3343.70947265625,3381.279242011938,175353400,BBRI.JK
2026-03-11,3362.494384765625,3381.2792695967178,3343.709499934532,3362.494384765625,100862200,BBRI.JK
2026-03-12,3353.101806640625,3390.671574782257,3353.101806640625,3362.494248676033,141366700,BBRI.JK
2026-03-13,3296.7470703125,3371.886604678597,3296.7470703125,3343.709279291311,159393900,BBRI.JK
2026-03-16,3268.56982421875,3296.7471502896014,3221.6076141006647,3287.3547082659843,160328700,BBRI.JK
2026-03-17,3268.56982421875,3315.5320343368357,3268.56982421875,3287.3547082659843,204208500,BBRI.JK
2026-03-25,3324.924560546875,3324.924560546875,3202.822811148261,3231.0001379325563,379422800,BBRI.JK
2026-03-26,3277.96240234375,3353.101941652489,3268.5699599301574,3324.924614411712,162060500,BBRI.JK
2026-03-27,3212.215087890625,3277.962180332831,3212.215087890625,3249.784855000457,207067900,BBRI.JK
2026-03-30,3155.860595703125,3184.0379224504745,3127.683268955776,3146.4681534540086,317467700,BBRI.JK
2026-03-31,3127.68310546875,3193.430197775901,3127.68310546875,3146.467988985079,298589200,BBRI.JK
2026-04-01,3146.468017578125,3230.999994169776,3127.6831338910915,3193.430226795709,279604500,BBRI.JK
2026-04-02,3118.290771484375,3184.037866063865,3118.290771484375,3137.0756556499437,242569200,BBRI.JK
2026-04-06,3108.8984375,3155.860649546828,3090.113552681269,3137.0757647280966,184143400,BBRI.JK
2026-04-07,3033.7587890625,3118.290767705108,3024.366346991099,3108.8983256337074,273842700,BBRI.JK
2026-04-08,3137.07568359375,3165.2530100930953,3127.6832414273017,3137.07568359375,416112900,BBRI.JK
2026-04-09,3080.720947265625,3127.683156827601,3061.936063440835,3108.8982730028106,319141400,BBRI.JK
2026-04-10,3184.037841796875,3193.4302838080753,3090.1134216848727,3090.1134216848727,353451500,BBRI.JK
2026-04-13,3165.2529296875,3202.8226973989244,3146.468045831788,3184.0378135432125,176083800,BBRI.JK
2026-04-14,3249.784912109375,3277.962237936913,3212.2151443393245,3212.2151443393245,280543100,BBRI.JK
2026-04-15,3193.430419921875,3296.7472864487595,3193.430419921875,3287.3548440372247,332898200,BBRI.JK
2026-04-16,3202.82275390625,3221.6076380933832,3174.64542762555,3193.430311812683,228465700,BBRI.JK
2026-04-17,3221.607666015625,3240.39255036557,3202.8227816656795,3202.8227816656795,209108800,BBRI.JK
2026-04-20,3231.0,3259.1773255813955,3212.2151162790697,3231.0,354461400,BBRI.JK
2026-04-21,3270.0,3300.0,3230.0,3250.0,398239800,BBRI.JK
2026-04-22,3240.0,3280.0,3240.0,3260.0,223077500,BBRI.JK
2026-04-23,3160.0,3270.0,3150.0,3240.0,352657300,BBRI.JK
2026-04-24,3070.0,3150.0,3060.0,3120.0,428089200,BBRI.JK
2026-04-27,3050.0,3100.0,3050.0,3060.0,216480300,BBRI.JK
2026-04-28,3070.0,3080.0,3020.0,3050.0,232596600,BBRI.JK
2026-04-29,3070.0,3110.0,3050.0,3070.0,180641600,BBRI.JK
2026-04-30,2990.0,3060.0,2980.0,3050.0,382750500,BBRI.JK
2026-05-04,3040.0,3040.0,3000.0,3010.0,190480000,BBRI.JK
2026-05-05,3150.0,3170.0,3040.0,3050.0,253157600,BBRI.JK
2026-05-06,3160.0,3190.0,3130.0,3150.0,185002500,BBRI.JK
2026-05-07,3310.0,3330.0,3190.0,3200.0,312804400,BBRI.JK
2026-05-08,3260.0,3360.0,3260.0,3310.0,335638700,BBRI.JK
2026-05-11,3200.0,3280.0,3200.0,3260.0,196431000,BBRI.JK
2026-05-12,3220.0,3240.0,3170.0,3200.0,151508100,BBRI.JK
2026-05-13,3120.0,3210.0,3120.0,3200.0,155231500,BBRI.JK
2026-05-14,3120.0,3120.0,3120.0,3120.0,0,BBRI.JK
2026-05-15,3120.0,3120.0,3120.0,3120.0,0,BBRI.JK
2026-05-18,3060.0,3100.0,3010.0,3040.0,348373200,BBRI.JK
2026-05-19,3040.0,3140.0,3040.0,3060.0,224758600,BBRI.JK
2026-05-20,3040.0,3110.0,3030.0,3060.0,273501800,BBRI.JK
2026-05-21,3020.0,3090.0,3020.0,3050.0,173346000,BBRI.JK
2026-05-22,3050.0,3070.0,3000.0,3020.0,158122200,BBRI.JK
2026-05-25,3170.0,3220.0,3080.0,3090.0,242782900,BBRI.JK
2026-05-26,3070.0,3150.0,3070.0,3150.0,185037400,BBRI.JK
2026-05-27,3070.0,3070.0,3070.0,3070.0,0,BBRI.JK
2026-05-28,3070.0,3070.0,3070.0,3070.0,0,BBRI.JK
2026-05-29,2950.0,3080.0,2950.0,3060.0,1073661600,BBRI.JK
2026-06-02,3040.0,3040.0,2980.0,3000.0,320974000,BBRI.JK
2026-06-03,2900.0,3070.0,2900.0,3050.0,411746000,BBRI.JK
2026-06-04,2810.0,2930.0,2780.0,2900.0,493450500,BBRI.JK
2026-06-05,2740.0,2830.0,2730.0,2780.0,310053600,BBRI.JK
2026-06-08,2590.0,2750.0,2590.0,2700.0,626878600,BBRI.JK
2026-06-09,2790.0,2800.0,2540.0,2540.0,873192700,BBRI.JK
2026-06-10,2880.0,2910.0,2730.0,2790.0,704423000,BBRI.JK
2026-06-11,2850.0,2960.0,2780.0,2880.0,465509700,BBRI.JK
2026-06-12,2850.0,2900.0,2830.0,2880.0,450530000,BBRI.JK
2026-06-15,2990.0,3050.0,2890.0,2890.0,622216400,BBRI.JK
2026-06-17,3080.0,3130.0,3010.0,3020.0,512048000,BBRI.JK
2026-06-18,2960.0,3060.0,2960.0,3040.0,356398400,BBRI.JK
2026-06-19,2930.0,3000.0,2910.0,2960.0,514857200,BBRI.JK
2026-06-22,2870.0,2940.0,2870.0,2930.0,250025400,BBRI.JK
2026-06-23,2910.0,2940.0,2860.0,2870.0,271555000,BBRI.JK
2026-06-24,2810.0,2980.0,2800.0,2930.0,330171300,BBRI.JK
2026-06-25,2850.0,2920.0,2790.0,2800.0,343497900,BBRI.JK
2026-06-26,2870.0,2880.0,2810.0,2850.0,200394100,BBRI.JK
2026-06-29,2840.0,2890.0,2830.0,2880.0,173099600,BBRI.JK
2026-06-30,2730.0,2840.0,2730.0,2810.0,346190100,BBRI.JK
2026-07-01,2670.0,2750.0,2670.0,2700.0,302582100,BBRI.JK
2026-07-02,2690.0,2730.0,2630.0,2680.0,366662800,BBRI.JK
2026-07-03,2710.0,2740.0,2700.0,2710.0,219292600,BBRI.JK
2026-07-06,2790.0,2790.0,2680.0,2710.0,257473000,BBRI.JK
2026-07-07,2860.0,2890.0,2800.0,2810.0,265534600,BBRI.JK
2026-07-08,2790.0,2870.0,2770.0,2860.0,253336100,BBRI.JK
2026-07-09,2780.0,2790.0,2730.0,2770.0,244821900,BBRI.JK
2026-07-10,2790.0,2810.0,2760.0,2790.0,144957900,BBRI.JK
2026-07-13,2870.0,2870.0,2780.0,2790.0,211532100,BBRI.JK
2026-07-14,2800.0,2890.0,2800.0,2880.0,273911200,BBRI.JK
2026-07-15,2830.0,2870.0,2810.0,2840.0,182403300,BBRI.JK
2026-07-16,2860.0,2880.0,2830.0,2840.0,197705800,BBRI.JK
2026-07-17,2970.0,3000.0,2840.0,2860.0,439266600,BBRI.JK
2026-07-20,3020.0,3080.0,2990.0,3000.0,393555500,BBRI.JK
2026-07-21,3070.0,3080.0,3040.0,3080.0,320262200,BBRI.JK
2026-07-22,3020.0,3080.0,3020.0,3080.0,200041000,BBRI.JK
2026-07-23,2990.0,3070.0,2990.0,3030.0,217693500,BBRI.JK
2026-07-24,2960.0,3020.0,2940.0,2970.0,290905700,BBRI.JK
2026-07-27,2950.0,2980.0,2920.0,2930.0,201363300,BBRI.JK
2026-07-28,2930.0,2970.0,2920.0,2930.0,220772100,BBRI.JK
2026-07-29,2920.0,2950.0,2910.0,2930.0,132102100,BBRI.JK
2026-07-30,2990.0,3010.0,2920.0,2930.0,220548900,BBRI.JK
2026-07-31,3040.0,3040.0,2980.0,3000.0,226634400,BBRI.JK
2026-08-03,3020.0,3030.0,2980.0,3030.0,119721600,BBRI.JK
2026-08-04,3060.0,3060.0,3000.0,3020.0,191121700,BBRI.JK
2026-08-05,3020.0,3070.0,3020.0,3060.0,111460100,BBRI.JK
2026-08-06,3040.0,3070.0,3030.0,3030.0,117685400,BBRI.JK
2026-08-07,3130.0,3130.0,3040.0,3050.0,349136300,BBRI.JK
2026-08-10,3090.0,3160.0,3090.0,3140.0,232230700,BBRI.JK
2026-08-11,3090.0,3110.0,3060.0,3100.0,179274900,BBRI.JK
2026-08-12,3130.0,3130.0,3080.0,3090.0,158307500,BBRI.JK
2026-08-13,3110.0,3130.0,3080.0,3130.0,165084600,BBRI.JK
2026-08-14,3120.0,3150.0,3090.0,3110.0,118492200,BBRI.JK
2026-08-18,3080.0,3140.0,3080.0,3120.0,153801000,BBRI.JK
2026-08-19,3080.0,3100.0,3040.0,3080.0,101112000,BBRI.JK
2026-08-20,3140.0,3140.0,3090.0,3100.0,156120300,BBRI.JK
2026-08-21,3230.0,3250.0,3160.0,3170.0,349663900,BBRI.JK
2026-08-24,3180.0,3240.0,3160.0,3230.0,151200300,BBRI.JK
2026-08-25,3180.0,3180.0,3180.0,3180.0,0,BBRI.JK
2026-08-26,3130.0,3170.0,3110.0,3170.0,159003300,BBRI.JK
2026-08-27,3150.0,3150.0,3100.0,3110.0,164832300,BBRI.JK
2026-08-28,3190.0,3200.0,3160.0,3180.0,135419900,BBRI.JK
2026-08-31,3250.0,3270.0,3170.0,3180.0,353834000,BBRI.JK
2026-09-01,3380.0,3380.0,3250.0,3250.0,393505600,BBRI.JK
2026-09-02,3390.0,3400.0,3350.0,3390.0,205175100,BBRI.JK
2026-09-03,3410.0,3430.0,3370.0,3400.0,244699100,BBRI.JK
2026-09-04,3390.0,3440.0,3380.0,3430.0,152173900,BBRI.JK
