Date,Close,High,Low,Open,Volume,Ticker
2021-01-04,2484.452880859375,2491.5716570222958,2356.3149099268,2363.4336860897206,165339800,TLKM.JK
2021-01-05,2470.21533203125,2477.3341082042507,2434.6214511662465,2477.3341082042507,157800700,TLKM.JK
2021-01-06,2399.02783203125,2484.4531554270216,2370.5527242326593,2470.2156015277264,177877900,TLKM.JK
2021-01-07,2413.264892578125,2455.9775455441095,2406.1461170837943,2413.264892578125,140221900,TLKM.JK
2021-01-08,2541.403076171875,2576.9969567905287,2448.8589865633753,2455.977762687106,492643700,TLKM.JK
2021-01-11,2562.759521484375,2591.234627278646,2541.403192138672,2555.6407450358074,271231200,TLKM.JK
2021-01-12,2498.6904296875,2576.9969673700143,2491.571653534544,2562.7594150641025,189779500,TLKM.JK
2021-01-13,2477.333984375,2527.1654150951867,2463.096432740661,2527.1654150951867,162329300,TLKM.JK
2021-01-14,2491.572021484375,2555.6410163225446,2470.2156898716516,2477.334467075893,187448400,TLKM.JK
2021-01-15,2477.333984375,2520.046639278017,2455.9776569234914,2498.6903118265086,133304300,TLKM.JK
2021-01-18,2455.977783203125,2505.8092164855075,2441.74023083673,2477.3341117527175,138913100,TLKM.JK
2021-01-19,2427.502685546875,2484.452895178473,2399.027580731076,2470.215342770574,144100700,TLKM.JK
2021-01-20,2470.21533203125,2477.3341082042507,2406.1463464742433,2434.6214511662465,116098100,TLKM.JK
2021-01-21,2477.333984375,2505.809087643678,2463.096432740661,2491.571536009339,81801900,TLKM.JK
2021-01-22,2413.264892578125,2448.8587700497787,2391.9085660951328,2434.6212190611172,165024200,TLKM.JK
2021-01-25,2399.02783203125,2427.5029398298407,2356.315170333364,2399.02783203125,118131800,TLKM.JK
2021-01-26,2320.720947265625,2413.2650341197755,2320.720947265625,2391.9087063842026,111414500,TLKM.JK
2021-01-27,2406.146728515625,2406.146728515625,2320.721400876017,2377.671619302422,159144700,TLKM.JK
2021-01-28,2306.4833984375,2370.5523817274307,2299.3646225163966,2334.9585021219136,142648800,TLKM.JK
2021-01-29,2213.939697265625,2342.077686174889,2213.939697265625,2342.077686174889,191915100,TLKM.JK
2021-02-01,2299.36474609375,2313.6022987011415,2164.1079963235293,2228.176983056792,133929600,TLKM.JK
2021-02-02,2327.83984375,2370.552501433486,2313.6022911888376,2349.196172591743,114734600,TLKM.JK
2021-02-03,2306.4833984375,2370.5523817274307,2292.245846595293,2313.6021743586034,86433900,TLKM.JK
2021-02-04,2342.07763671875,2370.5527447639624,2320.7213056848404,2327.8400826961433,80319500,TLKM.JK
2021-02-05,2342.07763671875,2363.4339677526596,2327.8400826961433,2363.4339677526596,52630500,TLKM.JK
2021-02-08,2334.958740234375,2399.027730057879,2327.839963587319,2349.196293528487,96635600,TLKM.JK
2021-02-09,2278.00830078125,2349.196060180664,2263.7707489013674,2313.602180480957,157479200,TLKM.JK
2021-02-10,2270.8896484375,2292.245977419671,2249.533319455329,2263.77087211011,125221400,TLKM.JK
2021-02-11,2270.8896484375,2299.3647537470615,2256.6520957827197,2292.245977419671,79940700,TLKM.JK
2021-02-15,2292.246337890625,2320.7214476780864,2278.0087829968943,2278.0087829968943,88883300,TLKM.JK
2021-02-16,2285.127197265625,2313.6023025275017,2270.889644634686,2278.0084209501556,82026300,TLKM.JK
2021-02-17,2242.41455078125,2313.602314298115,2235.2957744295636,2292.2459852430557,121105300,TLKM.JK
2021-02-18,2263.770751953125,2327.839735498968,2263.770751953125,2270.889527902663,151200300,TLKM.JK
2021-02-19,2285.127197265625,2292.245973581094,2256.652092003748,2263.7708683192172,63214600,TLKM.JK
2021-02-22,2256.652099609375,2306.483533985607,2256.652099609375,2285.127204967222,100425500,TLKM.JK
2021-02-23,2470.21533203125,2477.3341082042507,2278.0083753602307,2278.0083753602307,354966200,TLKM.JK
2021-02-24,2477.333984375,2527.1654150951867,2463.096432740661,2484.4527601921695,303017100,TLKM.JK
2021-02-25,2484.452880859375,2541.403090162742,2455.977776207692,2498.690433185217,226833000,TLKM.JK
2021-02-26,2484.452880859375,2498.690433185217,2427.5026715560084,2455.977776207692,230007700,TLKM.JK
2021-03-01,2484.452880859375,2498.690433185217,2470.2153285335335,2484.452880859375,91513500,TLKM.JK
2021-03-02,2463.096435546875,2491.5715388479953,2448.858883896315,2484.4527630227153,169061400,TLKM.JK
2021-03-03,2448.859375,2477.334484011628,2434.621820494186,2477.334484011628,82610700,TLKM.JK
2021-03-04,2391.90869140625,2441.7401224772134,2384.7899155389696,2434.621346609933,142322100,TLKM.JK
2021-03-05,2363.43359375,2399.027473173946,2363.43359375,2377.671145519578,128546000,TLKM.JK
2021-03-08,2377.67138671875,2420.384046360404,2370.5526101118076,2391.908939932635,80094900,TLKM.JK
2021-03-09,2342.07763671875,2413.265406831782,2334.9588597074467,2399.0278528091753,110090800,TLKM.JK
2021-03-10,2420.384033203125,2434.6215863396137,2356.3150440889244,2377.671373793658,91631900,TLKM.JK
2021-03-12,2455.977783203125,2477.3341117527175,2441.74023083673,2448.8590070199275,100195200,TLKM.JK
2021-03-15,2406.146728515625,2455.9781696387295,2406.146728515625,2448.8593923354288,50077300,TLKM.JK
2021-03-16,2391.90869140625,2427.5025707426526,2391.90869140625,2420.383794875372,60111200,TLKM.JK
2021-03-17,2413.264892578125,2441.739994555448,2399.0273415894635,2427.5024435667865,61701400,TLKM.JK
2021-03-18,2455.977783203125,2477.3341117527175,2441.74023083673,2455.977783203125,101896400,TLKM.JK
2021-03-19,2448.859375,2448.859375,2406.146711482558,2427.503043241279,140000000,TLKM.JK
2021-03-22,2406.146728515625,2448.8593923354288,2406.146728515625,2448.8593923354288,53870300,TLKM.JK
2021-03-23,2391.90869140625,2434.621346609933,2384.7899155389696,2413.2650190080913,55323200,TLKM.JK
2021-03-24,2399.02783203125,2413.265385930545,2363.433947283012,2363.433947283012,67173200,TLKM.JK
2021-03-25,2427.502685546875,2441.740237954775,2406.146356935026,2420.383909342925,107607200,TLKM.JK
2021-03-26,2484.452880859375,2491.5716570222958,2413.265119230167,2427.5026715560084,106810400,TLKM.JK
2021-03-29,2427.502685546875,2484.452895178473,2420.383909342925,2470.215342770574,72214100,TLKM.JK
2021-03-30,2406.146728515625,2441.740615032128,2391.9091739090236,2434.6218377288274,66491800,TLKM.JK
2021-03-31,2434.621337890625,2434.621337890625,2370.552355314556,2406.146234523483,134671900,TLKM.JK
2021-04-01,2413.264892578125,2448.8587700497787,2406.1461170837943,2413.264892578125,73332000,TLKM.JK
2021-04-05,2406.146728515625,2441.740615032128,2399.0279512123243,2441.740615032128,36029200,TLKM.JK
2021-04-06,2399.02783203125,2427.5029398298407,2399.02783203125,2420.384162880193,40566400,TLKM.JK
2021-04-07,2420.384033203125,2441.740362907858,2406.146480066636,2427.5028097713694,84754300,TLKM.JK
2021-04-08,2413.264892578125,2420.3836680724557,2406.1461170837943,2406.1461170837943,59079700,TLKM.JK
2021-04-09,2391.90869140625,2413.2650190080913,2391.90869140625,2413.2650190080913,56861400,TLKM.JK
2021-04-12,2356.314697265625,2413.2649014291446,2349.195921745185,2377.6710238269447,79003200,TLKM.JK
2021-04-13,2370.552490234375,2377.671266481325,2349.196161493525,2377.671266481325,51300200,TLKM.JK
2021-04-14,2377.67138671875,2391.908939932635,2363.433833504865,2391.908939932635,52587500,TLKM.JK
2021-04-15,2391.90869140625,2391.90869140625,2363.433587937128,2377.6711396716887,65669100,TLKM.JK
2021-04-16,2391.90869140625,2399.0274672735304,2363.433587937128,2399.0274672735304,52517800,TLKM.JK
2021-04-19,2377.67138671875,2391.908939932635,2370.5526101118076,2370.5526101118076,44899700,TLKM.JK
2021-04-20,2363.43359375,2384.7899214043678,2349.196041980422,2370.552369634789,55700100,TLKM.JK
2021-04-21,2334.958740234375,2370.552623469655,2334.958740234375,2342.0775168814307,47167800,TLKM.JK
2021-04-22,2370.552490234375,2377.671266481325,2342.0773852465745,2342.0773852465745,54970000,TLKM.JK
2021-04-23,2356.314697265625,2370.552248306505,2342.0771462247453,2370.552248306505,39798400,TLKM.JK
2021-04-26,2313.602294921875,2349.196176382212,2313.602294921875,2334.958623798077,55076200,TLKM.JK
2021-04-27,2249.533203125,2313.602186758307,2235.2956512064875,2306.4834107990505,166985400,TLKM.JK
2021-04-28,2235.2958984375,2256.652228677349,2228.1771216908837,2249.5334519307326,91596300,TLKM.JK
2021-04-29,2278.00830078125,2285.1270767211913,2235.2956451416017,2242.414421081543,111785100,TLKM.JK
2021-04-30,2278.00830078125,2320.7209564208983,2278.00830078125,2292.2458526611326,143840800,TLKM.JK
2021-05-03,2256.652099609375,2285.127204967222,2228.176994251528,2278.00842862776,124724400,TLKM.JK
2021-05-04,2285.127197265625,2285.127197265625,2256.652092003748,2263.7708683192172,60180600,TLKM.JK
2021-05-05,2278.00830078125,2285.1270767211913,2263.7707489013674,2285.1270767211913,76480300,TLKM.JK
2021-05-06,2270.8896484375,2278.0084247648906,2242.414543127939,2278.0084247648906,91955600,TLKM.JK
2021-05-07,2270.8896484375,2292.245977419671,2263.77087211011,2278.0084247648906,98099900,TLKM.JK
2021-05-10,2256.652099609375,2278.00842862776,2249.533323269913,2270.8896522882987,104121900,TLKM.JK
2021-05-11,2263.770751953125,2278.008303852201,2242.4144241045105,2256.6519760035867,94281900,TLKM.JK
2021-05-17,2270.8896484375,2270.8896484375,2242.414543127939,2270.8896484375,114071400,TLKM.JK
2021-05-18,2263.770751953125,2270.889527902663,2242.4144241045105,2270.889527902663,77310400,TLKM.JK
2021-05-19,2249.533203125,2292.245858880538,2242.4144271657437,2242.4144271657437,48958100,TLKM.JK
2021-05-20,2356.314697265625,2363.433472786065,2263.7706154999055,2270.8893910203456,197430900,TLKM.JK
2021-05-21,2327.83984375,2384.790053994648,2327.83984375,2377.6712777140674,104101400,TLKM.JK
2021-05-24,2320.720947265625,2370.552378648629,2292.245843618194,2342.0772750011984,64347100,TLKM.JK
2021-05-25,2349.1962890625,2363.4338423295458,2327.839959161932,2342.0775124289776,62218300,TLKM.JK
2021-05-27,2406.146728515625,2420.384283122226,2370.5528419991215,2384.790396605723,233551300,TLKM.JK
2021-05-28,2327.83984375,2420.3839353975536,2320.721067469419,2406.1463828363912,87439800,TLKM.JK
2021-05-31,2448.859375,2463.096929505814,2349.1964934593025,2349.1964934593025,155768200,TLKM.JK
2021-06-02,2455.977783203125,2491.5716641191125,2434.6214546535325,2484.452887935915,108933400,TLKM.JK
2021-06-03,2484.452880859375,2484.452880859375,2434.621447718929,2434.621447718929,77627900,TLKM.JK
2021-06-04,2491.572021484375,2498.690798688616,2455.9781354631696,2484.4532442801337,70624200,TLKM.JK
2021-06-07,2527.165771484375,2541.4033251265405,2491.571887378961,2520.046994663292,124440300,TLKM.JK
2021-06-08,2491.572021484375,2527.1659075055804,2470.2156898716516,2527.1659075055804,132409400,TLKM.JK
2021-06-09,2534.94970703125,2542.427434780605,2475.1278850364124,2497.5610682844763,112204200,TLKM.JK
2021-06-10,2602.249267578125,2617.204723138919,2497.561078652568,2505.0388064329654,137713700,TLKM.JK
2021-06-11,2594.771728515625,2617.2049134883828,2557.3830868943623,2609.72718516413,82336600,TLKM.JK
2021-06-14,2549.905517578125,2594.7718903214354,2542.4277887875733,2587.2941615308837,46016500,TLKM.JK
2021-06-15,2572.338623046875,2572.338623046875,2527.472251714662,2549.9054373807685,60528600,TLKM.JK
2021-06-16,2549.905517578125,2564.8609751592285,2527.4723312064702,2527.4723312064702,39149800,TLKM.JK
2021-06-17,2505.038818359375,2557.382913071362,2505.038818359375,2519.9942739913713,50286100,TLKM.JK
2021-06-18,2505.038818359375,2542.4274574393658,2460.172451463386,2505.038818359375,168414300,TLKM.JK
2021-06-21,2467.650390625,2497.5613044507577,2437.7394767992423,2452.6949337121214,74248200,TLKM.JK
2021-06-22,2467.650390625,2519.994489820076,2460.1726621685607,2467.650390625,89349200,TLKM.JK
2021-06-23,2519.99462890625,2557.3832732520405,2475.128255691302,2475.128255691302,81901000,TLKM.JK
2021-06-24,2430.261962890625,2512.5169831730773,2422.7842337740385,2490.0837958233174,101334200,TLKM.JK
2021-06-25,2430.261962890625,2467.650608473558,2422.7842337740385,2430.261962890625,58330700,TLKM.JK
2021-06-28,2370.440185546875,2437.739749174389,2370.440185546875,2430.262019882443,66338900,TLKM.JK
2021-06-29,2362.962158203125,2437.7394416905654,2355.484429854381,2385.395343249357,123411200,TLKM.JK
2021-06-30,2355.484375,2377.9175595238094,2340.5289186507935,2355.484375,142204500,TLKM.JK
2021-07-01,2325.57373046875,2370.440104690012,2310.618272394996,2362.962375653135,143665900,TLKM.JK
2021-07-02,2295.66259765625,2340.528967643017,2288.1848693251222,2325.573510980761,161855700,TLKM.JK
2021-07-05,2273.2294921875,2310.61813515111,2250.7963064093337,2295.6626779656663,133815000,TLKM.JK
2021-07-06,2250.79638671875,2295.6627598759346,2243.3186578592195,2280.707302156873,151573500,TLKM.JK
2021-07-07,2265.751953125,2295.6628699979374,2250.7964946885313,2265.751953125,110215500,TLKM.JK
2021-07-08,2250.79638671875,2288.1850310164036,2243.3186578592195,2288.1850310164036,132576600,TLKM.JK
2021-07-09,2362.962158203125,2370.4398865518688,2265.751689669452,2273.229418018196,222916400,TLKM.JK
2021-07-12,2340.529052734375,2385.3954243522867,2325.573595528405,2385.3954243522867,86268000,TLKM.JK
2021-07-13,2295.66259765625,2362.9621526364003,2280.707140993994,2362.9621526364003,82856600,TLKM.JK
2021-07-14,2288.18505859375,2295.662787543403,2258.2741427951387,2280.707329644097,84993400,TLKM.JK
2021-07-15,2340.529052734375,2348.0067813373603,2303.140409719449,2325.573595528405,88092800,TLKM.JK
2021-07-16,2370.440185546875,2370.440185546875,2325.5738097951994,2348.006997671037,63626300,TLKM.JK
2021-07-19,2407.828857421875,2415.3065867927503,2355.484751825747,2362.9624811966223,116219500,TLKM.JK
2021-07-21,2400.35107421875,2422.784261828271,2377.9178866092293,2385.395615812403,115099400,TLKM.JK
2021-07-22,2437.739501953125,2437.739501953125,2400.350859285132,2400.350859285132,48865700,TLKM.JK
2021-07-23,2370.440185546875,2430.262019882443,2355.484726962983,2430.262019882443,67128400,TLKM.JK
2021-07-26,2385.395751953125,2392.873481583072,2348.00710380339,2348.00710380339,55525800,TLKM.JK
2021-07-27,2445.21728515625,2445.21728515625,2362.9622694476298,2400.3509129515483,62673400,TLKM.JK
2021-07-28,2385.395751953125,2430.262129732808,2355.484833433337,2430.262129732808,103282300,TLKM.JK
2021-07-29,2415.306396484375,2460.1727691744873,2392.873210139319,2400.350938921004,126542400,TLKM.JK
2021-07-30,2422.7841796875,2460.1728244357637,2392.8732638888887,2392.8732638888887,95143100,TLKM.JK
2021-08-02,2475.128173828125,2475.128173828125,2400.3508876097526,2422.784073475264,60368200,TLKM.JK
2021-08-03,2490.08349609375,2512.5166807432433,2460.172583227759,2475.1280396607544,89712500,TLKM.JK
2021-08-04,2519.99462890625,2519.99462890625,2475.128255691302,2490.083713429618,63108600,TLKM.JK
2021-08-05,2497.561279296875,2542.4276495836452,2482.6058225346183,2512.5167360591317,89742800,TLKM.JK
2021-08-06,2482.605712890625,2527.4720811958773,2475.1279848397494,2512.5166250941265,31664200,TLKM.JK
2021-08-09,2430.261962890625,2467.650608473558,2407.8287755408655,2437.7396920072115,70299500,TLKM.JK
2021-08-10,2415.306396484375,2445.217311611116,2385.3954813576333,2422.78412526606,57658000,TLKM.JK
2021-08-12,2505.038818359375,2505.038818359375,2422.7838123833953,2437.7392680153916,93133400,TLKM.JK
2021-08-13,2467.650390625,2527.4722182765154,2437.7394767992423,2519.994489820076,59903600,TLKM.JK
2021-08-16,2497.561279296875,2497.561279296875,2460.172637391233,2467.6503657723615,38661800,TLKM.JK
2021-08-18,2557.383056640625,2572.3385131122077,2505.038958990086,2512.5166872258774,162921300,TLKM.JK
2021-08-19,2534.94970703125,2564.860618028669,2512.516523783186,2549.9051625299594,100851800,TLKM.JK
2021-08-20,2542.427734375,2564.8609202665443,2519.994548483456,2534.950005744485,113411000,TLKM.JK
2021-08-23,2572.338623046875,2572.338623046875,2542.4277088253993,2557.383165936137,64122400,TLKM.JK
2021-08-24,2542.427734375,2557.3831916360296,2475.128176700368,2549.905463005515,69338100,TLKM.JK
2021-08-25,2519.99462890625,2534.950086644566,2490.083713429618,2534.950086644566,66618200,TLKM.JK
2021-08-26,2512.5166015625,2512.5166015625,2482.605689639137,2490.083417619978,55756100,TLKM.JK
2021-08-27,2482.605712890625,2519.9943531450017,2475.1279848397494,2519.9943531450017,62419000,TLKM.JK
2021-08-30,2542.427734375,2542.427734375,2490.083633961397,2490.083633961397,64177700,TLKM.JK
2021-08-31,2542.427734375,2557.3831916360296,2512.5168198529414,2542.427734375,130019000,TLKM.JK
2021-09-01,2497.561279296875,2557.383106345902,2490.0835509157464,2557.383106345902,85135200,TLKM.JK
2021-09-02,2519.99462890625,2534.950086644566,2505.039171167934,2505.039171167934,51633800,TLKM.JK
2021-09-03,2534.94970703125,2557.3828902793143,2519.9942515325406,2542.427434780605,65479800,TLKM.JK
2021-09-06,2534.94970703125,2549.9051625299594,2527.4719792818955,2549.9051625299594,52640400,TLKM.JK
2021-09-07,2527.472412109375,2549.905599199103,2512.5169540495563,2549.905599199103,42617400,TLKM.JK
2021-09-08,2490.08349609375,2542.427593609234,2475.1280396607544,2542.427593609234,80636800,TLKM.JK
2021-09-09,2534.94970703125,2534.94970703125,2490.083340535122,2512.516523783186,82214400,TLKM.JK
2021-09-10,2490.08349609375,2534.9498653927367,2482.605767877252,2527.472137176239,52115300,TLKM.JK
2021-09-13,2505.038818359375,2505.038818359375,2467.6501792793842,2475.1279070953824,45547200,TLKM.JK
2021-09-14,2572.338623046875,2579.8163516022437,2505.0390660485555,2527.472251714662,166002100,TLKM.JK
2021-09-15,2579.816162109375,2579.816162109375,2549.9052500849184,2564.8607060971467,73158300,TLKM.JK
2021-09-16,2572.338623046875,2594.7718087129815,2542.4277088253993,2594.7718087129815,58318700,TLKM.JK
2021-09-17,2639.63818359375,2639.63818359375,2534.9499836778505,2542.427712243272,117573100,TLKM.JK
2021-09-20,2632.16015625,2632.16015625,2587.293789950284,2617.2047008167615,83985100,TLKM.JK
2021-09-21,2639.63818359375,2662.071369290014,2602.249540766643,2617.2049978974856,95848100,TLKM.JK
2021-09-22,2684.504638671875,2684.504638671875,2632.1605370821726,2639.6382658807015,66835200,TLKM.JK
2021-09-23,2662.071533203125,2699.4601783323824,2654.593804177274,2691.982449306531,104737500,TLKM.JK
2021-09-24,2662.071533203125,2677.026991254828,2647.116075151422,2662.071533203125,72224500,TLKM.JK
2021-09-27,2632.16015625,2662.071067116477,2602.2492453835225,2639.637883966619,87303000,TLKM.JK
2021-09-28,2639.63818359375,2647.1159121591713,2609.727269332064,2624.682726462907,54671700,TLKM.JK
2021-09-29,2639.63818359375,2647.1159121591713,2609.727269332064,2609.727269332064,53170100,TLKM.JK
2021-09-30,2759.28173828125,2759.28173828125,2647.1158139608738,2654.5935422488988,153853900,TLKM.JK
2021-10-01,2736.8486328125,2759.2818183273566,2699.459990287739,2751.8040898224044,109898400,TLKM.JK
2021-10-04,2744.326171875,2744.326171875,2691.9820759536783,2706.937531931199,82205100,TLKM.JK
2021-10-05,2744.326171875,2751.8038998637603,2706.937531931199,2744.326171875,140488300,TLKM.JK
2021-10-06,2811.626220703125,2819.1039500135057,2729.371198288938,2759.2821155304605,153535700,TLKM.JK
2021-10-07,2781.71484375,2796.6702998991937,2759.2816595262098,2781.71484375,56837600,TLKM.JK
2021-10-08,2841.536865234375,2841.536865234375,2781.7150364925988,2789.192765085321,91361800,TLKM.JK
2021-10-11,2849.0146484375,2878.9255633817256,2819.1037334932744,2841.5369197014434,78865000,TLKM.JK
2021-10-12,2826.581298828125,2871.4476686507937,2819.1035705243467,2826.581298828125,69866300,TLKM.JK
2021-10-13,2819.103759765625,2856.492403794347,2804.148302154136,2804.148302154136,87143900,TLKM.JK
2021-10-14,2863.969970703125,2863.969970703125,2819.103600404904,2819.103600404904,95817900,TLKM.JK
2021-10-15,2849.0146484375,2871.4478346456694,2804.1482760211616,2871.4478346456694,69707700,TLKM.JK
2021-10-18,2834.059326171875,2871.447971635884,2834.059326171875,2871.447971635884,78580700,TLKM.JK
2021-10-19,2796.67041015625,2841.5367803726604,2781.714953417447,2804.148138525652,61095700,TLKM.JK
2021-10-21,2878.925537109375,2901.358723112825,2811.625979099026,2826.5814364346593,169659500,TLKM.JK
2021-10-22,2893.880859375,2901.3585876937987,2856.492217781008,2886.403131056202,59640700,TLKM.JK
2021-10-25,2826.581298828125,2871.4476686507937,2826.581298828125,2841.5367554356812,58246300,TLKM.JK
2021-10-26,2841.536865234375,2863.9700510125413,2826.581408048931,2841.536865234375,58615100,TLKM.JK
2021-10-27,2834.059326171875,2863.9702425430823,2819.103867986272,2856.4925134502805,52210100,TLKM.JK
2021-10-28,2804.148193359375,2856.49229296875,2774.237279296875,2856.49229296875,61151100,TLKM.JK
2021-10-29,2841.536865234375,2849.014593827097,2789.192765085321,2804.1482222707646,70430900,TLKM.JK
2021-11-01,2766.75927734375,2856.492010663007,2766.75927734375,2849.0142828864023,65447100,TLKM.JK
2021-11-02,2736.8486328125,2774.237275337261,2721.8931758025956,2766.759546832309,170260000,TLKM.JK
2021-11-03,2781.71484375,2796.6702998991937,2706.937563004032,2706.937563004032,48810500,TLKM.JK
2021-11-04,2819.103759765625,2826.5814885713694,2781.715115736903,2804.148302154136,53494200,TLKM.JK
2021-11-05,2819.103759765625,2819.103759765625,2774.237386931159,2811.6260309598806,43133000,TLKM.JK
2021-11-08,2804.148193359375,2826.58137890625,2774.237279296875,2826.58137890625,58758600,TLKM.JK
2021-11-09,2774.2373046875,2796.67049043969,2751.80411893531,2789.1927618556265,92427800,TLKM.JK
2021-11-10,2766.75927734375,2781.7147328969595,2744.3260940139357,2744.3260940139357,53511200,TLKM.JK
2021-11-11,2729.370849609375,2789.192676450128,2721.8931212542807,2766.7594913848457,95789600,TLKM.JK
2021-11-12,2691.982177734375,2736.8485473632813,2691.982177734375,2736.8485473632813,115142400,TLKM.JK
2021-11-15,2691.982177734375,2729.370819091797,2691.982177734375,2691.982177734375,91001800,TLKM.JK
2021-11-16,2744.326171875,2751.8038998637603,2684.504347964918,2684.504347964918,99590700,TLKM.JK
2021-11-17,2714.41552734375,2759.2818996965393,2691.9823411673556,2759.2818996965393,82023300,TLKM.JK
2021-11-18,2714.41552734375,2721.893256069215,2691.9823411673556,2714.41552734375,53290400,TLKM.JK
2021-11-19,2916.31396484375,2931.269421073718,2736.848490084135,2736.848490084135,310615000,TLKM.JK
2021-11-22,2841.536865234375,2938.7473369397617,2826.581408048931,2931.2696083470396,206683100,TLKM.JK
2021-11-23,2841.536865234375,2878.925508197985,2826.581408048931,2841.536865234375,67778800,TLKM.JK
2021-11-24,2841.536865234375,2871.4477796052633,2834.059136641653,2871.4477796052633,67303800,TLKM.JK
2021-11-25,2991.091552734375,3058.3911126708986,2878.925619506836,2901.3588061523437,264897100,TLKM.JK
2021-11-26,2998.569091796875,3028.4800054307593,2968.658178162991,3021.002277022288,231870300,TLKM.JK
2021-11-29,3095.77978515625,3118.2129720052085,2976.1361219618057,2998.5693088107637,228774600,TLKM.JK
2021-11-30,2983.613525390625,3118.2126317992247,2983.613525390625,3103.2571755316026,435800600,TLKM.JK
2021-12-01,3050.913330078125,3103.2574313294654,3006.0469575769757,3021.002415077359,200699200,TLKM.JK
2021-12-02,3110.735107421875,3133.168293292706,3065.8687356802134,3095.7796501746548,116093100,TLKM.JK
2021-12-03,3043.435302734375,3125.690310916385,3028.479846701282,3088.301670833653,96760700,TLKM.JK
2021-12-06,3118.212890625,3178.0347206609713,3028.4801455710435,3035.9578743255397,106756900,TLKM.JK
2021-12-07,3103.25732421875,3140.645966679217,3080.82413874247,3125.6905096950304,121543400,TLKM.JK
2021-12-08,3058.390869140625,3080.824053999847,2998.569042849366,3065.8685974270325,113845600,TLKM.JK
2021-12-09,3103.25732421875,3103.25732421875,3050.9132247740968,3058.39095326619,86985800,TLKM.JK
2021-12-10,3103.25732421875,3103.25732421875,3043.435496282003,3043.435496282003,90725000,TLKM.JK
2021-12-13,3050.913330078125,3103.2574313294654,3050.913330078125,3103.2574313294654,65533000,TLKM.JK
2021-12-14,3065.86865234375,3080.824109184451,3043.4354670826983,3080.824109184451,75736900,TLKM.JK
2021-12-15,3050.913330078125,3095.779702579274,3035.957872577742,3035.957872577742,84424500,TLKM.JK
2021-12-16,3065.86865234375,3103.2572944455032,3035.9577386623478,3073.3463807641006,98164300,TLKM.JK
2021-12-17,3065.86865234375,3065.86865234375,2998.5690965605945,2998.5690965605945,149615800,TLKM.JK
2021-12-20,3050.913330078125,3073.346516328699,3021.002415077359,3043.4356013279335,72794200,TLKM.JK
2021-12-21,3110.735107421875,3133.168293292706,3065.8687356802134,3073.3464643038237,98039300,TLKM.JK
2021-12-22,3073.346435546875,3118.212806868727,3073.346435546875,3110.735078315085,50574500,TLKM.JK
2021-12-23,3110.735107421875,3110.735107421875,3065.8687356802134,3073.3464643038237,54508200,TLKM.JK
2021-12-24,3073.346435546875,3118.212806868727,3065.868706993233,3110.735078315085,29075600,TLKM.JK
2021-12-27,3050.913330078125,3103.2574313294654,3043.4356013279335,3103.2574313294654,30748000,TLKM.JK
2021-12-28,3058.390869140625,3088.3017822862544,3028.479955994995,3050.9131408542175,39443300,TLKM.JK
2021-12-29,3050.913330078125,3088.3019738290823,3050.913330078125,3065.8687875785076,25596100,TLKM.JK
2021-12-30,3021.002197265625,3088.3017511651065,3021.002197265625,3088.3017511651065,50575100,TLKM.JK
2022-01-03,3125.690673828125,3125.690673828125,3028.4801983262932,3035.9579272110495,65937900,TLKM.JK
2022-01-04,3118.212890625,3140.6460768884895,3103.257433116007,3125.6906193794966,42984700,TLKM.JK
2022-01-05,3028.47998046875,3133.16817732446,3013.5245237750773,3103.257263937114,119584700,TLKM.JK
2022-01-06,3080.82421875,3080.82421875,3013.5246605734224,3058.391032691141,89197500,TLKM.JK
2022-01-07,3118.212890625,3133.168348133993,3058.391060589029,3080.824246852518,68415100,TLKM.JK
2022-01-10,3065.86865234375,3133.1682081269055,3065.86865234375,3125.690479706555,44921200,TLKM.JK
2022-01-11,3058.390869140625,3110.7349671454767,3058.390869140625,3080.824053999847,61890200,TLKM.JK
2022-01-12,3073.346435546875,3095.779621207801,3043.4355213323065,3073.346435546875,45132700,TLKM.JK
2022-01-13,3125.690673828125,3125.690673828125,3073.346571634831,3118.2129449433687,84148400,TLKM.JK
2022-01-14,3133.168212890625,3133.168212890625,3088.301842300306,3095.7795707320256,28193100,TLKM.JK
2022-01-17,3125.690673828125,3140.6461315976376,3095.7797582891,3140.6461315976376,39816300,TLKM.JK
2022-01-18,3178.03466796875,3178.03466796875,3110.735110294118,3140.6460248161766,112212200,TLKM.JK
2022-01-19,3178.03466796875,3185.512396599265,3163.079210707721,3185.512396599265,88713900,TLKM.JK
2022-01-20,3155.601318359375,3215.423144299837,3133.168133631702,3215.423144299837,100014500,TLKM.JK
2022-01-21,3237.8564453125,3237.8564453125,3133.1682461568994,3170.5568887124714,75534800,TLKM.JK
2022-01-24,3215.423095703125,3222.9008238326674,3178.0344550554146,3185.5121831849565,70404500,TLKM.JK
2022-01-25,3207.945556640625,3230.3787423513986,3178.0346423595934,3222.9010137811406,116353600,TLKM.JK
2022-01-26,3282.722900390625,3282.722900390625,3207.945613365782,3275.245171688141,127641400,TLKM.JK
2022-01-27,3192.989990234375,3290.2004583211356,3185.5122619200088,3290.2004583211356,98613900,TLKM.JK
2022-01-28,3185.512451171875,3215.423366206353,3163.079264896017,3185.512451171875,61686700,TLKM.JK
2022-01-31,3133.168212890625,3178.034583480944,3133.168212890625,3148.123669754065,88735900,TLKM.JK
2022-02-02,3118.212890625,3140.6460768884895,3103.257433116007,3118.212890625,144006000,TLKM.JK
2022-02-03,3140.64599609375,3148.123724655878,3110.7350818452383,3140.64599609375,58212400,TLKM.JK
2022-02-04,3163.079345703125,3185.5125325520835,3125.690700954861,3185.5125325520835,98728700,TLKM.JK
2022-02-07,3207.945556640625,3207.945556640625,3148.1237280785617,3163.0791852190778,90285800,TLKM.JK
2022-02-08,3163.079345703125,3200.4679904513887,3163.079345703125,3200.4679904513887,71210400,TLKM.JK
2022-02-09,3200.4677734375,3200.4677734375,3148.1236743392233,3200.4677734375,95375000,TLKM.JK
2022-02-10,3335.06689453125,3342.5446229943245,3245.334152974355,3290.2005237528024,233984700,TLKM.JK
2022-02-11,3327.589111328125,3402.366394728757,3297.678197967872,3364.977753028441,130081900,TLKM.JK
2022-02-14,3290.20068359375,3290.2006835937505,3222.9011241566054,3275.2452259410516,104903700,TLKM.JK
2022-02-15,3297.67822265625,3320.111407844388,3260.2895806760203,3290.2004942602043,75305900,TLKM.JK
2022-02-16,3290.20068359375,3335.0670565518467,3275.2452259410516,3305.156141246449,90121200,TLKM.JK
2022-02-17,3297.67822265625,3320.111407844388,3260.2895806760203,3290.2004942602043,72970200,TLKM.JK
2022-02-18,3290.20068359375,3320.111598899148,3267.767497114702,3305.156141246449,71111300,TLKM.JK
2022-02-21,3267.767578125,3305.1562231836383,3245.3343910898166,3267.767578125,58883000,TLKM.JK
2022-02-22,3215.423095703125,3260.2894644803782,3178.0344550554146,3230.3785519622097,106985800,TLKM.JK
2022-02-23,3252.81201171875,3267.7674692438936,3192.9901816181755,3200.467910380747,110562400,TLKM.JK
2022-02-24,3170.556884765625,3230.3787127800706,3140.645970758402,3200.467798772848,126158600,TLKM.JK
2022-02-25,3245.33447265625,3252.812201855919,3170.557180659562,3170.557180659562,208757000,TLKM.JK
2022-03-01,3252.81201171875,3477.1438745959053,3252.81201171875,3469.6661458333333,206416900,TLKM.JK
2022-03-02,3207.945556640625,3290.2005709134614,3192.990099500109,3290.2005709134614,152165300,TLKM.JK
2022-03-04,3290.20068359375,3320.111598899148,3215.423395330256,3320.111598899148,155369100,TLKM.JK
2022-03-07,3372.45556640625,3387.411023463484,3267.767367005613,3290.2005525914637,177360400,TLKM.JK
2022-03-08,3454.710693359375,3514.5325235474165,3394.888863171334,3439.755235812365,234086000,TLKM.JK
2022-03-09,3320.111572265625,3454.7106900601775,3305.156114732897,3402.366588695629,145145900,TLKM.JK
2022-03-10,3297.67822265625,3364.9777782206634,3275.245037468112,3364.9777782206634,130830800,TLKM.JK
2022-03-11,3432.277587890625,3432.277587890625,3290.200737847222,3297.678466796875,143446200,TLKM.JK
2022-03-14,3424.7998046875,3492.099364168259,3394.888889362718,3477.143906505868,166572700,TLKM.JK
2022-03-15,3454.710693359375,3462.1884221328805,3417.3220494918496,3462.1884221328805,231077800,TLKM.JK
2022-03-16,3462.1884765625,3484.6216632356914,3402.3666454339905,3484.6216632356914,109961900,TLKM.JK
2022-03-17,3350.022216796875,3424.7994984218053,3327.589032309396,3402.366313934326,246300800,TLKM.JK
2022-03-18,3394.88916015625,3394.88916015625,3342.5450541626515,3357.500513017965,210266100,TLKM.JK
2022-03-21,3402.36669921875,3417.322157237294,3379.9335121909344,3402.36669921875,79691600,TLKM.JK
2022-03-22,3402.36669921875,3424.799886246566,3394.888970209478,3402.36669921875,98699900,TLKM.JK
2022-03-23,3402.36669921875,3417.322157237294,3364.9780541723903,3402.36669921875,78299500,TLKM.JK
2022-03-24,3409.844482421875,3417.322211549993,3364.9781076531663,3364.9781076531663,89578400,TLKM.JK
2022-03-25,3379.93359375,3394.889052129425,3350.0226769911505,3372.455864560288,90053700,TLKM.JK
2022-03-28,3439.75537109375,3439.75537109375,3364.978080417799,3372.455809485394,184131000,TLKM.JK
2022-03-29,3409.844482421875,3454.7108571905837,3409.844482421875,3439.7553989343473,77920800,TLKM.JK
2022-03-30,3424.7998046875,3454.710720012282,3409.844347025109,3454.710720012282,118749100,TLKM.JK
2022-03-31,3424.7998046875,3469.6661776746723,3409.844347025109,3454.710720012282,108109700,TLKM.JK
2022-04-01,3424.7998046875,3424.7998046875,3387.411160531523,3402.366618193914,86590300,TLKM.JK
2022-04-04,3394.88916015625,3417.322348439221,3357.500513017965,3409.8446190115637,103480300,TLKM.JK
2022-04-05,3379.93359375,3402.3667813191373,3364.9781353705753,3402.3667813191373,52172300,TLKM.JK
2022-04-06,3312.6337890625,3364.9778895668737,3305.156060419018,3357.500160923392,108368800,TLKM.JK
2022-04-07,3394.88916015625,3394.88916015625,3320.111865879681,3327.5895953073377,143921800,TLKM.JK
2022-04-08,3424.7998046875,3447.232991181086,3409.844347025109,3424.7998046875,161974500,TLKM.JK
2022-04-11,3432.277587890625,3447.2330457899307,3402.3666720920137,3447.2330457899307,90521500,TLKM.JK
2022-04-12,3462.1884765625,3462.1884765625,3424.7998321071814,3454.7107476714364,187948000,TLKM.JK
2022-04-13,3507.0546875,3529.4878731343288,3477.143773320896,3514.5324160447763,196864200,TLKM.JK
2022-04-14,3499.576904296875,3536.965546436799,3484.6214474409053,3514.5323611528447,112735200,TLKM.JK
2022-04-18,3522.01025390625,3536.965711459992,3507.0547963525078,3529.4879826831207,120778200,TLKM.JK
2022-04-19,3499.576904296875,3551.9210032927685,3499.576904296875,3544.4432748647837,92268300,TLKM.JK
2022-04-20,3462.1884765625,3507.0548499088823,3454.7107476714364,3499.5771210178186,88360900,TLKM.JK
2022-04-21,3454.710693359375,3492.099337226901,3439.755235812365,3454.7106933593755,97575800,TLKM.JK
2022-04-22,3454.710693359375,3499.577066000406,3424.7997782653547,3454.7106933593755,101299100,TLKM.JK
2022-04-25,3522.01025390625,3529.4879826831207,3424.7997798069264,3447.2329661375397,92045500,TLKM.JK
2022-04-26,3559.398681640625,3559.3986816406245,3492.099126735655,3499.5768550584294,85945800,TLKM.JK
2022-04-27,3566.87646484375,3581.831921719405,3529.487822654612,3529.487822654612,136485600,TLKM.JK
2022-04-28,3454.710693359375,3626.6984551499936,3454.7106933593755,3626.6984551499936,198484800,TLKM.JK
2022-05-09,3222.901123046875,3409.8443436412413,3215.4233942231003,3409.8443436412413,343682000,TLKM.JK
2022-05-10,3245.33447265625,3275.2453894549253,3080.824430263537,3080.824430263537,281386300,TLKM.JK
2022-05-11,3237.8564453125,3350.0223729792147,3237.8564453125,3290.2005448903,154455400,TLKM.JK
2022-05-12,3215.423095703125,3282.7226488690044,3178.0344550554146,3245.334008221294,233518500,TLKM.JK
2022-05-13,3185.512451171875,3252.81200999945,3163.079264896017,3178.0347224132556,190889200,TLKM.JK
2022-05-17,3125.690673828125,3207.9456915604437,3125.690673828125,3178.0347760214186,170880700,TLKM.JK
2022-05-18,3178.03466796875,3207.945582490809,3133.168296185662,3163.079210707721,185359500,TLKM.JK
2022-05-19,3148.123779296875,3163.079236680708,3103.2574071453755,3125.6905932211253,112679300,TLKM.JK
2022-05-20,3118.212890625,3163.0792631519785,3118.212890625,3155.6015343974823,141701800,TLKM.JK
2022-05-23,3073.346435546875,3125.690535422369,3043.4355213323065,3110.735078315085,196569900,TLKM.JK
2022-05-24,3103.25732421875,3140.645966679217,3080.82413874247,3080.82413874247,151693700,TLKM.JK
2022-05-25,3140.64599609375,3148.123724655878,3103.25735328311,3140.64599609375,166595400,TLKM.JK
2022-05-27,3215.423095703125,3215.423095703125,3148.1235425372456,3185.5121831849565,186513500,TLKM.JK
2022-05-30,3178.03466796875,3245.3342256433825,3140.6460248161766,3245.3342256433825,107614100,TLKM.JK
2022-05-31,3222.901123046875,3237.8565806944243,3163.0792924566776,3192.9902077517763,469620300,TLKM.JK
2022-06-02,3207.945556640625,3282.7228423432034,3192.990099500109,3282.7228423432034,164481100,TLKM.JK
2022-06-03,3222.901123046875,3282.7229536370724,3215.4233942231003,3222.901123046875,108852800,TLKM.JK
2022-06-06,3245.33447265625,3245.33447265625,3192.9903682585687,3222.9012850572435,79319400,TLKM.JK
2022-06-07,3178.03466796875,3245.3342256433825,3178.03466796875,3245.3342256433825,142504000,TLKM.JK
2022-06-08,3178.0078125,3232.266482469512,3162.5053353658536,3216.764005335366,202555900,TLKM.JK
2022-06-09,3139.251708984375,3201.261619285301,3139.251708984375,3162.505425347222,148580200,TLKM.JK
2022-06-10,3115.998046875,3162.505480410448,3100.4955690298507,3131.5005247201493,189186700,TLKM.JK
2022-06-13,3162.505615234375,3178.008093740426,3046.237026438994,3061.7395049450447,156054900,TLKM.JK
2022-06-14,3185.759033203125,3193.5102717267337,3115.997886490648,3139.2516020614735,117325600,TLKM.JK
2022-06-15,3147.003173828125,3162.5056525169334,3123.749455794912,3147.003173828125,94848800,TLKM.JK
2022-06-16,3131.50048828125,3193.5103989402846,3123.7492494488706,3193.5103989402846,96042200,TLKM.JK
2022-06-17,3193.51025390625,3193.51025390625,3084.9929151812803,3108.2466306223455,169375800,TLKM.JK
2022-06-20,3131.50048828125,3147.0029659460083,3100.4955329517325,3139.2517271136294,82101200,TLKM.JK
2022-06-21,3185.759033203125,3193.5102717267337,3123.7491250142566,3147.002840585082,77489000,TLKM.JK
2022-06-22,3139.251708984375,3170.256664134838,3131.500470196759,3170.256664134838,60907800,TLKM.JK
2022-06-23,3224.51513671875,3224.51513671875,3123.749038696289,3123.749038696289,101065400,TLKM.JK
2022-06-24,3216.764404296875,3278.7743205242846,3178.008206654744,3278.7743205242846,81050700,TLKM.JK
2022-06-27,3154.754150390625,3193.510343884367,3131.5004342943794,3185.7591051856184,71574300,TLKM.JK
2022-06-28,3123.7490234375,3139.251499980614,3100.495308622829,3108.2465468943856,128618800,TLKM.JK
2022-06-29,3131.50048828125,3162.505443610767,3100.4955329517325,3100.4955329517325,72888100,TLKM.JK
2022-06-30,3100.495361328125,3185.7589837646487,3100.495361328125,3185.7589837646487,116718900,TLKM.JK
2022-07-01,3115.998046875,3131.5005247201493,3100.4955690298507,3108.2468079524256,39572500,TLKM.JK
2022-07-04,3092.744384765625,3131.50058006344,2976.4757988721803,3115.998101944314,115885200,TLKM.JK
2022-07-05,3092.744384765625,3154.754297242129,3061.739428527373,3108.246862884751,72329600,TLKM.JK
2022-07-06,3115.998046875,3139.2517636427237,3077.241852262127,3139.2517636427237,62679000,TLKM.JK
2022-07-07,3131.50048828125,3139.2517271136294,3108.246771784112,3131.50048828125,42393800,TLKM.JK
2022-07-08,3108.246826171875,3147.0030210119235,3100.4955872038654,3139.251782043914,64049000,TLKM.JK
2022-07-11,3131.50048828125,3178.007921275526,3100.4955329517325,3178.007921275526,42258000,TLKM.JK
2022-07-12,3108.246826171875,3147.0030210119235,3108.246826171875,3147.0030210119235,43399800,TLKM.JK
2022-07-13,3053.98828125,3123.7494348826144,3046.2370419574872,3108.246956297589,96218200,TLKM.JK
2022-07-14,3115.998046875,3115.998046875,3022.9831798041046,3053.988135494403,68708500,TLKM.JK
2022-07-15,3216.764404296875,3263.2718414674323,3108.247050898908,3131.5007694841865,146093800,TLKM.JK
2022-07-18,3247.76904296875,3247.76904296875,3154.7541777763277,3185.7591328404687,84009400,TLKM.JK
2022-07-19,3224.51513671875,3247.7688516470103,3201.2614217904897,3247.7688516470103,91367900,TLKM.JK
2022-07-20,3263.271484375,3271.0227230552255,3209.0128136134203,3209.0128136134203,82344000,TLKM.JK
2022-07-21,3302.02783203125,3302.02783203125,3240.017919692635,3263.2716368196157,107234600,TLKM.JK
2022-07-22,3278.773681640625,3286.5249196586883,3247.7687295683736,3286.5249196586883,59792300,TLKM.JK
2022-07-25,3286.525390625,3302.0278688826647,3271.022912367335,3286.5253906249995,37218000,TLKM.JK
2022-07-26,3294.276611328125,3294.276611328125,3247.769176815257,3286.525372242647,49786900,TLKM.JK
2022-07-27,3333.032470703125,3333.032470703125,3263.2713259674783,3278.7738025753997,60672300,TLKM.JK
2022-07-28,3286.525390625,3348.5353036556603,3247.7691949808373,3340.7840645268275,110767300,TLKM.JK
2022-07-29,3278.773681640625,3333.032347767066,3263.2712056044993,3317.5298717309397,108823600,TLKM.JK
2022-08-01,3333.032470703125,3333.032470703125,3278.7738025753997,3278.7738025753997,104724300,TLKM.JK
2022-08-02,3449.301025390625,3449.301025390625,3294.2762602045295,3371.7886427975773,112228800,TLKM.JK
2022-08-03,3488.057373046875,3557.8185205078125,3418.296225585938,3449.301180013021,251825000,TLKM.JK
2022-08-04,3526.813720703125,3526.813720703125,3449.301331237122,3449.301331237122,186881500,TLKM.JK
2022-08-05,3604.326171875,3604.326171875,3511.3113029233873,3557.8187373991937,268967200,TLKM.JK
2022-08-08,3643.08251953125,3643.08251953125,3604.3263225149603,3643.08251953125,191023500,TLKM.JK
2022-08-09,3596.574951171875,3643.0823858853046,3588.82371205297,3643.0823858853046,164453900,TLKM.JK
2022-08-10,3534.564697265625,3557.818412379215,3480.306028667249,3511.310982152035,162061400,TLKM.JK
2022-08-11,3542.316162109375,3573.3211175764154,3503.5599677755745,3526.813684375855,123629000,TLKM.JK
2022-08-12,3526.813720703125,3565.5699154361264,3511.311242809925,3542.3161985963256,124552500,TLKM.JK
2022-08-15,3449.301025390625,3542.3158845022826,3441.5497871313205,3519.0621697243682,136882800,TLKM.JK
2022-08-16,3418.296630859375,3550.0677027972647,3418.296630859375,3511.3115051684736,127710800,TLKM.JK
2022-08-18,3526.813720703125,3526.813720703125,3371.78894177112,3379.54018071772,182044300,TLKM.JK
2022-08-19,3565.56982421875,3573.321062967052,3457.0524817425276,3534.5648692255436,177623900,TLKM.JK
2022-08-22,3604.326171875,3612.0774109543013,3511.3113029233873,3526.8137810819894,202320400,TLKM.JK
2022-08-23,3612.07763671875,3650.8338345376205,3573.3214388998795,3627.580115846298,229431400,TLKM.JK
2022-08-24,3681.83837890625,3697.340856291118,3565.5697985197367,3612.077230674342,189007900,TLKM.JK
2022-08-25,3542.316162109375,3643.082267377257,3534.564923242615,3627.5797896437366,179495700,TLKM.JK
2022-08-26,3480.305908203125,3519.062098717636,3472.5546701002227,3495.808384408929,184317100,TLKM.JK
2022-08-29,3503.56005859375,3526.8137757968057,3379.540233510785,3387.2914725784703,101529800,TLKM.JK
2022-08-30,3472.554931640625,3581.0722732543945,3472.554931640625,3550.067318507603,118884300,TLKM.JK
2022-08-31,3534.564697265625,3565.5696507504113,3426.0473600688733,3426.0473600688733,175300400,TLKM.JK
2022-09-01,3550.0673828125,3604.3260546022107,3511.3111886769925,3534.5649051582973,120871700,TLKM.JK
2022-09-02,3565.56982421875,3581.0723017153537,3519.0623917289404,3519.0623917289404,106985000,TLKM.JK
2022-09-05,3581.072265625,3588.823504295184,3526.8135949337125,3534.564833603896,77323800,TLKM.JK
2022-09-06,3495.808837890625,3581.0724680830795,3495.808837890625,3573.3212289746743,61970100,TLKM.JK
2022-09-07,3480.305908203125,3534.564574923441,3472.5546701002227,3488.0571463060273,106145700,TLKM.JK
2022-09-08,3534.564697265625,3596.5746042351975,3488.057267038446,3488.057267038446,123389200,TLKM.JK
2022-09-09,3565.56982421875,3565.5698242187505,3511.311152980639,3526.813630477242,50307800,TLKM.JK
2022-09-12,3519.062744140625,3565.570181287858,3511.311504616086,3565.570181287858,74820600,TLKM.JK
2022-09-13,3503.56005859375,3534.565014864491,3503.56005859375,3519.0625367291204,91510200,TLKM.JK
2022-09-14,3472.554931640625,3511.311125074114,3457.052454267229,3480.306170327323,97919200,TLKM.JK
2022-09-15,3488.057373046875,3565.5697591145836,3488.0573730468755,3519.0623274739587,125599900,TLKM.JK
2022-09-16,3418.296630859375,3488.057786591199,3418.296630859375,3488.057786591199,210277300,TLKM.JK
2022-09-19,3488.057373046875,3534.5648046875003,3441.54994140625,3457.0524186197918,116164500,TLKM.JK
2022-09-20,3472.554931640625,3519.062363760812,3472.554931640625,3511.311125074114,100743700,TLKM.JK
2022-09-21,3433.798583984375,3464.8035373386356,3418.2961073072447,3449.3010606615053,91363200,TLKM.JK
2022-09-22,3433.798583984375,3449.3010606615053,3395.0423922915493,3410.5448689686796,89922900,TLKM.JK
2022-09-23,3395.04248046875,3433.798673168165,3395.04248046875,3410.544957548516,95911400,TLKM.JK
2022-09-26,3457.052490234375,3495.8086840710835,3333.0326699569086,3402.7938188629837,132185400,TLKM.JK
2022-09-27,3441.55029296875,3464.8040111644846,3395.0428565772804,3449.301532367328,123113800,TLKM.JK
2022-09-28,3464.803955078125,3511.3113907167576,3410.545280166387,3433.798997985703,104385500,TLKM.JK
2022-09-29,3441.55029296875,3488.0577293602196,3426.0478141715935,3457.0527717659065,90290400,TLKM.JK
2022-09-30,3457.052490234375,3488.0574453037416,3402.7938188629837,3410.545057630325,111482000,TLKM.JK
2022-10-03,3457.052490234375,3464.803729001717,3395.042580095642,3457.052490234375,77569100,TLKM.JK
2022-10-04,3441.55029296875,3495.8089687587976,3433.7990535701715,3457.0527717659065,87832800,TLKM.JK
2022-10-05,3457.052490234375,3519.062400373108,3457.052490234375,3480.3062065364,61888400,TLKM.JK
2022-10-06,3433.798583984375,3472.5547756772007,3426.04734564581,3457.0522990000704,60464300,TLKM.JK
2022-10-07,3371.7890625,3433.7989762931034,3371.7890625,3410.5452586206898,102570000,TLKM.JK
2022-10-10,3426.047119140625,3426.047119140625,3356.285978705635,3364.037216531745,72389100,TLKM.JK
2022-10-11,3340.783935546875,3395.0426073539006,3340.783935546875,3379.5401296947502,108794500,TLKM.JK
2022-10-12,3364.037841796875,3371.789081063688,3317.5304061959964,3333.0328847296228,107938600,TLKM.JK
2022-10-13,3333.032470703125,3371.788662222929,3325.2812323991643,3356.286185615007,70034500,TLKM.JK
2022-10-14,3325.28125,3379.5399184149182,3325.28125,3379.5399184149182,68096300,TLKM.JK
2022-10-17,3356.286376953125,3356.286376953125,3255.520273257073,3255.520273257073,90321700,TLKM.JK
2022-10-18,3294.276611328125,3364.0377630974263,3294.276611328125,3340.784045840993,72516000,TLKM.JK
2022-10-19,3255.520263671875,3333.032650902158,3255.520263671875,3271.0227411179317,65848300,TLKM.JK
2022-10-20,3371.7890625,3371.7890625,3255.520474137931,3255.520474137931,165391500,TLKM.JK
2022-10-21,3379.5400390625,3402.793754927609,3333.032607332282,3333.032607332282,79825700,TLKM.JK
2022-10-24,3418.296630859375,3449.301588962408,3395.0429122821006,3395.0429122821006,76777200,TLKM.JK
2022-10-25,3402.793701171875,3464.8036091658955,3402.793701171875,3433.7986551688855,109154300,TLKM.JK
2022-10-26,3387.29150390625,3433.798938742492,3356.286547348756,3426.047699603118,97320500,TLKM.JK
2022-10-27,3387.29150390625,3418.2964604637446,3364.0377864881293,3402.7939821849973,80270300,TLKM.JK
2022-10-28,3449.301025390625,3449.301025390625,3395.0423575754917,3426.047310612711,91101500,TLKM.JK
2022-10-31,3402.793701171875,3457.052370666643,3379.5399856741174,3457.052370666643,162753500,TLKM.JK
2022-11-01,3426.047119140625,3426.047119140625,3379.5396921839647,3426.047119140625,108592900,TLKM.JK
2022-11-02,3271.02294921875,3426.0477335419137,3271.02294921875,3410.5452551095973,217855200,TLKM.JK
2022-11-03,3201.261474609375,3232.2664283586187,3139.2515671108886,3209.012713046686,231475000,TLKM.JK
2022-11-04,3263.271484375,3263.271484375,3154.7541428518407,3154.7541428518407,201183100,TLKM.JK
2022-11-07,3317.530517578125,3317.530517578125,3224.515643253505,3294.2767989969702,129868800,TLKM.JK
2022-11-08,3271.02294921875,3317.530384515699,3255.5204707864336,3309.779145299541,110546800,TLKM.JK
2022-11-09,3247.76904296875,3278.773998032891,3240.017804202715,3255.5202817347854,145833200,TLKM.JK
2022-11-10,3232.2666015625,3263.2715569731713,3185.759168446493,3185.759168446493,81249200,TLKM.JK
2022-11-11,3216.764404296875,3240.0181228821534,3209.013164768449,3224.515643825301,227799300,TLKM.JK
2022-11-14,3139.251708984375,3193.510380497685,3123.7492314091437,3170.256664134838,188771200,TLKM.JK
2022-11-15,3139.251708984375,3162.505425347222,3123.7492314091437,3139.251708984375,88570400,TLKM.JK
2022-11-16,3139.251708984375,3154.7541865596063,3069.4905598958335,3100.495515046296,149512300,TLKM.JK
2022-11-17,3131.50048828125,3154.7542047783877,3115.9980106164912,3115.9980106164912,68616700,TLKM.JK
2022-11-18,3108.246826171875,3162.5054989479427,3108.246826171875,3154.754259979933,115907900,TLKM.JK
2022-11-21,3123.7490234375,3147.002738252171,3108.2465468943856,3115.997785165943,45277400,TLKM.JK
2022-11-22,3100.495361328125,3131.5003149414065,3100.495361328125,3115.997838134766,83888300,TLKM.JK
2022-11-23,3077.24169921875,3123.7491304411997,3077.24169921875,3092.7441762928997,95750400,TLKM.JK
2022-11-24,3123.7490234375,3131.5002617090568,3084.9928320797144,3084.9928320797144,50741600,TLKM.JK
2022-11-25,3123.7490234375,3131.5002617090568,3084.9928320797144,3108.2465468943856,73305800,TLKM.JK
2022-11-28,3084.992919921875,3131.5003508754708,3084.992919921875,3123.749112383205,94063100,TLKM.JK
2022-11-29,3084.992919921875,3115.997873890939,3084.992919921875,3084.992919921875,94389800,TLKM.JK
2022-11-30,3131.50048828125,3139.2517271136294,3077.2418164545948,3077.2418164545948,585687400,TLKM.JK
2022-12-01,3069.49072265625,3131.500636245265,3069.49072265625,3115.998157848011,230066600,TLKM.JK
2022-12-02,3100.495361328125,3115.997838134766,3046.236692504883,3061.7391693115237,113336600,TLKM.JK
2022-12-05,2976.4755859375,3092.7441635131836,2960.973108927409,3084.992925008138,148751200,TLKM.JK
2022-12-06,2790.446044921875,2883.460913085937,2774.943566894531,2821.451000976562,416468700,TLKM.JK
2022-12-07,2852.455810546875,2867.958287778108,2767.1921857750935,2790.445901621943,278572200,TLKM.JK
2022-12-08,2898.96337890625,2929.968334830381,2805.948511133857,2867.958422982119,245646400,TLKM.JK
2022-12-09,2829.2021484375,2883.4608197773973,2813.6996709118152,2852.4558647260274,164606100,TLKM.JK
2022-12-12,2867.95849609375,2875.7097352723817,2821.4510610219595,2844.7047785578548,170545000,TLKM.JK
2022-12-13,2906.714599609375,2937.7195553385413,2852.4559270833333,2860.207166015625,231127000,TLKM.JK
2022-12-14,2906.714599609375,2960.9732721354167,2898.963360677083,2960.9732721354167,107175700,TLKM.JK
2022-12-15,2844.704833984375,2883.4610306326636,2844.704833984375,2852.456073314033,143233600,TLKM.JK
2022-12-16,2852.455810546875,2898.963242240574,2798.1971402375593,2798.1971402375593,310944500,TLKM.JK
2022-12-19,2883.460693359375,2937.7193623204384,2852.4557396673385,2898.963170205393,119137700,TLKM.JK
2022-12-20,2883.460693359375,2906.714408628402,2867.958216513357,2891.211931782384,55351300,TLKM.JK
2022-12-21,2937.719482421875,2937.719482421875,2844.7046175430823,2860.207095022881,98741000,TLKM.JK
2022-12-22,2906.714599609375,2953.2220332031247,2898.963360677083,2945.4707942708333,68702100,TLKM.JK
2022-12-23,2929.968017578125,2929.968017578125,2867.9581124441966,2875.7093505859375,45179400,TLKM.JK
2022-12-26,2906.714599609375,2945.4707942708333,2891.2121217447916,2929.96831640625,19216700,TLKM.JK
2022-12-27,2953.221923828125,2976.4756397637793,2906.714491956816,2922.216969247252,49816500,TLKM.JK
2022-12-28,2891.2119140625,2953.2218210665214,2875.7094373114946,2945.470582691019,65006300,TLKM.JK
2022-12-29,2929.968017578125,2937.719255719866,2875.7093505859375,2883.4605887276784,51703500,TLKM.JK
2022-12-30,2906.714599609375,2945.4707942708333,2906.714599609375,2914.4658385416665,79677300,TLKM.JK
2023-01-02,2945.470703125,2945.470703125,2906.7145096628287,2906.7145096628287,7959900,TLKM.JK
2023-01-03,2991.978271484375,3015.231988620264,2922.2171200767084,2937.719598167301,64235000,TLKM.JK
2023-01-04,2960.97314453125,2991.9780989242477,2953.221905933001,2976.475621727749,56785600,TLKM.JK
2023-01-05,2922.217041015625,2960.9732351935513,2883.460846837699,2945.4707575223806,135167000,TLKM.JK
2023-01-06,2875.709228515625,2922.2166553918887,2875.709228515625,2906.714179766467,65207400,TLKM.JK
2023-01-09,2937.719482421875,2937.719482421875,2891.2120499824787,2891.2120499824787,46616400,TLKM.JK
2023-01-10,2968.724609375,2984.227087752937,2906.7146958632507,2953.222130997063,80009900,TLKM.JK
2023-01-11,2999.7294921875,3022.983209181202,2937.719580204296,2960.9732971979975,75139300,TLKM.JK
2023-01-12,2991.978271484375,3022.98322766556,2929.9683591220046,2937.719598167301,105775500,TLKM.JK
2023-01-13,2929.968017578125,2991.9779227120534,2922.216779436384,2960.972970145089,85780600,TLKM.JK
2023-01-16,2984.22705078125,2984.22705078125,2929.968377130682,2929.968377130682,58918700,TLKM.JK
2023-01-17,3061.739501953125,3092.744458934929,2991.9783487440664,2999.7295879895173,132256600,TLKM.JK
2023-01-18,3046.23681640625,3108.2467261549778,3022.983100250477,3108.2467261549778,94772000,TLKM.JK
2023-01-19,3015.23193359375,3084.9930837283096,3007.48069468991,3022.9831724975897,109555200,TLKM.JK
2023-01-20,2999.7294921875,3038.4856871770025,2984.2270141916993,3030.734448179102,88457800,TLKM.JK
2023-01-24,2984.22705078125,3030.7344853388795,2984.22705078125,3015.232007153003,45504900,TLKM.JK
2023-01-25,2976.4755859375,3007.4805399576826,2953.2218704223633,2984.226824442546,80575100,TLKM.JK
2023-01-26,3077.24169921875,3100.495414829975,2984.2268367738507,2984.2268367738507,117238000,TLKM.JK
2023-01-27,3069.49072265625,3092.7444402521305,3061.739483457623,3077.2419618548765,100769500,TLKM.JK
2023-01-30,3069.49072265625,3077.2419618548765,3030.7345266631155,3069.49072265625,59425300,TLKM.JK
2023-01-31,2984.22705078125,3061.739441710633,2984.22705078125,3053.9882026176947,179726700,TLKM.JK
2023-02-01,2999.7294921875,3022.983209181202,2976.4757751937987,2984.2270141916993,70997300,TLKM.JK
2023-02-02,3015.23193359375,3022.9831724975897,2976.47573907455,2984.22697797839,78852300,TLKM.JK
2023-02-03,3007.480712890625,3038.485668693621,2999.729473939876,3030.734429742872,55154800,TLKM.JK
2023-02-06,3007.480712890625,3030.734429742872,2984.226996038378,2991.9782349891266,58861300,TLKM.JK
2023-02-07,2945.470703125,3007.4806126644735,2945.470703125,3007.4806126644735,76254900,TLKM.JK
2023-02-08,2976.4755859375,2984.226824442546,2937.7193934122724,2945.470631917318,65856500,TLKM.JK
2023-02-09,2922.217041015625,2976.4757128647216,2914.4658021800396,2976.4757128647216,91337300,TLKM.JK
2023-02-10,2945.470703125,2945.470703125,2860.2070775082234,2906.7145096628287,88759600,TLKM.JK
2023-02-13,2937.719482421875,2953.221959901674,2906.7145274622776,2945.4707211617742,69004400,TLKM.JK
2023-02-14,2945.470703125,2968.7244192023027,2914.4657483552633,2968.7244192023027,80331100,TLKM.JK
2023-02-15,2937.719482421875,2960.973198641573,2891.2120499824787,2953.221959901674,59028200,TLKM.JK
2023-02-16,2922.217041015625,2945.4707575223806,2906.7145633444547,2945.4707575223806,49869900,TLKM.JK
2023-02-17,2914.466064453125,2922.217303986245,2883.461106320645,2922.217303986245,50369000,TLKM.JK
2023-02-20,2960.97314453125,2960.97314453125,2914.465712941754,2914.465712941754,57438900,TLKM.JK
2023-02-21,2976.4755859375,2999.7293014526367,2968.7243474324546,2984.226824442546,63880300,TLKM.JK
2023-02-22,2991.978271484375,2999.7295105296716,2945.4708372125974,2984.227032439079,48505600,TLKM.JK
2023-02-23,3077.24169921875,3077.24169921875,3015.2317909221506,3061.7392221446003,109147100,TLKM.JK
2023-02-24,3131.50048828125,3131.50048828125,3061.739338789836,3100.4955329517325,142165700,TLKM.JK
2023-02-27,3069.49072265625,3100.4956794507575,3038.4857658617425,3092.7444402521305,66461600,TLKM.JK
2023-02-28,3007.480712890625,3077.241863447366,3007.480712890625,3046.23690764437,115766900,TLKM.JK
2023-03-01,3046.23681640625,3092.744248717796,3030.734338969068,3046.23681640625,47395200,TLKM.JK
2023-03-02,3007.480712890625,3046.23690764437,3007.480712890625,3022.983190792123,43208800,TLKM.JK
2023-03-03,3022.983154296875,3038.485632011218,2999.7294377253606,3007.480676582532,49796000,TLKM.JK
2023-03-06,3007.480712890625,3061.739385545868,2999.729473939876,3053.988146595119,50103800,TLKM.JK
2023-03-07,3007.480712890625,3030.734429742872,2984.226996038378,3015.2319518413738,59086800,TLKM.JK
2023-03-08,3053.98828125,3053.98828125,2984.227127617386,2984.227127617386,78551000,TLKM.JK
2023-03-09,3077.24169921875,3100.495414829975,3069.490460681675,3077.24169921875,68725500,TLKM.JK
2023-03-10,3108.246826171875,3115.998065139885,3046.2369144277977,3069.490631331827,76136200,TLKM.JK
2023-03-13,3154.754150390625,3170.256627788122,3084.9930021018886,3115.9979568968824,104663300,TLKM.JK
2023-03-14,3115.998046875,3170.2567193330224,3100.4955690298507,3123.749285797575,111430100,TLKM.JK
2023-03-15,3108.246826171875,3139.251782043914,3092.744348235856,3139.251782043914,65025400,TLKM.JK
2023-03-16,3139.251708984375,3147.002947771991,3084.993037471065,3131.500470196759,96707900,TLKM.JK
2023-03-17,3139.251708984375,3178.0079029224535,3123.7492314091437,3170.256664134838,232270900,TLKM.JK
2023-03-20,3092.744384765625,3139.251819123003,3053.98818946781,3139.251819123003,105982700,TLKM.JK
2023-03-21,3193.51025390625,3193.51025390625,3100.4953921419906,3100.4953921419906,88808200,TLKM.JK
2023-03-24,3154.754150390625,3193.510343884367,3147.0029116918763,3178.00786648687,96214700,TLKM.JK
2023-03-27,3139.251708984375,3193.510380497685,3123.7492314091437,3178.0079029224535,71556400,TLKM.JK
2023-03-28,3139.251708984375,3178.0079029224535,3123.7492314091437,3178.0079029224535,87955300,TLKM.JK
2023-03-29,3178.0078125,3193.5102896341464,3154.7540967987807,3170.256573932927,113504700,TLKM.JK
2023-03-30,3170.2568359375,3201.2617927681845,3131.500639899144,3139.2518791068155,87690800,TLKM.JK
2023-03-31,3147.003173828125,3193.5106098945503,3131.500695139316,3185.759370550146,93699000,TLKM.JK
2023-04-03,3162.505615234375,3178.008093740426,3154.7543759813498,3178.008093740426,56896200,TLKM.JK
2023-04-04,3147.003173828125,3178.008131205742,3131.500695139316,3162.5056525169334,82969200,TLKM.JK
2023-04-05,3216.764404296875,3232.2668833537273,3162.5057275978916,3178.008206654744,70419100,TLKM.JK
2023-04-06,3294.276611328125,3309.779089499081,3232.2666986443014,3255.5204159007353,125329700,TLKM.JK
2023-04-10,3333.032470703125,3333.032470703125,3247.7688493595565,3294.276279183321,85757900,TLKM.JK
2023-04-11,3333.032470703125,3333.032470703125,3294.276279183321,3325.2812323991643,84322900,TLKM.JK
2023-04-12,3340.783935546875,3371.7888908651753,3302.0277413989993,3348.53517437645,178923700,TLKM.JK
2023-04-13,3364.037841796875,3371.789081063688,3325.2816454628096,3364.037841796875,119431600,TLKM.JK
2023-04-14,3364.037841796875,3379.540320330501,3348.5353632632487,3364.037841796875,117305500,TLKM.JK
2023-04-17,3309.779052734375,3364.0377257300206,3294.2765747356193,3364.0377257300206,59688000,TLKM.JK
2023-04-18,3309.779052734375,3317.530291733753,3278.774096736863,3286.5253357362412,65644600,TLKM.JK
2023-04-26,3410.545166015625,3488.0575561523438,3356.286492919922,3472.555078125,198984100,TLKM.JK
2023-04-27,3348.534912109375,3449.301009001555,3333.032435664424,3449.301009001555,58407000,TLKM.JK
2023-04-28,3294.276611328125,3348.5352849264705,3271.022894071691,3309.779089499081,112116900,TLKM.JK
2023-05-02,3247.76904296875,3271.0227592668557,3201.261610372539,3263.2715205008208,117097400,TLKM.JK
2023-05-03,3216.764404296875,3255.520601939006,3162.5057275978916,3255.520601939006,158597800,TLKM.JK
2023-05-04,3216.764404296875,3247.76936241058,3209.013164768449,3232.2668833537273,98421300,TLKM.JK
2023-05-05,3232.2666015625,3232.2666015625,3162.505451888489,3224.515362709832,113408100,TLKM.JK
2023-05-08,3147.003173828125,3240.0180459609755,3131.500695139316,3232.2668066165716,121002600,TLKM.JK
2023-05-09,3154.754150390625,3170.256627788122,3123.749195595631,3139.251672993128,105907900,TLKM.JK
2023-05-10,3201.261474609375,3201.261474609375,3131.5003286735778,3139.2515671108886,84306600,TLKM.JK
2023-05-11,3170.2568359375,3193.5105535605135,3147.0031183144865,3178.008075145171,74171300,TLKM.JK
2023-05-12,3084.992919921875,3139.251589367737,3061.7392044450767,3139.251589367737,236777600,TLKM.JK
2023-05-15,3084.992919921875,3092.7441584141407,3046.236727460545,3092.7441584141407,113329300,TLKM.JK
2023-05-16,3084.992919921875,3115.997873890939,3053.9879659528106,3115.997873890939,68777200,TLKM.JK
2023-05-17,3092.744384765625,3115.998101944314,3069.490667586936,3084.993145706062,83183300,TLKM.JK
2023-05-19,3115.998046875,3147.0030025652986,3077.241852262127,3092.7443301072763,95986000,TLKM.JK
2023-05-22,3131.50048828125,3162.505443610767,3084.9930552869737,3100.4955329517325,115578100,TLKM.JK
2023-05-23,3131.50048828125,3162.505443610767,3123.7492494488706,3123.7492494488706,132751000,TLKM.JK
2023-05-24,3224.51513671875,3255.52008995643,3115.997800386869,3115.997800386869,194127500,TLKM.JK
2023-05-25,3193.51025390625,3271.0226387098,3193.51025390625,3247.768923268735,122121000,TLKM.JK
2023-05-26,3201.261474609375,3224.5151899213074,3185.7589977347534,3209.012713046686,62211800,TLKM.JK
2023-05-29,3255.520263671875,3255.520263671875,3170.256637718564,3193.5103538876488,77540300,TLKM.JK
2023-05-30,3193.51025390625,3247.768923268735,3193.51025390625,3209.0127308669603,78924700,TLKM.JK
2023-05-31,3131.50048828125,3224.5153542698017,3131.50048828125,3193.5103989402846,1155861400,TLKM.JK
2023-06-05,3162.505615234375,3201.261811499502,3115.9981797162227,3147.003136728324,189129300,TLKM.JK
2023-06-06,3170.2568359375,3201.2617927681845,3139.2518791068155,3170.2568359375,95792700,TLKM.JK
2023-06-07,3216.764404296875,3216.764404296875,3162.5057275978916,3178.008206654744,127707400,TLKM.JK
2023-06-08,3232.2666015625,3240.017840415168,3193.5104072991608,3224.515362709832,78989700,TLKM.JK
2023-06-09,3216.764404296875,3232.2668833537273,3209.013164768449,3232.2668833537273,83014700,TLKM.JK
2023-06-12,3271.36669921875,3271.36669921875,3239.0569046585647,3263.2892505787036,94687300,TLKM.JK
2023-06-13,3255.211669921875,3279.444014859259,3255.211669921875,3263.2891182343365,69609000,TLKM.JK
2023-06-14,3230.979248046875,3263.289040527344,3222.901799926758,3247.1341442871094,110730800,TLKM.JK
2023-06-15,3247.13427734375,3263.289174245958,3214.824483539335,3222.9019319904382,85391800,TLKM.JK
2023-06-16,3206.7470703125,3255.21176155148,3198.66962177267,3247.1343130116497,160978900,TLKM.JK
2023-06-19,3198.669677734375,3222.9020237778172,3190.5922290532276,3198.669677734375,54934100,TLKM.JK
2023-06-20,3222.902099609375,3222.902099609375,3190.592304124569,3214.8246507381737,55155600,TLKM.JK
2023-06-21,3214.824462890625,3214.824462890625,3190.5921176929573,3206.7470144914028,60191300,TLKM.JK
2023-06-22,3182.514892578125,3222.9021374077965,3182.514892578125,3214.8246884418622,56150900,TLKM.JK
2023-06-23,3190.59228515625,3198.6697339794305,3182.5148363330695,3182.5148363330695,41812400,TLKM.JK
2023-06-26,3222.902099609375,3222.902099609375,3182.514855253368,3182.514855253368,36011500,TLKM.JK
2023-06-27,3230.979248046875,3255.211592407227,3222.901799926758,3255.211592407227,64879900,TLKM.JK
2023-07-03,3230.979248046875,3255.211592407227,3206.7469036865236,3255.211592407227,75193200,TLKM.JK
2023-07-04,3206.7470703125,3239.0568644718196,3206.7470703125,3230.97941593199,33974300,TLKM.JK
2023-07-05,3214.824462890625,3214.824462890625,3190.5921176929573,3206.7470144914028,43303000,TLKM.JK
2023-07-06,3198.669677734375,3222.9020237778172,3198.669677734375,3206.7471264155224,68088900,TLKM.JK
2023-07-07,3198.669677734375,3214.82457509667,3190.5922290532276,3198.669677734375,50474800,TLKM.JK
2023-07-10,3190.59228515625,3214.824631625791,3182.5148363330695,3198.6697339794305,65643300,TLKM.JK
2023-07-11,3214.824462890625,3222.9019112898477,3190.5921176929573,3190.5921176929573,89768500,TLKM.JK
2023-07-12,3214.824462890625,3239.056808088293,3206.7470144914028,3214.824462890625,73770400,TLKM.JK
2023-07-13,3166.35986328125,3206.747106435347,3158.2824146504304,3198.669657804528,83009900,TLKM.JK
2023-07-14,3174.437255859375,3198.6696013239502,3166.3598073711833,3198.6696013239502,64886900,TLKM.JK
2023-07-17,3158.2822265625,3206.7469154611576,3158.2822265625,3190.592019161605,81399700,TLKM.JK
2023-07-18,3109.81787109375,3174.4374632203735,3085.585524046266,3174.4374632203735,135860500,TLKM.JK
2023-07-20,3109.81787109375,3117.895320109578,3077.5080750304382,3085.585524046266,88907600,TLKM.JK
2023-07-21,3117.895263671875,3125.972712541491,3101.7403659326424,3101.7403659326424,53955100,TLKM.JK
2023-07-24,3150.205078125,3174.4374248798076,3125.9727313701924,3134.0501802884614,80710100,TLKM.JK
2023-07-25,3134.050048828125,3166.359843145941,3134.050048828125,3166.359843145941,66434400,TLKM.JK
2023-07-26,3134.050048828125,3150.204945987033,3093.6628059308555,3142.127497407579,86732900,TLKM.JK
2023-07-27,3004.810791015625,3117.8950680968583,3004.810791015625,3101.740171370968,235026400,TLKM.JK
2023-07-28,3004.810791015625,3029.0431361044607,2980.5784459267893,2996.7333426526798,181626700,TLKM.JK
2023-07-31,3004.810791015625,3029.0431361044607,2964.423549200899,2988.6558942897345,153583300,TLKM.JK
2023-08-01,3029.043212890625,3053.27555859375,2988.6559700520834,2988.6559700520834,97680500,TLKM.JK
2023-08-02,2980.57861328125,3020.965857363652,2972.5011644647698,3020.965857363652,121333500,TLKM.JK
2023-08-03,3004.810791015625,3037.120584467406,2964.423549200899,2964.423549200899,82013300,TLKM.JK
2023-08-04,2980.57861328125,3012.8884085471714,2980.57861328125,3004.810959730691,67746800,TLKM.JK
2023-08-07,2972.5009765625,3004.8107697860055,2972.5009765625,2988.655873174253,94909700,TLKM.JK
2023-08-08,3012.88818359375,3037.1205282339142,2972.50094252681,2972.50094252681,116329400,TLKM.JK
2023-08-09,3045.1982421875,3069.4305889423076,3020.9658954326924,3029.0433443509614,129416100,TLKM.JK
2023-08-10,3069.430419921875,3093.662765342311,3069.430419921875,3069.430419921875,140158900,TLKM.JK
2023-08-11,3077.5078125,3101.740157480315,3061.3529158464567,3093.6627091535433,109714400,TLKM.JK
2023-08-14,3093.662841796875,3093.662841796875,3037.1207010851826,3077.5079444506773,86871800,TLKM.JK
2023-08-15,3085.585205078125,3093.662653258958,3069.4303087164594,3069.4303087164594,80015200,TLKM.JK
2023-08-16,3093.662841796875,3093.662841796875,3029.043252412084,3061.3530471044796,81507800,TLKM.JK
2023-08-18,3037.120849609375,3069.430645881815,3037.120849609375,3061.353196813705,108780100,TLKM.JK
2023-08-21,3020.9658203125,3053.2756151821523,3004.810922877674,3037.120717747326,64449000,TLKM.JK
2023-08-22,3029.043212890625,3053.27555859375,3012.888315755208,3020.9657643229166,98059600,TLKM.JK
2023-08-23,3020.9658203125,3045.198166464739,3012.888371595087,3029.043269029913,84842500,TLKM.JK
2023-08-24,3004.810791015625,3045.198032830351,3004.810791015625,3012.8882393785702,82789700,TLKM.JK
2023-08-25,3004.810791015625,3012.8882393785702,2988.6558942897345,2988.6558942897345,42049200,TLKM.JK
2023-08-28,2988.656005859375,3020.965800517314,2988.656005859375,3012.8883518528296,37727500,TLKM.JK
2023-08-29,3004.810791015625,3004.810791015625,2988.6558942897345,2988.6558942897345,53453600,TLKM.JK
2023-08-30,3077.5078125,3109.8176058070867,3004.810777559055,3012.8882258858266,130027200,TLKM.JK
2023-08-31,3012.88818359375,3085.5852175142427,2988.6558389535858,3077.5077693008548,227635800,TLKM.JK
2023-09-01,3004.810791015625,3020.9656877415155,2996.7333426526798,2996.7333426526798,82253200,TLKM.JK
2023-09-04,3012.88818359375,3029.0430800205263,2996.7332871669737,3004.810735380362,55881900,TLKM.JK
2023-09-05,3020.9658203125,3029.043269029913,2996.733474160261,3012.888371595087,62933300,TLKM.JK
2023-09-06,3061.35302734375,3077.5079245856696,3020.9657842389515,3029.0432328599113,98673400,TLKM.JK
2023-09-07,3037.120849609375,3061.353196813705,3012.8885024050446,3053.275747745595,63054500,TLKM.JK
2023-09-08,2980.57861328125,3045.1982038130927,2964.4237156482895,3045.1982038130927,143090100,TLKM.JK
2023-09-11,2988.656005859375,2996.73345452386,2972.5011085304054,2996.73345452386,76577500,TLKM.JK
2023-09-12,2996.733154296875,3020.9654978626177,2988.6557064416274,2988.6557064416274,72170600,TLKM.JK
2023-09-13,2996.733154296875,3004.8106021521226,2964.4233628758843,3004.8106021521226,82635900,TLKM.JK
2023-09-14,2972.5009765625,3004.8107697860055,2972.5009765625,2996.7333214801292,55532900,TLKM.JK
2023-09-15,3004.810791015625,3053.2754811932964,2964.423549200899,2972.500997563844,147757300,TLKM.JK
2023-09-18,2972.5009765625,3004.8107697860055,2972.5009765625,2988.655873174253,40645900,TLKM.JK
2023-09-19,3012.88818359375,3020.965631807138,2980.578390740198,2980.578390740198,38375000,TLKM.JK
2023-09-20,3077.5078125,3109.8176058070867,3020.9656742125985,3020.9656742125985,171751900,TLKM.JK
2023-09-21,3077.5078125,3101.740157480315,3061.3529158464567,3077.5078125,94880700,TLKM.JK
2023-09-22,3117.895263671875,3134.050161411107,3077.5080193237936,3093.6629170630263,101185700,TLKM.JK
2023-09-25,3045.1982421875,3093.6629356971157,3045.1982421875,3077.508037860577,125817700,TLKM.JK
2023-09-26,3037.120849609375,3069.430645881815,3029.043400541265,3045.198298677485,74734500,TLKM.JK
2023-09-27,3004.810791015625,3053.2754811932964,3004.810791015625,3029.0431361044607,83337700,TLKM.JK
2023-09-29,3029.043212890625,3069.4304557291666,3012.888315755208,3012.888315755208,66219300,TLKM.JK
2023-10-02,3029.043212890625,3053.27555859375,3012.888315755208,3029.043212890625,71945000,TLKM.JK
2023-10-03,3045.1982421875,3069.4305889423076,3020.9658954326924,3029.0433443509614,61155100,TLKM.JK
2023-10-04,3053.275390625,3069.430286871693,3020.9655981316137,3069.430286871693,77527700,TLKM.JK
2023-10-05,3004.810791015625,3069.430377919187,3004.810791015625,3061.3529295562416,81258900,TLKM.JK
2023-10-06,3053.275390625,3069.430286871693,3045.1979425016534,3053.275390625,60156100,TLKM.JK
2023-10-09,3037.120849609375,3053.275747745595,3029.043400541265,3045.198298677485,37711400,TLKM.JK
2023-10-10,3077.5078125,3085.5852608267714,3045.1980191929133,3053.275467519685,51167900,TLKM.JK
2023-10-11,3053.275390625,3077.5077349950398,3053.275390625,3053.275390625,83154300,TLKM.JK
2023-10-12,3093.662841796875,3125.9726364892704,3069.4304957775785,3085.585393123776,101645100,TLKM.JK
2023-10-13,3109.81787109375,3109.81787109375,3077.5080750304382,3085.585524046266,48856500,TLKM.JK
2023-10-16,3037.120849609375,3109.8178912223652,3020.9659514731547,3109.8178912223652,117472800,TLKM.JK
2023-10-17,3061.35302734375,3077.5079245856696,3045.1981301018304,3053.27557872279,57046900,TLKM.JK
2023-10-18,3029.043212890625,3053.27555859375,3012.888315755208,3045.1981100260414,64910600,TLKM.JK
2023-10-19,3012.88818359375,3037.1205282339142,3004.810735380362,3012.88818359375,62296900,TLKM.JK
2023-10-20,2988.656005859375,3012.8883518528296,2980.5785571948904,3004.8109031883446,38978200,TLKM.JK
2023-10-23,2915.958984375,3004.8109201869806,2915.958984375,2996.7334714768003,69428400,TLKM.JK
2023-10-24,2948.268798828125,2964.42369635595,2907.8815550085615,2940.191350064212,67041700,TLKM.JK
2023-10-25,2907.881591796875,2972.5011827256944,2891.72669406467,2948.268836127387,89567900,TLKM.JK
2023-10-26,2810.9521484375,2915.958981568786,2794.7972510326867,2907.881532866379,141139700,TLKM.JK
2023-10-27,2827.10693359375,2851.3392787388393,2778.6422433035714,2810.952036830357,99607000,TLKM.JK
2023-10-30,2762.4873046875,2827.1068907620615,2738.2549599095396,2827.1068907620615,82945500,TLKM.JK
2023-10-31,2819.029541015625,2835.184438098809,2746.3325041412963,2746.3325041412963,66801600,TLKM.JK
2023-11-01,2924.0361328125,2988.65571585808,2907.881237051105,2907.881237051105,154441100,TLKM.JK
2023-11-02,2924.0361328125,2980.5782679773824,2924.0361328125,2980.5782679773824,69582500,TLKM.JK
2023-11-03,2883.649169921875,2932.113861853335,2859.416823956145,2899.804067232362,85146800,TLKM.JK
2023-11-06,2948.268798828125,2948.268798828125,2907.8815550085615,2915.9590037724743,66902400,TLKM.JK
2023-11-07,2883.649169921875,2915.9589645428487,2867.4942726113886,2907.881515887605,103642200,TLKM.JK
2023-11-08,2843.26171875,2859.4166148792615,2827.106822620739,2843.26171875,103415400,TLKM.JK
2023-11-09,2851.339111328125,2883.6489029579056,2827.1067676057896,2827.1067676057896,96594900,TLKM.JK
2023-11-10,2867.494140625,2867.494140625,2819.029450924296,2843.261795774648,48619500,TLKM.JK
2023-11-13,2843.26171875,2883.6489590731535,2835.1842706853695,2883.6489590731535,37975400,TLKM.JK
2023-11-14,2827.10693359375,2859.4167271205356,2827.10693359375,2827.10693359375,45987000,TLKM.JK
2023-11-15,2867.494140625,2883.6490371919017,2843.261795774648,2843.261795774648,114104500,TLKM.JK
2023-11-16,2859.416748046875,2867.4941964876853,2835.1844027244438,2867.4941964876853,41789400,TLKM.JK
2023-11-17,2867.494140625,2867.494140625,2810.952002640845,2851.3392440580988,55585600,TLKM.JK
2023-11-20,2899.803955078125,2907.8814034209613,2859.4167133639453,2875.571610049617,39932700,TLKM.JK
2023-11-21,2924.0361328125,2924.0361328125,2891.72634128971,2899.8037891704075,68255800,TLKM.JK
2023-11-22,2915.958984375,2932.11388179536,2899.80408695464,2915.958984375,34555300,TLKM.JK
2023-11-23,2907.881591796875,2932.1139383951822,2899.8041429307723,2915.9590406629773,57385100,TLKM.JK
2023-11-24,2924.0361328125,2924.0361328125,2883.6488934090125,2907.881237051105,34583700,TLKM.JK
2023-11-27,2972.5009765625,3012.8882180918818,2940.1911833389945,2940.1911833389945,73888700,TLKM.JK
2023-11-28,3045.1982421875,3069.4305889423076,2972.501201923077,2972.501201923077,106829100,TLKM.JK
2023-11-29,3004.810791015625,3045.198032830351,2988.6558942897345,3029.0431361044607,56467400,TLKM.JK
2023-11-30,3037.120849609375,3085.5855440180353,3020.9659514731547,3029.043400541265,258522400,TLKM.JK
2023-12-01,3093.662841796875,3101.740290469974,3061.3530471044796,3061.3530471044796,81037200,TLKM.JK
2023-12-04,3077.5078125,3117.895054133858,3053.275467519685,3101.740157480315,118483900,TLKM.JK
2023-12-05,3109.81787109375,3109.81787109375,3069.4306260146104,3093.6629730620944,74608900,TLKM.JK
2023-12-06,3166.35986328125,3190.5922091737084,3125.9726201271524,3150.2049660196108,149345100,TLKM.JK
2023-12-07,3158.2822265625,3190.592019161605,3134.0498821131714,3190.592019161605,91076200,TLKM.JK
2023-12-08,3182.514892578125,3182.514892578125,3150.2050967143878,3182.514892578125,61476300,TLKM.JK
2023-12-11,3214.824462890625,3214.824462890625,3109.8176337007303,3125.9725304991757,99365500,TLKM.JK
2023-12-12,3158.2822265625,3190.592019161605,3142.127330262948,3182.5145710118286,58707700,TLKM.JK
2023-12-13,3166.35986328125,3166.35986328125,3125.9726201271524,3125.9726201271524,54386800,TLKM.JK
2023-12-14,3182.514892578125,3198.6697905099936,3134.050198782519,3134.050198782519,70705300,TLKM.JK
2023-12-15,3214.824462890625,3214.824462890625,3150.204875696844,3182.5146692937346,109064200,TLKM.JK
2023-12-18,3206.7470703125,3206.7470703125,3174.43727615318,3182.51472469301,60940400,TLKM.JK
2023-12-19,3206.7470703125,3206.7470703125,3182.51472469301,3190.5921732328397,32984500,TLKM.JK
2023-12-20,3198.669677734375,3222.9020237778172,3198.669677734375,3198.669677734375,59574800,TLKM.JK
2023-12-21,3190.59228515625,3206.747182802611,3174.437387509889,3198.6697339794305,48242100,TLKM.JK
2023-12-22,3198.669677734375,3214.82457509667,3190.5922290532276,3214.82457509667,28222700,TLKM.JK
2023-12-27,3182.514892578125,3230.979586373731,3166.3599946462564,3222.9021374077965,73157200,TLKM.JK
2023-12-28,3198.669677734375,3206.7471264155224,3182.51478037208,3198.669677734375,34024400,TLKM.JK
2023-12-29,3190.59228515625,3214.824631625791,3182.5148363330695,3198.6697339794305,27497600,TLKM.JK
2024-01-02,3222.902099609375,3222.902099609375,3182.514855253368,3190.592304124569,23774100,TLKM.JK
2024-01-03,3198.669677734375,3222.9020237778172,3190.5922290532276,3222.9020237778172,22018500,TLKM.JK
2024-01-04,3206.7470703125,3222.90196739216,3198.66962177267,3214.8245188523297,33922400,TLKM.JK
2024-01-05,3142.12744140625,3206.747028890183,3134.0499929707585,3190.5921320192,69268000,TLKM.JK
2024-01-08,3142.12744140625,3166.359786712725,3117.895096099775,3142.12744140625,61064100,TLKM.JK
2024-01-09,3198.669677734375,3214.82457509667,3166.3598830097853,3174.4373316909328,64015400,TLKM.JK
2024-01-10,3230.979248046875,3255.211592407227,3214.8243518066406,3230.979248046875,99083600,TLKM.JK
2024-01-11,3222.902099609375,3263.289343965382,3222.902099609375,3263.289343965382,36333300,TLKM.JK
2024-01-12,3239.056884765625,3239.056884765625,3206.7470904038732,3206.7470904038732,53685600,TLKM.JK
2024-01-15,3230.979248046875,3263.289040527344,3214.8243518066406,3263.289040527344,38339500,TLKM.JK
2024-01-16,3239.056884765625,3255.211781946501,3214.8245389943113,3247.134333356063,44782300,TLKM.JK
2024-01-17,3222.902099609375,3239.056997351778,3206.7472018669723,3230.9795484805763,62728400,TLKM.JK
2024-01-18,3190.59228515625,3239.0569780953324,3174.437387509889,3222.9020804489714,73029300,TLKM.JK
2024-01-19,3182.514892578125,3198.6697905099936,3142.1276477484535,3190.5923415440593,67016100,TLKM.JK
2024-01-22,3214.824462890625,3239.056808088293,3198.66956609218,3214.824462890625,50643700,TLKM.JK
2024-01-23,3190.59228515625,3239.0569780953324,3158.2824898635286,3230.979529272152,72595400,TLKM.JK
2024-01-24,3206.7470703125,3214.8245188523297,3174.43727615318,3190.5921732328397,38732000,TLKM.JK
2024-01-25,3214.824462890625,3230.9793596890704,3198.66956609218,3214.824462890625,58541300,TLKM.JK
2024-01-26,3214.824462890625,3222.9019112898477,3174.437220894512,3182.5146692937346,65272600,TLKM.JK
2024-01-29,3239.056884765625,3239.056884765625,3206.7470904038732,3230.979436175187,59150000,TLKM.JK
2024-01-30,3230.979248046875,3247.1341442871094,3214.8243518066406,3230.979248046875,66906900,TLKM.JK
2024-01-31,3198.669677734375,3247.134369821259,3198.669677734375,3230.9794724589647,100403700,TLKM.JK
2024-02-01,3263.289306640625,3271.3667554194385,3206.7471651889314,3206.7471651889314,105414400,TLKM.JK
2024-02-02,3222.902099609375,3255.211895094181,3174.4374063821665,3255.211895094181,96180000,TLKM.JK
2024-02-05,3214.824462890625,3239.056808088293,3206.7470144914028,3239.056808088293,57789500,TLKM.JK
2024-02-06,3214.824462890625,3230.9793596890704,3206.7470144914028,3206.7470144914028,65167500,TLKM.JK
2024-02-07,3214.824462890625,3247.134256487516,3214.824462890625,3239.056808088293,53084600,TLKM.JK
2024-02-12,3230.979248046875,3247.1341442871094,3206.7469036865236,3230.979248046875,85763200,TLKM.JK
2024-02-13,3214.824462890625,3239.056808088293,3214.824462890625,3239.056808088293,52020300,TLKM.JK
2024-02-15,3255.211669921875,3295.5989114841814,3214.824428359569,3263.2891182343365,129347900,TLKM.JK
2024-02-16,3360.218505859375,3360.218505859375,3271.3665742140547,3271.3665742140547,244064200,TLKM.JK
2024-02-19,3360.218505859375,3368.2959541907676,3335.986160865197,3335.986160865197,82867500,TLKM.JK
2024-02-20,3400.605712890625,3400.605712890625,3360.218471644893,3392.5282646414785,267636700,TLKM.JK
2024-02-21,3376.37353515625,3424.838227048445,3287.521600020559,3384.450983804949,152787100,TLKM.JK
2024-02-22,3303.676513671875,3352.141205803981,3287.5216162945067,3335.986308426612,93555100,TLKM.JK
2024-02-23,3311.75390625,3311.75390625,3263.2892149390245,3287.5215605945123,87665800,TLKM.JK
2024-02-26,3303.676513671875,3311.7539623605594,3271.366718917138,3279.4441676058223,55761700,TLKM.JK
2024-02-27,3222.902099609375,3279.4442417077853,3222.902099609375,3271.366792836584,119637000,TLKM.JK
2024-02-28,3222.902099609375,3247.1344462229795,3190.592304124569,3214.8246507381737,77255300,TLKM.JK
2024-02-29,3230.979248046875,3263.289040527344,3190.5920074462892,3247.1341442871094,157431900,TLKM.JK
2024-03-01,3166.35986328125,3222.9020036969864,3117.8951714963328,3190.5922091737084,139582000,TLKM.JK
2024-03-04,3182.514892578125,3198.6697905099936,3150.2050967143878,3198.6697905099936,81580800,TLKM.JK
2024-03-05,3125.97265625,3150.2050024224804,3117.89520752584,3134.05010497416,100671500,TLKM.JK
2024-03-06,3150.205078125,3166.3599759615386,3117.8952824519233,3125.9727313701924,83251500,TLKM.JK
2024-03-07,3150.205078125,3174.4374248798076,3150.205078125,3150.205078125,86888100,TLKM.JK
2024-03-08,3117.895263671875,3158.282508019956,3101.7403659326424,3150.20505915034,101556500,TLKM.JK
2024-03-13,3150.205078125,3158.2825270432695,3142.127629206731,3158.2825270432695,106191400,TLKM.JK
2024-03-14,3198.669677734375,3214.82457509667,3166.3598830097853,3174.4373316909328,122570700,TLKM.JK
2024-03-15,3206.7470703125,3230.97941593199,3150.20493053369,3230.97941593199,184885900,TLKM.JK
2024-03-18,3166.35986328125,3206.747106435347,3166.35986328125,3198.669657804528,57508300,TLKM.JK
2024-03-19,3182.514892578125,3214.8246884418622,3182.514892578125,3214.8246884418622,51629700,TLKM.JK
2024-03-20,3174.437255859375,3182.5147043475667,3158.2823588829915,3158.2823588829915,84777400,TLKM.JK
2024-03-21,3142.12744140625,3198.6695804546916,3142.12744140625,3174.4372351482166,81520900,TLKM.JK
2024-03-22,3150.205078125,3166.3599759615386,3142.127629206731,3150.205078125,44501700,TLKM.JK
2024-03-25,3012.88818359375,3142.127355007959,2988.6558389535858,3142.127355007959,313394400,TLKM.JK
2024-03-26,2924.0361328125,2972.500820096685,2915.9586849318025,2972.500820096685,354086400,TLKM.JK
2024-03-27,2819.029541015625,2932.1138205979137,2819.029541015625,2915.9589235147296,496202800,TLKM.JK
2024-03-28,2802.874755859375,2843.262000180115,2770.5649604027826,2802.874755859375,258985200,TLKM.JK
2024-04-01,2835.1845703125,2843.2620192307695,2762.487530048077,2810.9522235576924,248116300,TLKM.JK
2024-04-02,2819.029541015625,2827.106989557217,2754.4099526828886,2794.7971953908486,233017700,TLKM.JK
2024-04-03,2762.4873046875,2819.0294425027414,2762.4873046875,2786.7196494654604,150265700,TLKM.JK
2024-04-04,2786.719970703125,2794.797419893569,2754.4101739413495,2754.4101739413495,205184000,TLKM.JK
2024-04-05,2770.564697265625,2786.719593459594,2762.487249168641,2778.6421453626094,116051700,TLKM.JK
2024-04-16,2600.9384765625,2649.40316867236,2544.396335767663,2633.248271302407,490658200,TLKM.JK
2024-04-17,2584.783447265625,2617.093240356445,2584.783447265625,2600.938343811035,187876400,TLKM.JK
2024-04-18,2625.1708984375,2673.6355919471157,2512.086613581731,2576.7062049278848,337490100,TLKM.JK
2024-04-19,2544.396484375,2609.016077628968,2528.241586061508,2609.016077628968,149997000,TLKM.JK
2024-04-22,2560.55126953125,2584.7836159305994,2528.241474332118,2544.396371931684,140971800,TLKM.JK
2024-04-23,2504.009033203125,2576.706069650958,2487.854136214718,2568.628621156754,312052300,TLKM.JK
2024-04-24,2455.54443359375,2512.086575156764,2455.54443359375,2504.009126362048,327330800,TLKM.JK
2024-04-25,2455.54443359375,2471.6993311831825,2415.1571896201685,2431.312087209601,369525200,TLKM.JK
2024-04-26,2447.466796875,2471.699141398515,2390.9246596534654,2407.0795560024753,442527900,TLKM.JK
2024-04-29,2487.854248046875,2495.93169690417,2431.3121060458097,2447.4670037603996,172773600,TLKM.JK
2024-04-30,2560.55126953125,2584.7836159305994,2512.0865767325513,2520.1640255323346,273121800,TLKM.JK
2024-05-02,2520.163818359375,2584.7834034455127,2520.163818359375,2560.5510590382114,157637100,TLKM.JK
2024-05-03,2552.473876953125,2568.6287749085245,2520.164081042326,2568.6287749085245,127945300,TLKM.JK
2024-05-06,2463.621826171875,2584.7835553278687,2455.5443775614754,2568.62865810707,221330900,TLKM.JK
2024-05-07,2495.931640625,2512.0865379753236,2471.699294599515,2479.7767432746764,124914600,TLKM.JK
2024-05-08,2487.854248046875,2544.3963900479403,2463.62190147499,2528.2414923333504,120622600,TLKM.JK
2024-05-13,2495.931640625,2504.009089300162,2455.5443972491908,2479.7767432746764,133048300,TLKM.JK
2024-05-14,2520.163818359375,2520.163818359375,2487.854025816306,2504.008922087841,104126800,TLKM.JK
2024-05-15,2504.009033203125,2528.241378685736,2479.7766877205145,2520.1639301915325,149143600,TLKM.JK
2024-05-16,2579.865966796875,2614.1498999104547,2537.0110504049003,2537.0110504049003,196239200,TLKM.JK
2024-05-17,2562.723876953125,2614.1497741495086,2554.152894087061,2614.1497741495086,120345300,TLKM.JK
2024-05-20,2562.723876953125,2571.294859819189,2528.439945488869,2528.439945488869,215877500,TLKM.JK
2024-05-21,2528.43994140625,2562.7238728151483,2502.7269928495766,2562.7238728151483,138864400,TLKM.JK
2024-05-22,2519.868896484375,2554.1528270487884,2494.155948561065,2554.1528270487884,145109200,TLKM.JK
2024-05-27,2408.4462890625,2502.727104648576,2382.733339357206,2485.5851381783805,246979600,TLKM.JK
2024-05-28,2451.301025390625,2468.442990603147,2408.44611235932,2408.44611235932,113093300,TLKM.JK
2024-05-29,2408.4462890625,2451.301205237989,2408.4462890625,2442.7302220028914,148952900,TLKM.JK
2024-05-30,2408.4462890625,2459.872188473087,2331.307439946619,2408.4462890625,253471800,TLKM.JK
2024-05-31,2485.585205078125,2502.7271720096983,2408.4463538860455,2434.159304283405,411324600,TLKM.JK
2024-06-03,2511.298095703125,2545.5820287502665,2485.585145917769,2511.298095703125,124570400,TLKM.JK
2024-06-04,2571.294921875,2622.7208203125,2519.8690234375,2554.152955729167,130203100,TLKM.JK
2024-06-05,2622.720947265625,2639.8629142412174,2571.295046338848,2571.295046338848,141157300,TLKM.JK
2024-06-06,2614.14990234375,2657.0048187756147,2597.007935771004,2657.0048187756147,107996900,TLKM.JK
2024-06-07,2614.14990234375,2648.4338354892416,2614.14990234375,2614.14990234375,67191100,TLKM.JK
2024-06-10,2579.865966796875,2614.1498999104547,2554.1530169616904,2614.1498999104547,66983900,TLKM.JK
2024-06-11,2468.443115234375,2554.1529456244575,2468.443115234375,2537.010979546441,172688100,TLKM.JK
2024-06-12,2502.72705078125,2545.5819660343536,2477.014101629388,2477.014101629388,91584500,TLKM.JK
2024-06-13,2434.1591796875,2519.8690099581863,2425.588196660431,2519.8690099581863,95740000,TLKM.JK
2024-06-14,2331.307373046875,2425.588185927447,2314.165407068589,2417.0172029383043,202750500,TLKM.JK
2024-06-19,2425.58837890625,2442.7303462483437,2365.591493208922,2382.733460551016,128843500,TLKM.JK
2024-06-20,2434.1591796875,2442.7301627145685,2399.8752475792253,2442.7301627145685,55434800,TLKM.JK
2024-06-21,2528.43994140625,2537.010924258475,2434.15913003178,2442.7301128840045,184918000,TLKM.JK
2024-06-24,2528.43994140625,2554.152889962924,2494.1560099973517,2511.297975701801,111618800,TLKM.JK
2024-06-25,2562.723876953125,2562.723876953125,2511.2979797567414,2528.439945488869,89913400,TLKM.JK
2024-06-26,2571.294921875,2588.4368880208335,2554.152955729167,2562.7239388020835,73994000,TLKM.JK
2024-06-27,2597.0078125,2597.0078125,2562.723880981848,2597.0078125,70154600,TLKM.JK
2024-06-28,2682.7177734375,2691.288756739217,2597.0079404203275,2597.0079404203275,213539300,TLKM.JK
2024-07-01,2648.433837890625,2682.7177710672026,2639.8628545964807,2682.7177710672026,134082800,TLKM.JK
2024-07-02,2605.578857421875,2648.4337728399983,2597.0078743382505,2631.291806672749,79024200,TLKM.JK
2024-07-03,2597.0078125,2614.149778259076,2588.436829620462,2605.578795379538,51977100,TLKM.JK
2024-07-04,2537.010986328125,2614.1498338853994,2537.010986328125,2571.2949185758025,93100500,TLKM.JK
2024-07-05,2588.436767578125,2588.436767578125,2537.0108715335264,2545.5818542076263,69339200,TLKM.JK
2024-07-08,2639.86279296875,2648.4337760628046,2571.294928216315,2605.5788605925322,125004600,TLKM.JK
2024-07-09,2639.86279296875,2674.1467253449673,2605.5788605925322,2614.149843686587,118245600,TLKM.JK
2024-07-10,2708.4306640625,2725.5726302907437,2648.433782263647,2648.433782263647,120007400,TLKM.JK
2024-07-11,2725.57275390625,2742.71472091195,2708.43078690055,2742.71472091195,126490000,TLKM.JK
2024-07-12,2759.8564453125,2802.7113590595886,2751.285462563082,2768.4274280619175,135830300,TLKM.JK
2024-07-15,2708.4306640625,2759.856562747231,2682.7177147201346,2759.856562747231,100918500,TLKM.JK
2024-07-16,2657.0048828125,2725.572750756048,2648.4338993195565,2725.572750756048,78769700,TLKM.JK
2024-07-17,2785.569580078125,2802.7115467247595,2708.4307301682693,2734.143680138221,167149300,TLKM.JK
2024-07-18,2751.28564453125,2811.282527745327,2734.1436778986563,2794.1405611127334,98903500,TLKM.JK
2024-07-19,2691.28857421875,2751.285453261843,2674.1466087778663,2742.714470541401,138117200,TLKM.JK
2024-07-22,2657.0048828125,2751.285701234879,2648.4338993195565,2725.572750756048,139383000,TLKM.JK
2024-07-23,2708.4306640625,2708.4306640625,2657.0047653777688,2691.2886978342563,74338000,TLKM.JK
2024-07-24,2622.720947265625,2699.85979865579,2605.5789802900326,2691.288815167994,98752100,TLKM.JK
2024-07-25,2648.433837890625,2648.433837890625,2597.0079381257583,2639.8628545964807,67060000,TLKM.JK
2024-07-26,2657.0048828125,2665.5758663054435,2622.7209488407257,2665.5758663054435,94900300,TLKM.JK
2024-07-29,2614.14990234375,2674.1467853483605,2605.578919057377,2648.4338354892416,90885600,TLKM.JK
2024-07-30,2468.443115234375,2571.294911702474,2468.443115234375,2571.294911702474,321472800,TLKM.JK
2024-07-31,2468.443115234375,2502.7270473904077,2434.159183078342,2468.443115234375,207440800,TLKM.JK
2024-08-01,2468.443115234375,2511.298030429416,2468.443115234375,2477.0140982733833,121021800,TLKM.JK
2024-08-02,2442.730224609375,2468.443174342105,2417.0172748766445,2468.443174342105,105816800,TLKM.JK
2024-08-05,2391.30419921875,2425.588130390345,2365.591250840054,2417.017147597446,105246400,TLKM.JK
2024-08-06,2391.30419921875,2434.159113183244,2391.30419921875,2399.875182011649,98524200,TLKM.JK
2024-08-07,2417.017333984375,2434.1593008920654,2391.304383622839,2399.875367076684,77263000,TLKM.JK
2024-08-08,2442.730224609375,2468.443174342105,2399.875308388158,2399.875308388158,99533000,TLKM.JK
2024-08-09,2425.58837890625,2468.443297261484,2425.58837890625,2451.3013299193904,80800300,TLKM.JK
2024-08-12,2459.8720703125,2494.156001606054,2434.1591218423346,2442.730104665723,62746600,TLKM.JK
2024-08-13,2442.730224609375,2485.585140830592,2434.1592413651315,2485.585140830592,82063600,TLKM.JK
2024-08-14,2451.301025390625,2477.0139732094076,2442.730042784364,2442.730042784364,70188800,TLKM.JK
2024-08-15,2459.8720703125,2468.4430531358885,2417.0171561955576,2459.8720703125,79724100,TLKM.JK
2024-08-16,2537.010986328125,2562.723935513883,2485.585087956609,2494.1560710185286,207060000,TLKM.JK
2024-08-19,2511.298095703125,2545.5820287502665,2494.1561291795542,2537.011045488481,68692700,TLKM.JK
2024-08-20,2554.153076171875,2571.2950431260488,2537.0111092177012,2562.724059648962,100434600,TLKM.JK
2024-08-21,2545.58203125,2579.8659643308083,2537.011047979798,2554.1530145202023,111842200,TLKM.JK
2024-08-22,2502.72705078125,2545.5819660343536,2502.72705078125,2519.8690168824915,90336300,TLKM.JK
2024-08-23,2528.43994140625,2579.8658385195977,2528.43994140625,2545.5819071106994,86092500,TLKM.JK
2024-08-26,2554.153076171875,2562.724059648962,2511.298158786441,2519.8691422635275,88941900,TLKM.JK
2024-08-27,2562.723876953125,2571.294859819189,2528.439945488869,2562.723876953125,71223800,TLKM.JK
2024-08-28,2554.153076171875,2571.2950431260488,2537.0111092177012,2571.2950431260488,68736300,TLKM.JK
2024-08-29,2597.0078125,2639.8627268976898,2554.1528981023102,2554.1528981023102,160714800,TLKM.JK
2024-08-30,2622.720947265625,2631.291930753421,2579.866029826644,2597.0079968022364,195809000,TLKM.JK
2024-09-02,2691.28857421875,2699.859556939192,2639.862677896099,2648.4336606165407,118928500,TLKM.JK
2024-09-03,2639.86279296875,2699.8596746271305,2639.86279296875,2691.2886915330764,82172000,TLKM.JK
2024-09-04,2639.86279296875,2657.0047591568587,2605.5788605925322,2622.7208267806413,81041700,TLKM.JK
2024-09-05,2588.436767578125,2648.4336462968236,2588.436767578125,2639.8626636227236,78989400,TLKM.JK
2024-09-06,2605.578857421875,2614.1498405055,2579.8659081710016,2579.8659081710016,82391200,TLKM.JK
2024-09-09,2597.0078125,2639.8627268976898,2571.294863861386,2614.149778259076,69264400,TLKM.JK
2024-09-10,2597.0078125,2622.720761138614,2588.436829620462,2622.720761138614,46436100,TLKM.JK
2024-09-11,2605.578857421875,2614.1498405055,2588.436891254626,2597.0078743382505,62899600,TLKM.JK
2024-09-12,2614.14990234375,2631.291868916496,2614.14990234375,2622.720885630123,85785000,TLKM.JK
2024-09-13,2665.57568359375,2674.1466664991963,2631.2917519719654,2639.8627348774116,125032200,TLKM.JK
2024-09-17,2648.433837890625,2682.7177710672026,2639.8628545964807,2674.1467877730583,56181000,TLKM.JK
2024-09-18,2674.146728515625,2682.717711619842,2657.004762307192,2674.146728515625,87120700,TLKM.JK
2024-09-19,2691.28857421875,2699.859556939192,2674.1466087778663,2691.28857421875,130418300,TLKM.JK
2024-09-20,2699.859619140625,2717.0015849764386,2674.146670386905,2699.859619140625,152477400,TLKM.JK
2024-09-23,2717.001708984375,2725.572692293474,2682.7177757479794,2699.859742366177,82274400,TLKM.JK
2024-09-24,2708.4306640625,2725.5726302907437,2699.859680948378,2725.5726302907437,92256900,TLKM.JK
2024-09-25,2734.1435546875,2734.1435546875,2622.720776596787,2657.004708317006,215241700,TLKM.JK
2024-09-26,2717.001708984375,2725.572692293474,2674.1467924388803,2717.001708984375,120042500,TLKM.JK
2024-09-27,2614.14990234375,2691.2887519211067,2579.865969198258,2682.7177686347336,291217300,TLKM.JK
2024-09-30,2562.723876953125,2597.0078084173806,2562.723876953125,2597.0078084173806,150844800,TLKM.JK
2024-10-01,2588.436767578125,2605.5787329263244,2562.7238195558257,2562.7238195558257,77208500,TLKM.JK
2024-10-02,2502.72705078125,2554.1529490849744,2502.72705078125,2528.439999933112,124629400,TLKM.JK
2024-10-03,2477.01416015625,2528.4400596750647,2477.01416015625,2528.4400596750647,92510900,TLKM.JK
2024-10-04,2468.443115234375,2511.298030429416,2451.3011491563584,2485.5850813123916,76757200,TLKM.JK
2024-10-07,2485.585205078125,2494.156188543912,2459.8722546807653,2494.156188543912,84507100,TLKM.JK
2024-10-08,2562.723876953125,2562.723876953125,2459.8720825603573,2477.0140482924853,135357200,TLKM.JK
2024-10-09,2537.010986328125,2579.865901637722,2537.010986328125,2554.1529524519638,69435900,TLKM.JK
2024-10-10,2528.43994140625,2554.152889962924,2519.8689585540255,2537.010924258475,57867000,TLKM.JK
2024-10-11,2519.868896484375,2571.294792330995,2502.7269312021685,2571.294792330995,40454300,TLKM.JK
2024-10-14,2485.585205078125,2545.5820893386312,2485.585205078125,2511.2981554754847,66631500,TLKM.JK
2024-10-15,2519.868896484375,2545.581844407685,2494.155948561065,2502.7269312021685,74529600,TLKM.JK
2024-10-16,2571.294921875,2571.294921875,2511.2980403645834,2545.58197265625,163988000,TLKM.JK
2024-10-17,2605.578857421875,2622.7208235891244,2554.1529589201277,2571.2949250873767,107040100,TLKM.JK
2024-10-18,2657.0048828125,2682.7178332913304,2605.5789818548387,2614.149965347782,138783600,TLKM.JK
2024-10-21,2657.0048828125,2682.7178332913304,2622.7209488407257,2657.0048828125,92240300,TLKM.JK
2024-10-22,2579.865966796875,2631.2918664672447,2579.865966796875,2622.7208831888497,93662500,TLKM.JK
2024-10-23,2519.868896484375,2554.1528270487884,2511.2979138432715,2519.868896484375,99423700,TLKM.JK
2024-10-24,2485.585205078125,2537.011105872845,2485.585205078125,2519.8691389412716,72559000,TLKM.JK
2024-10-25,2494.156005859375,2528.439937211394,2485.58502302137,2485.58502302137,50694200,TLKM.JK
2024-10-28,2502.72705078125,2519.8690168824915,2485.5850846800085,2502.72705078125,38720700,TLKM.JK
2024-10-29,2485.585205078125,2511.2981554754847,2468.4432381465517,2494.156188543912,67727500,TLKM.JK
2024-10-30,2485.585205078125,2485.585205078125,2442.730287749192,2468.4432381465517,123573100,TLKM.JK
2024-10-31,2417.017333984375,2459.8722512536015,2417.017333984375,2451.3012677997563,139590300,TLKM.JK
2024-11-01,2382.733154296875,2434.1590497133543,2365.5911891580486,2417.017084574528,99364500,TLKM.JK
2024-11-04,2399.875244140625,2408.446227155413,2357.020329066685,2382.733278111049,63112300,TLKM.JK
2024-11-05,2374.162353515625,2408.446286418378,2339.878420612872,2399.8753031926894,96721100,TLKM.JK
2024-11-06,2348.449462890625,2399.8753635378653,2348.449462890625,2382.7333966554515,66808900,TLKM.JK
2024-11-07,2365.59130859375,2391.3042576002035,2348.4493425894475,2365.59130859375,79485800,TLKM.JK
2024-11-08,2357.0205078125,2382.7334588068184,2357.0205078125,2365.591491477273,66113200,TLKM.JK
2024-11-11,2305.594482421875,2339.878415245992,2271.310549597758,2331.307432039963,108153500,TLKM.JK
2024-11-12,2228.455810546875,2288.4526977539062,2228.455810546875,2279.8817138671875,215910600,TLKM.JK
2024-11-13,2211.313720703125,2254.168637771015,2202.7427372895468,2237.026670943859,142812600,TLKM.JK
2024-11-14,2168.458740234375,2219.884639212265,2168.458740234375,2185.6007065603385,185269500,TLKM.JK
2024-11-15,2177.029541015625,2211.3134707953986,2142.7456112358514,2142.7456112358514,103680400,TLKM.JK
2024-11-18,2219.884765625,2237.0267329271237,2159.8878800675675,2177.029847369691,119481300,TLKM.JK
2024-11-19,2382.733154296875,2442.7300322827673,2219.8844854780236,2237.02645061685,275670300,TLKM.JK
2024-11-20,2297.023681640625,2357.0205688476562,2262.73974609375,2348.4495849609375,150242900,TLKM.JK
2024-11-21,2374.162353515625,2408.446286418378,2297.023504484431,2297.023504484431,128294600,TLKM.JK
2024-11-22,2357.0205078125,2391.304442471591,2331.307556818182,2357.0205078125,135265300,TLKM.JK
2024-11-25,2348.449462890625,2382.7333966554515,2331.3074960082117,2348.449462890625,358617100,TLKM.JK
2024-11-26,2322.736328125,2399.8751729704795,2297.0233798431736,2374.162224688653,106721000,TLKM.JK
2024-11-28,2331.307373046875,2357.0203220143035,2297.023441090303,2297.023441090303,102808400,TLKM.JK
2024-11-29,2322.736328125,2365.5912419280444,2314.165345364391,2314.165345364391,103162000,TLKM.JK
2024-12-02,2297.023681640625,2339.8786010742188,2297.023681640625,2331.3076171875,66025900,TLKM.JK
2024-12-03,2417.017333984375,2425.58831743822,2322.7365159920764,2365.5914332613033,167603900,TLKM.JK
2024-12-04,2434.1591796875,2442.7301627145685,2399.8752475792253,2417.0172136333626,83412800,TLKM.JK
2024-12-05,2374.162353515625,2434.1592360954423,2339.878420612872,2434.1592360954423,96025400,TLKM.JK
2024-12-06,2365.59130859375,2382.7332745980525,2348.4493425894475,2348.4493425894475,48179800,TLKM.JK
2024-12-09,2348.449462890625,2374.162413214245,2339.8784794494186,2365.5914297730383,63671900,TLKM.JK
2024-12-10,2374.162353515625,2425.588252869754,2357.0203870642486,2374.162353515625,124138200,TLKM.JK
2024-12-11,2451.301025390625,2468.442990603147,2374.1621819342768,2374.1621819342768,140611400,TLKM.JK
2024-12-12,2417.017333984375,2442.7302843459106,2382.7334001689937,2425.58831743822,66977700,TLKM.JK
2024-12-13,2391.30419921875,2391.30419921875,2357.0202680471552,2374.1622336329524,77540100,TLKM.JK
2024-12-16,2279.881591796875,2365.5914260749532,2271.3106083690673,2365.5914260749532,147655600,TLKM.JK
2024-12-17,2245.597412109375,2271.3103595762764,2228.455447131441,2254.1683945983423,113785500,TLKM.JK
2024-12-18,2202.74267578125,2279.881524349465,2202.74267578125,2245.5975916524803,79565300,TLKM.JK
2024-12-19,2168.458740234375,2194.17168972332,2142.7457907454295,2151.3167739084115,123504200,TLKM.JK
2024-12-20,2185.6005859375,2202.7425513174016,2159.887637867647,2168.458620557598,110308800,TLKM.JK
2024-12-23,2271.310546875,2288.4525132665094,2211.313664504717,2211.313664504717,72113700,TLKM.JK
2024-12-24,2348.449462890625,2357.020446331832,2245.5976615961454,2297.023562243385,117582400,TLKM.JK
2024-12-27,2357.0205078125,2399.875426136364,2322.736573153409,2374.1624751420454,92727600,TLKM.JK
2024-12-30,2322.736328125,2365.5912419280444,2314.165345364391,2331.307310885609,74279200,TLKM.JK
2025-01-02,2314.165283203125,2348.4492133246526,2297.023318142361,2322.736265733507,38776700,TLKM.JK
2025-01-03,2357.0205078125,2374.1624751420454,2339.8785404829546,2348.4495241477275,49907500,TLKM.JK
2025-01-06,2305.594482421875,2374.162348070109,2279.881532803787,2365.59136486408,54087800,TLKM.JK
2025-01-07,2202.74267578125,2297.023490697957,2202.74267578125,2288.452507523711,109758000,TLKM.JK
2025-01-08,2271.310546875,2314.1654628537735,2219.8846477004718,2219.8846477004718,100688500,TLKM.JK
2025-01-09,2245.597412109375,2314.165272021112,2245.597412109375,2305.5942895321446,55206700,TLKM.JK
2025-01-10,2297.023681640625,2305.5946655273438,2254.1687622070312,2262.73974609375,54496800,TLKM.JK
2025-01-13,2288.45263671875,2348.4495223256085,2271.3106694025046,2288.45263671875,90816500,TLKM.JK
2025-01-14,2245.597412109375,2305.5942895321446,2237.026429620408,2288.4523245542105,53116800,TLKM.JK
2025-01-15,2254.16845703125,2288.452387936668,2245.5974743048955,2262.7394397576045,52867900,TLKM.JK
2025-01-16,2219.884765625,2279.8816511824325,2219.884765625,2279.8816511824325,118890200,TLKM.JK
2025-01-17,2279.881591796875,2297.023558652491,2237.0266746578363,2254.168641513452,107245400,TLKM.JK
2025-01-20,2237.0263671875,2305.594225185584,2237.0263671875,2288.4522606860633,49752300,TLKM.JK
2025-01-21,2254.16845703125,2279.8814052103135,2228.455508852186,2254.16845703125,86549000,TLKM.JK
2025-01-22,2339.87841796875,2357.0203844007556,2271.310552240728,2297.0235018887365,128617700,TLKM.JK
2025-01-23,2322.736328125,2357.0202591674356,2322.736328125,2339.8782936462176,63216100,TLKM.JK
2025-01-24,2305.594482421875,2357.0203816580506,2305.594482421875,2348.4493984520213,49844700,TLKM.JK
2025-01-30,2262.739501953125,2322.7363826867304,2237.026553067294,2305.594416762843,89736900,TLKM.JK
2025-01-31,2279.881591796875,2322.736508935914,2279.881591796875,2279.881591796875,83736900,TLKM.JK
2025-02-03,2254.16845703125,2254.16845703125,2194.171577946768,2245.5974743048955,91801900,TLKM.JK
2025-02-04,2262.739501953125,2279.8814678770123,2219.884587143407,2262.739501953125,95311100,TLKM.JK
2025-02-05,2245.597412109375,2262.739377087309,2219.8844646424736,2228.455447131441,110400300,TLKM.JK
2025-02-06,2194.171630859375,2254.168511390686,2159.8876991271973,2254.168511390686,90471900,TLKM.JK
2025-02-07,2219.884765625,2219.884765625,2151.316896416506,2185.600831020753,105020200,TLKM.JK
2025-02-10,2091.31982421875,2185.6006359663165,2091.31982421875,2159.8876873078893,153328500,TLKM.JK
2025-02-11,1988.468017578125,2099.890794425175,1971.326051909348,2082.7488287563983,254907800,TLKM.JK
2025-02-12,2125.603759765625,2125.603759765625,2014.1809820359754,2022.7519649382562,173407600,TLKM.JK
2025-02-13,2074.177978515625,2074.177978515625,1979.8971613103695,2031.323061604145,219425500,TLKM.JK
2025-02-14,2168.458740234375,2168.458740234375,2091.3198917675395,2108.461858093503,156474300,TLKM.JK
2025-02-17,2271.310546875,2271.310546875,2168.4587485259435,2202.7426813089623,113998200,TLKM.JK
2025-02-18,2297.023681640625,2322.7366333007812,2254.1687622070312,2279.8817138671875,115881200,TLKM.JK
2025-02-19,2288.45263671875,2305.5946040349954,2228.4557511118915,2297.0236203768727,119388200,TLKM.JK
2025-02-20,2288.45263671875,2297.0236203768727,2245.597718428137,2271.3106694025046,90411700,TLKM.JK
2025-02-21,2271.310546875,2297.023496462264,2254.1685804834906,2288.4525132665094,75110600,TLKM.JK
2025-02-24,2228.455810546875,2262.73974609375,2202.7428588867188,2254.1687622070312,42327600,TLKM.JK
2025-02-25,2108.461669921875,2211.313458698552,2108.461669921875,2194.171493902439,111687700,TLKM.JK
2025-02-26,2159.887939453125,2159.887939453125,2108.4620361328125,2142.7459716796875,65752000,TLKM.JK
2025-02-27,2134.1748046875,2194.1716867469877,2082.7489057793673,2159.8877541415663,88741400,TLKM.JK
2025-02-28,2014.1810302734375,2117.032827563996,2014.1810302734375,2117.032827563996,249795300,TLKM.JK
2025-03-03,2057.035888671875,2074.1778544108074,2031.3229400634766,2057.035888671875,178833400,TLKM.JK
2025-03-04,2039.89404296875,2091.31994321166,2014.181092847295,2057.0360097163866,131347800,TLKM.JK
2025-03-05,2099.890869140625,2117.032835419324,2065.606936583227,2074.1779197225765,167407400,TLKM.JK
2025-03-06,2057.035888671875,2151.316700236003,2057.035888671875,2134.1747344970704,131136100,TLKM.JK
2025-03-07,2065.60693359375,2117.0328323554204,2014.1810348320798,2082.74889984764,182407000,TLKM.JK
2025-03-10,2048.46484375,2082.7487741893306,2031.3228785303347,2082.7487741893306,88949400,TLKM.JK
2025-03-11,2031.3231201171875,2048.4650873755604,2014.1811528588146,2039.894103746374,102235600,TLKM.JK
2025-03-12,2099.890869140625,2134.1748016980227,2057.0359534438776,2065.606936583227,98938700,TLKM.JK
2025-03-13,2082.7490234375,2134.1749252507716,2074.1780398019546,2117.032957979681,66706500,TLKM.JK
2025-03-14,2074.177978515625,2125.603878809401,2065.6069951333293,2099.890928662513,107627100,TLKM.JK
2025-03-17,2074.177978515625,2099.890928662513,2065.6069951333293,2074.177978515625,58129400,TLKM.JK
2025-03-18,2074.177978515625,2117.032895427105,1971.3261779280733,2099.890928662513,139758600,TLKM.JK
2025-03-19,2082.7490234375,2091.3200070730454,2039.8941052597736,2074.1780398019546,96825800,TLKM.JK
2025-03-20,2048.46484375,2091.3197567991633,2014.1809133106694,2091.3197567991633,94823100,TLKM.JK
2025-03-21,1979.89697265625,2039.8938506155303,1971.3259900906385,2031.3228680499187,204534000,TLKM.JK
2025-03-24,1997.0390625,2022.7520118025752,1919.9002145922748,1988.4680793991417,105865000,TLKM.JK
2025-03-25,2005.6099853515625,2022.7519510383281,1971.3260539780317,2005.6099853515625,107964200,TLKM.JK
2025-03-26,2091.31982421875,2108.4617899910345,2014.1809782434682,2022.7519611296104,215856700,TLKM.JK
2025-03-27,2065.60693359375,2082.74889984764,2048.46496733986,2082.74889984764,120411200,TLKM.JK
2025-04-08,1962.7552490234375,1971.3262326436272,1757.0516421388852,1757.0516421388852,409973200,TLKM.JK
2025-04-09,1988.468017578125,2091.3198115907867,1971.326051909348,2091.3198115907867,120363300,TLKM.JK
2025-04-10,2014.1810302734375,2117.032827563996,1988.468080950798,2099.890861348903,139327100,TLKM.JK
2025-04-11,1997.0390625,2014.1810287017167,1971.326113197425,1988.4680793991417,60214100,TLKM.JK
2025-04-14,2082.7490234375,2082.7490234375,1979.8972198109568,1988.468203446502,116968600,TLKM.JK
2025-04-15,2099.890869140625,2117.032835419324,2074.1779197225765,2108.461852279974,99064500,TLKM.JK
2025-04-16,2125.603759765625,2151.3167084724673,2099.8908110587827,2134.174742667906,121853000,TLKM.JK
2025-04-17,2185.6005859375,2279.8813955269607,2134.174689797794,2142.745672487745,195577900,TLKM.JK
2025-04-21,2202.74267578125,2237.0266084782343,2151.316776735773,2228.455625303988,84209300,TLKM.JK
2025-04-22,2185.6005859375,2202.7425513174016,2159.887637867647,2202.7425513174016,44958000,TLKM.JK
2025-04-23,2254.16845703125,2262.7394397576045,2202.7425606731226,2211.313543399477,128704200,TLKM.JK
2025-04-24,2254.16845703125,2271.310422483959,2228.455508852186,2254.16845703125,75733400,TLKM.JK
2025-04-25,2228.455810546875,2271.3107299804688,2202.7428588867188,2254.1687622070312,93439600,TLKM.JK
2025-04-28,2194.171630859375,2237.026545524597,2194.171630859375,2228.4555625915527,51086400,TLKM.JK
2025-04-29,2219.884765625,2228.455749276062,2194.171814671815,2202.7427983228768,56546100,TLKM.JK
2025-04-30,2262.739501953125,2262.739501953125,2228.4555701053505,2228.4555701053505,96333300,TLKM.JK
2025-05-02,2297.023681640625,2331.3076171875,2245.5977783203125,2262.73974609375,132357600,TLKM.JK
2025-05-05,2314.165283203125,2322.736265733507,2288.452335611979,2322.736265733507,85592500,TLKM.JK
2025-05-06,2297.023681640625,2339.8786010742188,2297.023681640625,2331.3076171875,76948300,TLKM.JK
2025-05-07,2245.597412109375,2305.5942895321446,2245.597412109375,2297.0233070431777,100293700,TLKM.JK
2025-05-08,2202.74267578125,2262.7395580009725,2202.74267578125,2254.1685748267264,122965300,TLKM.JK
2025-05-09,2228.455810546875,2254.1687622070312,2202.7428588867188,2202.7428588867188,59433500,TLKM.JK
2025-05-14,2219.884765625,2245.5977165781856,2168.4588637186293,2168.4588637186293,132760900,TLKM.JK
2025-05-15,2279.881591796875,2305.5945420802987,2211.3137243744127,2211.3137243744127,120039700,TLKM.JK
2025-05-16,2348.449462890625,2357.020446331832,2297.023562243385,2322.7365125670053,101569600,TLKM.JK
2025-05-19,2417.017333984375,2451.3012677997563,2348.4494663536125,2365.5914332613033,164194700,TLKM.JK
2025-05-20,2348.449462890625,2434.159297302692,2348.449462890625,2425.588313861485,129805200,TLKM.JK
2025-05-21,2357.0205078125,2382.7334588068184,2305.5946058238637,2322.736573153409,120242100,TLKM.JK
2025-05-22,2399.875244140625,2442.7301592145645,2357.020329066685,2357.020329066685,131277300,TLKM.JK
2025-05-23,2305.594482421875,2331.307432039963,2305.594482421875,2322.7364488339335,141199500,TLKM.JK
2025-05-26,2399.875244140625,2417.017210170201,2314.1654139927455,2331.3073800223215,186806300,TLKM.JK
2025-05-27,2425.58837890625,2468.443297261484,2391.304444222063,2434.159362577297,279180500,TLKM.JK
2025-05-28,2417.017333984375,2459.8722512536015,2399.875367076684,2451.3012677997563,531309500,TLKM.JK
2025-06-02,2382.733154296875,2417.017084574528,2357.020206588635,2382.733154296875,211393400,TLKM.JK
2025-06-03,2399.875244140625,2425.588193184989,2339.8783630371095,2382.733278111049,142896600,TLKM.JK
2025-06-04,2417.017333984375,2451.3012677997563,2408.44635053053,2408.44635053053,125006700,TLKM.JK
2025-06-05,2434.1591796875,2442.7301627145685,2417.0172136333626,2442.7301627145685,95008500,TLKM.JK
2025-06-10,2494.156005859375,2502.7269886973795,2468.4430573453606,2502.7269886973795,213564000,TLKM.JK
2025-06-11,2588.897216796875,2598.1432782854354,2524.174786376953,2542.6669093540736,200609800,TLKM.JK
2025-06-12,2570.405029296875,2616.635335579193,2542.6668455274844,2616.635335579193,97099100,TLKM.JK
2025-06-13,2533.4208984375,2561.1590834568888,2514.928775091241,2561.1590834568888,81111300,TLKM.JK
2025-06-16,2533.4208984375,2561.1590834568888,2524.1748367643704,2533.4208984375,46641000,TLKM.JK
2025-06-17,2551.912841796875,2588.8970858808875,2551.912841796875,2588.8970858808875,59643500,TLKM.JK
2025-06-18,2561.158935546875,2588.8971189643503,2551.9128744077166,2561.158935546875,70757600,TLKM.JK
2025-06-19,2487.1904296875,2570.4049793796466,2431.714063226069,2533.4207350720258,98911200,TLKM.JK
2025-06-20,2440.960205078125,2505.682634758227,2440.960205078125,2496.4365733753552,243027500,TLKM.JK
2025-06-23,2385.48388671875,2413.2220714480377,2366.9917635658912,2413.2220714480377,73554200,TLKM.JK
2025-06-24,2394.72998046875,2468.698474073962,2385.4839187680986,2403.9760421694014,107300200,TLKM.JK
2025-06-25,2422.468017578125,2450.206200985508,2366.991650763359,2450.206200985508,79958900,TLKM.JK
2025-06-26,2505.6826171875,2505.6826171875,2394.729881371079,2422.4680653251844,132868200,TLKM.JK
2025-06-30,2570.405029296875,2579.6510905533387,2524.174723014557,2570.405029296875,124299500,TLKM.JK
2025-07-01,2598.143310546875,2598.143310546875,2551.9130025300265,2588.8972489435055,73006700,TLKM.JK
2025-07-02,2570.405029296875,2607.3892743227293,2524.174723014557,2607.3892743227293,92321600,TLKM.JK
2025-07-03,2505.6826171875,2598.1432303678503,2487.1904945514298,2570.4050464137454,69094400,TLKM.JK
2025-07-04,2431.714111328125,2514.9286626663497,2422.468050068322,2505.6826014065473,53587300,TLKM.JK
2025-07-07,2496.4365234375,2496.4365234375,2413.22197265625,2431.7140950520834,33446600,TLKM.JK
2025-07-08,2450.206298828125,2496.436606353184,2440.9602373231132,2477.9444833431603,45926000,TLKM.JK
2025-07-09,2468.698486328125,2477.944548074672,2440.9603010884834,2450.2063628350306,44897100,TLKM.JK
2025-07-10,2487.1904296875,2505.68255184131,2450.206185379879,2487.1904296875,41108700,TLKM.JK
2025-07-11,2524.1748046875,2524.1748046875,2487.1905584649726,2505.682681576236,47851300,TLKM.JK
2025-07-14,2487.1904296875,2505.68255184131,2440.960124302974,2496.4364907644053,60458400,TLKM.JK
2025-07-15,2440.960205078125,2487.190511992483,2440.960205078125,2487.190511992483,35309100,TLKM.JK
2025-07-16,2450.206298828125,2477.9444833431603,2450.206298828125,2459.4523603331368,43385900,TLKM.JK
2025-07-17,2561.158935546875,2561.158935546875,2459.4522630161327,2496.4365075727665,102642100,TLKM.JK
2025-07-18,2561.158935546875,2588.8971189643503,2542.666813268558,2588.8971189643503,83762800,TLKM.JK
2025-07-21,2588.897216796875,2588.897216796875,2542.6669093540736,2588.897216796875,52553200,TLKM.JK
2025-07-22,2635.12744140625,2635.12744140625,2588.8971354166665,2588.8971354166665,108243300,TLKM.JK
2025-07-23,2635.12744140625,2653.619563802083,2625.881380208333,2653.619563802083,86077600,TLKM.JK
2025-07-24,2625.88134765625,2653.61953090614,2588.897103323063,2644.373469822843,74224200,TLKM.JK
2025-07-25,2607.389404296875,2616.6354660142397,2570.405157427416,2598.1433425795103,41296200,TLKM.JK
2025-07-28,2644.37353515625,2653.619596467985,2616.6353512210444,2653.619596467985,40193800,TLKM.JK
2025-07-29,2662.86572265625,2662.86572265625,2625.8814765082466,2653.619661119249,46357400,TLKM.JK
2025-07-30,2662.86572265625,2672.111784193251,2635.1275380452475,2672.111784193251,99062400,TLKM.JK
2025-07-31,2662.86572265625,2709.0960303412544,2644.373599582248,2672.111784193251,201065700,TLKM.JK
2025-08-01,2755.326416015625,2764.5724778143353,2690.603983424654,2736.8342924182048,130977000,TLKM.JK
2025-08-04,2801.556640625,2801.556640625,2764.572394544142,2773.8184560643563,96385300,TLKM.JK
2025-08-05,2801.556640625,2820.048763665429,2764.572394544142,2820.048763665429,99396900,TLKM.JK
2025-08-06,2764.572265625,2783.0643878030937,2736.8340823578596,2773.818326714047,86215200,TLKM.JK
2025-08-07,2727.588134765625,2764.572380660752,2709.0960118180615,2764.572380660752,46506200,TLKM.JK
2025-08-08,2718.342041015625,2736.8341637436224,2709.0959796516263,2727.5881023796237,46945800,TLKM.JK
2025-08-11,2764.572265625,2783.0643878030937,2746.0801434469063,2764.572265625,74978300,TLKM.JK
2025-08-12,2940.24755859375,2958.7396816037735,2783.0645130085495,2820.0487590285966,217607800,TLKM.JK
2025-08-13,3106.6767578125,3162.1531284877233,2967.985831124442,2977.231892903646,465722400,TLKM.JK
2025-08-14,3162.153076171875,3226.87550755551,3115.922768040707,3115.922768040707,232557200,TLKM.JK
2025-08-15,3060.4462890625,3152.9069020251136,3060.4462890625,3106.676595543807,182893900,TLKM.JK
2025-08-19,3004.969970703125,3078.938462289663,2995.7239092548075,3014.216032151442,164921000,TLKM.JK
2025-08-20,2977.231689453125,3041.954117484715,2977.231689453125,2977.231689453125,80084600,TLKM.JK
2025-08-21,3004.969970703125,3023.4620935997596,2967.985724909856,2967.985724909856,63861900,TLKM.JK
2025-08-22,2995.723876953125,3041.954183696229,2977.2317542558835,3023.4620609989875,61351700,TLKM.JK
2025-08-25,3060.4462890625,3097.4305342475454,3004.9699212849323,3032.7081051737164,93221500,TLKM.JK
2025-08-26,3014.216064453125,3069.692433737538,2986.4778798109182,3060.446372190136,227364800,TLKM.JK
2025-08-27,2931.00146484375,3004.9699560700906,2866.279035020702,2958.739649053628,118158900,TLKM.JK
2025-08-28,2940.24755859375,2977.231804613797,2912.5093740787147,2921.7554355837265,55940600,TLKM.JK
2025-08-29,2894.017333984375,2967.98582814372,2866.2791486746205,2940.247642833966,72585500,TLKM.JK
2025-09-01,2875.525146484375,2875.525146484375,2736.8342230204985,2847.7869617916,130027900,TLKM.JK
2025-09-02,2838.540771484375,2903.2631994986764,2820.0486491945744,2884.7710772088762,64402900,TLKM.JK
2025-09-03,2875.525146484375,2931.0015158699257,2838.5409002273414,2847.7869617916,113875700,TLKM.JK
2025-09-04,2912.50927734375,2931.001399739583,2857.0329101562497,2857.0329101562497,37223800,TLKM.JK
2025-09-08,2857.032958984375,3051.2002474590413,2857.032958984375,3051.2002474590413,93725000,TLKM.JK
2025-09-09,2820.048828125,2894.017321977459,2773.818519467213,2866.2791367827867,104463400,TLKM.JK
2025-09-10,2912.50927734375,2940.2474609375,2820.048665364583,2838.5407877604166,49840200,TLKM.JK
2025-09-11,2847.786865234375,2949.4935389927455,2838.540803983614,2940.2474777419843,71919900,TLKM.JK
2025-09-12,2866.279052734375,2875.5251141948083,2820.048745432208,2857.0329912739417,61521400,TLKM.JK
2025-09-15,3014.216064453125,3014.216064453125,2894.017264336896,2912.5093874317004,115361300,TLKM.JK
2025-09-16,3051.2001953125,3051.2001953125,3014.2159505208333,3051.2001953125,80642900,TLKM.JK
2025-09-17,3088.1845703125,3088.1845703125,2967.985769671594,3051.200323961452,73539700,TLKM.JK
2025-09-18,3004.969970703125,3143.6608924278844,2986.4778478064904,3143.6608924278844,99501600,TLKM.JK
2025-09-19,2986.477783203125,3051.200211941273,2921.755354464977,2967.985660706511,113834400,TLKM.JK
2025-09-22,2977.231689453125,3051.2001786320848,2949.493506011015,3051.2001786320848,53704700,TLKM.JK
2025-09-23,2949.49365234375,3014.216083586403,2894.01728270719,2995.7239603742164,40100300,TLKM.JK
2025-09-24,2921.75537109375,2949.493554996539,2912.5093097928207,2949.493554996539,37086500,TLKM.JK
2025-09-25,2884.771240234375,2958.739733573718,2875.525178566957,2921.7554869040464,37627500,TLKM.JK
2025-09-26,2875.525146484375,2921.755454305667,2857.0330233558584,2866.2790849201165,66789300,TLKM.JK
2025-09-29,2847.786865234375,2894.01717148818,2820.048681482092,2875.5250489866576,85911300,TLKM.JK
2025-09-30,2829.294921875,2903.2634165645427,2829.294921875,2857.033107383578,117025800,TLKM.JK
2025-10-01,2829.294921875,2866.279169219771,2829.294921875,2829.294921875,59779700,TLKM.JK
2025-10-02,2894.017333984375,2958.739766373802,2829.294901594948,2838.5409633648665,113431700,TLKM.JK
2025-10-03,2838.540771484375,2894.0171383537763,2820.0486491945744,2875.5250160639757,59116700,TLKM.JK
2025-10-06,2783.064453125,2857.032943573505,2736.834146594684,2847.786882267442,59707600,TLKM.JK
2025-10-07,2783.064453125,2820.0486983492524,2773.8183918189366,2801.556575737126,30353000,TLKM.JK
2025-10-08,2764.572265625,2810.802571070234,2718.341960179766,2801.5565099811874,66090700,TLKM.JK
2025-10-09,2783.064453125,2792.310514431063,2727.588085288621,2727.588085288621,54769300,TLKM.JK
2025-10-10,2810.802734375,2847.786980879934,2773.818487870066,2801.5566727487662,62254500,TLKM.JK
2025-10-13,2792.310546875,2838.5408539424666,2755.3263012210264,2792.310546875,46978500,TLKM.JK
2025-10-14,2736.834228515625,2838.5409059266785,2736.834228515625,2820.0487827610327,38518800,TLKM.JK
2025-10-15,2847.786865234375,2857.0329264851357,2727.588068974482,2773.818375228287,67503700,TLKM.JK
2025-10-16,2727.588134765625,2792.310565082097,2681.357827396716,2746.0802577131885,103687000,TLKM.JK
2025-10-17,2662.86572265625,2736.834214952257,2635.1275380452475,2727.588153415256,82482200,TLKM.JK
2025-10-20,2718.342041015625,2746.080225107621,2681.35779555963,2709.0959796516263,96029300,TLKM.JK
2025-10-21,3032.708251953125,3041.9543136968846,2746.0803378965797,2746.0803378965797,223104600,TLKM.JK
2025-10-22,2912.50927734375,2977.2317057291666,2884.77109375,2977.2317057291666,128796800,TLKM.JK
2025-10-23,3106.6767578125,3143.6610049293154,2931.0015840076267,2940.24764578683,218967200,TLKM.JK
2025-10-24,3041.9541015625,3180.6450180471124,3041.9541015625,3115.9225903542933,115104000,TLKM.JK
2025-10-27,3078.9384765625,3106.676661036036,3032.7081691066064,3069.692415071321,105683900,TLKM.JK
2025-10-28,3143.660888671875,3217.6293801700367,3023.462089987362,3078.9384586109836,143082100,TLKM.JK
2025-10-29,3041.9541015625,3134.414712552242,3023.4619793645516,3134.414712552242,93073800,TLKM.JK
2025-10-30,3004.969970703125,3060.4463393930287,2958.7396634615384,3041.954216496394,83523100,TLKM.JK
2025-10-31,2967.98583984375,3004.9700870692172,2912.509469005549,2958.739778037383,126790400,TLKM.JK
2025-11-03,3097.4306640625,3125.168849113806,2967.9858004897387,2967.9858004897387,107151300,TLKM.JK
2025-11-04,3236.12158203125,3319.336136997768,3106.67671875,3106.67671875,227450800,TLKM.JK
2025-11-05,3273.105712890625,3356.3202649132677,3245.3675288830773,3328.58208090572,182624300,TLKM.JK
2025-11-06,3217.62939453125,3282.3518248810165,3208.383333052712,3273.1057634024783,71766000,TLKM.JK
2025-11-07,3208.38330078125,3226.8754235523234,3162.1529938535664,3199.137239395713,58917900,TLKM.JK
2025-11-10,3180.64501953125,3282.351691667424,3180.64501953125,3226.8753250476925,88941900,TLKM.JK
2025-11-11,3254.613525390625,3263.859586542303,3208.3832196322355,3236.1214030872693,63130300,TLKM.JK
2025-11-12,3291.597900390625,3319.3360849444784,3245.3675928008693,3273.1057773547227,61339600,TLKM.JK
2025-11-13,3236.12158203125,3300.844013671875,3217.629458705357,3300.844013671875,57467900,TLKM.JK
2025-11-14,3282.351806640625,3291.5978680677817,3245.367560931998,3263.8596837863115,55079600,TLKM.JK
2025-11-17,3337.828125,3356.3202475761773,3291.597818559557,3300.8438798476454,76833800,TLKM.JK
2025-11-18,3347.07421875,3356.3202801277625,3273.1057277279006,3337.8281573722375,97747000,TLKM.JK
2025-11-19,3374.8125,3411.7967465753427,3347.0743150684934,3347.0743150684934,109911100,TLKM.JK
2025-11-20,3365.56640625,3384.058529361264,3347.074283138736,3374.812467805632,52200700,TLKM.JK
2025-11-21,3236.12158203125,3337.8282603236607,3199.1373353794643,3319.336136997768,93181600,TLKM.JK
2025-11-24,3421.042724609375,3421.042724609375,3273.1057419235644,3291.5978647592906,241304000,TLKM.JK
2025-11-25,3374.8125,3411.7967465753427,3291.59794520548,3411.7967465753427,84816600,TLKM.JK
2025-11-26,3439.534912109375,3439.534912109375,3328.582173009073,3328.582173009073,111114600,TLKM.JK
2025-11-27,3300.843994140625,3421.0427950477065,3291.597932532388,3421.0427950477065,48436500,TLKM.JK
2025-11-28,3245.36767578125,3356.3204168336006,3236.1216140268875,3328.5822315705127,70943000,TLKM.JK
2025-12-01,3374.8125,3374.8125,3254.613698630137,3263.859760273973,89045500,TLKM.JK
2025-12-02,3291.597900390625,3393.304577088088,3291.597900390625,3384.058515570137,62155900,TLKM.JK
2025-12-03,3310.090087890625,3374.8125197767545,3310.090087890625,3319.3361495886434,60429900,TLKM.JK
2025-12-04,3356.3203125,3384.0584969008264,3310.0900051652893,3384.0584969008264,38947500,TLKM.JK
2025-12-05,3421.042724609375,3421.042724609375,3337.8281718486064,3356.320294684333,50641400,TLKM.JK
2025-12-08,3356.3203125,3421.0427427685954,3328.5821280991736,3421.0427427685954,64911000,TLKM.JK
2025-12-09,3300.843994140625,3374.812487006521,3254.6136860994397,3374.812487006521,94381800,TLKM.JK
2025-12-10,3365.56640625,3421.0427755837914,3319.3360984718406,3347.074283138736,68644900,TLKM.JK
2025-12-11,3300.843994140625,3411.79673343947,3236.121562882966,3393.3046102229955,84823100,TLKM.JK
2025-12-12,3282.351806640625,3356.3202980578785,3236.1214995048413,3356.3202980578785,67076200,TLKM.JK
2025-12-15,3208.38330078125,3291.597853251081,3199.137239395713,3282.351791865544,121707400,TLKM.JK
2025-12-16,3254.613525390625,3282.351708845659,3208.3832196322355,3226.875341935591,120576700,TLKM.JK
2025-12-17,3236.12158203125,3319.336136997768,3226.8755203683036,3273.1058286830357,118452300,TLKM.JK
2025-12-18,3199.13720703125,3310.089942535224,3199.13720703125,3273.1056973672326,111042200,TLKM.JK
2025-12-19,3152.906982421875,3254.613659274193,3134.414859357817,3254.613659274193,236770700,TLKM.JK
2025-12-22,3208.38330078125,3226.8754235523234,3162.1529938535664,3180.6451166246397,113720300,TLKM.JK
2025-12-23,3208.38330078125,3208.38330078125,3162.1529938535664,3208.38330078125,39083700,TLKM.JK
2025-12-24,3199.13720703125,3236.1214521992415,3180.6450844472542,3217.6293296152458,30919800,TLKM.JK
2025-12-29,3226.87548828125,3263.859734565276,3199.137303568231,3217.629426710244,53079900,TLKM.JK
2025-12-30,3217.62939453125,3245.367578966864,3217.62939453125,3226.875456009788,48019100,TLKM.JK
2026-01-02,3208.38330078125,3245.367546323397,3189.8911780101766,3245.367546323397,34812500,TLKM.JK
2026-01-05,3310.090087890625,3319.3361495886434,3217.62947091044,3226.8755326084583,77224000,TLKM.JK
2026-01-06,3254.613525390625,3328.5820146040483,3226.875341935591,3328.5820146040483,77477100,TLKM.JK
2026-01-07,3273.105712890625,3282.351774226474,3236.121467547228,3273.105712890625,60466200,TLKM.JK
2026-01-08,3263.859619140625,3310.089925360747,3254.613557896601,3273.1056803846495,61219400,TLKM.JK
2026-01-09,3189.89111328125,3291.5977864583333,3189.89111328125,3282.3517252604165,82708700,TLKM.JK
2026-01-12,3254.613525390625,3263.859586542303,3199.1371584805574,3208.3832196322355,89165400,TLKM.JK
2026-01-13,3347.07421875,3384.0584642610497,3282.351789105663,3328.5820959944754,129812000,TLKM.JK
2026-01-14,3374.8125,3421.0428082191784,3337.8282534246578,3411.7967465753427,98179400,TLKM.JK
2026-01-15,3384.05859375,3402.5507172131147,3337.828285092213,3374.8125320184427,83981800,TLKM.JK
2026-01-19,3347.07421875,3356.3202801277625,3226.8754208390883,3319.336034616713,147127900,TLKM.JK
2026-01-20,3328.58203125,3402.5505208333334,3282.3517252604165,3282.3517252604165,89987800,TLKM.JK
2026-01-21,3328.58203125,3421.0426432291665,3300.8438476562496,3393.3044596354166,104120400,TLKM.JK
2026-01-22,3458.027099609375,3504.257408427682,3384.0586055000836,3393.304667263745,149259700,TLKM.JK
2026-01-23,3485.76513671875,3513.5033208305704,3448.780891236323,3504.2572594599637,109079700,TLKM.JK
2026-01-26,3559.733642578125,3559.733642578125,3467.2730284851864,3495.0112127130683,91258600,TLKM.JK
2026-01-27,3642.9482421875,3689.1785498294735,3448.780950091212,3559.733688431948,161704800,TLKM.JK
2026-01-28,3208.38330078125,3513.5033265039624,3134.414809696956,3513.5033265039624,439277400,TLKM.JK
2026-01-29,3189.89111328125,3236.121419270833,2866.2789713541665,3162.1529296874996,582049700,TLKM.JK
2026-01-30,3328.58203125,3458.026888020833,3273.1056640624997,3282.3517252604165,332372800,TLKM.JK
2026-02-02,3236.12158203125,3421.0428152901786,3171.399150390625,3393.3046303013393,157041400,TLKM.JK
2026-02-03,3189.89111328125,3282.3517252604165,3162.1529296874996,3273.1056640624997,155611200,TLKM.JK
2026-02-04,3078.9384765625,3180.6451529654655,3014.2160461242493,3162.153029983108,215692700,TLKM.JK
2026-02-05,3041.9541015625,3106.676529255319,3014.2159182655773,3097.430468156345,148908600,TLKM.JK
2026-02-06,3125.168701171875,3134.4147624179454,3023.462027465098,3060.4462724493806,137552600,TLKM.JK
2026-02-09,3097.4306640625,3171.3991575326495,3088.1846023787316,3171.3991575326495,109053400,TLKM.JK
2026-02-10,3143.660888671875,3171.399072983686,3106.676642922794,3125.168765797335,129254100,TLKM.JK
2026-02-11,3263.859619140625,3263.859619140625,3162.1529454563565,3171.3990067003806,151785400,TLKM.JK
2026-02-12,3291.597900390625,3291.597900390625,3208.383346729064,3236.121531282918,114656400,TLKM.JK
2026-02-13,3189.89111328125,3282.3517252604165,3180.645052083333,3273.1056640624997,102244000,TLKM.JK
2026-02-18,3226.87548828125,3245.367611423263,3199.137303568231,3208.3833651392374,82797000,TLKM.JK
2026-02-19,3217.62939453125,3236.121517488326,3199.1372715741736,3236.121517488326,70690600,TLKM.JK
2026-02-20,3217.62939453125,3245.367578966864,3171.3990871385595,3226.875456009788,75231500,TLKM.JK
2026-02-23,3282.351806640625,3282.351806640625,3217.6293766505282,3217.6293766505282,59621900,TLKM.JK
2026-02-24,3310.090087890625,3328.5822112866617,3245.367656004495,3328.5822112866617,119024300,TLKM.JK
2026-02-25,3328.58203125,3384.0583984375,3310.0899088541664,3310.0899088541664,66237300,TLKM.JK
2026-02-26,3374.8125,3374.8125,3245.3676369863015,3291.59794520548,111136200,TLKM.JK
2026-02-27,3273.105712890625,3356.3202649132677,3263.8596515547756,3356.3202649132677,140862100,TLKM.JK
2026-03-02,3189.89111328125,3226.8753580729167,3152.9068684895833,3180.645052083333,80022100,TLKM.JK
2026-03-03,3189.89111328125,3263.8596028645834,3180.645052083333,3254.6135416666666,125403800,TLKM.JK
2026-03-04,2958.73974609375,3189.891288757324,2875.5251907348634,3171.399165344238,206478300,TLKM.JK
2026-03-05,3014.216064453125,3097.430618379745,2967.985756716114,3051.2003106427337,137853600,TLKM.JK
2026-03-06,2949.49365234375,3041.9542684046824,2940.2475907376565,3023.462145192496,84932600,TLKM.JK
2026-03-09,2866.279052734375,2921.755421496976,2773.8184381300402,2921.755421496976,126776600,TLKM.JK
2026-03-10,2736.834228515625,2912.509398589263,2709.096043767156,2884.7712138407937,288339600,TLKM.JK
2026-03-11,2773.818359375,2792.310481770833,2709.0959309895834,2773.818359375,209073500,TLKM.JK
2026-03-12,2792.310546875,2829.2947925289736,2755.3263012210264,2792.310546875,100856000,TLKM.JK
2026-03-13,2746.080322265625,2820.0488157946656,2699.850013809975,2801.5566924124055,102546800,TLKM.JK
2026-03-16,2736.834228515625,2755.3263516812713,2616.635427938925,2746.080290098448,95426400,TLKM.JK
2026-03-17,2820.048828125,2820.048828125,2736.8342725409834,2820.048828125,164842700,TLKM.JK
2026-03-25,3051.2001953125,3051.2001953125,2894.0171549479164,2903.263216145833,228354400,TLKM.JK
2026-03-26,2931.00146484375,3014.2160174733835,2894.01721923058,2995.723894666798,130477500,TLKM.JK
2026-03-27,2820.048828125,2921.7555071721313,2820.048828125,2912.5094454405735,72337500,TLKM.JK
2026-03-30,2810.802734375,2875.525165758635,2801.5566727487662,2820.0487960012338,115529200,TLKM.JK
2026-03-31,2829.294921875,2894.01735472835,2810.802798202614,2894.01735472835,95463800,TLKM.JK
2026-04-01,2912.50927734375,2912.50927734375,2866.2789713541665,2912.50927734375,68303100,TLKM.JK
2026-04-02,2894.017333984375,2921.7555192941295,2847.7870251347845,2912.5094575242115,56283200,TLKM.JK
2026-04-06,2921.75537109375,2958.7396162974683,2866.2790032881726,2958.7396162974683,37192400,TLKM.JK
2026-04-07,2866.279052734375,2921.755421496976,2829.294806892641,2912.5093600365426,49528200,TLKM.JK
2026-04-08,2921.75537109375,2940.247493695609,2875.525064589102,2912.5093097928207,78411200,TLKM.JK
2026-04-09,2949.49365234375,2949.49365234375,2884.771221101097,2931.0015291315635,58857300,TLKM.JK
2026-04-10,2967.98583984375,2977.231901650117,2931.0015926182828,2949.493716231016,70335700,TLKM.JK
2026-04-13,2949.49365234375,2958.739713949843,2894.01728270719,2894.01728270719,77410000,TLKM.JK
2026-04-14,2884.771240234375,2958.739733573718,2875.525178566957,2949.4936719063003,92852900,TLKM.JK
2026-04-15,2857.032958984375,2912.509327119994,2829.2947749165655,2884.7711430521845,89181500,TLKM.JK
2026-04-16,2884.771240234375,2912.5094252366284,2866.279116899539,2866.279116899539,57013000,TLKM.JK
2026-04-17,2866.279052734375,2912.5093600365426,2847.7869298135083,2884.771175655242,96349500,TLKM.JK
2026-04-20,2866.279052734375,2921.755421496976,2820.048745432208,2894.0172371156755,142308900,TLKM.JK
2026-04-21,2783.064453125,2838.540820961379,2755.3262692068106,2820.0486983492524,137586500,TLKM.JK
2026-04-22,2773.818359375,2801.55654296875,2764.572298177083,2783.0644205729163,57088500,TLKM.JK
2026-04-23,2662.86572265625,2792.310584174262,2662.86572265625,2783.0645226372612,164145000,TLKM.JK
2026-04-24,2598.143310546875,2718.3421113906807,2542.666940926657,2662.8657417704626,254588000,TLKM.JK
2026-04-27,2616.635498046875,2635.1276217079835,2598.1433743857665,2635.1276217079835,77838700,TLKM.JK
2026-04-28,2607.389404296875,2607.389404296875,2542.6669722753213,2579.6512191447805,146311100,TLKM.JK
2026-04-29,2653.61962890625,2662.8656903310107,2588.897198932927,2607.389321782448,144598700,TLKM.JK
2026-04-30,2598.143310546875,2653.619680167093,2598.143310546875,2644.373618563723,134260800,TLKM.JK
2026-05-04,2672.11181640625,2672.11181640625,2625.8815081639273,2625.8815081639273,81120300,TLKM.JK
2026-05-05,2662.86572265625,2718.3420918782554,2653.619661119249,2690.6039072672525,71127200,TLKM.JK
2026-05-06,2681.35791015625,2690.6039719154096,2653.6197248787716,2672.1118483970904,82205900,TLKM.JK
2026-05-07,2709.095947265625,2755.3262535329563,2699.8498860121585,2727.5880697725574,102205600,TLKM.JK
2026-05-08,2736.834228515625,2773.818474846917,2681.3578590186867,2709.096043767156,102107300,TLKM.JK
2026-05-11,2736.834228515625,2783.06453642974,2699.849982184333,2764.5724132640944,58491000,TLKM.JK
2026-05-12,2727.588134765625,2773.8184421345336,2644.373581501589,2773.8184421345336,91619700,TLKM.JK
2026-05-13,2736.834228515625,2746.080290098448,2699.849982184333,2727.588166932802,62623700,TLKM.JK
2026-05-14,2736.834228515625,2736.834228515625,2736.834228515625,2736.834228515625,0,TLKM.JK
2026-05-15,2736.834228515625,2736.834228515625,2736.834228515625,2736.834228515625,0,TLKM.JK
2026-05-18,2847.786865234375,2847.786865234375,2644.3735177176336,2690.6038239714385,148994300,TLKM.JK
2026-05-19,2847.786865234375,2894.01717148818,2801.55655898057,2847.786865234375,147808100,TLKM.JK
2026-05-20,2866.279052734375,2949.4936058782764,2866.279052734375,2894.0172371156755,191400600,TLKM.JK
2026-05-21,2773.818359375,2884.77109375,2727.5880533854165,2866.2789713541665,141907000,TLKM.JK
2026-05-22,2699.849853515625,2783.064403795216,2635.1274255203875,2773.8183426530395,138085300,TLKM.JK
2026-05-25,2709.095947265625,2736.834131026024,2653.619579744827,2662.8656409982937,88999600,TLKM.JK
2026-05-26,2857.032958984375,2866.2790203403115,2718.3420386453276,2727.588100001264,136083800,TLKM.JK
2026-05-27,2857.032958984375,2857.032958984375,2857.032958984375,2857.032958984375,0,TLKM.JK
2026-05-28,2857.032958984375,2857.032958984375,2857.032958984375,2857.032958984375,0,TLKM.JK
2026-05-29,2801.556640625,2931.0015019080033,2681.357840862211,2681.357840862211,835364400,TLKM.JK
2026-06-02,2727.588134765625,2792.310565082097,2690.603888870498,2764.572380660752,242446000,TLKM.JK
2026-06-03,2635.12744140625,2727.5880533854165,2635.12744140625,2681.357747395833,168085400,TLKM.JK
2026-06-04,2681.35791015625,2727.5882189520476,2477.9445514547415,2681.35791015625,197151900,TLKM.JK
2026-06-05,2551.912841796875,2709.0958791539288,2551.912841796875,2681.3576960909195,105040300,TLKM.JK
2026-06-08,2172.824462890625,2450.206309217088,2172.824462890625,2422.4681245844417,331947700,TLKM.JK
2026-06-09,2422.468017578125,2422.468017578125,2320.761345084387,2320.761345084387,371055600,TLKM.JK
2026-06-10,2598.143310546875,2598.143310546875,2311.5154008424156,2311.5154008424156,391732600,TLKM.JK
2026-06-11,2653.61962890625,2746.0802431538546,2598.1432603576873,2653.61962890625,274793100,TLKM.JK
2026-06-12,2644.37353515625,2755.3262708970715,2644.37353515625,2690.6038417149257,181531900,TLKM.JK
2026-06-15,2709.095947265625,2746.0801922794903,2672.1117022517597,2681.357763505226,156789000,TLKM.JK
2026-06-17,2736.834228515625,2801.5566595953865,2718.3421053499787,2727.588166932802,200799700,TLKM.JK
2026-06-18,2780.0,2800.0,2670.0,2800.0,210813900,TLKM.JK
2026-06-19,2580.0,2710.0,2580.0,2700.0,374544500,TLKM.JK
2026-06-22,2510.0,2590.0,2500.0,2580.0,194270900,TLKM.JK
2026-06-23,2540.0,2610.0,2500.0,2500.0,173184800,TLKM.JK
2026-06-24,2500.0,2590.0,2480.0,2570.0,173348900,TLKM.JK
2026-06-25,2500.0,2540.0,2500.0,2530.0,94937900,TLKM.JK
2026-06-26,2480.0,2480.0,2370.0,2420.0,220918000,TLKM.JK
2026-06-29,2410.0,2470.0,2410.0,2470.0,124858100,TLKM.JK
2026-06-30,2350.0,2400.0,2350.0,2390.0,318664200,TLKM.JK
2026-07-01,2440.0,2450.0,2350.0,2380.0,111997100,TLKM.JK
2026-07-02,2450.0,2490.0,2420.0,2470.0,112046100,TLKM.JK
2026-07-03,2520.0,2540.0,2470.0,2480.0,83587600,TLKM.JK
2026-07-06,2480.0,2530.0,2470.0,2520.0,48614200,TLKM.JK
2026-07-07,2480.0,2480.0,2420.0,2460.0,119404100,TLKM.JK
2026-07-08,2510.0,2540.0,2470.0,2480.0,98228500,TLKM.JK
2026-07-09,2510.0,2510.0,2450.0,2500.0,68742100,TLKM.JK
2026-07-10,2480.0,2500.0,2440.0,2480.0,129033800,TLKM.JK
2026-07-13,2510.0,2520.0,2460.0,2480.0,80358400,TLKM.JK
2026-07-14,2560.0,2600.0,2490.0,2500.0,118565500,TLKM.JK
2026-07-15,2520.0,2570.0,2490.0,2560.0,142706600,TLKM.JK
2026-07-16,2530.0,2560.0,2510.0,2520.0,56858100,TLKM.JK
2026-07-17,2660.0,2670.0,2540.0,2550.0,143963900,TLKM.JK
2026-07-20,2710.0,2750.0,2660.0,2670.0,146905500,TLKM.JK
2026-07-21,2750.0,2770.0,2700.0,2770.0,140279600,TLKM.JK
2026-07-22,2700.0,2730.0,2670.0,2730.0,122114100,TLKM.JK
2026-07-23,2650.0,2710.0,2650.0,2710.0,91296700,TLKM.JK
2026-07-24,2630.0,2630.0,2580.0,2600.0,92442500,TLKM.JK
2026-07-27,2590.0,2670.0,2560.0,2670.0,60467000,TLKM.JK
2026-07-28,2560.0,2620.0,2560.0,2580.0,69694800,TLKM.JK
2026-07-29,2560.0,2610.0,2540.0,2560.0,76414900,TLKM.JK
2026-07-30,2670.0,2670.0,2590.0,2600.0,103302600,TLKM.JK
2026-07-31,2630.0,2680.0,2600.0,2670.0,91987400,TLKM.JK
2026-08-03,2740.0,2740.0,2600.0,2600.0,112278700,TLKM.JK
2026-08-04,2790.0,2790.0,2710.0,2740.0,90753600,TLKM.JK
2026-08-05,2710.0,2780.0,2700.0,2780.0,109494500,TLKM.JK
2026-08-06,2650.0,2720.0,2650.0,2710.0,138223900,TLKM.JK
2026-08-07,2710.0,2720.0,2650.0,2650.0,66412400,TLKM.JK
2026-08-10,2620.0,2730.0,2620.0,2720.0,93974000,TLKM.JK
2026-08-11,2610.0,2650.0,2570.0,2640.0,84124100,TLKM.JK
2026-08-12,2590.0,2620.0,2570.0,2610.0,120373100,TLKM.JK
2026-08-13,2590.0,2610.0,2570.0,2600.0,76115000,TLKM.JK
2026-08-14,2620.0,2630.0,2590.0,2600.0,80799200,TLKM.JK
2026-08-18,2600.0,2640.0,2600.0,2640.0,80089000,TLKM.JK
2026-08-19,2600.0,2610.0,2580.0,2600.0,45580300,TLKM.JK
2026-08-20,2610.0,2620.0,2590.0,2610.0,86747700,TLKM.JK
2026-08-21,2610.0,2640.0,2610.0,2610.0,72276500,TLKM.JK
2026-08-24,2620.0,2640.0,2600.0,2620.0,46321100,TLKM.JK
2026-08-25,2620.0,2620.0,2620.0,2620.0,0,TLKM.JK
2026-08-26,2600.0,2630.0,2590.0,2630.0,82579200,TLKM.JK
2026-08-27,2610.0,2610.0,2550.0,2590.0,115845900,TLKM.JK
2026-08-28,2570.0,2620.0,2570.0,2620.0,78958600,TLKM.JK
2026-08-31,2600.0,2600.0,2560.0,2570.0,204591800,TLKM.JK
2026-09-01,2610.0,2630.0,2590.0,2600.0,82430900,TLKM.JK
2026-09-02,2590.0,2610.0,2560.0,2600.0,105899600,TLKM.JK
2026-09-03,2600.0,2610.0,2580.0,2600.0,76989700,TLKM.JK
2026-09-04,2610.0,2630.0,2590.0,2610.0,84953700,TLKM.JK
