Date,Close,High,Low,Open,Volume,Ticker
2021-01-04,5644.025390625,5662.90172972408,5549.643695129598,5625.149051525919,8203000,UNVR.JK
2021-01-05,5568.51953125,5662.901218220339,5568.51953125,5644.024880826271,11869900,UNVR.JK
2021-01-06,5436.38525390625,5587.395955403646,5417.508916219076,5568.519617716472,24431200,UNVR.JK
2021-01-07,5436.38525390625,5474.1379292806,5379.756240844727,5436.38525390625,14692600,UNVR.JK
2021-01-08,5417.509765625,5493.015128212108,5379.757084331446,5474.138787565331,24667000,UNVR.JK
2021-01-11,5436.38525390625,5549.643280029297,5360.879903157553,5417.508916219076,25591700,UNVR.JK
2021-01-12,5360.88037109375,5493.01474643761,5360.88037109375,5474.138407102772,20896700,UNVR.JK
2021-01-13,5304.2509765625,5436.385342526691,5285.374638567616,5436.385342526691,28188400,UNVR.JK
2021-01-14,5285.375,5342.004017857143,5285.375,5304.2513392857145,27720000,UNVR.JK
2021-01-15,5247.62255859375,5323.127919149056,5228.746218454924,5285.375238871403,18780400,UNVR.JK
2021-01-18,5662.90283203125,5681.7791748046875,5209.87060546875,5247.623291015625,44943900,UNVR.JK
2021-01-19,5719.5302734375,6040.428011551155,5681.7775983653055,5889.417311262376,108575300,UNVR.JK
2021-01-20,5587.396484375,5795.036218591638,5530.76746595228,5738.407200168919,34817000,UNVR.JK
2021-01-21,5530.767578125,5662.9019571245735,5530.767578125,5587.396597696245,16702700,UNVR.JK
2021-01-22,5493.0146484375,5587.396343427835,5455.261970441366,5568.520004429768,14718800,UNVR.JK
2021-01-25,5474.13818359375,5530.767199286099,5304.251136516703,5493.014522157867,17025000,UNVR.JK
2021-01-26,5474.13818359375,5644.025230670797,5417.509167901401,5493.014522157867,17948000,UNVR.JK
2021-01-27,5379.75634765625,5549.643390213816,5323.127333470395,5530.767052151865,14628000,UNVR.JK
2021-01-28,5342.00439453125,5417.509756998123,5228.746350830941,5360.880735147968,20723700,UNVR.JK
2021-01-29,5228.74658203125,5455.2626794477665,5209.870240579874,5342.004630739509,36432100,UNVR.JK
2021-02-01,5304.2509765625,5360.879990547153,5134.363934608541,5209.8692865880785,15324400,UNVR.JK
2021-02-02,5285.375,5379.756696428572,5247.622321428572,5360.880357142857,11678200,UNVR.JK
2021-02-03,5417.509765625,5530.767809505662,5285.375381097561,5360.880743684669,16730800,UNVR.JK
2021-02-04,5511.89111328125,5530.767452710295,5417.509416136023,5474.138434423159,17606900,UNVR.JK
2021-02-05,5455.2626953125,5549.644402843858,5436.386353806229,5530.768061337587,11295000,UNVR.JK
2021-02-08,5360.88037109375,5474.138407102772,5360.88037109375,5455.262067767935,14010900,UNVR.JK
2021-02-09,5360.88037109375,5417.509389098262,5304.251353089238,5398.633049763424,10394200,UNVR.JK
2021-02-10,5398.6328125,5398.6328125,5304.251119973776,5398.6328125,6019200,UNVR.JK
2021-02-11,5417.509765625,5417.509765625,5360.880743684669,5417.509765625,3700200,UNVR.JK
2021-02-15,5323.1279296875,5417.509630568485,5304.251589511304,5417.509630568485,8252200,UNVR.JK
2021-02-16,5304.2509765625,5360.879990547153,5285.374638567616,5360.879990547153,11529000,UNVR.JK
2021-02-17,5360.88037109375,5360.88037109375,5266.498674419564,5285.375013754401,6980200,UNVR.JK
2021-02-18,5266.4990234375,5360.880726366488,5266.4990234375,5342.0043857806895,11085900,UNVR.JK
2021-02-19,5247.62255859375,5266.498898732577,5209.869878316097,5266.498898732577,8791400,UNVR.JK
2021-02-22,5190.99267578125,5285.374360795455,5190.99267578125,5266.498023792614,14949100,UNVR.JK
2021-02-23,5172.1162109375,5228.745220546305,5134.363537864963,5209.868884010037,12860600,UNVR.JK
2021-02-24,5172.1162109375,5247.621557082573,5172.1162109375,5172.1162109375,10340700,UNVR.JK
2021-02-25,5115.48828125,5209.869983856089,5096.611940728782,5172.117302813654,14021800,UNVR.JK
2021-02-26,5285.375,5285.375,5039.982589285714,5096.611607142857,26873400,UNVR.JK
2021-03-01,5153.24072265625,5285.375100160257,5134.36438301282,5285.375100160257,13054100,UNVR.JK
2021-03-02,5153.24072265625,5172.11706229968,5077.735364082532,5153.24072265625,17348900,UNVR.JK
2021-03-03,5190.99267578125,5209.869012784091,5115.487327769886,5153.240001775568,8276700,UNVR.JK
2021-03-04,5077.7353515625,5190.99338914382,5077.7353515625,5190.99338914382,10778200,UNVR.JK
2021-03-05,5077.7353515625,5096.611691159387,5039.982672368727,5058.859011965614,6029300,UNVR.JK
2021-03-08,5021.10595703125,5134.363986137218,5002.229618846922,5134.363986137218,10141900,UNVR.JK
2021-03-09,4945.60107421875,5058.859114086355,4888.972054284947,5058.859114086355,18687300,UNVR.JK
2021-03-10,4964.4775390625,5002.230219967918,4926.724858157082,4964.4775390625,6458000,UNVR.JK
2021-03-12,5058.85888671875,5058.85888671875,4964.477191071012,4964.477191071012,6978300,UNVR.JK
2021-03-15,4964.4775390625,5077.735581778755,4964.4775390625,5058.859241326046,12546500,UNVR.JK
2021-03-16,4945.60107421875,5021.106434130486,4926.724734240815,4964.477414196684,12107300,UNVR.JK
2021-03-17,4888.97119140625,4983.352874638032,4888.97119140625,4945.600201345319,10231700,UNVR.JK
2021-03-18,4983.353515625,4983.353515625,4907.848159327651,4907.848159327651,12740200,UNVR.JK
2021-03-19,5096.61181640625,5096.61181640625,4926.724755859374,4983.353776041667,24004400,UNVR.JK
2021-03-22,5058.85888671875,5115.487904107393,5039.982547589203,5096.611564977846,6044900,UNVR.JK
2021-03-23,5096.61181640625,5134.364496527777,5039.982796223958,5039.982796223958,8836500,UNVR.JK
2021-03-24,4964.4775390625,5096.611922231464,4945.601198609791,5077.735581778755,11037200,UNVR.JK
2021-03-25,5021.10595703125,5021.10595703125,4907.8479279252815,4983.3532806625935,10704500,UNVR.JK
2021-03-26,4983.353515625,5058.858871922348,4983.353515625,5021.106193773674,5548000,UNVR.JK
2021-03-29,5077.7353515625,5115.4880307562735,4964.4773139811805,4983.353653578067,11959200,UNVR.JK
2021-03-30,4945.60107421875,5077.735454064289,4926.724734240815,5058.859114086355,14708700,UNVR.JK
2021-03-31,4964.4775390625,4983.353879515209,4870.095836798954,4983.353879515209,14361800,UNVR.JK
2021-04-01,5002.22998046875,5058.858999115566,4926.724622272995,4964.477301370873,9105000,UNVR.JK
2021-04-05,4888.97119140625,5002.229211284387,4888.97119140625,5002.229211284387,5799200,UNVR.JK
2021-04-06,4888.97119140625,4926.723864698963,4870.094854759894,4907.847528052606,5009900,UNVR.JK
2021-04-07,4926.72412109375,4945.600458722462,4870.095108207615,4888.971445836327,5096500,UNVR.JK
2021-04-08,4983.353515625,5134.364228219697,4926.724498401988,4926.724498401988,10879400,UNVR.JK
2021-04-09,4888.97119140625,5002.229211284387,4888.97119140625,4983.352874638032,9479200,UNVR.JK
2021-04-12,4775.7138671875,4945.600921751482,4756.837527791502,4907.848242959486,15823700,UNVR.JK
2021-04-13,4700.208984375,4794.5906908885545,4643.579960466867,4794.5906908885545,12975200,UNVR.JK
2021-04-14,4756.83740234375,4775.71374124194,4700.208385649182,4719.0847245473715,5450700,UNVR.JK
2021-04-15,4832.3427734375,4832.3427734375,4700.208400726318,4756.837417602539,8910100,UNVR.JK
2021-04-16,4775.7138671875,4870.09556416749,4719.084848999506,4832.342885375494,7481000,UNVR.JK
2021-04-19,4756.83740234375,4813.466419038318,4700.208385649182,4794.590080140129,7032700,UNVR.JK
2021-04-20,4700.208984375,4756.838008283133,4643.579960466867,4756.838008283133,13695800,UNVR.JK
2021-04-21,4605.82568359375,4681.331022669057,4605.82568359375,4643.578353131404,14082200,UNVR.JK
2021-04-22,4624.70263671875,4643.57897401148,4586.949962133291,4605.82629942602,12095300,UNVR.JK
2021-04-23,4586.95068359375,4643.579704378858,4549.198003070345,4643.579704378858,11471100,UNVR.JK
2021-04-26,4624.70263671875,4681.331648596939,4586.949962133291,4586.949962133291,8628200,UNVR.JK
2021-04-27,4549.19677734375,4681.331123573651,4549.19677734375,4681.331123573651,10560300,UNVR.JK
2021-04-28,4586.95068359375,4586.95068359375,4530.321662808642,4549.198003070345,9453200,UNVR.JK
2021-04-29,4568.07275390625,4624.701754987733,4530.320086518595,4605.825421293905,21365800,UNVR.JK
2021-04-30,4530.32080078125,4605.826147460938,4473.691790771484,4568.073474121094,22253900,UNVR.JK
2021-05-03,4454.81640625,4530.321769067797,4454.81640625,4530.321769067797,11454300,UNVR.JK
2021-05-04,4341.55810546875,4492.568822180707,4303.805426290761,4454.816143002718,27736500,UNVR.JK
2021-05-05,4360.43408203125,4454.815772118507,4322.681405996347,4341.557744013799,23481700,UNVR.JK
2021-05-06,4190.546875,4360.4339104729725,4190.546875,4341.557573198198,41445900,UNVR.JK
2021-05-07,4171.67041015625,4247.175756946408,4152.79407345871,4190.546746853789,32723800,UNVR.JK
2021-05-10,4303.8046875,4435.93904194079,4190.546669407895,4190.546669407895,42701900,UNVR.JK
2021-05-11,4247.17578125,4398.186475694444,4228.299444444444,4266.052118055555,28767800,UNVR.JK
2021-05-17,4228.2998046875,4322.681496756418,4152.794451032366,4266.0524815150675,20202700,UNVR.JK
2021-05-18,4209.423828125,4266.052848234305,4171.67114805213,4266.052848234305,12773900,UNVR.JK
2021-05-19,4115.04150390625,4190.546852601778,4096.165166732368,4190.546852601778,16176000,UNVR.JK
2021-05-20,4247.17578125,4247.17578125,4115.041423611111,4115.041423611111,20439300,UNVR.JK
2021-05-21,4209.423828125,4284.929188270739,4190.547488088565,4266.052848234305,12760600,UNVR.JK
2021-05-24,4322.68115234375,4341.557489253549,4209.423130884962,4266.0521416143565,19589000,UNVR.JK
2021-05-25,4284.92822265625,4341.55723000413,4209.422879525743,4341.55723000413,23086400,UNVR.JK
2021-05-27,4398.1865234375,4417.062860447961,4284.928501374731,4322.6811753956545,53308600,UNVR.JK
2021-05-28,4360.43408203125,4417.063096083604,4247.176053926542,4417.063096083604,26276900,UNVR.JK
2021-05-31,4417.06298828125,4417.06298828125,4303.804962940705,4360.4339756109775,17773400,UNVR.JK
2021-06-02,4417.06298828125,4530.321013621795,4322.681300497462,4530.321013621795,31109000,UNVR.JK
2021-06-03,4360.43408203125,4379.310420048701,4284.928729961445,4379.310420048701,21195800,UNVR.JK
2021-06-04,4266.05224609375,4360.433932954231,4266.05224609375,4360.433932954231,15902700,UNVR.JK
2021-06-07,4247.17578125,4303.8047916666665,4247.17578125,4266.052118055555,18097900,UNVR.JK
2021-06-08,4208.74072265625,4285.61269932577,4189.52272848887,4285.61269932577,18894700,UNVR.JK
2021-06-09,4074.21435546875,4227.958293410968,4035.778370983196,4208.74030116819,41615400,UNVR.JK
2021-06-10,4074.21435546875,4170.3043166826355,4054.9963632259733,4131.868332197082,22243100,UNVR.JK
2021-06-11,4112.650390625,4112.650390625,4016.5604282272197,4074.214405665888,23436200,UNVR.JK
2021-06-14,4035.778564453125,4131.8685302734375,4035.778564453125,4112.650537109375,11521500,UNVR.JK
2021-06-15,3978.123779296875,4035.777747112772,3939.687800752944,4016.559757840806,26706500,UNVR.JK
2021-06-16,3997.342041015625,4054.9960127610425,3920.4700786884014,3958.906059852013,23034600,UNVR.JK
2021-06-17,3901.252685546875,3978.124659646321,3901.252685546875,3978.124659646321,19772100,UNVR.JK
2021-06-18,3766.7265625,3901.2525111607147,3766.7265625,3901.2525111607147,57214300,UNVR.JK
2021-06-21,3920.470703125,3958.906690410539,3620.670002297794,3689.8547794117644,34387400,UNVR.JK
2021-06-22,3882.033447265625,3939.6874093537285,3843.597472540223,3920.469421991027,17867700,UNVR.JK
2021-06-23,3835.911376953125,3920.4705455833546,3835.911376953125,3882.034559842341,9268200,UNVR.JK
2021-06-24,3812.85009765625,3882.0348776540445,3812.8500976562495,3835.911690988848,5114800,UNVR.JK
2021-06-25,3843.598388671875,3862.8163806152343,3805.162404785156,3862.8163806152343,13206100,UNVR.JK
2021-06-28,3862.816650390625,3920.4706302472014,3766.7266839629974,3862.816650390625,15756100,UNVR.JK
2021-06-29,3843.598388671875,3958.906340332031,3812.8496015625,3920.4703564453125,17471600,UNVR.JK
2021-06-30,3805.162109375,3843.598090277778,3805.162109375,3843.598090277778,13308000,UNVR.JK
2021-07-01,4016.561279296875,4035.779275848535,3805.1633172286183,3805.1633172286183,24688000,UNVR.JK
2021-07-02,3958.90576171875,3997.3417399878645,3901.251794315079,3997.3417399878645,22708800,UNVR.JK
2021-07-05,3805.162109375,3958.9060329861113,3797.4749131944445,3958.9060329861113,20589900,UNVR.JK
2021-07-06,3843.598388671875,3862.8163806152343,3789.788011230469,3812.8496015625,11307700,UNVR.JK
2021-07-07,3789.78857421875,3828.224563815289,3766.7269804608263,3812.850167976673,19448300,UNVR.JK
2021-07-08,3735.977294921875,3812.849255722737,3735.977294921875,3805.1620596426505,14979500,UNVR.JK
2021-07-09,3759.03955078125,3759.03955078125,3697.5419712183666,3728.2907609998083,13202300,UNVR.JK
2021-07-12,3862.816650390625,3901.252636961676,3766.7266839629974,3766.7266839629974,27418800,UNVR.JK
2021-07-13,3920.470703125,3997.342677696078,3862.816722196691,3920.470703125,29032400,UNVR.JK
2021-07-14,3920.470703125,3939.688696767769,3774.413951439951,3920.470703125,23386200,UNVR.JK
2021-07-15,3958.90576171875,3978.1237508533072,3862.8158160459648,3862.8158160459648,14978400,UNVR.JK
2021-07-16,3958.90576171875,3997.3417399878645,3882.033805180522,3958.90576171875,9184800,UNVR.JK
2021-07-19,3901.252685546875,3939.6886725965983,3862.816698497152,3920.470679071737,7018000,UNVR.JK
2021-07-21,3939.6884765625,3958.9064691310978,3882.034498856707,3901.252491425305,11283600,UNVR.JK
2021-07-22,3862.816650390625,3958.9066168182526,3843.5986571050994,3939.688623532727,20499500,UNVR.JK
2021-07-23,3689.85498046875,3812.850146484375,3689.85498046875,3812.850146484375,74486500,UNVR.JK
2021-07-26,3612.983154296875,3705.2295327044544,3612.983154296875,3689.855136303191,33290700,UNVR.JK
2021-07-27,3459.23876953125,3612.98271484375,3428.4899804687498,3612.98271484375,55131100,UNVR.JK
2021-07-28,3420.802490234375,3489.9872596997893,3397.74090041257,3459.2384732707164,17865300,UNVR.JK
2021-07-29,3328.55615234375,3428.489708880629,3328.55615234375,3420.802512223946,35079600,UNVR.JK
2021-07-30,3243.99658203125,3390.0533001795766,3243.99658203125,3374.678908795542,59329000,UNVR.JK
2021-08-02,3382.3671875,3382.3671875,3236.310422585227,3243.997620738636,47024900,UNVR.JK
2021-08-03,3366.992431640625,3436.177207633241,3359.305234308112,3382.3668263056506,25149400,UNVR.JK
2021-08-04,3328.55615234375,3397.740922253897,3305.494562373701,3382.366528940531,25519900,UNVR.JK
2021-08-05,3413.115966796875,3420.8031649202917,3274.7464005753804,3328.556787439295,47119200,UNVR.JK
2021-08-06,3397.740966796875,3443.8641473416287,3382.366573281957,3413.1153603117928,23050300,UNVR.JK
2021-08-09,3313.181396484375,3397.740550454974,3305.4942006688657,3390.053354639465,17401800,UNVR.JK
2021-08-10,3267.05908203125,3320.869466911765,3243.9974885110296,3305.4950712316177,20393900,UNVR.JK
2021-08-12,3236.309814453125,3328.5561749601025,3205.5610276174657,3297.807388124443,28977900,UNVR.JK
2021-08-13,3267.05908203125,3274.7462798713236,3236.310290670956,3251.684686351103,10076000,UNVR.JK
2021-08-16,3190.18701171875,3267.058987904744,3174.8126164815512,3259.3717902861445,17673100,UNVR.JK
2021-08-18,3251.684326171875,3290.1203111148047,3190.1867502631867,3205.5611442403588,32100800,UNVR.JK
2021-08-19,3159.43798828125,3274.745944057938,3151.7507912294705,3267.0587470061587,18192800,UNVR.JK
2021-08-20,3128.689208984375,3167.1251943527336,3113.314814837032,3144.0636031317185,12646500,UNVR.JK
2021-08-23,3121.001953125,3182.4995285560344,3097.9403623383623,3136.3763469827586,22533200,UNVR.JK
2021-08-24,3136.376220703125,3151.7506139418656,3105.6274342256434,3121.0018274643844,18406800,UNVR.JK
2021-08-25,3205.560791015625,3213.2479871571495,3151.7504180249553,3159.4376141664793,22682800,UNVR.JK
2021-08-26,3144.063232421875,3205.5608017602,3113.314447752712,3205.5608017602,19988900,UNVR.JK
2021-08-27,3097.9404296875,3128.689218071495,3082.5660354955025,3121.002020975496,21212400,UNVR.JK
2021-08-30,3174.812255859375,3174.812255859375,3097.940288405153,3105.627485150575,21892200,UNVR.JK
2021-08-31,3113.314697265625,3190.1866650993443,3113.314697265625,3159.4378779658564,38977800,UNVR.JK
2021-09-01,3151.75048828125,3159.437684594131,3121.0017030297254,3128.6888993426064,23793400,UNVR.JK
2021-09-02,3190.18701171875,3190.18701171875,3151.751023625753,3159.4382212443525,12173000,UNVR.JK
2021-09-03,3259.371826171875,3267.0590238751106,3190.187046842755,3205.5614422492263,22908300,UNVR.JK
2021-09-06,3267.05908203125,3305.4950712316177,3236.310290670956,3259.3718841911764,18434200,UNVR.JK
2021-09-07,3267.05908203125,3297.807873391544,3267.05908203125,3267.05908203125,16097400,UNVR.JK
2021-09-08,3151.75048828125,3282.4328256002286,3128.6888993426064,3267.058432974466,27585800,UNVR.JK
2021-09-09,3151.75048828125,3190.186469845655,3128.6888993426064,3151.75048828125,22145100,UNVR.JK
2021-09-10,3136.376220703125,3190.186597038718,3136.376220703125,3174.812203799977,14311100,UNVR.JK
2021-09-13,3105.627685546875,3151.750868995591,3097.9404883054226,3136.376474512686,16431100,UNVR.JK
2021-09-14,3113.314697265625,3144.0634843991124,3097.940303698881,3113.314697265625,15456600,UNVR.JK
2021-09-15,3105.627685546875,3136.376474512686,3097.9404883054226,3113.314882788328,16681800,UNVR.JK
2021-09-16,3082.566162109375,3128.68934657984,3074.878964697631,3113.3149517563515,20730600,UNVR.JK
2021-09-17,3036.44287109375,3090.253251087817,3036.44287109375,3082.566053945807,42311400,UNVR.JK
2021-09-20,2982.632568359375,3044.1301470884346,2967.2581736771103,3036.442949747302,25006900,UNVR.JK
2021-09-21,2951.883056640625,2974.94464302063,2921.1342748006186,2967.2574475606284,27510700,UNVR.JK
2021-09-22,3105.627685546875,3121.0020800297802,2951.883740717822,2951.883740717822,53992900,UNVR.JK
2021-09-23,3113.314697265625,3136.3762876157407,3082.565910132137,3113.314697265625,30884400,UNVR.JK
2021-09-24,3051.8173828125,3121.0021597528334,3036.44298793687,3105.627764877204,28440200,UNVR.JK
2021-09-27,2967.258056640625,3051.8172240578447,2959.5708596026957,3051.8172240578447,26324200,UNVR.JK
2021-09-28,2936.50927734375,2974.9452626492966,2928.822080282641,2967.258065588187,14852900,UNVR.JK
2021-09-29,3013.38134765625,3013.38134765625,2921.1349798708547,2921.1349798708547,21762400,UNVR.JK
2021-09-30,3036.44287109375,3082.566053945807,3021.0684768097312,3021.0684768097312,35514100,UNVR.JK
2021-10-01,2967.258056640625,3067.191618133703,2944.1964655268375,3021.0684359061283,32614400,UNVR.JK
2021-10-04,3059.50390625,3090.252689227387,2974.9447530621856,2982.6319488065324,42279800,UNVR.JK
2021-10-05,3190.18701171875,3220.9358021931475,3059.50465220256,3059.50465220256,50537400,UNVR.JK
2021-10-06,3282.433349609375,3305.4949422295813,3197.8741766686185,3228.6229668288934,53674800,UNVR.JK
2021-10-07,3712.91650390625,3882.034853980655,3305.4950241815477,3305.4950241815477,250903800,UNVR.JK
2021-10-08,3659.10546875,3789.7878069196427,3628.3566832983192,3751.351825105042,68396500,UNVR.JK
2021-10-11,3712.91650390625,3728.2908993675596,3636.0445265997027,3659.106119791667,39246200,UNVR.JK
2021-10-12,3789.78857421875,3789.7885742187495,3651.4190116712093,3712.9165950256715,49064900,UNVR.JK
2021-10-13,4035.778564453125,4054.9965576171876,3751.3522656249997,3805.162646484375,101550600,UNVR.JK
2021-10-14,4093.43212890625,4151.086102552817,3958.906190397594,4035.778155259683,86890500,UNVR.JK
2021-10-15,4016.561279296875,4151.087255158493,3939.6892930902363,4093.4332655035137,76894800,UNVR.JK
2021-10-18,3920.470703125,4054.9966586243872,3920.470703125,4016.560671338848,46484400,UNVR.JK
2021-10-19,3939.6884765625,3958.9064691310978,3882.034498856707,3920.4704839939027,26024500,UNVR.JK
2021-10-21,3843.598388671875,3958.906340332031,3797.4752080078124,3958.906340332031,49450100,UNVR.JK
2021-10-22,3728.290283203125,3805.1622478052514,3697.541497362274,3805.1622478052514,49601400,UNVR.JK
2021-10-25,3520.736328125,3728.2906531454696,3520.736328125,3728.2906531454696,76202500,UNVR.JK
2021-10-26,3566.859619140625,3643.731593691069,3513.0492369553135,3520.736434410358,40624300,UNVR.JK
2021-10-27,3489.9873046875,3605.295255282902,3474.61291127478,3574.5464684574613,39664600,UNVR.JK
2021-10-28,3413.115966796875,3543.7983348949538,3390.054372426626,3482.3007499076225,48607600,UNVR.JK
2021-10-29,3397.740966796875,3497.674524643842,3382.366573281957,3428.489753826711,43142600,UNVR.JK
2021-11-01,3397.740966796875,3497.674524643842,3390.0537700394157,3459.238540856547,37917000,UNVR.JK
2021-11-02,3436.177490234375,3436.177490234375,3351.6183126223436,3420.803094304915,23580400,UNVR.JK
2021-11-03,3420.802490234375,3466.9256698779845,3413.115293627107,3451.551276663448,20173500,UNVR.JK
2021-11-04,3420.802490234375,3482.300063092521,3420.802490234375,3428.489686841643,19606500,UNVR.JK
2021-11-05,3405.42822265625,3443.864207110609,3382.3666319836343,3428.4898133288657,15950300,UNVR.JK
2021-11-08,3428.489501953125,3436.1766981458454,3405.427913374965,3420.802305760405,12599400,UNVR.JK
2021-11-09,3405.42822265625,3436.1770102197374,3366.9922382018904,3428.4898133288657,23025100,UNVR.JK
2021-11-10,3359.30517578125,3405.4283589727543,3351.6179785826657,3397.7411617741705,15585200,UNVR.JK
2021-11-11,3582.233642578125,3605.2952325518036,3374.6793328150147,3390.0537261308004,63047300,UNVR.JK
2021-11-12,3536.11083984375,3643.731604534647,3520.736444887908,3605.295617145041,30654100,UNVR.JK
2021-11-15,3466.92578125,3559.1721435005543,3466.92578125,3559.1721435005543,14544700,UNVR.JK
2021-11-16,3513.04931640625,3513.04931640625,3428.4901424883756,3466.926130632864,12701100,UNVR.JK
2021-11-17,3459.23876953125,3520.73634765625,3459.23876953125,3513.049150390625,15347100,UNVR.JK
2021-11-18,3443.86474609375,3489.9879346575053,3428.4903499058314,3443.86474609375,15522000,UNVR.JK
2021-11-19,3582.233642578125,3589.920839236018,3459.2384960518375,3459.2384960518375,39746800,UNVR.JK
2021-11-22,3720.603515625,3720.603515625,3551.485174005682,3582.2339633910124,38502000,UNVR.JK
2021-11-23,3751.35205078125,3759.0392476066213,3659.105688876793,3720.6032634797643,33067100,UNVR.JK
2021-11-24,3720.603515625,3743.6651076639982,3697.541923586002,3743.6651076639982,18237600,UNVR.JK
2021-11-25,3705.228515625,3735.9772999870333,3689.8541234439836,3720.602907806017,13327300,UNVR.JK
2021-11-26,3620.669677734375,3712.9160389505378,3589.920890662321,3697.5416454145106,22837400,UNVR.JK
2021-11-29,3559.172607421875,3612.9829924152946,3513.049420284659,3612.9829924152946,24000400,UNVR.JK
2021-11-30,3493.666015625,3626.2381635393417,3478.06929234096,3587.2463553292414,66592500,UNVR.JK
2021-12-01,3361.09375,3548.2544228538286,3353.2953886310906,3493.6658932714618,40625400,UNVR.JK
2021-12-02,3345.497314453125,3384.489124644886,3290.908780184659,3361.0940385298295,34857400,UNVR.JK
2021-12-03,3290.9091796875,3384.4895355079975,3275.312453717417,3353.296083567832,31096900,UNVR.JK
2021-12-06,3275.311767578125,3314.3035743350074,3244.118322172619,3298.7068516322547,16426600,UNVR.JK
2021-12-07,3329.900634765625,3353.2957211925495,3298.707186196392,3306.5055483387,16917800,UNVR.JK
2021-12-08,3329.900634765625,3392.287531904091,3329.900634765625,3353.2957211925495,10992800,UNVR.JK
2021-12-09,3407.884033203125,3407.884033203125,3329.9004168826873,3353.2955017788186,10364600,UNVR.JK
2021-12-10,3454.67431640625,3454.67431640625,3361.0939737496474,3407.8841450779487,14291300,UNVR.JK
2021-12-13,3415.68212890625,3454.673934030751,3415.68212890625,3431.2788509560505,13018900,UNVR.JK
2021-12-14,3345.497314453125,3400.0858487215905,3337.6989524147725,3392.2874866832385,13487200,UNVR.JK
2021-12-15,3329.900634765625,3407.8842561887072,3322.102272623317,3345.4973590502414,11306700,UNVR.JK
2021-12-16,3283.10986328125,3368.891831205463,3275.3115025608668,3345.496749044314,13521600,UNVR.JK
2021-12-17,3236.320556640625,3306.5058217243973,3236.320556640625,3259.7156450018824,18949400,UNVR.JK
2021-12-20,3228.521484375,3244.118206521739,3212.924762228261,3236.3198454483695,12059600,UNVR.JK
2021-12-21,3181.731689453125,3259.7153092926624,3181.731689453125,3236.320223340801,15689800,UNVR.JK
2021-12-22,3166.134765625,3220.7232960668102,3158.336404133313,3197.328211591749,10188400,UNVR.JK
2021-12-23,3181.731689453125,3212.92513738894,3166.1349654852174,3166.1349654852174,7863700,UNVR.JK
2021-12-24,3275.311767578125,3283.1101289295016,3181.731431361607,3189.5297927129836,11979500,UNVR.JK
2021-12-27,3283.10986328125,3298.706584722016,3251.916420399718,3275.3115025608668,7238100,UNVR.JK
2021-12-28,3259.715087890625,3298.706895162044,3259.715087890625,3283.1101722534763,7006900,UNVR.JK
2021-12-29,3212.925048828125,3267.513581211127,3212.925048828125,3259.715219442127,9030700,UNVR.JK
2021-12-30,3205.126708984375,3251.9168799184536,3205.126708984375,3220.7234326290677,7633100,UNVR.JK
2022-01-03,3298.706787109375,3384.4887602966164,3212.9248139221336,3212.9248139221336,24420300,UNVR.JK
2022-01-04,3314.30322265625,3361.0933857996324,3298.7065016084557,3314.30322265625,13276500,UNVR.JK
2022-01-05,3283.10986328125,3329.900027603548,3259.7147811201007,3322.101666883165,9697800,UNVR.JK
2022-01-06,3298.706787109375,3306.505148308215,3259.7149811151744,3283.110064711695,7594500,UNVR.JK
2022-01-07,3290.9091796875,3306.505905657583,3275.312453717417,3298.7075426725414,7219700,UNVR.JK
2022-01-10,3314.30322265625,3345.496664751838,3275.3114200367645,3290.908141084559,12806600,UNVR.JK
2022-01-11,3259.715087890625,3329.900340979179,3236.3200035277737,3322.1019795248953,17846600,UNVR.JK
2022-01-12,3376.691162109375,3384.4895250703667,3259.7157176945007,3275.312443616484,29769500,UNVR.JK
2022-01-13,3329.900634765625,3384.4891697617827,3306.5055483387,3376.6908076194745,13806300,UNVR.JK
2022-01-14,3290.9091796875,3337.699357597749,3283.1108167024586,3337.699357597749,11920000,UNVR.JK
2022-01-17,3236.320556640625,3306.5058217243973,3228.522193853539,3306.5058217243973,20035500,UNVR.JK
2022-01-18,3205.126708984375,3298.707050852532,3173.9332616949896,3244.118518096107,27044300,UNVR.JK
2022-01-19,3197.328125,3205.126486280488,3181.7314024390244,3205.126486280488,7662700,UNVR.JK
2022-01-20,3197.328125,3212.924847560975,3173.9330411585365,3197.328125,9264200,UNVR.JK
2022-01-21,3236.320556640625,3236.320556640625,3181.732017131024,3189.5303799181097,15210700,UNVR.JK
2022-01-24,3181.731689453125,3228.5218613568472,3181.731689453125,3220.7234993728935,9762900,UNVR.JK
2022-01-25,3166.134765625,3205.126573083436,3127.1429581665643,3197.328211591749,17157500,UNVR.JK
2022-01-26,3220.72314453125,3220.72314453125,3158.336255533066,3166.1346166578387,11479200,UNVR.JK
2022-01-27,3166.134765625,3212.924934575123,3158.336404133313,3212.924934575123,6277700,UNVR.JK
2022-01-28,3158.336669921875,3189.530118513696,3142.7399456259645,3166.1350320698302,10458800,UNVR.JK
2022-01-31,3142.739501953125,3181.7313071882754,3119.3444188120347,3166.1345850942153,19204300,UNVR.JK
2022-02-02,3158.336669921875,3166.1350320698302,3127.143221330054,3142.7399456259645,8369600,UNVR.JK
2022-02-03,3127.143310546875,3158.336760028639,3119.3449481764337,3158.336760028639,8460100,UNVR.JK
2022-02-04,3134.94140625,3150.5381296641795,3111.5463211287315,3134.94140625,14487100,UNVR.JK
2022-02-07,3119.344482421875,3158.3362884521484,3119.344482421875,3134.941204833984,14546900,UNVR.JK
2022-02-08,3119.344482421875,3181.7313720703123,3119.344482421875,3119.344482421875,19022800,UNVR.JK
2022-02-09,3088.151123046875,3134.9412915778885,3088.151123046875,3119.3445687342173,20209400,UNVR.JK
2022-02-10,3103.748046875,3150.5382184359296,3088.151323021357,3088.151323021357,21580200,UNVR.JK
2022-02-11,3041.361083984375,3088.151254507212,3025.764360476763,3080.3528927534057,38093800,UNVR.JK
2022-02-14,3002.368896484375,3049.1590611049105,3002.368896484375,3041.360700334821,27720300,UNVR.JK
2022-02-15,3017.96630859375,3025.764671148256,3002.3695834847385,3010.1679460392443,16340600,UNVR.JK
2022-02-16,3017.96630859375,3056.958121366279,3017.96630859375,3025.764671148256,22715500,UNVR.JK
2022-02-17,2986.77294921875,3049.159851552301,2978.9745864270562,3025.7647631772197,28291200,UNVR.JK
2022-02-18,3002.368896484375,3041.360700334821,2994.5705357142856,2994.5705357142856,27431100,UNVR.JK
2022-02-21,3002.368896484375,3041.360700334821,3002.368896484375,3002.368896484375,12790900,UNVR.JK
2022-02-22,2971.17578125,3017.965951033465,2963.3774196194227,3002.36922777231,28240100,UNVR.JK
2022-02-23,2978.973876953125,3010.167320690854,2963.3771550842607,2971.1755160186926,21559300,UNVR.JK
2022-02-24,2877.595458984375,2994.570884146341,2861.998735629446,2971.175799113948,51511000,UNVR.JK
2022-02-25,2869.797119140625,2924.385651298191,2869.797119140625,2885.3938426142154,39737700,UNVR.JK
2022-03-01,2869.797119140625,2908.7889278246007,2861.9987574038296,2877.59548087742,21312400,UNVR.JK
2022-03-02,2854.20068359375,2971.176121445953,2846.40232107027,2869.7974086407103,37310800,UNVR.JK
2022-03-04,2745.0234375,2861.998868075284,2745.0234375,2854.2005060369315,42359200,UNVR.JK
2022-03-07,2674.837890625,2737.2247802022594,2651.4428070335275,2729.4264190051017,41980800,UNVR.JK
2022-03-08,2620.24951171875,2745.0232979910716,2620.24951171875,2667.0396815708705,35450900,UNVR.JK
2022-03-09,2651.443359375,2690.435173483456,2628.0482709099265,2628.0482709099265,24068100,UNVR.JK
2022-03-10,2674.837890625,2698.232974216472,2628.0477234420555,2690.434613019315,19292400,UNVR.JK
2022-03-11,2628.047607421875,2667.0394116862944,2628.047607421875,2667.0394116862944,19258300,UNVR.JK
2022-03-14,2635.845947265625,2659.2410296378052,2628.0475864748983,2635.845947265625,20868200,UNVR.JK
2022-03-15,2557.8623046875,2682.6360756478657,2557.8623046875,2651.4426329077746,35618500,UNVR.JK
2022-03-16,2690.4345703125,2760.619819972826,2557.8624320652175,2565.660793138587,66871800,UNVR.JK
2022-03-17,2667.039794921875,2745.023414656433,2635.846347028052,2721.6283287360657,33986000,UNVR.JK
2022-03-18,2620.24951171875,2682.636404854911,2604.65278843471,2674.8380432128906,23334800,UNVR.JK
2022-03-21,2698.23291015625,2706.0312711682623,2596.8542170000906,2620.2493000361274,29782900,UNVR.JK
2022-03-22,2721.628173828125,2729.4265353577184,2682.636366180158,2698.2330892393447,24196400,UNVR.JK
2022-03-23,2659.241455078125,2737.2250754616475,2659.241455078125,2729.4267134232955,16459800,UNVR.JK
2022-03-24,2635.845947265625,2667.039390428532,2620.249225684172,2651.4426688470785,24615200,UNVR.JK
2022-03-25,2651.443359375,2667.0400850183823,2635.8466337316177,2643.644996553309,14146900,UNVR.JK
2022-03-28,2698.23291015625,2721.627993192287,2628.0476610481396,2651.4427440841764,23752600,UNVR.JK
2022-03-29,2713.830078125,2776.2169764727014,2713.830078125,2713.830078125,41388600,UNVR.JK
2022-03-30,2900.990478515625,2916.5872015183973,2729.426525485131,2729.426525485131,91287100,UNVR.JK
2022-03-31,2854.20068359375,2932.184308828552,2846.40232107027,2908.7892212581114,47424200,UNVR.JK
2022-04-01,2823.007080078125,2877.5956147757684,2807.4103558787983,2854.2005284767783,26735700,UNVR.JK
2022-04-04,2784.014892578125,2854.200141970851,2760.6198094472165,2830.8050588399424,36823300,UNVR.JK
2022-04-05,2869.797119140625,2877.59548087742,2784.0151400358777,2784.0151400358777,30816700,UNVR.JK
2022-04-06,2807.409912109375,2869.796799045139,2776.216468641493,2869.796799045139,25193400,UNVR.JK
2022-04-07,2784.014892578125,2838.6034198835787,2768.418170490853,2807.409975709034,18081300,UNVR.JK
2022-04-08,2760.619873046875,2807.410040386653,2745.0231506002824,2799.6116791633563,14057400,UNVR.JK
2022-04-11,2698.23291015625,2784.0148812883854,2690.4345491442377,2784.0148812883854,27777500,UNVR.JK
2022-04-12,2745.0234375,2745.0234375,2659.241455078125,2698.233265269886,17817400,UNVR.JK
2022-04-13,2682.636474609375,2745.0233693677324,2659.241389074991,2745.0233693677324,20850000,UNVR.JK
2022-04-14,2651.443359375,2698.233536305147,2651.443359375,2674.8384478400735,9591300,UNVR.JK
2022-04-18,2643.64453125,2682.6363384955753,2628.04780835177,2651.442892699115,10009100,UNVR.JK
2022-04-19,2612.451171875,2659.2413421175374,2612.451171875,2643.6446187033584,13023000,UNVR.JK
2022-04-20,2706.031494140625,2737.2249407589607,2628.047877594786,2643.6446009039537,29867500,UNVR.JK
2022-04-21,2651.443359375,2729.4269875919117,2651.443359375,2706.031899126838,19189900,UNVR.JK
2022-04-22,2674.837890625,2682.636251822157,2628.0477234420555,2651.4428070335275,16244400,UNVR.JK
2022-04-25,2877.595458984375,2900.990544016768,2651.4429703379064,2667.039693692835,53256900,UNVR.JK
2022-04-26,3033.5625,3064.755944730077,2877.5952763496143,2900.9903598971723,96737500,UNVR.JK
2022-04-27,2971.17578125,3041.361035925197,2939.9823347276906,3033.5626742946197,36437100,UNVR.JK
2022-04-28,3033.5625,3056.957583547558,2939.9821658097685,2986.772332904884,33886500,UNVR.JK
2022-05-09,3127.143310546875,3228.522021362609,3033.562962101582,3119.3449481764337,103950200,UNVR.JK
2022-05-10,3415.68212890625,3431.2788509560505,3111.546048935146,3127.142770984946,172562700,UNVR.JK
2022-05-11,3805.600341796875,3852.3905099337217,3415.682273989818,3431.2789967021004,197748700,UNVR.JK
2022-05-12,3657.43212890625,3852.391197611274,3571.6501386760397,3836.7944721148724,118621900,UNVR.JK
2022-05-13,3743.2138671875,3821.1974894205728,3634.036796061198,3657.4318827311195,79196200,UNVR.JK
2022-05-17,3743.2138671875,3821.1974894205728,3634.036796061198,3751.0122294108073,43843800,UNVR.JK
2022-05-18,3918.6767578125,3957.668566347948,3751.011981110075,3758.8103428171644,88532400,UNVR.JK
2022-05-19,3805.600341796875,3899.1806780705683,3782.205257728451,3867.987232646004,56274400,UNVR.JK
2022-05-20,3938.1728515625,3996.660567179765,3790.0039719987626,3797.8023340810646,58516300,UNVR.JK
2022-05-23,3805.600341796875,3957.668388241627,3782.205257728451,3938.172484851274,37184300,UNVR.JK
2022-05-24,3751.011962890625,3860.189026259583,3665.229984529301,3836.793941251949,39458200,UNVR.JK
2022-05-25,3719.819091796875,3821.1978091833726,3688.6256402933373,3790.004357679835,38989700,UNVR.JK
2022-05-27,3712.01953125,3774.4064141281515,3673.0277294511557,3743.2129726890757,31887700,UNVR.JK
2022-05-30,3626.238037109375,3712.0200121807793,3602.8429529989917,3712.0200121807793,49609700,UNVR.JK
2022-05-31,3688.62451171875,3758.809756127775,3610.6409068198336,3649.632709269292,93943100,UNVR.JK
2022-06-02,3735.415283203125,3813.3989008065305,3673.0283891204003,3712.0201979221033,56089200,UNVR.JK
2022-06-03,3680.82666015625,3751.011914269399,3680.82666015625,3751.011914269399,25523600,UNVR.JK
2022-06-06,3719.819091796875,3727.6174546727593,3665.230551665684,3680.8272774174525,16170500,UNVR.JK
2022-06-07,3688.62451171875,3727.616314168208,3680.8261512288586,3719.817953678317,19562800,UNVR.JK
2022-06-08,3813.398681640625,3875.7855721378132,3688.6249006462485,3696.4232619583972,56202700,UNVR.JK
2022-06-09,3758.81005859375,3844.5920308853088,3712.019891889264,3821.1969475330657,32236200,UNVR.JK
2022-06-10,3704.221435546875,3735.4148792146384,3680.8263527960526,3727.6165182976974,20081200,UNVR.JK
2022-06-13,3657.43212890625,3665.2304916544513,3587.2468641724417,3657.43212890625,28947200,UNVR.JK
2022-06-14,3696.423583984375,3696.423583984375,3595.0448780945085,3618.439964069093,22498700,UNVR.JK
2022-06-15,3743.2138671875,3751.0122294108073,3657.4318827311195,3704.2220560709634,24158700,UNVR.JK
2022-06-16,3743.2138671875,3782.205678304036,3688.6253316243487,3782.205678304036,19890100,UNVR.JK
2022-06-17,3626.238037109375,3743.2134576612902,3626.238037109375,3712.0200121807793,35637800,UNVR.JK
2022-06-20,3918.6767578125,3918.6767578125005,3634.0365555037315,3649.6332789179105,64615100,UNVR.JK
2022-06-21,3938.1728515625,3977.16466197401,3860.1892307394805,3938.1728515625,38363600,UNVR.JK
2022-06-22,3813.398681640625,3938.1724626350015,3790.0035977041794,3938.1724626350015,25752200,UNVR.JK
2022-06-23,3867.98779296875,3899.1812429120464,3790.004168110509,3821.1976180538054,33615200,UNVR.JK
2022-06-24,3958.419677734375,3958.4196777343745,3863.22722055439,3910.8234491443823,22538000,UNVR.JK
2022-06-27,3950.487548828125,3966.352960670808,3887.025901457392,3958.4202547494665,19512800,UNVR.JK
2022-06-28,4006.016845703125,4025.8486122660115,3934.6224860767325,3950.487899327042,25740300,UNVR.JK
2022-06-29,3918.7568359375,4006.016603539347,3894.9587175006327,3966.353072811235,19482000,UNVR.JK
2022-06-30,3783.901123046875,3950.48796494202,3768.0357095330514,3926.6898446712853,32840700,UNVR.JK
2022-07-01,3831.4970703125,3855.295188761646,3720.4391842164855,3768.0354211147774,19350200,UNVR.JK
2022-07-04,3728.37109375,3823.563547207447,3609.3805269281916,3807.6981382978724,22093000,UNVR.JK
2022-07-05,3775.96728515625,3791.832693917411,3712.5056501116073,3728.371058872768,14993200,UNVR.JK
2022-07-06,3791.83349609375,3831.4970263876176,3736.304553682335,3760.102671858656,12189400,UNVR.JK
2022-07-07,3966.35302734375,3986.1847924804683,3807.6989062499997,3823.5643183593747,37537700,UNVR.JK
2022-07-08,3879.093017578125,3986.184542603288,3815.6313731187693,3986.184542603288,26420400,UNVR.JK
2022-07-11,3807.698974609375,3894.9587427775064,3768.035443623861,3887.026036580404,20528000,UNVR.JK
2022-07-12,3871.160400390625,3871.160400390625,3783.9006372670656,3807.698754482582,15676300,UNVR.JK
2022-07-13,3887.025634765625,3902.8910455197706,3823.5639917490435,3887.025634765625,13093300,UNVR.JK
2022-07-14,3887.025634765625,3887.025634765625,3807.698580994898,3887.025634765625,17033300,UNVR.JK
2022-07-15,3831.4970703125,3910.824131809653,3823.5643641627844,3887.026013360507,13119700,UNVR.JK
2022-07-18,3950.487548828125,3950.487548828125,3831.4969600080008,3863.227783693367,10748900,UNVR.JK
2022-07-19,3942.554931640625,3958.420343840386,3879.0932828415807,3942.554931640625,16537800,UNVR.JK
2022-07-20,3942.554931640625,4045.680110939072,3926.689519440864,3958.420343840386,37835400,UNVR.JK
2022-07-21,3966.35302734375,3966.3530273437495,3879.0932607421873,3942.554909179687,13828900,UNVR.JK
2022-07-22,3966.35302734375,3966.3530273437495,3918.756791015625,3966.3530273437495,14582600,UNVR.JK
2022-07-25,3910.82373046875,3950.487257146932,3902.8910251331135,3950.487257146932,9190300,UNVR.JK
2022-07-26,3910.82373046875,3926.689141140023,3887.0256144618406,3910.82373046875,8239100,UNVR.JK
2022-07-27,3744.23681640625,3986.1843225511457,3736.3041112867454,3926.6890341548597,49444700,UNVR.JK
2022-07-28,3577.650146484375,3783.9004875233854,3569.7174410597972,3744.2369604004984,82746200,UNVR.JK
2022-07-29,3577.650146484375,3617.3136736072615,3553.8520302106426,3585.5828519089523,55532300,UNVR.JK
2022-08-01,3609.38134765625,3688.7084102421018,3577.650522621909,3593.51593513908,28250300,UNVR.JK
2022-08-02,3649.045166015625,3656.9778728982674,3593.516217837126,3609.3816316024117,22763900,UNVR.JK
2022-08-03,3641.111328125,3649.044032543573,3609.380510450708,3649.044032543573,14248900,UNVR.JK
2022-08-04,3649.045166015625,3656.9778728982674,3593.516217837126,3641.112459132982,21726600,UNVR.JK
2022-08-05,3744.23681640625,3760.1022266452596,3664.9097652112023,3688.7078805697165,32171000,UNVR.JK
2022-08-08,3799.76611328125,3807.698819154489,3752.169878041819,3760.1025839150575,20764800,UNVR.JK
2022-08-09,3744.23681640625,3807.698457362288,3744.23681640625,3807.698457362288,14898200,UNVR.JK
2022-08-10,3791.83349609375,3791.83349609375,3696.6410233884676,3744.2372597411086,21241700,UNVR.JK
2022-08-11,3768.03466796875,3807.6981907894738,3760.101963404605,3799.765486225329,17603200,UNVR.JK
2022-08-12,3783.901123046875,3847.3627771021684,3768.0357095330514,3768.0357095330514,20011800,UNVR.JK
2022-08-15,3775.96728515625,3791.832693917411,3736.3037632533483,3783.8999895368306,14082800,UNVR.JK
2022-08-16,3783.901123046875,3815.6319500745217,3736.3048825054047,3791.8338298037866,11493000,UNVR.JK
2022-08-18,3799.76611328125,3815.631525027727,3752.169878041819,3807.698819154489,14617400,UNVR.JK
2022-08-19,3752.169189453125,3831.49623362761,3752.169189453125,3815.6308247927127,13156500,UNVR.JK
2022-08-22,3768.03466796875,3807.6981907894738,3752.1692588404608,3768.03466796875,14214600,UNVR.JK
2022-08-23,3815.63134765625,3831.496758665216,3775.967820133836,3807.698642151767,18458700,UNVR.JK
2022-08-24,3847.3623046875,3871.1604220360828,3807.698775773196,3823.5641873389177,14304200,UNVR.JK
2022-08-25,3839.4296875,3863.227805397727,3807.6988636363635,3847.362393465909,10177700,UNVR.JK
2022-08-26,3656.977294921875,3847.362230015422,3656.9772949218755,3847.362230015422,44804400,UNVR.JK
2022-08-29,3633.17919921875,3649.0446105690503,3577.650259492699,3617.3137878684497,20184000,UNVR.JK
2022-08-30,3633.17919921875,3672.8427275945005,3633.17919921875,3641.1119048939,23733200,UNVR.JK
2022-08-31,3641.111328125,3664.909441380719,3593.515101613562,3633.178623706427,38272000,UNVR.JK
2022-09-01,3601.4482421875,3656.9771798423735,3601.4482421875005,3641.111769083838,13106400,UNVR.JK
2022-09-02,3609.38134765625,3649.0448789491757,3601.4486413976647,3601.4486413976647,11307400,UNVR.JK
2022-09-05,3593.515869140625,3625.246693592198,3577.6504569148387,3609.3812813664113,13208600,UNVR.JK
2022-09-06,3577.650146484375,3601.448262758107,3530.0539139369107,3593.5155573335296,23742100,UNVR.JK
2022-09-07,3641.111328125,3641.111328125,3561.78428393927,3577.649692776416,26881000,UNVR.JK
2022-09-08,3585.582763671875,3656.977110736138,3585.582763671875,3641.111700277413,13657900,UNVR.JK
2022-09-09,3569.717529296875,3625.2464686414933,3569.717529296875,3585.5829405381946,10000000,UNVR.JK
2022-09-12,3609.38134765625,3617.3140539148353,3577.650522621909,3577.650522621909,7679800,UNVR.JK
2022-09-13,3704.573974609375,3704.573974609375,3617.3142021881695,3625.2469087719155,22934000,UNVR.JK
2022-09-14,3672.843017578125,3680.7757238795893,3649.044898673731,3680.7757238795893,10053400,UNVR.JK
2022-09-15,3649.045166015625,3696.6414073114806,3633.1797522503393,3680.7759935461954,16878200,UNVR.JK
2022-09-16,3672.843017578125,3680.7757238795893,3656.977604975196,3680.7757238795893,21233900,UNVR.JK
2022-09-19,3649.045166015625,3672.843286663553,3577.650804071841,3672.843286663553,9791100,UNVR.JK
2022-09-20,3752.169189453125,3752.169189453125,3664.909440861192,3672.84214527864,25974800,UNVR.JK
2022-09-21,3815.63134765625,3839.429464169699,3752.1697036203873,3752.1697036203873,33960700,UNVR.JK
2022-09-22,3815.63134765625,3815.6313476562505,3760.1024091248705,3815.6313476562505,14406800,UNVR.JK
2022-09-23,3815.63134765625,3823.5640531607332,3783.900525638319,3815.6313476562505,11888400,UNVR.JK
2022-09-26,3799.76611328125,3831.496936774204,3768.0352897882963,3815.631525027727,17728200,UNVR.JK
2022-09-27,3807.698974609375,3815.631680806478,3783.9008560180664,3807.698974609375,10292300,UNVR.JK
2022-09-28,3815.63134765625,3839.429464169699,3791.8332311428017,3807.698642151767,16851700,UNVR.JK
2022-09-29,3847.3623046875,3863.227716253222,3799.766069990335,3807.698775773196,18109500,UNVR.JK
2022-09-30,3831.4970703125,3847.3624826119303,3736.304596515916,3839.429776462215,23108800,UNVR.JK
2022-10-03,3847.3623046875,3863.227716253222,3823.5641873389177,3831.4968931217786,14748400,UNVR.JK
2022-10-04,3863.226806640625,3887.024918385844,3847.3613988104785,3871.159510555698,12967400,UNVR.JK
2022-10-05,3831.4970703125,3887.026013360507,3831.4970703125,3887.026013360507,13566800,UNVR.JK
2022-10-06,3887.025634765625,3887.025634765625,3839.4294025031886,3855.294813257334,17339500,UNVR.JK
2022-10-07,3839.4296875,3894.9586292613635,3775.968039772727,3887.0259232954545,14439400,UNVR.JK
2022-10-10,3807.698974609375,3839.4297993977866,3728.371912638346,3839.4297993977866,8699400,UNVR.JK
2022-10-11,3752.169189453125,3791.832711540367,3752.169189453125,3791.832711540367,10775800,UNVR.JK
2022-10-12,3799.76611328125,3799.76611328125,3696.6409369291496,3752.169878041819,11194200,UNVR.JK
2022-10-13,3839.4296875,3839.4296874999995,3783.900745738636,3799.7661576704545,12495000,UNVR.JK
2022-10-14,3815.63134765625,3855.2948751786644,3783.900525638319,3839.429464169699,9611600,UNVR.JK
2022-10-17,3831.4970703125,3847.3624826119303,3807.698951863354,3847.3624826119303,11650600,UNVR.JK
2022-10-18,3887.025634765625,3887.025634765625,3815.631286371971,3847.3621078802616,18797200,UNVR.JK
2022-10-19,4243.99755859375,4263.829322886244,3910.823918479848,3910.823918479848,82474800,UNVR.JK
2022-10-20,4283.6611328125,4323.324661820023,4144.838781286168,4243.997603804976,51712800,UNVR.JK
2022-10-21,4204.33447265625,4283.661538178067,4164.670939895343,4283.661538178067,18231200,UNVR.JK
2022-10-24,4224.166015625,4343.156607614436,4164.670719630281,4184.502484961855,27349200,UNVR.JK
2022-10-25,4184.501953125,4263.829004369076,4125.006664691943,4224.165478747038,16874900,UNVR.JK
2022-10-26,4283.6611328125,4283.6611328125,4105.1752522786455,4164.670545789931,28826300,UNVR.JK
2022-10-27,4243.99755859375,4323.324615763727,4184.502265716267,4283.661087178738,22168700,UNVR.JK
2022-10-28,3950.487548828125,4025.8482550808703,3950.487548828125,4006.0164902775164,33806300,UNVR.JK
2022-10-31,3680.775390625,3760.1024464574352,3680.775390625,3688.7080962082437,83268400,UNVR.JK
2022-11-01,3593.515869140625,3720.4391669469164,3569.7177508019454,3641.1121058179842,88422300,UNVR.JK
2022-11-02,3569.717529296875,3641.1118798828124,3537.986706814236,3593.5156461588545,37943000,UNVR.JK
2022-11-03,3577.650146484375,3617.3136736072615,3569.7174410597972,3577.6501464843745,15402200,UNVR.JK
2022-11-04,3601.4482421875,3609.3809475667676,3545.919304532627,3593.515536808233,20812100,UNVR.JK
2022-11-07,3664.91015625,3664.9101562499995,3569.7176846590905,3601.448508522727,20715100,UNVR.JK
2022-11-08,3672.843017578125,3688.708430181054,3649.044898673731,3680.7757238795893,15497800,UNVR.JK
2022-11-09,3601.4482421875,3672.842590600909,3585.582831428965,3672.842590600909,24941900,UNVR.JK
2022-11-10,3617.31396484375,3633.179376970258,3569.717728464227,3593.515846653989,10140300,UNVR.JK
2022-11-11,3601.4482421875,3656.9771798423735,3585.582831428965,3656.9771798423735,16741500,UNVR.JK
2022-11-14,3641.111328125,3649.044032543573,3593.515101613562,3601.447806032135,10527700,UNVR.JK
2022-11-15,3656.977294921875,3656.9772949218755,3601.4483555195907,3641.11188366408,11794000,UNVR.JK
2022-11-16,3656.977294921875,3656.9772949218755,3609.3810611484887,3656.9772949218755,8942300,UNVR.JK
2022-11-17,3641.111328125,3656.976736962146,3617.3132148692807,3649.044032543573,12105800,UNVR.JK
2022-11-18,3680.775390625,3696.640801791487,3617.3137459590516,3641.111862708782,16515900,UNVR.JK
2022-11-21,3609.38134765625,3672.842997724931,3609.38134765625,3672.842997724931,13807100,UNVR.JK
2022-11-22,3617.31396484375,3664.9102012232734,3617.31396484375,3625.246670907004,18963600,UNVR.JK
2022-11-23,3609.38134765625,3641.112172690591,3609.38134765625,3633.1794664320055,8656200,UNVR.JK
2022-11-24,3617.31396484375,3649.0447890967657,3609.3812587804964,3609.3812587804964,5155100,UNVR.JK
2022-11-25,3649.045166015625,3649.045166015625,3593.516217837126,3625.247045367697,11209600,UNVR.JK
2022-11-28,3736.304443359375,3752.1698550084593,3617.3138559912422,3649.044679289411,35089100,UNVR.JK
2022-11-29,3728.37109375,3736.303798204787,3696.6402759308507,3736.303798204787,21257100,UNVR.JK
2022-11-30,3864.431884765625,3864.4318847656245,3719.515689086914,3751.7192881266274,83228400,UNVR.JK
2022-12-01,3791.973876953125,3864.431976512739,3759.770277148852,3864.431976512739,16755100,UNVR.JK
2022-12-02,3791.973876953125,3791.973876953125,3751.7193771977836,3791.973876953125,6918500,UNVR.JK
2022-12-05,3816.126708984375,3864.432110363924,3783.923108064676,3791.9740082946005,9788500,UNVR.JK
2022-12-06,3816.126708984375,3824.1776092143,3759.7704073749014,3816.126708984375,12811800,UNVR.JK
2022-12-07,3783.922607421875,3816.126204080784,3759.7699099276924,3816.126204080784,19509900,UNVR.JK
2022-12-08,3751.71923828125,3775.871937240142,3671.2102417516094,3759.770137934214,21123600,UNVR.JK
2022-12-09,3719.515625,3751.7192234848485,3703.4138257575755,3751.7192234848485,13482300,UNVR.JK
2022-12-12,3775.872314453125,3775.872314453125,3687.3124094233076,3719.516011252332,12297700,UNVR.JK
2022-12-13,3800.024658203125,3800.024658203125,3727.5665609068787,3783.922858803959,13797700,UNVR.JK
2022-12-14,3800.024658203125,3800.024658203125,3759.7701597052105,3800.024658203125,7415600,UNVR.JK
2022-12-15,3783.922607421875,3800.0244057513296,3735.6172124335103,3800.0244057513296,11297400,UNVR.JK
2022-12-16,3920.78759765625,3920.78759765625,3751.7187279421205,3775.8714236155674,25213200,UNVR.JK
2022-12-19,3808.0751953125,3888.584184642574,3808.0751953125,3888.584184642574,16789200,UNVR.JK
2022-12-20,3840.27978515625,3840.27978515625,3783.923478036557,3808.076181087854,5433100,UNVR.JK
2022-12-21,3848.330078125,3856.3809778700315,3816.126479144875,3840.279178379969,5871100,UNVR.JK
2022-12-22,3896.635498046875,3896.635498046875,3840.279199521404,3848.330099310757,10005000,UNVR.JK
2022-12-23,3880.533935546875,3888.5848358280928,3832.22853385957,3888.5848358280928,5698800,UNVR.JK
2022-12-26,3824.17724609375,3880.5335423519737,3816.1263466282894,3880.5335423519737,4053500,UNVR.JK
2022-12-27,3872.483154296875,3872.483154296875,3816.126850596089,3832.2286516534564,6738300,UNVR.JK
2022-12-28,3840.27978515625,3880.5342902417456,3791.974379053656,3872.4833892246465,7938100,UNVR.JK
2022-12-29,3832.22802734375,3832.2280273437505,3783.922632041098,3816.126228909533,6825900,UNVR.JK
2022-12-30,3783.922607421875,3848.329800739694,3783.9226074218745,3848.329800739694,13027100,UNVR.JK
2023-01-02,3719.515625,3783.922821969697,3711.4647253787875,3783.922821969697,4266600,UNVR.JK
2023-01-03,3703.414306640625,3743.6688099736753,3679.2616046407948,3703.414306640625,10663500,UNVR.JK
2023-01-04,3735.617431640625,3775.8719298264073,3711.464732729155,3711.464732729155,6705200,UNVR.JK
2023-01-05,3808.0751953125,3808.0751953125,3703.413509183404,3743.668003848441,12524500,UNVR.JK
2023-01-06,3832.22802734375,3832.2280273437505,3759.7699343897716,3800.0244304753155,8390300,UNVR.JK
2023-01-09,3832.22802734375,3840.278926560859,3775.871732823989,3832.2280273437505,7932200,UNVR.JK
2023-01-10,3775.872314453125,3840.279518111174,3751.719613081357,3832.2286176539183,13402300,UNVR.JK
2023-01-11,3783.922607421875,3783.9226074218745,3735.6172124335103,3767.82080909242,5806200,UNVR.JK
2023-01-12,3832.22802734375,3832.2280273437505,3751.719035172663,3783.922632041098,11533000,UNVR.JK
2023-01-13,3856.380859375,3856.380859375,3800.0245628914404,3824.1772613843946,7554200,UNVR.JK
2023-01-16,3840.27978515625,3864.4324882075475,3824.177983122052,3856.381587190448,6778300,UNVR.JK
2023-01-17,3832.22802734375,3864.431624212185,3800.0244304753155,3840.278926560859,12333700,UNVR.JK
2023-01-18,3864.431884765625,3864.4318847656245,3800.0246866861976,3832.228285725911,5977900,UNVR.JK
2023-01-19,3864.431884765625,3888.58458404541,3840.2791854858397,3864.4318847656245,7752900,UNVR.JK
2023-01-20,3872.483154296875,3888.5849553542425,3832.2286516534564,3864.4322537681915,6893400,UNVR.JK
2023-01-24,3888.584716796875,3904.686516866427,3856.3811166577702,3872.4829167273224,9638600,UNVR.JK
2023-01-25,3904.6865234375,3912.737423485825,3872.482923244201,3888.584723340851,6010000,UNVR.JK
2023-01-26,3864.431884765625,3920.7881830851234,3832.228285725911,3904.6863835652666,10397400,UNVR.JK
2023-01-27,3824.17724609375,3880.5335423519737,3824.17724609375,3864.4317434210525,12410500,UNVR.JK
2023-01-30,3832.22802734375,3848.3298257779675,3791.9735312582065,3824.1771281266415,8435700,UNVR.JK
2023-01-31,3751.71923828125,3832.22823481089,3751.7192382812495,3832.22823481089,26752500,UNVR.JK
2023-02-01,3727.56689453125,3767.8213966320195,3719.5159941110965,3727.56689453125,14128700,UNVR.JK
2023-02-02,3808.0751953125,3816.1260942455074,3727.5662059824263,3727.5662059824263,23504300,UNVR.JK
2023-02-03,3775.872314453125,3816.126816739406,3767.821413995869,3816.126816739406,8988300,UNVR.JK
2023-02-06,3808.0751953125,3808.0751953125,3751.7189027814484,3775.8715995804705,5956100,UNVR.JK
2023-02-07,3912.7373046875,3936.8900040991516,3800.024707433128,3808.0756072370114,19128400,UNVR.JK
2023-02-08,4045.577392578125,4045.577392578125,3872.483036477767,3912.7375378964553,28304900,UNVR.JK
2023-02-09,3961.042724609375,4065.704422617346,3961.042724609375,4045.5771730004285,25346700,UNVR.JK
2023-02-10,3687.31201171875,3840.2791039079557,3687.31201171875,3840.2791039079557,80984400,UNVR.JK
2023-02-13,3639.006591796875,3687.311989033117,3614.853893178754,3687.311989033117,29413500,UNVR.JK
2023-02-14,3671.21044921875,3679.261349326686,3639.0068487870067,3639.0068487870067,15661400,UNVR.JK
2023-02-15,3663.159912109375,3671.21081301511,3622.9054075807007,3671.21081301511,12590200,UNVR.JK
2023-02-16,3639.006591796875,3671.2101899543695,3630.955692257501,3663.1592904149957,7598500,UNVR.JK
2023-02-17,3630.955810546875,3647.057610150187,3606.803111141907,3639.0067103485308,13591200,UNVR.JK
2023-02-20,3655.1083984375,3671.2101975495593,3622.9048002133813,3639.0065993254407,6671700,UNVR.JK
2023-02-21,3622.905029296875,3655.1086295572914,3622.905029296875,3655.1086295572914,9337400,UNVR.JK
2023-02-22,3606.802978515625,3614.8538780212402,3526.2939834594727,3614.8538780212402,17514500,UNVR.JK
2023-02-23,3542.39599609375,3614.8540960138494,3542.39599609375,3614.8540960138494,12166800,UNVR.JK
2023-02-24,3502.14111328125,3574.5992052801726,3502.14111328125,3542.395608836207,13276600,UNVR.JK
2023-02-27,3461.886962890625,3502.1414624591207,3389.4288636673327,3502.1414624591207,25283100,UNVR.JK
2023-02-28,3365.276123046875,3477.9887204694974,3365.276123046875,3461.886920837694,56167600,UNVR.JK
2023-03-01,3341.123779296875,3381.3782826618976,3308.9201766048573,3357.2255806428843,20343000,UNVR.JK
2023-03-02,3341.123779296875,3397.480084007907,3341.123779296875,3349.17467996988,18391700,UNVR.JK
2023-03-03,3268.665283203125,3357.2251800386775,3260.6143834908016,3341.1233806140317,25480200,UNVR.JK
2023-03-06,3357.22509765625,3373.3268966857763,3276.716102508618,3284.767002023381,18877200,UNVR.JK
2023-03-07,3284.767333984375,3349.1745366115197,3284.767333984375,3349.1745366115197,20025900,UNVR.JK
2023-03-08,3300.868896484375,3316.9706959794207,3268.6652974942835,3284.7670969893293,9159100,UNVR.JK
2023-03-09,3300.868896484375,3333.0724954744665,3284.7670969893293,3300.868896484375,12777500,UNVR.JK
2023-03-10,3308.919921875,3333.0726220346714,3284.767221715328,3300.869021821776,6405200,UNVR.JK
2023-03-13,3349.17431640625,3365.276116004357,3284.7671180138223,3292.8180178128755,10109400,UNVR.JK
2023-03-14,3389.4287109375,3413.581409590261,3325.0215145301363,3333.072414081057,20377200,UNVR.JK
2023-03-15,3300.868896484375,3405.5305932021724,3300.868896484375,3389.4287937071267,11897200,UNVR.JK
2023-03-16,3276.7158203125,3316.9703144195328,3252.56312384828,3300.86851677672,9016800,UNVR.JK
2023-03-17,3349.17431640625,3357.2252162053037,3276.7162182147686,3276.7162182147686,25725700,UNVR.JK
2023-03-20,3349.17431640625,3357.2252162053037,3300.868917611929,3349.17431640625,3705900,UNVR.JK
2023-03-21,3381.377685546875,3381.377685546875,3341.1231892903647,3349.174088541667,7708900,UNVR.JK
2023-03-24,3437.734375,3518.2433767564403,3413.581674473068,3518.2433767564403,16680100,UNVR.JK
2023-03-27,3453.836181640625,3453.836181640625,3405.5307804987983,3437.734381260016,6187200,UNVR.JK
2023-03-28,3461.886962890625,3477.9887627180233,3445.7851630632267,3453.836062976926,5785600,UNVR.JK
2023-03-29,3510.192626953125,3518.24352747366,3461.887223829917,3461.887223829917,12264000,UNVR.JK
2023-03-30,3429.683349609375,3518.243248308209,3429.683349609375,3510.1923484264967,5407700,UNVR.JK
2023-03-31,3502.14111328125,3510.1920123922414,3429.683021282328,3437.7339203933193,10607100,UNVR.JK
2023-04-03,3453.836181640625,3502.141582782452,3421.632580879407,3502.141582782452,8983700,UNVR.JK
2023-04-04,3453.836181640625,3453.836181640625,3397.4798803084936,3445.785281450321,14526800,UNVR.JK
2023-04-05,3421.63232421875,3477.9886213235295,3421.63232421875,3453.8359225643385,7687900,UNVR.JK
2023-04-06,3421.63232421875,3453.8359225643385,3405.530525045956,3421.63232421875,5191100,UNVR.JK
2023-04-10,3453.836181640625,3453.836181640625,3405.5307804987983,3421.632580879407,5001000,UNVR.JK
2023-04-11,3381.377685546875,3453.835778808594,3381.377685546875,3453.835778808594,8782600,UNVR.JK
2023-04-12,3373.3271484375,3397.4798487843077,3365.276248321897,3389.4289486687053,12391300,UNVR.JK
2023-04-13,3300.868896484375,3365.276094464558,3300.868896484375,3349.174294969512,15132500,UNVR.JK
2023-04-14,3341.123779296875,3397.480084007907,3316.9710772778617,3316.9710772778617,20757900,UNVR.JK
2023-04-17,3325.021240234375,3365.275734668205,3292.817644687311,3349.1739368946733,11180200,UNVR.JK
2023-04-18,3292.818115234375,3341.1235154578626,3292.818115234375,3325.021715383367,8436800,UNVR.JK
2023-04-26,3300.868896484375,3300.868896484375,3188.156300019055,3292.8179967368524,32563400,UNVR.JK
2023-04-27,3542.39599609375,3598.752296031605,3341.123496315696,3341.123496315696,65436100,UNVR.JK
2023-04-28,3542.39599609375,3574.5995960582386,3510.1923961292614,3542.39599609375,14421200,UNVR.JK
2023-05-02,3542.39599609375,3550.446896084872,3445.785196200284,3542.39599609375,11600900,UNVR.JK
2023-05-03,3542.39599609375,3558.4977960759943,3502.1414961381392,3542.39599609375,18996600,UNVR.JK
2023-05-04,3582.650390625,3606.8030898876405,3542.3958918539324,3542.3958918539324,15745000,UNVR.JK
2023-05-05,3614.854248046875,3614.854248046875,3534.3452447496174,3582.650646727972,19170300,UNVR.JK
2023-05-08,3598.751953125,3614.8537515729868,3566.548356229027,3606.8028523489934,8305100,UNVR.JK
2023-05-09,3534.34521484375,3598.7524169365747,3510.192514058941,3598.7524169365747,13264100,UNVR.JK
2023-05-10,3622.905029296875,3622.905029296875,3542.396028645833,3558.4978287760414,12468600,UNVR.JK
2023-05-11,3566.548828125,3622.9051301495483,3518.2434263896725,3622.9051301495483,10646000,UNVR.JK
2023-05-12,3542.39599609375,3566.5486960671165,3518.2432961203835,3566.5486960671165,7003400,UNVR.JK
2023-05-15,3622.905029296875,3647.0577294921873,3542.396028645833,3582.650528971354,17448600,UNVR.JK
2023-05-16,3630.955810546875,3630.955810546875,3590.701311538595,3622.904910745219,6163000,UNVR.JK
2023-05-17,3590.701171875,3630.955669317545,3558.4975739209644,3622.904769829036,8527400,UNVR.JK
2023-05-19,3566.548828125,3622.9051301495483,3566.548828125,3590.7015289926635,10102700,UNVR.JK
2023-05-22,3558.497802734375,3606.8032027714935,3534.3451027158158,3566.5487027405616,10990800,UNVR.JK
2023-05-23,3582.650390625,3606.8030898876405,3558.4976913623595,3558.4976913623595,15329600,UNVR.JK
2023-05-24,3550.4462890625,3582.649883521117,3534.3444918331916,3582.649883521117,0,UNVR.JK
2023-05-25,3550.4462890625,3582.649883521117,3518.242694603883,3550.4462890625,16244400,UNVR.JK
2023-05-26,3526.2939453125,3566.5484424051087,3526.2939453125,3550.446643568065,8749200,UNVR.JK
2023-05-29,3663.159912109375,3663.159912109375,3526.2945967118817,3542.3963985233518,26644200,UNVR.JK
2023-05-30,3655.1083984375,3703.4137957736784,3630.955699769411,3663.15929799353,14103700,UNVR.JK
2023-05-31,3647.0576171875,3687.312116273455,3622.9049177359275,3655.1085170046913,221662700,UNVR.JK
2023-06-05,3622.905029296875,3663.1595296223954,3590.701429036458,3647.0577294921873,14140400,UNVR.JK
2023-06-06,3590.701171875,3630.955669317545,3574.5993728979824,3622.904769829036,6400200,UNVR.JK
2023-06-07,3679.261474609375,3679.261474609375,3590.701570406524,3598.752470788601,30637600,UNVR.JK
2023-06-08,3703.414306640625,3727.5670086404552,3655.108902640965,3679.2616046407948,15742600,UNVR.JK
2023-06-09,3663.159912109375,3703.4144166380493,3655.10901120364,3687.3126148265796,11332500,UNVR.JK
2023-06-12,3711.46484375,3711.46484375,3671.2103443600868,3695.363043994035,8165300,UNVR.JK
2023-06-13,3630.955810546875,3727.5666081667473,3606.803111141907,3711.4648085634353,19167100,UNVR.JK
2023-06-14,3574.599609375,3630.955909522804,3550.4469093116554,3622.905009501689,13107000,UNVR.JK
2023-06-15,3639.006591796875,3639.006591796875,3550.4466968637653,3574.599395481886,10369100,UNVR.JK
2023-06-16,3534.34521484375,3622.905117721384,3534.34521484375,3622.905117721384,17780000,UNVR.JK
2023-06-19,3526.2939453125,3558.4975429865867,3477.98854880137,3534.344844731022,10327500,UNVR.JK
2023-06-20,3461.886962890625,3534.3450621139173,3461.886962890625,3526.294162200218,14414700,UNVR.JK
2023-06-21,3510.192626953125,3518.24352747366,3461.887223829917,3461.887223829917,11124900,UNVR.JK
2023-06-22,3421.63232421875,3518.2431192555146,3421.63232421875,3518.2431192555146,15969700,UNVR.JK
2023-06-23,3437.734375,3453.836175351288,3389.4289739461356,3421.632574648712,7696300,UNVR.JK
2023-06-26,3405.5302734375,3437.7338694038117,3405.5302734375,3437.7338694038117,6553900,UNVR.JK
2023-06-27,3429.683349609375,3445.7851493727994,3405.530649964239,3405.530649964239,10533700,UNVR.JK
2023-07-03,3469.93798828125,3469.93798828125,3389.428986232961,3421.6325870522764,11030200,UNVR.JK
2023-07-04,3486.0400390625,3494.090939845554,3461.887336713337,3477.989138279446,3652500,UNVR.JK
2023-07-05,3469.93798828125,3486.0397886909077,3445.785287666763,3486.0397886909077,6305600,UNVR.JK
2023-07-06,3478.94189453125,3511.6848770680144,3454.3846576286765,3487.127640165441,12604100,UNVR.JK
2023-07-07,3470.75634765625,3470.75634765625,3446.1991093473616,3462.5706015532874,6160700,UNVR.JK
2023-07-10,3478.94189453125,3536.242113970588,3470.7561488970587,3470.7561488970587,7747800,UNVR.JK
2023-07-11,3478.94189453125,3503.4991314338235,3470.7561488970587,3487.127640165441,4794700,UNVR.JK
2023-07-12,3446.198974609375,3487.127703523976,3438.013228826455,3478.9419577410554,16641400,UNVR.JK
2023-07-13,3478.94189453125,3478.94189453125,3446.198911994485,3454.3846576286765,6041000,UNVR.JK
2023-07-14,3478.94189453125,3511.6848770680144,3462.5704032628673,3478.94189453125,10570200,UNVR.JK
2023-07-17,3495.313720703125,3511.685213540142,3478.942227866108,3487.1279742846164,9589000,UNVR.JK
2023-07-18,3495.313720703125,3519.8709599586505,3462.570735029091,3495.313720703125,4258600,UNVR.JK
2023-07-20,3454.384765625,3495.313495075533,3446.199019734893,3487.1277491854266,8607100,UNVR.JK
2023-07-21,3511.68505859375,3511.68505859375,3454.3848361924533,3454.3848361924533,6015200,UNVR.JK
2023-07-24,3511.68505859375,3552.61378888039,3495.313566479094,3511.68505859375,8770000,UNVR.JK
2023-07-25,3315.22705078125,3429.827492042824,3290.6698133680557,3429.827492042824,49204900,UNVR.JK
2023-07-26,3249.740966796875,3331.5984218799194,3233.369475780266,3315.2269308633104,37401200,UNVR.JK
2023-07-27,3143.326416015625,3274.298350016276,3143.326416015625,3249.741112391154,40562400,UNVR.JK
2023-07-28,3167.8837890625,3192.441027737403,3118.7693117126937,3151.5122966125646,20221700,UNVR.JK
2023-07-31,3151.51220703125,3184.255191000406,3135.140715046672,3167.883699015828,19175000,UNVR.JK
2023-08-01,3086.0263671875,3151.512337843999,3086.0263671875,3135.1408451798743,20623500,UNVR.JK
2023-08-02,3020.540283203125,3110.5834894774725,3012.3545371781843,3086.0262514026504,28813900,UNVR.JK
2023-08-03,3086.0263671875,3135.1408451798743,3004.168903866877,3020.5403965310015,26351700,UNVR.JK
2023-08-04,3061.468994140625,3118.769215956091,3053.283248166987,3094.2119780351773,18183400,UNVR.JK
2023-08-07,3045.09716796875,3086.025893344674,3045.09716796875,3061.4686581191195,7680200,UNVR.JK
2023-08-08,3069.65478515625,3102.39776953125,3053.28329296875,3053.28329296875,10061700,UNVR.JK
2023-08-09,3045.09716796875,3086.025893344674,3045.09716796875,3069.6544031943045,13411000,UNVR.JK
2023-08-10,3012.354736328125,3053.2834691586704,3012.354736328125,3045.0977225925612,13438900,UNVR.JK
2023-08-11,3028.725830078125,3045.0973210515203,3012.3543391047297,3012.3543391047297,7702800,UNVR.JK
2023-08-14,3053.283203125,3053.283203125,2971.4257445961794,3028.725965566354,13589300,UNVR.JK
2023-08-15,3053.283203125,3069.6546948307637,3020.5402197134717,3069.6546948307637,9907900,UNVR.JK
2023-08-16,3053.283203125,3053.283203125,3012.3544738605897,3053.283203125,5265200,UNVR.JK
2023-08-18,3020.540283203125,3045.097521277947,3012.3545371781843,3012.3545371781843,10416200,UNVR.JK
2023-08-21,3036.911865234375,3053.2833577693314,3020.540372699419,3028.726118966897,6141700,UNVR.JK
2023-08-22,3036.911865234375,3045.0976115018534,3028.726118966897,3036.911865234375,5435600,UNVR.JK
2023-08-23,3069.65478515625,3094.2120234375,3028.7260546875,3036.9118007812503,9837500,UNVR.JK
2023-08-24,3045.09716796875,3077.840148269489,3045.09716796875,3069.6544031943045,6318100,UNVR.JK
2023-08-25,3077.8408203125,3077.8408203125,3028.7263391373003,3045.097832862367,5639900,UNVR.JK
2023-08-28,3094.2119140625,3110.583405671296,3077.8404224537035,3102.3976598668983,4538300,UNVR.JK
2023-08-29,3077.8408203125,3110.5838077626327,3077.8408203125,3094.212314037566,4023200,UNVR.JK
2023-08-30,3061.468994140625,3102.397724008815,3061.468994140625,3102.397724008815,6862300,UNVR.JK
2023-08-31,3004.168701171875,3077.840413189714,3004.168701171875,3061.468921630194,17604900,UNVR.JK
2023-09-01,2995.983154296875,3045.097632236168,2971.4259153272287,3004.168900620091,14230900,UNVR.JK
2023-09-04,2995.983154296875,3020.5403932665217,2995.983154296875,3004.168900620091,4215000,UNVR.JK
2023-09-05,2963.239990234375,3004.1687193812586,2946.8684985756213,2995.9829735518815,13723200,UNVR.JK
2023-09-06,2987.79736328125,3012.354601883562,2946.8686322773974,2963.2401246789386,9878900,UNVR.JK
2023-09-07,2971.42578125,3004.1687650654267,2946.8685433884298,2995.9830191115702,13672200,UNVR.JK
2023-09-08,2955.05419921875,2971.425690627164,2922.3112164019217,2971.425690627164,13784500,UNVR.JK
2023-09-11,2987.79736328125,2987.79736328125,2930.497139875856,2955.054378478168,7703500,UNVR.JK
2023-09-12,2963.239990234375,2995.9829735518815,2955.054244404998,2987.797227722505,6763100,UNVR.JK
2023-09-13,2938.682861328125,2971.4258458554577,2922.3113690644586,2971.4258458554577,7890700,UNVR.JK
2023-09-14,2914.12548828125,2955.054217049245,2914.12548828125,2930.496979788448,7980500,UNVR.JK
2023-09-15,2865.010986328125,2922.3112060546873,2865.010986328125,2905.939714704241,19503200,UNVR.JK
2023-09-18,2840.453857421875,2881.3825873559076,2832.2681114350685,2865.0110953822946,11035100,UNVR.JK
2023-09-19,2930.497314453125,2971.4260478952074,2848.6398475689593,2856.825594257376,10301100,UNVR.JK
2023-09-20,2971.42578125,3004.1687650654267,2922.3113055268595,2930.497051480716,12091400,UNVR.JK
2023-09-21,3086.0263671875,3094.2121135195625,2930.497186878316,2971.4259185386277,24626400,UNVR.JK
2023-09-22,3151.51220703125,3184.255191000406,3069.6547471083604,3086.0262390929383,24114800,UNVR.JK
2023-09-25,3126.954833984375,3184.255053455293,3102.3975970682677,3159.6978165391856,10923700,UNVR.JK
2023-09-26,3126.954833984375,3126.954833984375,3086.0261057908624,3110.58334270697,11435500,UNVR.JK
2023-09-27,3086.0263671875,3126.9550988478118,3045.0976355271887,3126.9550988478118,9958600,UNVR.JK
2023-09-29,3061.468994140625,3094.2119780351773,3020.540264272435,3086.026232061539,10670700,UNVR.JK
2023-10-02,3028.725830078125,3094.2117939717064,3028.725830078125,3061.4688120249157,7916700,UNVR.JK
2023-10-03,2938.682861328125,3028.7260687782905,2938.682861328125,3028.7260687782905,19196000,UNVR.JK
2023-10-04,2930.497314453125,2955.0545545183745,2897.754327699459,2938.683061141541,9896800,UNVR.JK
2023-10-05,2995.983154296875,3012.3546469433063,2930.497183711151,2955.0544226807974,12777300,UNVR.JK
2023-10-06,3110.583251953125,3143.3262335526315,3004.1685617547287,3012.3543071546055,23551700,UNVR.JK
2023-10-09,3045.09716796875,3110.5831285702284,3028.72567781838,3110.5831285702284,8305700,UNVR.JK
2023-10-10,3004.168701171875,3069.654667409954,3004.168701171875,3045.0974300706744,3722500,UNVR.JK
2023-10-11,2955.05419921875,3036.9116562608206,2955.05419921875,3004.1686734439922,12320900,UNVR.JK
2023-10-12,2971.42578125,3004.1687650654267,2955.054289342286,2963.240035296143,10447600,UNVR.JK
2023-10-13,2987.79736328125,2995.9831094820206,2955.054378478168,2955.054378478168,5584300,UNVR.JK
2023-10-16,2987.79736328125,3004.168855682791,2963.2401246789386,2995.9831094820206,4544700,UNVR.JK
2023-10-17,3135.140869140625,3143.326615535248,2971.425941248164,2987.79743403741,21600800,UNVR.JK
2023-10-18,3126.954833984375,3143.3263252617803,3077.84036015216,3135.140579623078,8686200,UNVR.JK
2023-10-19,3118.769287109375,3151.512271750943,3086.0263024678065,3110.5835409489828,8884300,UNVR.JK
2023-10-20,3159.697998046875,3176.069490264734,3053.2832986307885,3118.7692675022263,13601000,UNVR.JK
2023-10-23,3143.326416015625,3159.697907765706,3077.8404490152993,3159.697907765706,7703300,UNVR.JK
2023-10-24,3266.11279296875,3274.2985393170425,3102.397866002898,3135.1408513960682,29824500,UNVR.JK
2023-10-25,3339.784423828125,3356.155916101792,3274.298454733456,3274.298454733456,27547000,UNVR.JK
2023-10-26,3257.927001953125,3315.227225605567,3241.555509480999,3315.227225605567,19249700,UNVR.JK
2023-10-27,3257.927001953125,3331.5987180776933,3233.3697632449357,3257.927001953125,19668800,UNVR.JK
2023-10-30,3102.397705078125,3249.7411317045267,3045.097483612302,3249.7411317045267,26309000,UNVR.JK
2023-10-31,2963.239990234375,3126.9549068219094,2963.239990234375,3102.397669333779,26496500,UNVR.JK
2023-11-01,2930.497314453125,2987.7975412720407,2905.940074387875,2946.868807829958,22592200,UNVR.JK
2023-11-02,2938.682861328125,3004.1688303827905,2922.3113690644586,2946.868607459958,20934700,UNVR.JK
2023-11-03,2905.939697265625,2955.0541710222274,2881.382460387324,2938.6826797700264,17879200,UNVR.JK
2023-11-06,2963.239990234375,2971.4257360637516,2905.9397694287377,2905.9397694287377,11111200,UNVR.JK
2023-11-07,2922.311279296875,2963.2400086987923,2905.9397875361083,2963.2400086987923,10356800,UNVR.JK
2023-11-08,2946.868408203125,2946.868408203125,2914.125425889757,2914.125425889757,6267300,UNVR.JK
2023-11-09,2946.868408203125,2946.868408203125,2930.496917046441,2946.868408203125,4264700,UNVR.JK
2023-11-10,2938.682861328125,2946.868607459958,2905.939876800792,2946.868607459958,4501100,UNVR.JK
2023-11-13,2889.568359375,2938.682835738314,2873.196867253895,2938.682835738314,9074200,UNVR.JK
2023-11-14,2848.639404296875,2881.38238595546,2840.453658882229,2873.196640540814,13579700,UNVR.JK
2023-11-15,2807.7109375,2889.568399234694,2791.339445153061,2865.011160714286,30575200,UNVR.JK
2023-11-16,2832.268310546875,2832.268310546875,2799.5253242977783,2815.896817422327,7704400,UNVR.JK
2023-11-17,2840.453857421875,2840.453857421875,2799.5251274878424,2840.453857421875,13562900,UNVR.JK
2023-11-20,2832.268310546875,2840.4540571091493,2799.5253242977783,2840.4540571091493,4352900,UNVR.JK
2023-11-21,2848.639404296875,2856.825149711521,2807.7106772236443,2832.2679134675827,11470300,UNVR.JK
2023-11-22,2865.010986328125,2881.3824776785714,2824.0822579520086,2848.6394949776786,16968700,UNVR.JK
2023-11-23,2897.754150390625,2930.4971351408017,2865.0111656404483,2873.1969118279926,16669800,UNVR.JK
2023-11-24,2889.568359375,2930.4970896777622,2881.3826133144476,2905.939851496105,4341700,UNVR.JK
2023-11-27,2881.382568359375,2905.9398061578922,2865.0110764936967,2889.568314292214,11935500,UNVR.JK
2023-11-28,2946.868408203125,2979.611390516493,2881.382443576389,2881.382443576389,13638400,UNVR.JK
2023-11-29,2971.42578125,2979.6115272038564,2914.1255595730026,2946.8685433884298,9785100,UNVR.JK
2023-11-30,2987.79736328125,2987.79736328125,2922.3113936750856,2971.4258708797092,40876300,UNVR.JK
2023-12-01,2971.42578125,3028.726002926997,2938.682797434573,2946.8685433884298,11652900,UNVR.JK
2023-12-04,2971.42578125,3004.1687650654267,2905.9398136191458,2979.6115272038564,17107000,UNVR.JK
2023-12-05,3015.576416015625,3015.576416015625,2973.924808059608,2990.5854512420146,14546100,UNVR.JK
2023-12-06,2923.943115234375,3023.906982421875,2915.61279296875,3015.57666015625,16666500,UNVR.JK
2023-12-07,2973.9248046875,2973.9248046875,2915.612553615196,2923.9428751969535,7254400,UNVR.JK
2023-12-08,2923.943115234375,2973.925048828125,2907.282470703125,2973.925048828125,10274300,UNVR.JK
2023-12-11,2915.61279296875,2923.943115234375,2890.621826171875,2915.61279296875,7700700,UNVR.JK
2023-12-12,2857.30029296875,2923.942865399508,2848.969971414905,2915.612543845663,11409300,UNVR.JK
2023-12-13,2873.961181640625,2882.29150390625,2832.3095703125,2857.300537109375,5871300,UNVR.JK
2023-12-14,2832.309326171875,2873.9609339096965,2832.309326171875,2873.9609339096965,6953500,UNVR.JK
2023-12-15,2915.61279296875,2915.61279296875,2773.997314453125,2832.3095703125,24909000,UNVR.JK
2023-12-18,2840.6396484375,2898.9518992851904,2815.6486837884895,2898.9518992851904,10582500,UNVR.JK
2023-12-19,2857.30029296875,2865.6306145225944,2815.648685199526,2840.63964986106,4909700,UNVR.JK
2023-12-20,2882.29150390625,2932.2734375,2848.97021484375,2857.300537109375,15667400,UNVR.JK
2023-12-21,2890.621826171875,2898.9521484375,2865.630859375,2890.621826171875,4497500,UNVR.JK
2023-12-22,2890.621826171875,2907.282470703125,2865.630859375,2890.621826171875,6665700,UNVR.JK
2023-12-27,2890.621826171875,2932.2734375,2873.961181640625,2890.621826171875,7000200,UNVR.JK
2023-12-28,2948.933837890625,2973.9248026185114,2915.612551586776,2915.612551586776,12314500,UNVR.JK
2023-12-29,2940.603759765625,2957.264404296875,2915.61279296875,2948.93408203125,6004400,UNVR.JK
2024-01-02,2957.263916015625,2957.263916015625,2915.6123115647006,2940.6032742352554,5999200,UNVR.JK
2024-01-03,2940.603759765625,2965.5947265625,2932.2734375,2957.264404296875,3253600,UNVR.JK
2024-01-04,2932.2734375,2965.5947265625,2932.2734375,2940.603759765625,4485500,UNVR.JK
2024-01-05,2932.2734375,2982.25537109375,2932.2734375,2948.93408203125,7584800,UNVR.JK
2024-01-08,2898.9521484375,2965.5947265625,2890.621826171875,2940.603759765625,7215700,UNVR.JK
2024-01-09,2857.30029296875,2907.2822222918185,2848.969971414905,2898.9519007379736,6680700,UNVR.JK
2024-01-10,2840.6396484375,2898.9518992851904,2840.6396484375,2857.30029153684,12276500,UNVR.JK
2024-01-11,2840.6396484375,2873.9609346361804,2840.6396484375,2873.9609346361804,1810300,UNVR.JK
2024-01-12,2890.621826171875,2898.9521484375,2840.639892578125,2857.300537109375,8747800,UNVR.JK
2024-01-15,2857.30029296875,2898.9519007379736,2857.30029296875,2890.6215791841287,7943000,UNVR.JK
2024-01-16,2840.6396484375,2890.6215777355205,2840.6396484375,2857.30029153684,5862800,UNVR.JK
2024-01-17,2765.6669921875,2865.630859375,2757.336669921875,2865.630859375,30689000,UNVR.JK
2024-01-18,2749.00634765625,2782.32763671875,2740.676025390625,2773.997314453125,14864200,UNVR.JK
2024-01-19,2699.0244140625,2749.00634765625,2674.033447265625,2749.00634765625,15821600,UNVR.JK
2024-01-22,2599.060546875,2699.0244140625,2599.060546875,2682.36376953125,22069700,UNVR.JK
2024-01-23,2649.042724609375,2665.7033706761003,2607.3911094425607,2615.721432475924,17207800,UNVR.JK
2024-01-24,2665.703125,2682.36376953125,2624.051513671875,2649.04248046875,8517800,UNVR.JK
2024-01-25,2632.381591796875,2665.7028777689875,2624.051270303847,2657.372556275959,11169800,UNVR.JK
2024-01-26,2632.381591796875,2640.711913289903,2607.390627317791,2632.381591796875,5350200,UNVR.JK
2024-01-29,2565.739013671875,2632.38158545556,2557.4086921989147,2632.38158545556,13848500,UNVR.JK
2024-01-30,2607.390869140625,2607.390869140625,2507.427001953125,2565.7392578125,26092800,UNVR.JK
2024-01-31,2582.399658203125,2624.051265593498,2582.399658203125,2607.3906226373488,18463900,UNVR.JK
2024-02-01,2582.399658203125,2607.3906226373488,2574.0693367250506,2582.399658203125,12723500,UNVR.JK
2024-02-02,2640.712158203125,2665.703125,2582.39990234375,2582.39990234375,18042600,UNVR.JK
2024-02-05,2665.703125,2699.0244140625,2649.04248046875,2657.372802734375,16177900,UNVR.JK
2024-02-06,2707.3544921875,2724.015135216346,2640.7119200721154,2682.3635276442305,14521500,UNVR.JK
2024-02-07,2724.01513671875,2732.3454582377676,2699.024172161697,2707.3544936807148,12311500,UNVR.JK
2024-02-12,2432.4541015625,2640.712158203125,2432.4541015625,2640.712158203125,82247100,UNVR.JK
2024-02-13,2332.490234375,2440.784423828125,2332.490234375,2432.4541015625,56546400,UNVR.JK
2024-02-15,2440.7841796875,2449.1145011198805,2357.4809653636944,2382.4719296608364,37986300,UNVR.JK
2024-02-16,2357.481201171875,2449.11474609375,2357.481201171875,2440.784423828125,22773700,UNVR.JK
2024-02-19,2332.490234375,2390.802490234375,2332.490234375,2357.481201171875,19247100,UNVR.JK
2024-02-20,2299.1689453125,2349.15087890625,2299.1689453125,2332.490234375,25789800,UNVR.JK
2024-02-21,2240.856689453125,2299.1689453125,2207.535400390625,2299.1689453125,42514700,UNVR.JK
2024-02-22,2265.847412109375,2282.5080548454735,2240.8564480052273,2240.8564480052273,14447400,UNVR.JK
2024-02-23,2240.856689453125,2282.50830078125,2215.86572265625,2274.177978515625,14969800,UNVR.JK
2024-02-26,2157.55322265625,2240.856435886221,2157.55322265625,2240.856435886221,30113500,UNVR.JK
2024-02-27,2182.544189453125,2199.204832120706,2140.892582784172,2157.5532254517534,23069800,UNVR.JK
2024-02-28,2249.18701171875,2265.84765625,2174.214111328125,2182.54443359375,23977800,UNVR.JK
2024-02-29,2274.177734375,2274.177734375,2199.204842032967,2257.517091632326,33006500,UNVR.JK
2024-03-01,2274.177734375,2274.177734375,2215.865484775641,2257.517091632326,13019300,UNVR.JK
2024-03-04,2224.196044921875,2282.50830078125,2215.86572265625,2274.177978515625,9755100,UNVR.JK
2024-03-05,2224.196044921875,2240.856689453125,2199.205078125,2224.196044921875,9041900,UNVR.JK
2024-03-06,2240.856689453125,2265.84765625,2224.196044921875,2232.5263671875,8404900,UNVR.JK
2024-03-07,2274.177734375,2274.177734375,2232.5261275183148,2249.186770260989,18964900,UNVR.JK
2024-03-08,2215.86572265625,2282.50830078125,2215.86572265625,2274.177978515625,9291000,UNVR.JK
2024-03-13,2265.847412109375,2265.847412109375,2215.86548390108,2265.847412109375,18542100,UNVR.JK
2024-03-14,2240.856689453125,2265.84765625,2215.86572265625,2265.84765625,23624800,UNVR.JK
2024-03-15,2199.204833984375,2240.8564406886244,2182.5441913026752,2215.8654766660748,31980100,UNVR.JK
2024-03-18,2307.499267578125,2332.490234375,2199.205078125,2199.205078125,31870900,UNVR.JK
2024-03-19,2282.508056640625,2324.159663513629,2282.508056640625,2315.829342139028,7212400,UNVR.JK
2024-03-20,2299.1689453125,2349.15087890625,2282.50830078125,2299.1689453125,20534200,UNVR.JK
2024-03-21,2265.847412109375,2315.82934031767,2265.847412109375,2299.168697581572,10191700,UNVR.JK
2024-03-22,2265.847412109375,2290.8383762135227,2224.1958052691293,2265.847412109375,12568600,UNVR.JK
2024-03-25,2299.1689453125,2299.1689453125,2240.856689453125,2299.1689453125,9638300,UNVR.JK
2024-03-26,2307.499267578125,2307.499267578125,2274.177978515625,2307.499267578125,12137600,UNVR.JK
2024-03-27,2274.177734375,2307.4990198603477,2265.847413003663,2274.177734375,8171400,UNVR.JK
2024-03-28,2249.18701171875,2282.50830078125,2207.535400390625,2274.177978515625,22405000,UNVR.JK
2024-04-01,2274.177734375,2274.177734375,2190.87452066163,2249.186770260989,10886900,UNVR.JK
2024-04-02,2282.508056640625,2282.508056640625,2249.1867711422215,2265.8474138914235,7454900,UNVR.JK
2024-04-03,2240.856689453125,2282.50830078125,2224.196044921875,2282.50830078125,10531600,UNVR.JK
2024-04-04,2257.517333984375,2324.159912109375,2240.856689453125,2240.856689453125,15061600,UNVR.JK
2024-04-05,2232.5263671875,2274.177978515625,2232.5263671875,2257.517333984375,4694500,UNVR.JK
2024-04-16,2115.902099609375,2190.875008650652,2115.902099609375,2165.8840389702264,20692600,UNVR.JK
2024-04-17,1974.2864990234375,2124.2323090758505,1974.2864990234375,2115.901986295161,35911000,UNVR.JK
2024-04-18,1990.94677734375,2024.2680623202145,1974.2861348555177,1974.2861348555177,13303400,UNVR.JK
2024-04-19,1982.6165771484375,2032.5985076647848,1940.964968384815,1982.6165771484375,13199200,UNVR.JK
2024-04-22,2007.607666015625,2024.268310546875,1974.286376953125,1999.27734375,6973300,UNVR.JK
2024-04-23,1940.9649658203125,2024.2681832374933,1940.9649658203125,2015.9378614957752,13225400,UNVR.JK
2024-04-24,1990.94677734375,2015.9377410760983,1957.6254923672857,1957.6254923672857,14639700,UNVR.JK
2024-04-25,2199.204833984375,2240.8564406886244,2082.5803352124763,2082.5803352124763,49635500,UNVR.JK
2024-04-26,2157.55322265625,2290.8383638242035,2157.55322265625,2207.5351505942326,31837700,UNVR.JK
2024-04-29,2157.55322265625,2174.2138653022444,2065.9196881032817,2165.883543979247,20630300,UNVR.JK
2024-04-30,2182.544189453125,2224.195796122078,2132.562261450382,2157.5532254517534,21069900,UNVR.JK
2024-05-02,2199.204833984375,2199.204833984375,2140.892584598426,2182.5441913026752,12789700,UNVR.JK
2024-05-03,2165.8837890625,2207.535400390625,2140.892822265625,2199.205078125,12159100,UNVR.JK
2024-05-06,2165.8837890625,2207.535400390625,2140.892822265625,2207.535400390625,4220900,UNVR.JK
2024-05-07,2115.902099609375,2165.8840389702264,2107.5717763825664,2165.8840389702264,8625300,UNVR.JK
2024-05-08,2132.562255859375,2149.2228984832764,2107.571291923523,2115.9016132354736,11512500,UNVR.JK
2024-05-13,2207.535400390625,2240.856689453125,2132.5625,2132.5625,23948700,UNVR.JK
2024-05-14,2249.18701171875,2257.517333984375,2199.205078125,2224.196044921875,10089800,UNVR.JK
2024-05-15,2232.5263671875,2257.517333984375,2207.535400390625,2249.18701171875,7512400,UNVR.JK
2024-05-16,2249.18701171875,2249.18701171875,2215.86572265625,2232.5263671875,8083900,UNVR.JK
2024-05-17,2257.517333984375,2290.838623046875,2249.18701171875,2249.18701171875,9948800,UNVR.JK
2024-05-20,2249.18701171875,2290.838623046875,2232.5263671875,2257.517333984375,6973900,UNVR.JK
2024-05-21,2424.12353515625,2424.12353515625,2249.1867851965208,2257.5171066231746,44624100,UNVR.JK
2024-05-22,2549.07861328125,2574.069580078125,2390.802490234375,2424.123779296875,50452500,UNVR.JK
2024-05-27,2715.684814453125,2724.015135969852,2574.0693486687596,2574.0693486687596,54566200,UNVR.JK
2024-05-28,2732.34521484375,2823.978743390339,2632.381365520198,2740.6755356207127,29382200,UNVR.JK
2024-05-29,2507.427001953125,2732.345703125,2474.105712890625,2732.345703125,28321900,UNVR.JK
2024-05-30,2590.730224609375,2657.372802734375,2474.105712890625,2499.0966796875,32045000,UNVR.JK
2024-05-31,2599.060546875,2690.694091796875,2599.060546875,2632.3818359375,93435800,UNVR.JK
2024-06-03,2565.739013671875,2657.372549874442,2557.4086921989147,2624.0512639825997,16632800,UNVR.JK
2024-06-04,2607.390869140625,2665.703125,2557.408935546875,2565.7392578125,20118800,UNVR.JK
2024-06-05,2557.408935546875,2632.3818359375,2549.07861328125,2615.72119140625,15373900,UNVR.JK
2024-06-06,2565.739013671875,2640.711906928521,2557.4086921989147,2565.739013671875,9097200,UNVR.JK
2024-06-07,2507.427001953125,2582.39990234375,2507.427001953125,2565.7392578125,18546500,UNVR.JK
2024-06-10,2557.408935546875,2632.3818359375,2507.427001953125,2507.427001953125,16337700,UNVR.JK
2024-06-11,2549.07861328125,2599.060546875,2540.748291015625,2574.069580078125,9309500,UNVR.JK
2024-06-12,2549.07861328125,2599.060546875,2515.75732421875,2549.07861328125,9454500,UNVR.JK
2024-06-13,2549.07861328125,2599.060546875,2549.07861328125,2549.07861328125,11469600,UNVR.JK
2024-06-14,2665.703125,2674.033447265625,2557.408935546875,2574.069580078125,31693600,UNVR.JK
2024-06-19,2557.408935546875,2665.703125,2549.07861328125,2665.703125,26712400,UNVR.JK
2024-06-20,2532.41796875,2582.39990234375,2457.445068359375,2574.069580078125,15901600,UNVR.JK
2024-06-21,2490.766357421875,2582.39990234375,2490.766357421875,2532.41796875,31954300,UNVR.JK
2024-06-24,2507.427001953125,2549.07861328125,2507.427001953125,2507.427001953125,11463100,UNVR.JK
2024-06-25,2507.427001953125,2524.087646484375,2499.0966796875,2507.427001953125,6407300,UNVR.JK
2024-06-26,2507.427001953125,2540.748291015625,2490.766357421875,2507.427001953125,10002000,UNVR.JK
2024-06-27,2565.739013671875,2582.399656617796,2507.4267633611507,2524.087406307072,11445600,UNVR.JK
2024-06-28,2515.757080078125,2582.3996517358237,2515.757080078125,2557.408687364187,22976500,UNVR.JK
2024-07-01,2530.2890625,2564.482157939189,2521.740788640203,2555.933884079392,19111600,UNVR.JK
2024-07-02,2538.837646484375,2547.385921388363,2513.1928217724117,2530.289371580387,18080200,UNVR.JK
2024-07-03,2513.192626953125,2538.8374496771366,2496.0960784704507,2538.8374496771366,13475700,UNVR.JK
2024-07-04,2496.09619140625,2521.741015290561,2478.9996421500427,2504.6444660343536,9162800,UNVR.JK
2024-07-05,2487.5478515625,2513.1926747744847,2487.5478515625,2496.096125966495,3813800,UNVR.JK
2024-07-08,2607.223876953125,2607.223876953125,2496.096301869877,2496.096301869877,13331300,UNVR.JK
2024-07-09,2564.482177734375,2632.868369140625,2538.8373559570314,2624.3200952148436,9920600,UNVR.JK
2024-07-10,2530.2890625,2573.0304317989867,2521.740788640203,2564.482157939189,7287100,UNVR.JK
2024-07-11,2478.999755859375,2555.9342310412176,2478.999755859375,2538.837681000808,15616700,UNVR.JK
2024-07-12,2496.09619140625,2521.741015290561,2478.9996421500427,2487.5479167781464,8178100,UNVR.JK
2024-07-15,2504.644287109375,2521.7408351442514,2470.4511910396222,2513.192561126813,11015000,UNVR.JK
2024-07-16,2402.065185546875,2504.644481726813,2402.065185546875,2504.644481726813,16544200,UNVR.JK
2024-07-17,2444.806396484375,2461.9029447115386,2410.6133000300483,2419.16157414363,6442600,UNVR.JK
2024-07-18,2393.516845703125,2461.9030412946427,2393.516845703125,2444.8064923967636,15388600,UNVR.JK
2024-07-19,2393.516845703125,2419.161669049944,2367.872022356306,2393.516845703125,13042200,UNVR.JK
2024-07-22,2342.227294921875,2419.1617681127395,2333.67902012289,2393.5169437157847,11835200,UNVR.JK
2024-07-23,2333.678955078125,2367.872053321028,2316.5824059566735,2342.2272296388505,9975200,UNVR.JK
2024-07-24,2325.13037109375,2342.2269179400278,2308.0338242474722,2333.6786445168887,8819600,UNVR.JK
2024-07-25,2128.520263671875,2248.1961017899725,2102.875441217997,2222.5512793360945,49706400,UNVR.JK
2024-07-26,2128.520263671875,2154.165086125753,2119.971989520582,2137.068537823168,10432400,UNVR.JK
2024-07-29,2102.875732421875,2154.1653844321645,2094.3274570868266,2128.5205584270198,15273200,UNVR.JK
2024-07-30,2077.230712890625,2119.9720855838477,2060.134163813336,2119.9720855838477,13418000,UNVR.JK
2024-07-31,2085.779052734375,2094.327327540663,2060.1342283155095,2085.779052734375,12819500,UNVR.JK
2024-08-01,2137.068603515625,2145.6168779296877,2085.77895703125,2085.77895703125,12299900,UNVR.JK
2024-08-02,2077.230712890625,2171.261732815715,2077.230712890625,2137.068634661137,12724200,UNVR.JK
2024-08-05,2060.134033203125,2094.327129189899,2025.9409372163511,2077.230581196512,12797900,UNVR.JK
2024-08-06,2102.875732421875,2128.5205584270198,2060.1343557466334,2077.2309064167302,13817000,UNVR.JK
2024-08-07,2119.971923828125,2119.971923828125,2085.77882828251,2102.8753760553177,7543700,UNVR.JK
2024-08-08,2102.875732421875,2137.068833762068,2102.875732421875,2111.4240077569234,6237100,UNVR.JK
2024-08-09,2102.875732421875,2128.5205584270198,2085.779181751778,2111.4240077569234,4069500,UNVR.JK
2024-08-12,2102.875732421875,2119.9722830919713,2085.779181751778,2102.875732421875,6165000,UNVR.JK
2024-08-13,2094.3271484375,2111.4236965880104,2077.23060028699,2111.4236965880104,9960500,UNVR.JK
2024-08-14,2077.230712890625,2102.8755365065585,2060.134163813336,2094.327261967914,19701700,UNVR.JK
2024-08-15,2034.489501953125,2077.2308780445774,2034.489501953125,2060.134327607996,14678100,UNVR.JK
2024-08-16,2043.0374755859375,2060.1340234987906,2034.489201629511,2043.0374755859375,15338700,UNVR.JK
2024-08-19,2017.392822265625,2060.1341956187102,2000.296272924391,2043.0376462774761,27231100,UNVR.JK
2024-08-20,2025.9410400390625,2060.1341377612407,2000.2962167474288,2017.392765608518,47604400,UNVR.JK
2024-08-21,2017.392822265625,2077.2307449599443,2017.392822265625,2034.489371606859,58997300,UNVR.JK
2024-08-22,2008.8446044921875,2043.0377041431184,1991.748054666722,2017.3928794049202,23164600,UNVR.JK
2024-08-23,2008.8446044921875,2034.4894292303857,2008.8446044921875,2008.8446044921875,17697600,UNVR.JK
2024-08-26,2008.8446044921875,2034.4894292303857,1991.748054666722,2008.8446044921875,20397600,UNVR.JK
2024-08-27,1957.554931640625,2017.3928553152293,1923.361832397994,2008.8445805045715,53066300,UNVR.JK
2024-08-28,1923.36181640625,1957.5549153645834,1914.8135416666667,1957.5549153645834,33915800,UNVR.JK
2024-08-29,1914.8133544921875,1949.0064501081195,1914.8133544921875,1923.3616283961705,16896700,UNVR.JK
2024-08-30,1940.458251953125,1949.006526190804,1914.813429240088,1914.813429240088,35048000,UNVR.JK
2024-09-02,1957.554931640625,1991.748030883256,1931.9101072086517,1949.0066568299671,33193700,UNVR.JK
2024-09-03,1923.36181640625,1966.1031901041667,1923.36181640625,1957.5549153645834,20121900,UNVR.JK
2024-09-04,1914.8133544921875,1931.9099023001536,1906.2650805882047,1923.3616283961705,17653400,UNVR.JK
2024-09-05,1897.716796875,1923.3616184543919,1897.716796875,1914.8133445945946,19923600,UNVR.JK
2024-09-06,1897.716796875,1923.3616184543919,1880.6202491554054,1897.716796875,22143400,UNVR.JK
2024-09-09,1872.0718994140625,1906.2649934672875,1854.9753523874501,1897.7167199539813,28639100,UNVR.JK
2024-09-10,1889.168701171875,1914.8135251696833,1872.072151840003,1872.072151840003,15566300,UNVR.JK
2024-09-11,1872.0718994140625,1940.4580875205122,1872.0718994140625,1889.1684464406749,19451900,UNVR.JK
2024-09-12,1897.716796875,1914.8133445945946,1872.0719752956081,1880.6202491554054,19386200,UNVR.JK
2024-09-13,1880.6204833984375,1906.2653081720528,1863.523933549361,1897.7170332475143,22249000,UNVR.JK
2024-09-17,1863.523681640625,1889.1685029476062,1854.9754078716314,1880.6202291786124,16822800,UNVR.JK
2024-09-18,1889.168701171875,1889.168701171875,1863.523877174067,1872.072151840003,14504400,UNVR.JK
2024-09-19,1880.6204833984375,1966.1032326438212,1880.6204833984375,1889.168758322976,71191900,UNVR.JK
2024-09-20,1854.9755859375,1889.1686842957947,1854.9755859375,1880.6204097062212,41017800,UNVR.JK
2024-09-23,1889.168701171875,1889.168701171875,1854.9756025081308,1872.072151840003,17520500,UNVR.JK
2024-09-24,1931.9097900390625,1940.458063446315,1889.1684230028002,1897.7166964100525,25946800,UNVR.JK
2024-09-25,1966.103271484375,1966.103271484375,1914.813620923913,1931.9101711107337,36252700,UNVR.JK
2024-09-26,1966.103271484375,1974.6515465777852,1931.9101711107337,1966.103271484375,24682000,UNVR.JK
2024-09-27,1940.458251953125,2000.2961716168777,1940.458251953125,1974.6513489038407,38117300,UNVR.JK
2024-09-30,1889.168701171875,1957.5548984993638,1889.168701171875,1940.4583491674916,29424700,UNVR.JK
2024-10-01,1889.168701171875,1914.8135251696833,1872.072151840003,1906.2652505037472,19633500,UNVR.JK
2024-10-02,1854.9755859375,1889.1686842957947,1846.4273113479262,1880.6204097062212,28428400,UNVR.JK
2024-10-03,1872.0718994140625,1880.6201729273687,1829.3305318475313,1854.9753523874501,17310900,UNVR.JK
2024-10-04,1854.9755859375,1880.6204097062212,1854.9755859375,1872.0721351166474,8635300,UNVR.JK
2024-10-07,1940.458251953125,1940.458251953125,1863.5237838140142,1863.5237838140142,27472500,UNVR.JK
2024-10-08,1974.6512451171875,1991.7477926939596,1914.8133285984848,1940.458149963643,31078200,UNVR.JK
2024-10-09,1949.0067138671875,2008.8446392929345,1949.0067138671875,1974.6515390496504,24865600,UNVR.JK
2024-10-10,1949.0067138671875,1983.1998141104716,1931.9101637455456,1974.6515390496504,11655300,UNVR.JK
2024-10-11,1940.458251953125,1966.1030746661618,1914.813429240088,1949.006526190804,11215100,UNVR.JK
2024-10-14,1983.199462890625,1983.199462890625,1923.3615480620285,1940.4580951559133,15728600,UNVR.JK
2024-10-15,2008.8446044921875,2034.4894292303857,1974.6515048412566,1983.1997797539893,40827200,UNVR.JK
2024-10-16,2085.779052734375,2085.779052734375,1983.1997550589138,2025.9411290903558,43977800,UNVR.JK
2024-10-17,2025.9410400390625,2060.1341377612407,2025.9410400390625,2051.585863330696,21524500,UNVR.JK
2024-10-18,1991.7479248046875,2025.9410222262272,1991.7479248046875,2025.9410222262272,12024900,UNVR.JK
2024-10-21,1991.7479248046875,2025.9410222262272,1966.1031017385328,2000.2961991600725,20893700,UNVR.JK
2024-10-22,1983.199462890625,2017.3925570783942,1974.6511893436825,1991.7477364375673,21455700,UNVR.JK
2024-10-23,1991.7479248046875,2000.2961991600725,1957.5548273831478,1983.1996504493027,12440600,UNVR.JK
2024-10-24,1820.782470703125,1880.6203922755283,1795.137647172095,1854.9755687444983,81409800,UNVR.JK
2024-10-25,1795.137451171875,1846.4270926339286,1795.137451171875,1820.7822719029018,30244700,UNVR.JK
2024-10-28,1726.75146484375,1803.6859360496596,1726.75146484375,1795.1376614712253,23210300,UNVR.JK
2024-10-29,1726.75146484375,1760.9445631574877,1701.1066411084469,1726.75146484375,31036200,UNVR.JK
2024-10-30,1675.4617919921875,1726.7514386858259,1675.4617919921875,1726.7514386858259,29695000,UNVR.JK
2024-10-31,1679.7359619140625,1696.83251114474,1675.461824606393,1675.461824606393,12410700,UNVR.JK
2024-11-01,1671.1876220703125,1684.010033492847,1666.9134849294678,1679.735896352002,9685800,UNVR.JK
2024-11-04,1598.5272216796875,1675.4616868942178,1598.5272216796875,1671.187549937855,22080600,UNVR.JK
2024-11-05,1521.5928955078125,1619.8980544872497,1521.5928955078125,1598.5273677525895,44741100,UNVR.JK
2024-11-06,1500.22216796875,1530.1411285835113,1491.6738935073897,1517.3187168914708,35209700,UNVR.JK
2024-11-07,1483.125732421875,1525.8671079959925,1483.125732421875,1500.222282651522,19840000,UNVR.JK
2024-11-08,1504.496337890625,1517.3187498612838,1487.3997885964134,1491.6739259199662,19093300,UNVR.JK
2024-11-11,1487.3997802734375,1513.0446040712554,1483.1256429738012,1508.770466771619,22473500,UNVR.JK
2024-11-12,1560.06005859375,1560.06005859375,1487.3997270976029,1491.673864244435,24318400,UNVR.JK
2024-11-13,1538.689453125,1619.8980631510417,1538.689453125,1619.8980631510417,22535900,UNVR.JK
2024-11-14,1513.0445556640625,1551.511790130098,1513.0445556640625,1538.6893786414196,12795300,UNVR.JK
2024-11-15,1577.1566162109375,1581.430753382241,1513.0445586413873,1513.0445586413873,25035400,UNVR.JK
2024-11-18,1555.7860107421875,1581.4308350950807,1542.963598565741,1581.4308350950807,9937400,UNVR.JK
2024-11-19,1542.96337890625,1568.6081996082928,1542.96337890625,1555.7857892572715,7647900,UNVR.JK
2024-11-20,1542.96337890625,1564.334062824619,1538.6892421225762,1542.96337890625,8032900,UNVR.JK
2024-11-21,1487.3997802734375,1555.7859770676187,1487.3997802734375,1538.6894278690734,21864200,UNVR.JK
2024-11-22,1534.4151611328125,1547.2375719500783,1495.947928681015,1500.2220656201036,11683400,UNVR.JK
2024-11-25,1636.9945068359375,1636.9945068359375,1547.2376278710428,1547.2376278710428,51638500,UNVR.JK
2024-11-26,1598.5272216796875,1654.0910021124039,1598.5272216796875,1641.2685912433155,25359300,UNVR.JK
2024-11-28,1611.3497314453125,1658.3652408508788,1611.3497314453125,1624.1721431013762,18645200,UNVR.JK
2024-11-29,1594.253173828125,1628.4462713901223,1585.7048994376257,1611.3497226091235,15027900,UNVR.JK
2024-12-02,1602.801513671875,1624.1722005208335,1581.4308268229167,1581.4308268229167,8835100,UNVR.JK
2024-12-03,1602.801513671875,1624.1722005208335,1589.9791015625,1607.0756510416668,8008800,UNVR.JK
2024-12-04,1632.7203369140625,1641.2686109293193,1589.978966837778,1594.2531038454065,11996400,UNVR.JK
2024-12-05,1637.9617919921875,1651.065486328125,1616.1223014322916,1651.065486328125,6319800,UNVR.JK
2024-12-06,1633.593994140625,1646.6976892807904,1624.8581973805146,1637.96189252068,3507600,UNVR.JK
2024-12-09,1655.43359375,1672.905188406992,1629.2262017645119,1633.59410042876,7794200,UNVR.JK
2024-12-10,1747.159423828125,1782.1026123046875,1659.8014526367188,1668.5372497558594,39307500,UNVR.JK
2024-12-11,1699.1124267578125,1764.6309007973168,1699.1124267578125,1747.1593077201157,19931300,UNVR.JK
2024-12-12,1664.1693115234375,1707.8482960778583,1664.1693115234375,1703.4803976224164,7574000,UNVR.JK
2024-12-13,1633.593994140625,1664.169282801011,1620.4902990004596,1664.169282801011,8899500,UNVR.JK
2024-12-16,1594.282958984375,1633.5940456442638,1589.9150604666097,1633.5940456442638,7627000,UNVR.JK
2024-12-17,1537.500244140625,1598.6508220325818,1537.500244140625,1581.1792283491654,17086100,UNVR.JK
2024-12-18,1576.8114013671875,1589.9150972234247,1528.7645165609852,1559.339806892205,10167000,UNVR.JK
2024-12-19,1546.2359619140625,1568.0754529015494,1537.5001655190679,1568.0754529015494,6313900,UNVR.JK
2024-12-20,1528.764404296875,1559.3396923828125,1528.764404296875,1546.2359974888393,16051300,UNVR.JK
2024-12-23,1559.3397216796875,1568.0755184397976,1533.1323313993566,1541.8681281594668,5679500,UNVR.JK
2024-12-24,1554.9718017578125,1589.9149883141679,1554.9718017578125,1559.3397000773568,3695800,UNVR.JK
2024-12-27,1607.3865966796875,1624.8581901218581,1554.9718163531759,1559.3397147137186,9226300,UNVR.JK
2024-12-30,1646.6976318359375,1651.065530063619,1589.9149548760777,1607.3865477868037,9186900,UNVR.JK
2025-01-02,1603.0186767578125,1659.8013546811137,1589.9149818524352,1659.8013546811137,6628000,UNVR.JK
2025-01-03,1550.6038818359375,1607.3865591989436,1550.6038818359375,1603.0186609402508,22048300,UNVR.JK
2025-01-06,1524.396484375,1576.8112632073783,1524.396484375,1550.6038737911892,8325600,UNVR.JK
2025-01-07,1554.9718017578125,1554.9718017578125,1528.764411840546,1528.764411840546,6024700,UNVR.JK
2025-01-08,1506.9249267578125,1554.9718084805254,1506.9249267578125,1554.9718084805254,10493000,UNVR.JK
2025-01-09,1476.3497314453125,1524.3966161964913,1476.3497314453125,1506.9250217415172,6587100,UNVR.JK
2025-01-10,1489.453369140625,1498.1891660270803,1471.9817753677144,1480.7175722541697,6937800,UNVR.JK
2025-01-13,1502.55712890625,1524.3966220589573,1489.4534330146257,1493.8213316451672,6631600,UNVR.JK
2025-01-14,1524.396484375,1563.7075684992838,1502.5569931948426,1502.5569931948426,13966800,UNVR.JK
2025-01-15,1515.6607666015625,1541.8681573785348,1515.6607666015625,1524.39656352722,7251900,UNVR.JK
2025-01-16,1559.3397216796875,1563.7076200597426,1524.3965346392463,1528.7644330193014,12071200,UNVR.JK
2025-01-17,1563.70751953125,1563.70751953125,1541.8680290350035,1559.3396214320007,3435700,UNVR.JK
2025-01-20,1528.764404296875,1563.7075906808036,1528.764404296875,1563.7075906808036,5138200,UNVR.JK
2025-01-21,1511.2928466796875,1546.2360338861542,1511.2928466796875,1537.5002370845375,6381600,UNVR.JK
2025-01-22,1480.7176513671875,1528.7645368097806,1480.7176513671875,1511.2929421033832,11612400,UNVR.JK
2025-01-23,1520.0286865234375,1520.0286865234375,1485.0854983274965,1485.0854983274965,12035700,UNVR.JK
2025-01-24,1476.3497314453125,1524.3966161964913,1476.3497314453125,1524.3966161964913,7185100,UNVR.JK
2025-01-30,1441.406494140625,1476.3496818773674,1437.0385956735322,1476.3496818773674,8535800,UNVR.JK
2025-01-31,1423.9349365234375,1450.1423279931942,1423.9349365234375,1441.4065308366085,12703300,UNVR.JK
2025-02-03,1380.255859375,1432.6706388449368,1380.255859375,1428.3027405557755,12109000,UNVR.JK
2025-02-04,1367.1522216796875,1415.1991048697084,1362.7843232078674,1380.2559170951479,9816400,UNVR.JK
2025-02-05,1367.1522216796875,1375.8880186233278,1354.0485262642273,1367.1522216796875,7078900,UNVR.JK
2025-02-06,1319.1053466796875,1367.1522301680204,1310.3695496818088,1367.1522301680204,11260100,UNVR.JK
2025-02-07,1244.85107421875,1319.105348821272,1244.85107421875,1319.105348821272,23092400,UNVR.JK
2025-02-10,1314.7374267578125,1349.680614179947,1244.8510519135434,1244.8510519135434,22972400,UNVR.JK
2025-02-11,1244.85107421875,1336.5769428453948,1244.85107421875,1332.209044339364,12501100,UNVR.JK
2025-02-12,1201.1719970703125,1262.3225714666194,1196.804098899148,1244.8509787819603,47552000,UNVR.JK
2025-02-13,1236.115234375,1240.483132729682,1126.9177755079506,1196.8041491828621,74244500,UNVR.JK
2025-02-14,1279.794189453125,1310.3694772557594,1240.4831051354522,1240.4831051354522,30530500,UNVR.JK
2025-02-17,1257.9547119140625,1310.3694915771484,1244.851016998291,1288.5300000508626,30852000,UNVR.JK
2025-02-18,1266.6905517578125,1275.426348666487,1240.4831610317888,1257.954754849138,24087300,UNVR.JK
2025-02-19,1201.1719970703125,1266.6904696377842,1201.1719970703125,1266.6904696377842,36371600,UNVR.JK
2025-02-20,1179.33251953125,1227.3793999565971,1161.8609266493056,1205.5399088541667,29020400,UNVR.JK
2025-02-21,1126.9178466796875,1183.7005288767261,1126.9178466796875,1174.9647316156431,37424600,UNVR.JK
2025-02-24,1105.0782470703125,1140.0214327484252,1096.3424506507845,1131.285636328897,33750800,UNVR.JK
2025-02-25,1004.6166381835938,1096.3425051481827,1004.6166381835938,1083.2388098675272,116532600,UNVR.JK
2025-02-26,1048.295654296875,1070.1351470947266,1008.9845672607422,1013.3524658203124,123211400,UNVR.JK
2025-02-27,1048.295654296875,1105.078335571289,1035.191958618164,1061.399349975586,64065200,UNVR.JK
2025-02-28,886.683349609375,1057.0313822929495,886.683349609375,1048.2955857450738,785826000,UNVR.JK
2025-03-03,982.7771606445312,1061.3993334960937,860.4760028754341,860.4760028754341,505933700,UNVR.JK
2025-03-04,952.201904296875,1013.3524853067661,939.098208366184,982.7771948018205,169188900,UNVR.JK
2025-03-05,978.4092407226562,1035.191919871739,956.5697487422398,956.5697487422398,152284100,UNVR.JK
2025-03-06,995.8807983398438,1017.720289531507,969.6734089098479,987.1450018631784,75420000,UNVR.JK
2025-03-07,1048.295654296875,1083.2388427734375,1004.6166687011719,1004.6166687011719,116830700,UNVR.JK
2025-03-10,1030.823974609375,1074.5029565843486,1026.4560764118776,1052.663465596862,73948200,UNVR.JK
2025-03-11,1039.559814453125,1048.2956112132351,1000.2487290326286,1022.0882209329044,35888100,UNVR.JK
2025-03-12,1004.6166381835938,1057.031419306216,1004.6166381835938,1048.2956224524455,59364000,UNVR.JK
2025-03-13,1100.71044921875,1118.1820436507937,1008.9845784505209,1013.3524770585318,123437300,UNVR.JK
2025-03-14,1135.6536865234375,1166.2289780836838,1100.7104961688701,1109.446293757512,148060700,UNVR.JK
2025-03-17,1192.436279296875,1201.1720762148009,1140.0214977893202,1144.389396248283,98617100,UNVR.JK
2025-03-18,1188.068359375,1205.5399528952205,1135.6535788143383,1192.436257755055,112819800,UNVR.JK
2025-03-19,1188.068359375,1240.4831399356617,1166.2288674747242,1188.068359375,84280900,UNVR.JK
2025-03-20,1140.021484375,1196.8041636733717,1131.285687559866,1192.4362652658046,72533700,UNVR.JK
2025-03-21,1131.2857666015625,1161.861057590794,1096.3425768995837,1140.0215640270571,76199400,UNVR.JK
2025-03-24,1091.974609375,1126.917796875,1070.1351171875,1113.8141015625001,34134300,UNVR.JK
2025-03-25,1087.606689453125,1113.8140795604293,1065.7671976970382,1096.3424861555598,26275100,UNVR.JK
2025-03-26,1083.23876953125,1113.8140573809223,1078.8708712670111,1083.23876953125,24278400,UNVR.JK
2025-03-27,1105.0782470703125,1122.5498399093688,1070.1350613922,1083.2387560214922,24029300,UNVR.JK
2025-04-08,1030.823974609375,1030.823974609375,982.7770944369041,1004.6165854243909,43015400,UNVR.JK
2025-04-09,1008.9844360351562,1065.7671099245806,991.5128440691796,1017.7202320181447,37069200,UNVR.JK
2025-04-10,1122.5499267578125,1122.5499267578125,1043.9277528992886,1057.031448542376,43797500,UNVR.JK
2025-04-11,1144.389404296875,1170.5967952349713,1096.342520910365,1113.8141148690959,27972400,UNVR.JK
2025-04-14,1188.068359375,1240.4831399356617,1144.3893755744484,1144.3893755744484,49982800,UNVR.JK
2025-04-15,1161.8609619140625,1205.5399454446663,1157.4930635610021,1201.172047091606,30552000,UNVR.JK
2025-04-16,1153.125244140625,1183.7005347049596,1135.6536495324337,1166.2289400967684,21173800,UNVR.JK
2025-04-17,1153.125244140625,1174.9647374008641,1140.0215481844816,1166.2289400967684,18038000,UNVR.JK
2025-04-21,1174.9647216796875,1236.1153019901546,1144.389431524454,1153.1252287116636,43443800,UNVR.JK
2025-04-22,1209.907958984375,1223.011655291065,1166.2289712954084,1179.3326676020984,31082500,UNVR.JK
2025-04-23,1244.85107421875,1266.6905667489036,1214.275784676535,1231.747378700658,57026800,UNVR.JK
2025-04-24,1306.001708984375,1310.3696076766305,1253.5869246773098,1266.690620754076,77362800,UNVR.JK
2025-04-25,1528.764404296875,1629.2260651506697,1336.576879185268,1336.576879185268,238892100,UNVR.JK
2025-04-28,1454.5101318359375,1568.0754874747795,1441.4064369545326,1537.5001994181682,80356100,UNVR.JK
2025-04-29,1467.61376953125,1485.0853620256696,1437.0384826660156,1454.5100751604352,31457700,UNVR.JK
2025-04-30,1498.189208984375,1528.764498963648,1454.5102232996994,1467.6139190051022,50952000,UNVR.JK
2025-05-02,1533.13232421875,1550.6039176571403,1485.0854422631767,1502.557035701567,44238500,UNVR.JK
2025-05-05,1550.6038818359375,1616.1223557163291,1528.7643905424736,1533.1322888011664,47018900,UNVR.JK
2025-05-06,1603.0186767578125,1603.0186767578125,1554.971795438096,1563.7075920416808,30049700,UNVR.JK
2025-05-07,1581.17919921875,1624.8581826225827,1581.17919921875,1616.1223859418162,22389700,UNVR.JK
2025-05-08,1554.9718017578125,1581.179191675079,1528.764411840546,1581.179191675079,36530300,UNVR.JK
2025-05-09,1554.9718017578125,1585.5470899946233,1533.1323101600904,1537.500208479635,14223700,UNVR.JK
2025-05-14,1559.3397216796875,1589.9150103400734,1541.8681281594668,1554.9718232996322,24584500,UNVR.JK
2025-05-15,1563.70751953125,1594.282806225995,1559.3396214320007,1559.3396214320007,18453900,UNVR.JK
2025-05-16,1541.8680419921875,1589.9149214876948,1533.132245720277,1589.9149214876948,21422400,UNVR.JK
2025-05-19,1541.8680419921875,1559.3396345360084,1498.1890606326356,1546.2359401281428,32689200,UNVR.JK
2025-05-20,1493.8212890625,1554.9718681469299,1489.4533905564692,1546.2360711348686,31119800,UNVR.JK
2025-05-21,1537.500244140625,1537.500244140625,1458.878072565252,1489.4533615112305,27634600,UNVR.JK
2025-05-22,1585.547119140625,1620.4903063393165,1515.660744743242,1537.5002367424242,86079500,UNVR.JK
2025-05-23,1559.3397216796875,1576.811315199908,1554.9718232996322,1554.9718232996322,12099800,UNVR.JK
2025-05-26,1541.8680419921875,1576.8112270798292,1537.5001438562324,1559.3396345360084,18393000,UNVR.JK
2025-05-27,1520.0286865234375,1563.707671768364,1520.0286865234375,1541.8681791459007,14533400,UNVR.JK
2025-05-28,1511.2928466796875,1528.764440282921,1493.8212530764542,1524.3965418821126,25197600,UNVR.JK
2025-06-02,1511.2928466796875,1541.8681354853459,1493.8212530764542,1511.2928466796875,26515500,UNVR.JK
2025-06-03,1476.3497314453125,1541.8682106514655,1471.9818328315691,1502.5571231277738,31456000,UNVR.JK
2025-06-04,1437.03857421875,1515.6607454526027,1432.6706758168693,1502.5570502469607,31712900,UNVR.JK
2025-06-05,1419.5670166015625,1445.7744076772838,1402.0954225510818,1445.7744076772838,17144300,UNVR.JK
2025-06-10,1415.1990966796875,1454.5101826985676,1406.463299786603,1419.5669951262298,16264300,UNVR.JK
2025-06-11,1410.8311767578125,1428.302770278033,1393.3595832375918,1423.934871897978,23130800,UNVR.JK
2025-06-12,1419.5670166015625,1441.4065091646635,1397.7275240384615,1406.4633210637019,23384800,UNVR.JK
2025-06-13,1362.7843017578125,1419.5669809977214,1349.6806065486028,1419.5669809977214,34564600,UNVR.JK
2025-06-16,1351.074951171875,1382.6000333658856,1333.0606184895835,1364.5857006835938,32740100,UNVR.JK
2025-06-17,1333.060546875,1351.074878589527,1319.5497980891048,1351.074878589527,21223700,UNVR.JK
2025-06-18,1324.0533447265625,1328.5569275317548,1283.521099479831,1328.5569275317548,27062700,UNVR.JK
2025-06-19,1306.0390625,1324.0533943965518,1279.0175646551725,1315.046228448276,27276600,UNVR.JK
2025-06-20,1242.9888916015625,1310.542635710343,1242.9888916015625,1297.031886888587,31257500,UNVR.JK
2025-06-23,1229.4781494140625,1251.9960642384958,1175.4351538354224,1206.9602345896292,48228000,UNVR.JK
2025-06-24,1301.5355224609375,1319.5498549517463,1261.0032743566178,1261.0032743566178,47068000,UNVR.JK
2025-06-25,1310.5426025390625,1324.0533510188466,1288.024688406089,1324.0533510188466,24246700,UNVR.JK
2025-06-26,1315.0462646484375,1315.0462646484375,1283.5211829616599,1306.0390984522153,9127100,UNVR.JK
2025-06-30,1306.0390625,1328.5569773706898,1306.0390625,1328.5569773706898,17199800,UNVR.JK
2025-07-01,1324.0533447265625,1337.5640931421397,1288.0246822850233,1301.5354307006005,22311700,UNVR.JK
2025-07-02,1324.0533447265625,1378.0963383888711,1306.0390135057928,1333.0605103369471,37642300,UNVR.JK
2025-07-03,1436.64306640625,1463.6645660878723,1310.5427345586795,1324.0534843994906,55965500,UNVR.JK
2025-07-04,1391.607177734375,1445.650174927943,1364.5856791375911,1441.146591828479,38933100,UNVR.JK
2025-07-07,1405.117919921875,1414.1250860752205,1373.5928383851663,1409.6215029985476,16928200,UNVR.JK
2025-07-08,1369.0892333984375,1405.1178974352385,1364.5856503938373,1405.1178974352385,18964100,UNVR.JK
2025-07-09,1364.585693359375,1369.0892765057756,1337.5641944809715,1369.0892765057756,8633400,UNVR.JK
2025-07-10,1423.1322021484375,1441.1465338212024,1337.5641267028036,1364.5856242119512,38371900,UNVR.JK
2025-07-11,1418.628662109375,1459.1609095982144,1414.1250790550596,1427.635828218006,30404800,UNVR.JK
2025-07-14,1418.628662109375,1441.1465773809525,1396.1107468377977,1418.628662109375,12776800,UNVR.JK
2025-07-15,1414.125,1423.1321656050957,1391.6070859872611,1418.6285828025477,9128300,UNVR.JK
2025-07-16,1405.117919921875,1418.628669151893,1387.1035876151843,1409.6215029985476,14183800,UNVR.JK
2025-07-17,1418.628662109375,1450.1537434895833,1396.1107468377977,1405.1179129464288,24874600,UNVR.JK
2025-07-18,1360.0821533203125,1436.6430692356944,1360.0821533203125,1423.132319368274,23315100,UNVR.JK
2025-07-21,1396.1107177734375,1432.1393814579133,1364.5856370495212,1364.5856370495212,25039900,UNVR.JK
2025-07-22,1414.125,1427.6357484076434,1396.1106687898089,1396.1106687898089,15936600,UNVR.JK
2025-07-23,1414.125,1432.1393312101911,1382.5999203821657,1423.1321656050957,15743800,UNVR.JK
2025-07-24,1427.6357421875,1463.6644044509069,1414.1249938387223,1414.1249938387223,24659800,UNVR.JK
2025-07-25,1391.607177734375,1450.153758027407,1387.1035946349111,1436.643008729015,14119700,UNVR.JK
2025-07-28,1400.6142578125,1423.1321719252412,1391.6070921674036,1391.6070921674036,26625700,UNVR.JK
2025-07-29,1400.6142578125,1418.628589102693,1387.1035093448554,1405.1178406350482,29894600,UNVR.JK
2025-07-30,1378.096435546875,1405.1179342830883,1373.5928524241729,1400.6143511603861,16040100,UNVR.JK
2025-07-31,1540.2254638671875,1567.2469632332786,1373.5928844429598,1414.1251334920962,213621800,UNVR.JK
2025-08-01,1594.2684326171875,1603.2755989031602,1522.211102329405,1535.7218517583642,99467400,UNVR.JK
2025-08-04,1585.26123046875,1607.779145674272,1562.7433152632282,1598.7719795920632,37102700,UNVR.JK
2025-08-05,1621.2899169921875,1652.81499871148,1576.2540859646267,1585.261252170139,85662300,UNVR.JK
2025-08-06,1562.7432861328125,1621.2898645758287,1562.7432861328125,1621.2898645758287,33639400,UNVR.JK
2025-08-07,1589.7647705078125,1594.2683534270982,1562.743272992099,1562.743272992099,15105200,UNVR.JK
2025-08-08,1576.2540283203125,1616.7862747628349,1562.7432795061384,1589.7647771344866,12034100,UNVR.JK
2025-08-11,1585.26123046875,1603.2755626331677,1576.2540643865414,1580.7576474276457,18272400,UNVR.JK
2025-08-12,1612.28271484375,1639.3042128578911,1585.2612168296089,1585.2612168296089,38523100,UNVR.JK
2025-08-13,1607.779052734375,1643.8077149805235,1598.771887172838,1621.2898010766808,26026700,UNVR.JK
2025-08-14,1648.3114013671875,1724.8723134525485,1612.2827368564292,1616.786319920274,85270700,UNVR.JK
2025-08-15,1576.2540283203125,1657.318521205357,1576.2540283203125,1648.311355329241,36984000,UNVR.JK
2025-08-19,1648.3114013671875,1661.8221505587217,1580.7576554095158,1580.7576554095158,40630500,UNVR.JK
2025-08-20,1625.7935791015625,1657.3186623528395,1607.7792458151187,1648.3114957096175,21223900,UNVR.JK
2025-08-21,1634.8006591796875,1648.3114084291065,1621.2899099302685,1621.2899099302685,10486800,UNVR.JK
2025-08-22,1594.2684326171875,1648.3114303330244,1594.2684326171875,1648.3114303330244,14344500,UNVR.JK
2025-08-25,1598.77197265625,1630.2970538072184,1594.2683896346832,1598.77197265625,10311100,UNVR.JK
2025-08-26,1612.28271484375,1621.2898808484636,1576.2540508248953,1598.7719658366796,14548700,UNVR.JK
2025-08-27,1580.7576904296875,1616.7863557386263,1562.743357775218,1612.282772575009,15955700,UNVR.JK
2025-08-28,1576.2540283203125,1585.2611941964285,1571.7504453822544,1580.7576112583704,13246200,UNVR.JK
2025-08-29,1531.21826171875,1558.2397604549633,1522.2110954733457,1558.2397604549633,24836500,UNVR.JK
2025-09-01,1531.21826171875,1540.2254279641545,1481.6788473690258,1486.182430491728,15262900,UNVR.JK
2025-09-02,1531.21826171875,1571.75050982307,1531.21826171875,1531.21826171875,15840700,UNVR.JK
2025-09-03,1540.2254638671875,1558.239796777915,1531.2182974118239,1531.2182974118239,11426700,UNVR.JK
2025-09-04,1535.721923828125,1562.743423954133,1531.2183404737905,1535.721923828125,27702300,UNVR.JK
2025-09-08,1526.7147216796875,1544.729054678858,1517.7075551801024,1535.7218881792728,38625200,UNVR.JK
2025-09-09,1490.68603515625,1526.714700658516,1481.6788687806836,1526.714700658516,54269100,UNVR.JK
2025-09-10,1531.21826171875,1549.2325942095588,1495.1895967371324,1504.196762982537,26787800,UNVR.JK
2025-09-11,1549.2325439453125,1571.7504588282386,1540.225377992142,1553.7361269218977,10286400,UNVR.JK
2025-09-12,1526.7147216796875,1553.7362211784432,1522.211138429895,1549.2326379286505,10326000,UNVR.JK
2025-09-15,1522.211181640625,1558.2398486617049,1517.7075982629901,1526.71476501826,44103900,UNVR.JK
2025-09-16,1567.2469482421875,1594.2684473498114,1526.7146995807516,1531.2182827653555,28476400,UNVR.JK
2025-09-17,1562.7432861328125,1589.764783875743,1544.7289543041923,1567.2468690899677,12700500,UNVR.JK
2025-09-18,1540.2254638671875,1580.757712916324,1535.7218806395058,1571.7505464609603,11695200,UNVR.JK
2025-09-19,1544.72900390625,1553.736170109785,1531.2182546009476,1544.72900390625,22797600,UNVR.JK
2025-09-22,1544.72900390625,1558.2397532115524,1540.2254208044824,1553.736170109785,12021400,UNVR.JK
2025-09-23,1598.77197265625,1603.275555677817,1531.2182273327464,1553.736142440581,29171000,UNVR.JK
2025-09-24,1562.7432861328125,1625.7934475329837,1558.2397031756575,1621.2898645758287,23291800,UNVR.JK
2025-09-25,1562.7432861328125,1603.2755327472082,1544.7289543041923,1544.7289543041923,14402500,UNVR.JK
2025-09-26,1648.3114013671875,1747.3902287717724,1598.7719876648948,1603.2755707287397,134223700,UNVR.JK
2025-09-29,1585.26123046875,1657.3185591264205,1576.2540643865414,1648.3113930442116,37519500,UNVR.JK
2025-09-30,1603.2755126953125,1612.2826784969716,1562.7432665878468,1576.2540152903355,23784800,UNVR.JK
2025-10-01,1603.2755126953125,1634.8005930011193,1571.750432389506,1594.2683468936534,22048100,UNVR.JK
2025-10-02,1612.28271484375,1675.3328768767458,1589.7647998319658,1607.779131841393,24568600,UNVR.JK
2025-10-03,1652.81494140625,1688.8436049791383,1607.7791119401397,1612.2826948867507,33563100,UNVR.JK
2025-10-06,1675.3328857421875,1702.3543838993196,1639.3042215326782,1666.32571968981,22207000,UNVR.JK
2025-10-07,1648.3114013671875,1697.85081506948,1630.2970691118082,1675.332899750256,27722000,UNVR.JK
2025-10-08,1670.829345703125,1693.3472614134096,1643.8078468507833,1657.3185962769542,15182700,UNVR.JK
2025-10-09,1724.872314453125,1778.915311250612,1679.8364837885524,1679.8364837885524,78749900,UNVR.JK
2025-10-10,1711.361572265625,1747.3902369449013,1702.3544060958059,1742.8866538599916,14263100,UNVR.JK
2025-10-13,1666.32568359375,1711.3615128800677,1634.8006030933277,1684.340015308277,25615900,UNVR.JK
2025-10-14,1621.2899169921875,1684.3400804307726,1621.2899169921875,1684.3400804307726,26174800,UNVR.JK
2025-10-15,1652.81494140625,1670.8292731926942,1630.2970266731948,1643.807775513028,23439100,UNVR.JK
2025-10-16,1787.9224853515625,1819.4475669572575,1675.332908188366,1675.332908188366,80433300,UNVR.JK
2025-10-17,1711.361572265625,1796.9296508789062,1697.8508230108964,1787.922484709087,51732500,UNVR.JK
2025-10-20,1873.490478515625,1918.526307326097,1742.886574965257,1742.886574965257,86711600,UNVR.JK
2025-10-21,1846.468994140625,1900.5119890910823,1819.4474966653963,1891.5048232660063,29597600,UNVR.JK
2025-10-22,1864.4833984375,1936.5407278457126,1819.4475675573672,1846.469066085447,49090900,UNVR.JK
2025-10-23,2035.6195068359375,2044.6266727953887,1927.5335153225249,1963.5621791603292,130049800,UNVR.JK
2025-10-24,2278.81298828125,2431.9348096282115,2026.6123413568428,2035.6195073184288,267179900,UNVR.JK
2025-10-27,2440.94189453125,2558.0350481434502,2278.812912606665,2323.8487409190498,277535000,UNVR.JK
2025-10-28,2242.784423828125,2449.9492501255017,2206.755758385103,2413.92058468248,156918700,UNVR.JK
2025-10-29,2323.848876953125,2350.8703755223473,2224.7700488659766,2260.7987136249394,73171300,UNVR.JK
2025-10-30,2305.83447265625,2404.9132976531982,2305.83447265625,2350.8703022003174,49537500,UNVR.JK
2025-10-31,2323.848876953125,2395.9062064710515,2278.8130460044213,2341.863209332607,63108200,UNVR.JK
2025-11-03,2404.913330078125,2431.9348281688904,2332.8560018360836,2368.884665957104,49127900,UNVR.JK
2025-11-04,2422.927734375,2476.9707321677506,2341.8632376858736,2431.9349006737916,57648100,UNVR.JK
2025-11-05,2422.927734375,2467.963565868959,2395.9062354786242,2422.927734375,41343200,UNVR.JK
2025-11-06,2359.877685546875,2413.920685979246,2341.863352069418,2395.906352501789,29525900,UNVR.JK
2025-11-07,2278.81298828125,2350.8703159739375,2269.805822319664,2341.8631500123515,48504400,UNVR.JK
2025-11-10,2278.81298828125,2341.8631500123515,2251.791490396492,2314.8416521275935,49312800,UNVR.JK
2025-11-11,2242.784423828125,2314.841754714169,2215.7629247458585,2305.8345883534134,47905800,UNVR.JK
2025-11-12,2296.8271484375,2332.855809589461,2233.7769914215687,2242.784156709559,35515000,UNVR.JK
2025-11-13,2242.784423828125,2305.8345883534134,2242.784423828125,2305.8345883534134,16292900,UNVR.JK
2025-11-14,2260.798583984375,2305.8344123505976,2242.784252637886,2242.784252637886,16720600,UNVR.JK
2025-11-17,2332.856201171875,2359.877701571549,2269.806033572635,2287.820367172418,37359900,UNVR.JK
2025-11-18,2260.798583984375,2368.884572063309,2260.798583984375,2350.8702407168203,28725900,UNVR.JK
2025-11-19,2323.848876953125,2323.848876953125,2269.8058798146803,2269.8058798146803,13777400,UNVR.JK
2025-11-20,2341.86328125,2359.8776141826925,2305.8346153846155,2341.86328125,20738000,UNVR.JK
2025-11-21,2287.820068359375,2404.9132214643823,2287.820068359375,2341.8630621001475,27647200,UNVR.JK
2025-11-24,2404.913330078125,2404.913330078125,2305.834503745318,2305.834503745318,32673700,UNVR.JK
2025-11-25,2368.884765625,2404.913431261882,2323.8489335788977,2404.913431261882,25207700,UNVR.JK
2025-11-26,2341.86328125,2422.9277794471154,2332.856114783654,2377.8919471153845,21031000,UNVR.JK
2025-11-27,2341.86328125,2368.8847806490385,2305.8346153846155,2359.8776141826925,34235900,UNVR.JK
2025-11-28,2341.86328125,2377.8919471153845,2332.856114783654,2359.8776141826925,18013700,UNVR.JK
2025-12-01,2359.877685546875,2386.8991857630604,2314.841851853232,2314.841851853232,17322300,UNVR.JK
2025-12-02,2386.89892578125,2404.91325729658,2341.8630969929245,2359.8774285082545,35263000,UNVR.JK
2025-12-03,2494.985107421875,2522.0066067802345,2404.9134428940097,2404.9134428940097,65741000,UNVR.JK
2025-12-04,2494.985107421875,2531.0137732330213,2422.927775799583,2522.0066067802345,40071400,UNVR.JK
2025-12-05,2440.94189453125,2512.9992198310656,2440.94189453125,2503.9920541685883,34350200,UNVR.JK
2025-12-08,2359.877685546875,2458.9565196728886,2359.877685546875,2458.9565196728886,34429000,UNVR.JK
2025-12-09,2404.913330078125,2440.9419941991455,2332.8560018360836,2359.877499926849,44953900,UNVR.JK
2025-12-10,2458.956298828125,2476.970630687672,2404.913303249485,2440.9419669685785,29651800,UNVR.JK
2025-12-11,2377.891845703125,2467.9635065252132,2341.86318137429,2458.9563404430046,30830400,UNVR.JK
2025-12-12,2368.884765625,2395.906264852662,2341.8632663973385,2377.8919320342206,14728100,UNVR.JK
2025-12-15,2403.351318359375,2431.2972639216932,2394.0360031719356,2412.6666335468144,18476400,UNVR.JK
2025-12-16,2524.450439453125,2524.450439453125,2403.351340881573,2403.351340881573,32058000,UNVR.JK
2025-12-17,2449.927978515625,2515.135187069273,2449.927978515625,2515.135187069273,20817800,UNVR.JK
2025-12-18,2468.55859375,2496.5045400943395,2440.6126474056605,2449.9279628537734,17521000,UNVR.JK
2025-12-19,2580.34228515625,2580.34228515625,2431.2972434143726,2477.8738189587093,28983500,UNVR.JK
2025-12-22,2515.13525390625,2543.081201171875,2487.189306640625,2543.081201171875,22606200,UNVR.JK
2025-12-23,2431.29736328125,2515.1352033943967,2431.29736328125,2505.819887826269,17218500,UNVR.JK
2025-12-24,2421.98193359375,2440.6125638521635,2412.6666184645433,2440.6125638521635,10056300,UNVR.JK
2025-12-29,2421.98193359375,2449.92787898137,2384.720673076923,2431.2972487229567,13763200,UNVR.JK
2025-12-30,2421.98193359375,2477.8738243689904,2412.6666184645433,2421.98193359375,17928600,UNVR.JK
2026-01-02,2440.612548828125,2449.927863899988,2421.981918684399,2440.612548828125,7859600,UNVR.JK
2026-01-05,2403.351318359375,2440.6125791091326,2403.351318359375,2440.6125791091326,13513400,UNVR.JK
2026-01-06,2431.29736328125,2440.6126788493775,2403.351416576868,2403.351416576868,16595700,UNVR.JK
2026-01-07,2421.98193359375,2459.243194110577,2421.98193359375,2431.2972487229567,18804300,UNVR.JK
2026-01-08,2440.612548828125,2543.081014618619,2431.297233756262,2440.612548828125,44404400,UNVR.JK
2026-01-09,2440.612548828125,2496.5044392593036,2440.612548828125,2459.243178971851,23053000,UNVR.JK
2026-01-12,2421.98193359375,2468.5585092397837,2412.6666184645433,2468.5585092397837,44075100,UNVR.JK
2026-01-13,2421.98193359375,2449.92787898137,2412.6666184645433,2421.98193359375,33925600,UNVR.JK
2026-01-14,2403.351318359375,2440.6125791091326,2403.351318359375,2431.2972639216932,15761400,UNVR.JK
2026-01-15,2282.252197265625,2412.6666085379466,2254.3062519929845,2403.3512934470664,51451800,UNVR.JK
2026-01-19,2170.468505859375,2291.567607044662,2151.8378749077924,2282.252291568871,56292600,UNVR.JK
2026-01-20,2161.153076171875,2198.4143361058727,2161.153076171875,2170.4683911553743,18395300,UNVR.JK
2026-01-21,2133.207275390625,2161.1532222298038,2086.6306973253277,2161.1532222298038,30521200,UNVR.JK
2026-01-22,2123.891845703125,2151.837791041324,2114.576530590392,2114.576530590392,21043700,UNVR.JK
2026-01-23,2095.946044921875,2123.8919921875,2049.3694661458335,2123.8919921875,20403500,UNVR.JK
2026-01-26,2002.7928466796875,2105.26131790516,1984.1622155477835,2095.946002339208,27241300,UNVR.JK
2026-01-27,1918.9549560546875,2030.7387399025333,1891.0090100927262,1993.4774786199182,35658400,UNVR.JK
2026-01-28,1844.4324951171875,1881.6937576448076,1797.8559169576627,1863.0631263809976,39800600,UNVR.JK
2026-01-29,1732.648681640625,1825.8018365675405,1574.288318264869,1825.8018365675405,74521700,UNVR.JK
2026-01-30,1793.1982421875,1825.801846590909,1755.9369800121754,1760.5946377840908,33230400,UNVR.JK
2026-02-02,1891.009033203125,1928.2702949411175,1788.5405634236454,1821.1441674443888,52588100,UNVR.JK
2026-02-03,1872.37841796875,1965.5315730915734,1858.4054447003266,1872.37841796875,46081200,UNVR.JK
2026-02-04,1909.6396484375,1946.9009098704269,1844.432440929878,1872.3783870045731,49767000,UNVR.JK
2026-02-05,2058.684814453125,2095.946078063136,1900.324444110577,1918.9550759155825,71314600,UNVR.JK
2026-02-06,2142.5224609375,2142.5224609375,1993.4774201766304,2040.0539954144022,71485600,UNVR.JK
2026-02-09,2142.5224609375,2142.5224609375,2095.9458856997285,2142.5224609375,23163100,UNVR.JK
2026-02-10,2142.5224609375,2254.306241508152,2123.8918308423913,2142.5224609375,56389900,UNVR.JK
2026-02-11,2105.26123046875,2161.1531215431414,2095.9459152896848,2142.522491185011,18622600,UNVR.JK
2026-02-12,2142.5224609375,2170.468406080163,2114.576515794837,2133.2071458899454,40499400,UNVR.JK
2026-02-13,2142.5224609375,2207.72966627038,2142.5224609375,2161.1530910326087,19683200,UNVR.JK
2026-02-18,2105.26123046875,2179.7837519012724,2105.26123046875,2179.7837519012724,16593000,UNVR.JK
2026-02-19,2068.0,2151.837837837838,2068.0,2114.576576576577,17971200,UNVR.JK
2026-02-20,2086.630615234375,2095.945930480957,2058.684669494629,2067.999984741211,7587400,UNVR.JK
2026-02-23,2207.729736328125,2207.729736328125,2095.945952210245,2105.261267553402,34184100,UNVR.JK
2026-02-24,2189.09912109375,2217.0450673204787,2161.1531748670213,2207.729751911569,24678900,UNVR.JK
2026-02-25,2170.468505859375,2207.72976776254,2161.153190383584,2189.0991368109576,15559900,UNVR.JK
2026-02-26,2151.837890625,2198.414468344156,2142.5225750811687,2189.0991528003246,15417900,UNVR.JK
2026-02-27,2217.045166015625,2244.99111348641,2151.8379552504593,2161.1532710740544,68472600,UNVR.JK
2026-03-02,2095.946044921875,2161.153255208333,2086.6307291666667,2151.837939453125,23912200,UNVR.JK
2026-03-03,1937.5855712890625,2123.891876220703,1937.5855712890625,2105.261245727539,29682000,UNVR.JK
2026-03-04,1802.5135498046875,1946.90094009912,1788.5405765503876,1946.90094009912,31919800,UNVR.JK
2026-03-05,1853.747802734375,1900.3243806925252,1839.7748293469301,1839.7748293469301,14954200,UNVR.JK
2026-03-06,1839.7747802734375,1900.3243300039558,1821.1441495871243,1853.7477532881726,11788500,UNVR.JK
2026-03-09,1751.279296875,1821.144162441822,1718.6756929438166,1821.144162441822,20756600,UNVR.JK
2026-03-10,1811.828857421875,1811.828857421875,1760.594622379097,1779.2252533037436,11695700,UNVR.JK
2026-03-11,1863.0631103515625,1909.6396881103515,1811.8288748168945,1830.45950592041,19351000,UNVR.JK
2026-03-12,1760.5946044921875,1881.6937042720735,1760.5946044921875,1872.37838890439,27876700,UNVR.JK
2026-03-13,1741.9639892578125,1779.2252510601188,1741.9639892578125,1760.5946201589657,12154900,UNVR.JK
2026-03-16,1727.990966796875,1751.279254759097,1695.3873636497642,1741.963939574208,10659400,UNVR.JK
2026-03-17,1863.0631103515625,1937.585634765625,1737.306350402832,1737.306350402832,50594200,UNVR.JK
2026-03-25,1802.5135498046875,1816.4865230589874,1774.5676032960878,1797.8558920532544,34597400,UNVR.JK
2026-03-26,1807.1712646484375,1825.8018962427514,1788.5406330541236,1802.513606749859,20185700,UNVR.JK
2026-03-27,1732.648681640625,1807.1712055821574,1727.9910238942794,1807.1712055821574,20510900,UNVR.JK
2026-03-30,1709.3603515625,1718.6756668298706,1686.0720633940734,1695.387378661444,14256600,UNVR.JK
2026-03-31,1695.387451171875,1737.306371667883,1690.7297933389852,1732.6487138349933,21371200,UNVR.JK
2026-04-01,1779.2252197265625,1835.1171114457215,1718.6756703641402,1718.6756703641402,46209400,UNVR.JK
2026-04-02,1797.8558349609375,1825.801780582092,1779.2252045468347,1779.2252045468347,17567700,UNVR.JK
2026-04-06,1783.8829345703125,1807.1712235333714,1755.9369878146417,1802.5135657407595,5661100,UNVR.JK
2026-04-07,1774.567626953125,1788.5406003937007,1760.594653512549,1783.8829425801755,3248600,UNVR.JK
2026-04-08,1821.1441650390625,1825.8018227501598,1783.8829033502836,1793.1982187724784,11687600,UNVR.JK
2026-04-09,1779.2252197265625,1811.8288232294053,1774.5675620832992,1811.8288232294053,10902500,UNVR.JK
2026-04-10,1788.54052734375,1802.513500213623,1779.225212097168,1788.54052734375,8206300,UNVR.JK
2026-04-13,1779.2252197265625,1783.8828773698258,1755.9369315102463,1779.2252197265625,7397900,UNVR.JK
2026-04-14,1779.2252197265625,1793.1981926563524,1769.9099044400361,1788.540535013089,10440100,UNVR.JK
2026-04-15,1765.2523193359375,1793.1982663438941,1765.2523193359375,1788.5406085092347,11235900,UNVR.JK
2026-04-16,1732.648681640625,1769.909943611391,1727.9910238942794,1765.2522858650455,13626400,UNVR.JK
2026-04-17,1737.306396484375,1765.2523438809064,1732.6487385849532,1732.6487385849532,9601000,UNVR.JK
2026-04-20,1695.387451171875,1755.937002999442,1695.387451171875,1741.9640295007728,14771400,UNVR.JK
2026-04-21,1676.7568359375,1695.3874674479166,1667.4415201822917,1695.3874674479166,13679100,UNVR.JK
2026-04-22,1644.1531982421875,1695.3874338814624,1639.4955404567988,1676.756802739908,20485500,UNVR.JK
2026-04-23,1560.3153076171875,1639.4954874067164,1560.3153076171875,1639.4954874067164,46396500,UNVR.JK
2026-04-24,1467.1622314453125,1569.630704752604,1457.8469156901042,1560.3153889973958,41658200,UNVR.JK
2026-04-27,1415.927978515625,1467.162214580335,1406.6126628674958,1467.162214580335,40053800,UNVR.JK
2026-04-28,1383.3243408203125,1439.216233378709,1383.3243408203125,1420.5856025259102,42672500,UNVR.JK
2026-04-29,1467.1622314453125,1485.792862955729,1392.6397054036458,1392.6397054036458,38824200,UNVR.JK
2026-04-30,1429.90087890625,1504.4234002824714,1425.2432213202362,1504.4234002824714,50188300,UNVR.JK
2026-05-04,1453.189208984375,1490.450470753205,1443.8738935421675,1448.5315512632712,36660100,UNVR.JK
2026-05-05,1527.7117919921875,1569.6307131139245,1434.5586339438835,1448.531607651129,42348300,UNVR.JK
2026-05-06,1681.4144287109375,1686.0720864081977,1541.6846977931311,1541.6846977931311,75977100,UNVR.JK
2026-05-07,1709.3603515625,1727.9909820972412,1667.4414328593323,1686.0720633940734,47653800,UNVR.JK
2026-05-08,1676.7568359375,1714.0180989583332,1672.0991780598958,1709.360441080729,18226100,UNVR.JK
2026-05-11,1662.7838134765625,1690.7297599215467,1639.495524772409,1681.4144444398853,15722700,UNVR.JK
2026-05-12,1676.7568359375,1700.0451253255208,1634.8379150390624,1667.4415201822917,15541900,UNVR.JK
2026-05-13,1662.7838134765625,1676.7567866990546,1648.8108402540704,1676.7567866990546,6834600,UNVR.JK
2026-05-14,1662.7838134765625,1662.7838134765625,1662.7838134765625,1662.7838134765625,0,UNVR.JK
2026-05-15,1662.7838134765625,1662.7838134765625,1662.7838134765625,1662.7838134765625,0,UNVR.JK
2026-05-18,1648.810791015625,1658.1261062191031,1592.9188997947563,1653.468448617364,18683500,UNVR.JK
2026-05-19,1634.837890625,1653.4685218571938,1602.234285968661,1644.153206241097,14016100,UNVR.JK
2026-05-20,1672.09912109375,1690.7297519694464,1630.180201623433,1634.8378593423572,19068500,UNVR.JK
2026-05-21,1630.18017578125,1690.7297251674108,1625.522518136161,1686.0720675223215,17561800,UNVR.JK
2026-05-22,1644.1531982421875,1653.4685138129648,1625.5225671006328,1634.8378826714102,8894800,UNVR.JK
2026-05-25,1648.810791015625,1672.0990790243202,1634.837818210408,1658.1261062191031,9593400,UNVR.JK
2026-05-26,1639.4954833984375,1672.0990867614746,1630.1801681518555,1672.0990867614746,16040300,UNVR.JK
2026-05-27,1639.4954833984375,1639.4954833984375,1639.4954833984375,1639.4954833984375,0,UNVR.JK
2026-05-28,1639.4954833984375,1639.4954833984375,1639.4954833984375,1639.4954833984375,0,UNVR.JK
2026-05-29,1592.9189453125,1681.4144422743057,1471.8198442068715,1518.39642155519,133330600,UNVR.JK
2026-06-02,1551.0,1592.918918918919,1523.0540540540542,1592.918918918919,28441900,UNVR.JK
2026-06-03,1490.450439453125,1616.2071952819824,1462.504493713379,1564.9729614257812,30595500,UNVR.JK
2026-06-04,1504.4234619140625,1523.0540930213574,1425.2432797080594,1490.4504885835913,17974200,UNVR.JK
2026-06-05,1462.5045166015625,1518.3964089557624,1425.243255032096,1509.0810935633956,24377100,UNVR.JK
2026-06-08,1467.1622314453125,1490.4505208333333,1401.9550211588542,1462.5045735677083,16472200,UNVR.JK
2026-06-09,1495.108154296875,1504.4234698999708,1457.8468918844917,1467.1622074875875,14614800,UNVR.JK
2026-06-10,1490.450439453125,1504.423412322998,1471.819808959961,1499.765754699707,33735000,UNVR.JK
2026-06-11,1523.0540771484375,1564.9729967029816,1499.7657885070241,1499.7657885070241,22363100,UNVR.JK
2026-06-12,1551.0,1555.6576576576576,1527.7117117117118,1527.7117117117118,28345900,UNVR.JK
2026-06-15,1660.0,1695.0,1615.0,1620.0,41419400,UNVR.JK
2026-06-17,1650.0,1705.0,1645.0,1660.0,12881200,UNVR.JK
2026-06-18,1665.0,1690.0,1620.0,1645.0,9988800,UNVR.JK
2026-06-19,1685.0,1735.0,1620.0,1665.0,59195200,UNVR.JK
2026-06-22,1700.0,1725.0,1665.0,1725.0,8146100,UNVR.JK
2026-06-23,1655.0,1695.0,1650.0,1695.0,7518300,UNVR.JK
2026-06-24,1685.0,1690.0,1645.0,1660.0,11911100,UNVR.JK
2026-06-25,1735.0,1805.0,1655.0,1675.0,49717400,UNVR.JK
2026-06-26,1730.0,1760.0,1715.0,1740.0,16495000,UNVR.JK
2026-06-29,1770.0,1780.0,1740.0,1750.0,11099300,UNVR.JK
2026-06-30,1805.0,1845.0,1760.0,1770.0,37171400,UNVR.JK
2026-07-01,1775.0,1825.0,1775.0,1815.0,13228800,UNVR.JK
2026-07-02,1760.0,1795.0,1755.0,1775.0,7673700,UNVR.JK
2026-07-03,1800.0,1805.0,1760.0,1760.0,7797200,UNVR.JK
2026-07-06,1770.0,1805.0,1760.0,1800.0,7874100,UNVR.JK
2026-07-07,1765.0,1775.0,1740.0,1775.0,9647400,UNVR.JK
2026-07-08,1735.0,1775.0,1715.0,1770.0,8601900,UNVR.JK
2026-07-09,1715.0,1740.0,1715.0,1735.0,3144000,UNVR.JK
2026-07-10,1730.0,1735.0,1715.0,1715.0,3626900,UNVR.JK
2026-07-13,1680.0,1725.0,1655.0,1720.0,27320400,UNVR.JK
2026-07-14,1675.0,1690.0,1670.0,1680.0,14159900,UNVR.JK
2026-07-15,1670.0,1690.0,1660.0,1685.0,9093900,UNVR.JK
2026-07-16,1685.0,1690.0,1670.0,1670.0,9252900,UNVR.JK
2026-07-17,1700.0,1715.0,1675.0,1685.0,13265800,UNVR.JK
2026-07-20,1735.0,1770.0,1705.0,1710.0,22167900,UNVR.JK
2026-07-21,1710.0,1755.0,1710.0,1740.0,17491600,UNVR.JK
2026-07-22,1705.0,1720.0,1680.0,1710.0,18808800,UNVR.JK
2026-07-23,1680.0,1715.0,1680.0,1710.0,12951900,UNVR.JK
2026-07-24,1685.0,1690.0,1670.0,1680.0,9819500,UNVR.JK
2026-07-27,1680.0,1695.0,1675.0,1690.0,6492500,UNVR.JK
2026-07-28,1705.0,1705.0,1680.0,1685.0,10422500,UNVR.JK
2026-07-29,1695.0,1720.0,1685.0,1705.0,10834900,UNVR.JK
2026-07-30,1715.0,1720.0,1685.0,1695.0,9551500,UNVR.JK
2026-07-31,1755.0,1755.0,1700.0,1720.0,25612000,UNVR.JK
2026-08-03,1740.0,1765.0,1730.0,1760.0,7946900,UNVR.JK
2026-08-04,1820.0,1825.0,1740.0,1740.0,21581300,UNVR.JK
2026-08-05,1845.0,1845.0,1785.0,1820.0,26005100,UNVR.JK
2026-08-06,1805.0,1845.0,1790.0,1845.0,19384100,UNVR.JK
2026-08-07,1820.0,1825.0,1800.0,1805.0,12769600,UNVR.JK
2026-08-10,1800.0,1830.0,1795.0,1820.0,13969800,UNVR.JK
2026-08-11,1745.0,1810.0,1740.0,1795.0,14732400,UNVR.JK
2026-08-12,1760.0,1765.0,1740.0,1750.0,7995300,UNVR.JK
2026-08-13,1730.0,1760.0,1715.0,1760.0,9995800,UNVR.JK
2026-08-14,1775.0,1775.0,1730.0,1730.0,7372300,UNVR.JK
2026-08-18,1800.0,1820.0,1775.0,1785.0,13363200,UNVR.JK
2026-08-19,1780.0,1805.0,1770.0,1800.0,6136400,UNVR.JK
2026-08-20,1835.0,1840.0,1780.0,1785.0,19369300,UNVR.JK
2026-08-21,1795.0,1830.0,1790.0,1830.0,10450200,UNVR.JK
2026-08-24,1800.0,1810.0,1795.0,1800.0,3955100,UNVR.JK
2026-08-25,1800.0,1800.0,1800.0,1800.0,0,UNVR.JK
2026-08-26,1765.0,1800.0,1755.0,1800.0,8457300,UNVR.JK
2026-08-27,1760.0,1775.0,1750.0,1765.0,10229600,UNVR.JK
2026-08-28,1755.0,1785.0,1750.0,1775.0,9388700,UNVR.JK
2026-08-31,1755.0,1775.0,1615.0,1760.0,140113900,UNVR.JK
2026-09-01,1710.0,1735.0,1680.0,1735.0,18693200,UNVR.JK
2026-09-02,1700.0,1715.0,1685.0,1710.0,15880100,UNVR.JK
2026-09-03,1710.0,1715.0,1695.0,1700.0,10622000,UNVR.JK
2026-09-04,1685.0,1715.0,1685.0,1710.0,12529100,UNVR.JK
